4,1,494.1,159.0,28.1,73.5,1,-1,-1,-1
4,2,268.8,215.9,37.6,89.1,1,-1,-1,-1
4,3,621.6,239.6,33.0,84.0,1,-1,-1,-1
5,1,492.8,159.7,27.3,73.2,1,-1,-1,-1
5,2,277.0,213.5,37.9,89.7,1,-1,-1,-1
5,3,604.8,239.6,42.8,82.6,1,-1,-1,-1
6,1,490.6,161.4,27.1,74.4,1,-1,-1,-1
6,2,280.5,212.0,40.8,90.6,1,-1,-1,-1
6,3,593.6,239.9,48.5,84.3,1,-1,-1,-1
7,1,487.7,162.8,26.3,76.9,1,-1,-1,-1
7,2,284.3,211.7,42.3,85.3,1,-1,-1,-1
7,3,591.2,239.3,41.2,85.5,1,-1,-1,-1
8,1,484.6,163.2,26.8,77.0,1,-1,-1,-1
8,2,290.4,211.9,40.7,87.9,1,-1,-1,-1
8,3,587.1,237.6,29.8,87.9,1,-1,-1,-1
9,1,479.4,163.1,28.3,77.7,1,-1,-1,-1
9,2,298.9,210.6,34.6,88.0,1,-1,-1,-1
9,3,578.6,236.9,30.0,89.4,1,-1,-1,-1
10,1,472.6,163.7,32.3,75.8,1,-1,-1,-1
10,2,306.0,208.6,31.4,88.0,1,-1,-1,-1
10,3,562.0,237.5,42.6,87.7,1,-1,-1,-1
11,1,465.4,166.1,37.0,76.6,1,-1,-1,-1
11,2,314.3,206.4,37.4,88.7,1,-1,-1,-1
11,3,551.4,237.3,35.2,87.9,1,-1,-1,-1
12,1,462.4,167.1,36.3,76.9,1,-1,-1,-1
12,2,319.0,205.7,37.1,88.2,1,-1,-1,-1
12,3,543.6,235.6,28.1,89.4,1,-1,-1,-1
13,1,462.3,167.9,29.1,77.0,1,-1,-1,-1
13,2,322.0,204.4,35.6,87.4,1,-1,-1,-1
13,3,530.6,235.6,35.0,89.1,1,-1,-1,-1
13,4,731.7,292.4,34.8,107.9,1,-1,-1,-1
14,1,457.1,169.5,26.2,76.3,1,-1,-1,-1
14,2,330.2,201.1,35.2,87.8,1,-1,-1,-1
14,3,513.9,236.6,42.7,86.2,1,-1,-1,-1
14,4,720.6,287.4,45.4,114.3,1,-1,-1,-1
15,1,449.9,170.8,28.9,74.7,1,-1,-1,-1
15,2,335.0,199.8,34.4,83.0,1,-1,-1,-1
15,3,507.5,235.6,33.8,86.8,1,-1,-1,-1
15,4,713.3,287.5,52.1,115.5,1,-1,-1,-1
16,1,445.9,171.9,29.7,72.8,1,-1,-1,-1
16,2,338.7,199.0,35.5,80.9,1,-1,-1,-1
16,3,500.4,234.3,29.7,86.9,1,-1,-1,-1
16,4,710.4,286.5,55.5,114.4,1,-1,-1,-1
17,1,441.0,171.5,31.3,71.5,1,-1,-1,-1
17,2,343.8,197.5,33.1,85.9,1,-1,-1,-1
17,3,487.7,234.6,36.9,86.3,1,-1,-1,-1
17,4,711.0,282.4,55.9,112.0,1,-1,-1,-1
18,1,433.2,172.5,29.0,70.5,1,-1,-1,-1
18,2,350.4,194.8,30.2,85.3,1,-1,-1,-1
18,3,475.9,234.9,39.8,85.4,1,-1,-1,-1
18,4,702.0,275.8,65.8,116.2,1,-1,-1,-1
19,1,428.9,175.1,27.6,68.0,1,-1,-1,-1
19,2,354.8,193.1,30.1,85.8,1,-1,-1,-1
19,3,467.6,232.9,34.3,85.8,1,-1,-1,-1
19,4,694.2,273.4,72.2,116.8,1,-1,-1,-1
20,2,357.1,192.7,32.1,83.1,1,-1,-1,-1
20,3,460.8,231.2,29.2,86.6,1,-1,-1,-1
20,4,692.0,272.0,74.2,112.7,1,-1,-1,-1
21,3,444.3,230.8,38.2,85.5,1,-1,-1,-1
21,4,682.5,268.2,76.9,105.9,1,-1,-1,-1
22,2,363.5,190.7,27.8,59.2,1,-1,-1,-1
22,3,437.0,229.4,31.7,85.1,1,-1,-1,-1
22,4,673.5,267.4,79.1,102.5,1,-1,-1,-1
23,3,432.2,228.9,30.5,81.5,1,-1,-1,-1
23,4,668.1,267.0,78.3,99.3,1,-1,-1,-1
23,5,404.3,173.4,20.2,66.0,1,-1,-1,-1
24,3,423.5,240.8,31.6,71.4,1,-1,-1,-1
24,4,662.8,262.0,78.1,107.5,1,-1,-1,-1
24,5,396.9,174.5,25.0,70.9,1,-1,-1,-1
25,3,420.2,255.6,27.0,58.5,1,-1,-1,-1
25,4,661.3,259.0,69.6,107.9,1,-1,-1,-1
25,5,394.3,201.6,22.9,45.1,1,-1,-1,-1
26,4,659.4,256.4,66.4,109.4,1,-1,-1,-1
26,5,388.7,214.3,24.4,38.7,1,-1,-1,-1
27,4,653.2,254.9,63.3,106.3,1,-1,-1,-1
28,4,640.8,255.4,69.4,101.2,1,-1,-1,-1
29,4,633.2,251.0,70.5,103.9,1,-1,-1,-1
30,4,626.1,247.4,70.9,101.9,1,-1,-1,-1
31,4,620.6,245.1,73.8,103.4,1,-1,-1,-1
31,7,393.4,225.4,27.3,70.5,1,-1,-1,-1
32,4,613.6,244.6,78.1,103.8,1,-1,-1,-1
32,7,380.1,192.4,44.6,100.9,1,-1,-1,-1
33,4,607.8,242.7,79.4,108.1,1,-1,-1,-1
33,7,374.3,177.3,49.8,102.4,1,-1,-1,-1
34,4,603.4,240.5,74.9,108.7,1,-1,-1,-1
34,7,375.8,175.1,41.5,91.6,1,-1,-1,-1
35,4,598.8,239.1,72.2,106.1,1,-1,-1,-1
35,7,376.2,175.9,50.3,99.6,1,-1,-1,-1
36,4,596.7,238.1,70.0,104.6,1,-1,-1,-1
36,7,375.4,176.8,48.7,101.3,1,-1,-1,-1
37,4,590.9,236.4,71.4,105.6,1,-1,-1,-1
37,7,373.6,177.8,65.7,101.1,1,-1,-1,-1
38,4,586.5,234.4,70.4,101.7,1,-1,-1,-1
38,7,372.9,178.1,49.8,89.1,1,-1,-1,-1
39,4,580.4,233.1,68.0,100.5,1,-1,-1,-1
39,7,372.8,178.1,45.0,79.2,1,-1,-1,-1
40,4,568.6,232.8,72.2,100.2,1,-1,-1,-1
40,7,373.6,177.3,42.2,77.0,1,-1,-1,-1
41,4,559.8,230.8,74.2,102.1,1,-1,-1,-1
41,7,374.0,177.0,41.4,77.0,1,-1,-1,-1
41,9,436.6,192.1,22.6,80.1,1,-1,-1,-1
42,4,555.6,227.8,74.0,103.4,1,-1,-1,-1
42,7,375.5,176.2,39.7,78.4,1,-1,-1,-1
42,9,440.5,189.3,22.2,78.6,1,-1,-1,-1
43,4,553.7,225.3,69.8,102.4,1,-1,-1,-1
43,7,376.1,175.9,39.9,78.8,1,-1,-1,-1
43,9,441.5,187.9,23.5,77.5,1,-1,-1,-1
43,10,729.9,278.6,37.6,119.8,1,-1,-1,-1
44,4,550.1,223.3,69.9,100.0,1,-1,-1,-1
44,7,379.6,175.2,37.9,79.6,1,-1,-1,-1
44,9,442.1,186.3,26.6,76.4,1,-1,-1,-1
44,10,722.0,273.8,40.7,119.3,1,-1,-1,-1
45,4,540.3,222.7,78.4,99.3,1,-1,-1,-1
45,7,381.9,174.9,37.3,79.2,1,-1,-1,-1
45,9,442.1,185.1,29.7,77.5,1,-1,-1,-1
45,10,713.0,269.6,43.0,120.5,1,-1,-1,-1
46,4,532.8,221.4,82.3,99.1,1,-1,-1,-1
46,7,381.0,175.6,35.0,78.4,1,-1,-1,-1
46,9,442.7,182.7,31.3,76.5,1,-1,-1,-1
46,10,707.2,267.7,42.3,121.5,1,-1,-1,-1
47,4,529.5,219.5,80.0,96.9,1,-1,-1,-1
47,7,379.4,176.0,35.0,78.1,1,-1,-1,-1
47,9,443.0,180.4,31.8,75.4,1,-1,-1,-1
47,10,701.8,267.6,42.8,121.2,1,-1,-1,-1
48,4,556.5,216.7,45.0,92.8,1,-1,-1,-1
48,7,375.4,177.5,38.5,77.3,1,-1,-1,-1
48,9,442.4,179.7,29.8,73.0,1,-1,-1,-1
48,10,698.9,262.2,34.5,119.6,1,-1,-1,-1
49,4,562.9,215.7,40.1,90.1,1,-1,-1,-1
49,7,373.0,178.1,40.2,76.4,1,-1,-1,-1
49,9,439.2,177.7,31.4,75.1,1,-1,-1,-1
49,10,693.5,258.4,32.8,117.8,1,-1,-1,-1
50,4,557.9,215.7,40.0,88.6,1,-1,-1,-1
50,7,372.6,178.1,40.1,76.8,1,-1,-1,-1
50,9,437.1,175.5,30.4,72.9,1,-1,-1,-1
50,10,681.7,256.0,38.5,118.6,1,-1,-1,-1
50,11,503.3,219.0,48.4,95.2,1,-1,-1,-1
51,4,552.9,213.1,37.2,90.3,1,-1,-1,-1
51,7,372.1,178.8,40.0,75.5,1,-1,-1,-1
51,9,419.2,175.4,42.7,71.6,1,-1,-1,-1
51,10,670.8,255.6,43.1,117.5,1,-1,-1,-1
51,11,498.6,216.8,45.3,94.4,1,-1,-1,-1
52,4,548.6,210.5,32.9,92.2,1,-1,-1,-1
52,7,371.9,179.0,32.3,75.2,1,-1,-1,-1
52,9,411.1,175.8,45.7,69.8,1,-1,-1,-1
52,10,667.6,254.4,41.6,115.7,1,-1,-1,-1
52,11,496.6,213.8,42.3,93.4,1,-1,-1,-1
53,7,372.0,178.4,23.0,45.6,1,-1,-1,-1
53,10,662.4,251.1,39.8,113.1,1,-1,-1,-1
53,11,495.8,210.6,66.6,93.8,1,-1,-1,-1
54,10,654.9,248.4,40.6,113.7,1,-1,-1,-1
54,11,493.7,208.9,74.6,94.6,1,-1,-1,-1
55,10,645.3,246.9,40.9,114.6,1,-1,-1,-1
55,11,487.2,208.0,79.1,94.9,1,-1,-1,-1
56,10,639.9,246.0,40.3,114.2,1,-1,-1,-1
57,4,527.5,204.3,32.3,89.3,1,-1,-1,-1
57,9,381.2,203.6,37.5,48.2,1,-1,-1,-1
57,10,639.0,243.7,35.2,113.4,1,-1,-1,-1
57,11,474.3,207.6,57.3,91.5,1,-1,-1,-1
58,4,516.9,204.1,34.2,86.3,1,-1,-1,-1
58,9,380.7,183.3,35.8,67.7,1,-1,-1,-1
58,10,633.9,239.3,33.7,111.7,1,-1,-1,-1
58,11,466.2,207.2,52.2,91.1,1,-1,-1,-1
59,9,382.2,169.9,34.5,79.8,1,-1,-1,-1
59,10,623.3,236.9,38.8,111.9,1,-1,-1,-1
59,11,462.5,204.9,74.5,92.4,1,-1,-1,-1
60,9,379.5,167.6,37.7,82.0,1,-1,-1,-1
60,10,619.1,236.5,37.5,112.0,1,-1,-1,-1
60,11,461.5,202.5,79.7,94.9,1,-1,-1,-1
61,7,367.1,170.2,30.7,50.8,1,-1,-1,-1
61,10,614.8,234.0,37.9,109.9,1,-1,-1,-1
61,11,461.6,199.6,72.9,92.2,1,-1,-1,-1
62,9,363.5,166.9,51.9,76.4,1,-1,-1,-1
62,10,611.4,230.1,38.7,109.3,1,-1,-1,-1
62,11,460.5,197.3,70.9,90.7,1,-1,-1,-1
63,10,607.7,227.2,40.3,109.8,1,-1,-1,-1
63,11,460.0,197.4,68.2,90.9,1,-1,-1,-1
64,9,344.2,168.7,41.5,71.9,1,-1,-1,-1
64,10,605.9,226.6,38.7,109.9,1,-1,-1,-1
64,11,458.5,197.1,67.3,91.0,1,-1,-1,-1
65,9,335.8,167.7,27.8,71.3,1,-1,-1,-1
65,10,603.5,224.6,36.1,109.3,1,-1,-1,-1
65,11,454.4,195.6,67.1,89.6,1,-1,-1,-1
66,9,329.5,167.1,25.2,71.1,1,-1,-1,-1
66,10,601.3,221.8,35.3,107.7,1,-1,-1,-1
66,11,449.2,193.5,69.8,87.8,1,-1,-1,-1
67,9,322.4,167.6,29.2,69.6,1,-1,-1,-1
67,10,600.0,218.6,34.4,105.8,1,-1,-1,-1
67,11,445.4,193.5,72.0,87.2,1,-1,-1,-1
67,13,368.0,180.3,34.6,61.8,1,-1,-1,-1
68,9,317.4,168.0,29.8,67.8,1,-1,-1,-1
68,10,598.4,216.2,34.1,105.9,1,-1,-1,-1
68,11,442.3,193.1,74.1,87.1,1,-1,-1,-1
69,9,309.2,167.4,24.3,67.9,1,-1,-1,-1
69,10,594.3,214.2,33.3,106.0,1,-1,-1,-1
69,11,442.3,193.0,70.5,87.0,1,-1,-1,-1
70,9,301.3,167.0,26.2,68.7,1,-1,-1,-1
70,10,589.9,211.6,34.5,105.3,1,-1,-1,-1
70,11,442.8,189.5,67.4,88.4,1,-1,-1,-1
71,9,294.1,168.3,31.0,67.5,1,-1,-1,-1
71,10,585.7,208.6,37.0,102.3,1,-1,-1,-1
71,11,443.0,188.5,65.0,83.9,1,-1,-1,-1
72,9,290.0,169.0,31.7,67.2,1,-1,-1,-1
72,10,583.1,207.0,37.7,101.4,1,-1,-1,-1
72,11,443.0,188.0,63.6,83.3,1,-1,-1,-1
73,9,283.6,169.1,24.9,67.0,1,-1,-1,-1
73,10,579.7,206.0,37.2,101.8,1,-1,-1,-1
73,11,442.3,185.8,63.9,85.2,1,-1,-1,-1
74,9,275.1,169.1,27.8,67.0,1,-1,-1,-1
74,10,578.6,203.7,35.0,101.9,1,-1,-1,-1
74,11,442.7,183.5,62.6,87.2,1,-1,-1,-1
75,9,270.0,169.7,28.6,68.4,1,-1,-1,-1
75,10,578.7,200.0,32.9,101.3,1,-1,-1,-1
75,11,441.6,181.3,63.6,85.6,1,-1,-1,-1
76,9,262.8,170.0,30.3,68.8,1,-1,-1,-1
76,10,576.8,196.6,33.0,100.4,1,-1,-1,-1
76,11,438.9,180.0,68.1,84.5,1,-1,-1,-1
77,9,259.6,170.1,29.4,68.2,1,-1,-1,-1
77,10,575.2,194.9,33.0,100.8,1,-1,-1,-1
77,11,437.8,179.8,69.4,84.1,1,-1,-1,-1
78,9,258.6,170.0,29.1,68.8,1,-1,-1,-1
78,10,574.1,194.6,32.3,100.2,1,-1,-1,-1
78,11,439.1,179.9,67.7,84.0,1,-1,-1,-1
79,9,251.0,170.7,36.0,68.2,1,-1,-1,-1
79,10,571.0,191.3,33.5,97.3,1,-1,-1,-1
79,11,441.4,177.9,63.7,78.4,1,-1,-1,-1
80,9,253.9,171.7,31.8,67.4,1,-1,-1,-1
80,10,568.4,189.1,34.5,96.4,1,-1,-1,-1
80,11,442.9,174.1,61.8,79.5,1,-1,-1,-1
81,9,257.2,172.8,29.8,67.8,1,-1,-1,-1
81,10,566.9,188.6,34.2,96.1,1,-1,-1,-1
81,11,442.5,172.7,61.2,80.6,1,-1,-1,-1
81,14,270.2,52.1,16.9,31.3,1,-1,-1,-1
82,9,252.1,173.8,36.3,67.2,1,-1,-1,-1
82,10,566.0,188.1,33.3,96.7,1,-1,-1,-1
82,11,442.1,172.6,60.4,80.2,1,-1,-1,-1
82,14,269.1,51.6,16.3,32.5,1,-1,-1,-1
83,9,257.4,176.2,31.2,69.2,1,-1,-1,-1
83,10,565.1,185.8,31.7,95.5,1,-1,-1,-1
83,11,442.0,171.5,61.5,80.1,1,-1,-1,-1
83,14,267.4,51.8,16.1,32.9,1,-1,-1,-1
84,9,260.8,177.2,30.4,69.8,1,-1,-1,-1
84,10,564.2,182.8,31.9,93.1,1,-1,-1,-1
84,11,442.7,169.5,62.6,76.5,1,-1,-1,-1
84,14,265.4,52.7,17.4,32.3,1,-1,-1,-1
85,9,253.2,177.2,39.9,69.9,1,-1,-1,-1
85,10,563.9,180.3,32.0,93.7,1,-1,-1,-1
85,11,443.7,166.7,64.3,75.5,1,-1,-1,-1
85,14,263.4,53.0,16.4,32.1,1,-1,-1,-1
86,9,247.5,179.2,50.5,71.4,1,-1,-1,-1
86,10,563.2,177.5,32.7,95.3,1,-1,-1,-1
86,11,446.9,164.3,63.4,75.8,1,-1,-1,-1
86,14,258.6,53.1,16.8,33.4,1,-1,-1,-1
87,9,246.9,180.8,59.2,73.2,1,-1,-1,-1
87,10,563.6,176.0,32.2,95.1,1,-1,-1,-1
87,11,448.9,164.4,63.1,77.4,1,-1,-1,-1
87,14,255.2,53.7,17.6,32.4,1,-1,-1,-1
88,9,246.8,181.2,63.3,73.1,1,-1,-1,-1
88,10,564.7,174.3,31.4,92.9,1,-1,-1,-1
88,11,450.7,163.4,60.9,75.7,1,-1,-1,-1
88,14,252.4,54.0,18.6,31.4,1,-1,-1,-1
89,10,566.5,171.7,29.7,92.3,1,-1,-1,-1
89,11,451.9,160.2,61.0,75.9,1,-1,-1,-1
89,14,248.8,54.8,18.9,32.5,1,-1,-1,-1
90,10,567.9,171.5,29.2,91.4,1,-1,-1,-1
90,11,452.2,158.1,63.1,77.4,1,-1,-1,-1
90,14,247.6,55.1,18.3,32.2,1,-1,-1,-1
91,10,569.6,171.1,29.1,91.1,1,-1,-1,-1
91,11,453.5,158.4,65.1,77.1,1,-1,-1,-1
91,14,247.0,55.8,18.1,32.7,1,-1,-1,-1
91,15,378.4,186.7,30.1,60.3,1,-1,-1,-1
92,10,570.9,169.6,29.7,89.6,1,-1,-1,-1
92,11,456.2,158.8,64.3,75.6,1,-1,-1,-1
92,14,245.5,56.1,17.3,33.6,1,-1,-1,-1
92,15,382.1,189.9,30.7,56.6,1,-1,-1,-1
93,10,571.2,165.4,32.7,88.5,1,-1,-1,-1
93,11,462.1,155.5,61.3,76.6,1,-1,-1,-1
93,14,242.1,55.4,15.7,33.9,1,-1,-1,-1
93,15,384.8,208.0,23.9,41.5,1,-1,-1,-1
94,10,572.5,163.7,32.9,88.8,1,-1,-1,-1
94,11,467.3,153.2,59.0,75.5,1,-1,-1,-1
94,14,238.6,56.4,16.6,33.3,1,-1,-1,-1
94,15,386.1,216.0,21.9,38.3,1,-1,-1,-1
94,16,303.0,187.0,34.5,77.3,1,-1,-1,-1
95,10,573.8,163.6,33.7,88.3,1,-1,-1,-1
95,11,470.8,152.6,56.9,75.1,1,-1,-1,-1
95,14,235.5,57.7,18.3,32.4,1,-1,-1,-1
95,15,386.3,215.4,20.6,37.4,1,-1,-1,-1
95,16,305.2,187.0,35.5,79.2,1,-1,-1,-1
96,10,576.3,163.2,31.8,88.1,1,-1,-1,-1
96,11,474.4,152.8,53.5,75.0,1,-1,-1,-1
96,14,233.2,58.1,18.1,33.5,1,-1,-1,-1
96,15,386.1,210.8,20.9,39.2,1,-1,-1,-1
96,16,304.1,187.0,39.4,79.8,1,-1,-1,-1
97,10,580.7,159.5,28.4,86.6,1,-1,-1,-1
97,11,479.6,151.6,51.0,71.5,1,-1,-1,-1
97,14,230.5,58.1,18.0,33.9,1,-1,-1,-1
97,15,386.0,211.6,21.0,34.9,1,-1,-1,-1
97,16,317.1,191.9,31.4,77.8,1,-1,-1,-1
98,10,583.1,157.8,27.4,85.5,1,-1,-1,-1
98,11,480.8,149.6,53.1,71.9,1,-1,-1,-1
98,14,228.3,58.7,19.4,34.0,1,-1,-1,-1
98,15,385.3,213.4,21.7,32.9,1,-1,-1,-1
98,16,327.0,189.3,29.0,82.1,1,-1,-1,-1
99,10,584.9,156.9,26.4,85.8,1,-1,-1,-1
99,11,481.2,148.1,54.4,73.4,1,-1,-1,-1
99,14,227.0,59.7,18.4,33.3,1,-1,-1,-1
99,15,385.0,214.1,21.2,33.0,1,-1,-1,-1
99,16,332.9,193.6,28.3,77.8,1,-1,-1,-1
100,10,587.4,155.4,27.5,85.3,1,-1,-1,-1
100,11,483.9,147.8,55.5,73.1,1,-1,-1,-1
100,14,224.0,60.1,16.0,34.5,1,-1,-1,-1
100,15,383.5,214.2,21.8,33.7,1,-1,-1,-1
100,16,341.1,196.0,27.4,77.3,1,-1,-1,-1
101,10,589.7,152.8,28.6,83.7,1,-1,-1,-1
101,11,487.9,147.2,53.8,73.0,1,-1,-1,-1
101,14,220.7,60.8,17.4,33.4,1,-1,-1,-1
101,15,382.9,214.1,22.6,33.2,1,-1,-1,-1
101,16,347.3,197.8,29.2,77.1,1,-1,-1,-1
102,10,591.0,151.1,29.6,83.2,1,-1,-1,-1
102,11,491.5,145.5,53.2,71.6,1,-1,-1,-1
102,14,218.2,61.1,17.8,33.8,1,-1,-1,-1
102,16,349.6,194.8,48.0,81.2,1,-1,-1,-1
102,17,429.7,178.3,22.2,45.6,1,-1,-1,-1
103,10,591.9,150.0,31.3,83.8,1,-1,-1,-1
103,11,495.3,144.2,52.4,71.2,1,-1,-1,-1
103,14,216.9,61.8,15.8,33.3,1,-1,-1,-1
103,16,354.5,182.5,48.7,93.0,1,-1,-1,-1
103,17,429.3,178.6,23.5,69.0,1,-1,-1,-1
104,10,595.7,149.1,29.7,83.2,1,-1,-1,-1
104,11,500.6,143.1,51.4,71.8,1,-1,-1,-1
104,14,213.2,62.1,16.7,34.5,1,-1,-1,-1
104,16,366.9,197.5,37.7,76.9,1,-1,-1,-1
104,17,429.7,178.9,23.8,76.0,1,-1,-1,-1
105,10,600.0,147.5,27.1,82.4,1,-1,-1,-1
105,11,504.6,142.8,49.7,71.9,1,-1,-1,-1
105,14,210.3,62.8,18.3,33.4,1,-1,-1,-1
105,16,371.9,207.4,37.2,73.5,1,-1,-1,-1
105,17,430.0,179.0,24.0,79.5,1,-1,-1,-1
106,10,605.0,145.5,25.6,81.4,1,-1,-1,-1
106,11,509.1,141.5,49.9,69.9,1,-1,-1,-1
106,14,206.1,63.1,16.7,34.5,1,-1,-1,-1
106,16,380.6,209.6,31.5,71.7,1,-1,-1,-1
106,17,429.3,179.7,22.6,55.3,1,-1,-1,-1
107,10,608.0,144.8,27.3,81.1,1,-1,-1,-1
107,11,511.2,140.2,52.1,70.0,1,-1,-1,-1
107,14,201.8,63.1,16.9,35.6,1,-1,-1,-1
107,16,383.8,211.7,33.2,69.1,1,-1,-1,-1
108,10,608.5,144.1,27.8,81.0,1,-1,-1,-1
108,11,512.1,138.4,53.4,74.2,1,-1,-1,-1
108,14,199.1,63.7,17.7,34.5,1,-1,-1,-1
109,10,612.5,142.5,27.2,78.9,1,-1,-1,-1
109,11,514.3,137.8,55.9,72.0,1,-1,-1,-1
109,14,194.3,64.0,18.6,35.5,1,-1,-1,-1
109,15,376.5,211.1,23.6,38.7,1,-1,-1,-1
110,10,614.9,140.5,28.5,78.3,1,-1,-1,-1
110,11,517.3,138.5,54.6,70.6,1,-1,-1,-1
110,14,191.9,64.8,18.2,35.2,1,-1,-1,-1
110,15,374.8,211.3,23.2,38.9,1,-1,-1,-1
111,10,616.8,139.8,29.5,78.1,1,-1,-1,-1
111,11,521.1,137.6,52.8,70.2,1,-1,-1,-1
111,14,190.8,65.8,18.8,34.3,1,-1,-1,-1
111,15,374.6,212.5,22.4,38.3,1,-1,-1,-1
111,17,431.4,198.0,20.8,69.1,1,-1,-1,-1
112,10,618.7,139.8,30.6,78.0,1,-1,-1,-1
112,11,525.9,136.3,50.1,70.1,1,-1,-1,-1
112,14,190.1,66.8,18.9,34.1,1,-1,-1,-1
112,15,371.4,186.5,25.6,64.0,1,-1,-1,-1
112,17,433.1,205.8,27.9,75.3,1,-1,-1,-1
113,10,622.0,139.9,28.8,78.0,1,-1,-1,-1
113,11,530.3,135.2,50.0,71.4,1,-1,-1,-1
113,14,187.8,67.1,19.0,34.0,1,-1,-1,-1
113,15,365.6,174.7,29.4,71.0,1,-1,-1,-1
113,17,433.3,207.3,35.7,77.9,1,-1,-1,-1
114,10,627.5,136.5,25.4,77.3,1,-1,-1,-1
114,11,535.8,134.1,50.7,70.4,1,-1,-1,-1
114,14,184.7,66.4,17.6,36.1,1,-1,-1,-1
114,15,364.2,174.9,29.1,71.7,1,-1,-1,-1
114,17,448.6,206.7,27.5,79.4,1,-1,-1,-1
115,10,631.6,134.2,23.7,77.1,1,-1,-1,-1
115,11,539.0,134.6,50.2,68.7,1,-1,-1,-1
115,14,180.9,66.7,18.6,34.6,1,-1,-1,-1
115,15,367.3,177.0,26.2,71.9,1,-1,-1,-1
115,17,459.2,206.1,27.2,80.5,1,-1,-1,-1
116,10,634.0,132.9,25.3,77.7,1,-1,-1,-1
116,11,540.3,134.2,50.1,68.2,1,-1,-1,-1
116,14,178.2,67.7,19.6,34.9,1,-1,-1,-1
116,15,369.0,190.0,26.1,59.4,1,-1,-1,-1
116,17,464.4,207.3,32.6,79.5,1,-1,-1,-1
117,10,634.4,133.5,27.2,77.2,1,-1,-1,-1
117,11,542.4,132.6,50.0,70.2,1,-1,-1,-1
117,14,176.2,68.1,18.5,35.0,1,-1,-1,-1
117,15,365.1,185.2,31.6,66.8,1,-1,-1,-1
117,17,466.5,208.7,37.8,81.2,1,-1,-1,-1
117,19,734.9,221.6,32.7,90.3,1,-1,-1,-1
118,10,637.7,132.5,27.1,75.0,1,-1,-1,-1
118,11,544.6,129.8,52.8,70.7,1,-1,-1,-1
118,14,172.9,68.1,19.5,35.7,1,-1,-1,-1
118,15,362.3,181.5,34.0,66.9,1,-1,-1,-1
118,17,480.5,209.2,30.2,81.1,1,-1,-1,-1
118,19,719.4,219.5,39.9,92.2,1,-1,-1,-1
119,10,641.3,130.6,27.0,75.7,1,-1,-1,-1
119,11,545.3,129.5,57.8,70.2,1,-1,-1,-1
119,14,170.3,68.7,20.6,35.9,1,-1,-1,-1
119,15,370.7,207.1,26.3,38.3,1,-1,-1,-1
119,17,491.0,209.8,28.0,81.0,1,-1,-1,-1
119,19,705.3,217.4,45.6,94.2,1,-1,-1,-1
120,10,643.1,129.8,28.4,75.9,1,-1,-1,-1
120,11,546.6,129.8,58.0,69.4,1,-1,-1,-1
120,14,168.2,69.0,20.2,34.6,1,-1,-1,-1
120,17,495.7,211.5,32.9,81.7,1,-1,-1,-1
120,19,697.7,216.7,45.9,92.6,1,-1,-1,-1
121,10,647.6,129.1,28.1,76.0,1,-1,-1,-1
121,11,553.4,127.2,55.9,69.8,1,-1,-1,-1
121,14,164.2,69.8,18.7,37.0,1,-1,-1,-1
121,17,505.2,212.8,31.6,81.9,1,-1,-1,-1
121,19,691.6,215.4,39.7,90.8,1,-1,-1,-1
122,10,652.8,128.2,25.2,74.6,1,-1,-1,-1
122,11,561.3,125.9,51.1,69.9,1,-1,-1,-1
122,14,161.3,70.1,18.9,37.0,1,-1,-1,-1
122,17,517.2,213.2,27.0,82.0,1,-1,-1,-1
122,19,675.4,214.9,46.9,89.5,1,-1,-1,-1
123,11,568.1,125.7,49.6,68.6,1,-1,-1,-1
123,14,157.1,70.8,17.6,37.0,1,-1,-1,-1
123,17,526.2,214.5,35.4,82.0,1,-1,-1,-1
123,19,661.1,154.0,47.0,147.3,1,-1,-1,-1
124,11,570.6,125.9,49.9,67.5,1,-1,-1,-1
124,14,154.2,71.1,17.2,37.7,1,-1,-1,-1
124,17,529.8,215.8,38.6,83.4,1,-1,-1,-1
125,11,572.1,125.3,49.3,67.8,1,-1,-1,-1
125,14,152.1,72.5,18.5,35.8,1,-1,-1,-1
125,17,536.9,216.2,35.4,83.8,1,-1,-1,-1
125,19,645.5,113.5,42.8,165.3,1,-1,-1,-1
126,11,573.7,123.6,47.7,66.6,1,-1,-1,-1
126,14,150.3,73.1,19.5,36.6,1,-1,-1,-1
126,17,548.7,216.1,29.5,84.6,1,-1,-1,-1
126,19,637.5,122.4,49.9,169.3,1,-1,-1,-1
126,20,385.0,220.0,15.3,38.1,1,-1,-1,-1
127,10,666.7,124.5,25.8,72.1,1,-1,-1,-1
127,11,574.9,122.2,47.9,69.0,1,-1,-1,-1
127,14,147.7,73.1,19.2,34.8,1,-1,-1,-1
127,17,557.3,216.7,27.1,84.9,1,-1,-1,-1
127,19,630.9,184.5,47.2,113.8,1,-1,-1,-1
127,20,385.7,219.2,14.4,40.1,1,-1,-1,-1
128,10,668.6,121.8,27.3,72.7,1,-1,-1,-1
128,11,578.7,121.8,49.4,66.9,1,-1,-1,-1
128,14,143.2,73.8,17.6,37.0,1,-1,-1,-1
128,17,562.1,219.8,35.4,84.3,1,-1,-1,-1
128,19,625.6,208.1,36.6,97.1,1,-1,-1,-1
128,20,386.0,219.6,14.8,40.0,1,-1,-1,-1
129,10,670.6,120.1,28.5,73.6,1,-1,-1,-1
129,11,583.1,121.9,47.7,66.3,1,-1,-1,-1
129,14,139.5,74.7,18.6,36.3,1,-1,-1,-1
129,19,589.2,206.8,64.2,102.6,1,-1,-1,-1
129,20,386.1,220.7,14.9,39.3,1,-1,-1,-1
130,10,674.0,120.4,27.4,72.5,1,-1,-1,-1
130,14,136.4,75.1,18.9,37.5,1,-1,-1,-1
130,19,581.4,145.9,60.5,160.3,1,-1,-1,-1
130,20,385.3,221.1,15.7,39.1,1,-1,-1,-1
131,10,680.9,118.8,22.9,72.1,1,-1,-1,-1
131,11,590.9,119.2,47.9,66.8,1,-1,-1,-1
131,14,132.8,75.8,17.6,37.8,1,-1,-1,-1
131,19,586.6,171.2,48.3,125.1,1,-1,-1,-1
131,20,385.7,223.9,15.2,36.2,1,-1,-1,-1
132,10,685.0,116.6,21.6,72.7,1,-1,-1,-1
132,14,130.9,76.8,17.9,36.6,1,-1,-1,-1
132,19,587.0,138.0,55.8,171.2,1,-1,-1,-1
132,20,386.0,225.9,15.8,35.4,1,-1,-1,-1
133,10,687.8,115.8,21.9,72.2,1,-1,-1,-1
133,11,595.6,117.4,51.5,66.2,1,-1,-1,-1
133,14,128.5,77.8,19.4,35.5,1,-1,-1,-1
133,19,579.4,173.7,62.2,129.1,1,-1,-1,-1
133,20,386.7,226.3,15.2,35.1,1,-1,-1,-1
134,10,688.5,115.8,24.8,72.1,1,-1,-1,-1
134,11,596.9,117.8,51.8,65.4,1,-1,-1,-1
134,14,126.3,78.1,18.4,36.5,1,-1,-1,-1
134,17,572.2,208.4,41.4,86.2,1,-1,-1,-1
134,20,387.1,225.5,15.1,35.7,1,-1,-1,-1
135,10,689.0,115.9,24.9,72.0,1,-1,-1,-1
135,11,598.6,117.3,49.9,63.7,1,-1,-1,-1
135,14,123.6,78.1,16.7,37.6,1,-1,-1,-1
135,17,566.4,197.0,40.4,86.1,1,-1,-1,-1
135,20,387.8,225.0,14.3,38.0,1,-1,-1,-1
136,10,690.5,116.0,25.0,71.3,1,-1,-1,-1
136,11,600.6,116.3,47.2,66.0,1,-1,-1,-1
136,14,119.9,78.7,17.6,37.2,1,-1,-1,-1
136,17,563.0,193.5,36.6,85.3,1,-1,-1,-1
136,20,387.4,224.9,15.5,37.3,1,-1,-1,-1
136,21,625.8,226.4,40.0,84.2,1,-1,-1,-1
136,22,713.9,251.3,51.2,95.0,1,-1,-1,-1
137,10,693.9,114.6,24.3,69.7,1,-1,-1,-1
137,11,601.2,115.2,46.3,64.6,1,-1,-1,-1
137,14,116.5,79.7,20.0,37.1,1,-1,-1,-1
137,17,559.6,193.2,34.8,85.1,1,-1,-1,-1
137,20,388.4,225.7,14.4,36.4,1,-1,-1,-1
137,21,631.1,227.1,39.3,84.1,1,-1,-1,-1
137,22,712.3,249.6,42.7,94.3,1,-1,-1,-1
138,10,697.4,112.5,24.8,71.3,1,-1,-1,-1
138,11,604.0,114.9,45.4,64.2,1,-1,-1,-1
138,14,112.8,80.1,17.9,37.7,1,-1,-1,-1
138,17,544.6,193.0,41.9,85.0,1,-1,-1,-1
138,20,386.9,219.7,21.8,43.1,1,-1,-1,-1
138,21,653.0,226.5,28.6,84.7,1,-1,-1,-1
138,22,702.7,246.8,37.3,96.2,1,-1,-1,-1
139,10,699.8,112.5,24.9,70.4,1,-1,-1,-1
139,11,607.3,114.9,44.4,64.1,1,-1,-1,-1
139,14,110.9,80.1,17.3,37.9,1,-1,-1,-1
139,17,537.4,192.3,39.9,82.9,1,-1,-1,-1
139,20,388.1,221.7,17.8,40.9,1,-1,-1,-1
139,22,671.8,232.4,58.8,109.4,1,-1,-1,-1
140,10,701.8,115.6,24.3,67.3,1,-1,-1,-1
140,11,610.5,113.6,44.8,64.0,1,-1,-1,-1
140,14,109.9,81.4,17.8,38.0,1,-1,-1,-1
140,17,533.7,189.9,33.7,83.7,1,-1,-1,-1
140,20,387.5,218.0,22.1,45.9,1,-1,-1,-1
140,22,660.3,226.9,61.7,110.5,1,-1,-1,-1
140,23,431.7,181.0,21.6,38.2,1,-1,-1,-1
141,10,704.4,116.4,22.0,65.0,1,-1,-1,-1
141,11,613.5,112.2,46.3,63.3,1,-1,-1,-1
141,14,106.3,82.1,17.2,38.0,1,-1,-1,-1
141,17,519.9,188.8,37.4,83.2,1,-1,-1,-1
141,20,387.1,216.7,24.8,48.1,1,-1,-1,-1
141,22,668.5,224.5,45.8,110.2,1,-1,-1,-1
141,23,433.4,181.6,20.5,44.3,1,-1,-1,-1
142,10,706.0,116.3,22.0,64.3,1,-1,-1,-1
142,11,615.8,111.8,46.8,63.1,1,-1,-1,-1
142,14,102.7,82.1,15.7,38.0,1,-1,-1,-1
142,17,512.7,186.0,37.8,85.9,1,-1,-1,-1
142,20,388.3,218.1,22.2,48.0,1,-1,-1,-1
142,22,663.9,225.1,55.7,108.6,1,-1,-1,-1
142,23,434.1,182.7,20.1,45.5,1,-1,-1,-1
143,10,706.3,115.4,22.7,63.4,1,-1,-1,-1
143,11,617.7,111.9,45.5,63.0,1,-1,-1,-1
143,14,100.2,82.8,15.2,38.7,1,-1,-1,-1
143,17,506.7,185.5,35.8,82.5,1,-1,-1,-1
143,20,389.7,219.6,18.5,47.3,1,-1,-1,-1
143,22,654.1,227.2,73.4,105.4,1,-1,-1,-1
143,23,434.2,182.4,21.4,47.3,1,-1,-1,-1
144,10,707.5,112.2,23.6,66.6,1,-1,-1,-1
144,11,620.4,111.3,45.2,61.6,1,-1,-1,-1
144,14,95.4,83.7,16.5,38.9,1,-1,-1,-1
144,17,497.4,183.7,35.3,82.1,1,-1,-1,-1
144,20,389.5,220.9,19.6,46.4,1,-1,-1,-1
144,21,709.2,228.3,38.0,82.8,1,-1,-1,-1
144,22,651.6,233.7,40.9,97.4,1,-1,-1,-1
144,23,431.3,182.8,23.9,47.1,1,-1,-1,-1
145,10,708.1,110.1,24.6,66.9,1,-1,-1,-1
145,11,621.3,110.3,46.4,63.3,1,-1,-1,-1
145,14,92.2,84.1,15.4,39.0,1,-1,-1,-1
145,17,486.4,183.6,40.0,80.6,1,-1,-1,-1
145,20,389.1,219.8,19.9,47.5,1,-1,-1,-1
145,21,710.1,230.1,37.3,82.9,1,-1,-1,-1
145,22,643.7,235.7,34.0,95.0,1,-1,-1,-1
145,23,429.2,183.0,24.0,46.3,1,-1,-1,-1
146,10,708.8,109.0,23.5,67.0,1,-1,-1,-1
146,11,622.6,109.2,45.4,63.1,1,-1,-1,-1
146,14,90.1,84.8,15.8,39.0,1,-1,-1,-1
146,17,482.1,183.2,39.3,79.5,1,-1,-1,-1
146,20,389.0,219.8,20.0,47.9,1,-1,-1,-1
146,21,722.8,229.7,30.8,83.0,1,-1,-1,-1
146,22,633.4,235.6,35.4,93.6,1,-1,-1,-1
146,23,428.7,184.4,24.0,71.3,1,-1,-1,-1
147,10,711.2,108.1,20.3,66.3,1,-1,-1,-1
147,11,625.9,108.9,43.7,62.3,1,-1,-1,-1
147,14,85.4,86.5,18.7,39.0,1,-1,-1,-1
147,17,473.5,180.9,34.2,80.5,1,-1,-1,-1
147,20,388.3,219.9,19.3,50.8,1,-1,-1,-1
147,21,732.1,231.2,33.7,81.6,1,-1,-1,-1
147,22,621.5,233.1,35.8,91.1,1,-1,-1,-1
147,23,429.5,186.5,23.3,77.4,1,-1,-1,-1
148,10,712.9,108.6,17.3,65.4,1,-1,-1,-1
148,11,628.7,108.9,41.8,62.1,1,-1,-1,-1
148,14,81.5,86.4,17.5,39.7,1,-1,-1,-1
148,17,441.6,179.9,57.2,87.2,1,-1,-1,-1
148,20,388.7,217.2,19.8,54.4,1,-1,-1,-1
148,21,735.8,232.0,33.2,82.6,1,-1,-1,-1
148,22,615.6,230.5,32.4,91.7,1,-1,-1,-1
149,10,713.3,108.9,16.4,65.1,1,-1,-1,-1
149,11,630.8,107.6,41.9,62.0,1,-1,-1,-1
149,14,78.4,86.8,16.5,39.2,1,-1,-1,-1
149,17,428.6,179.8,62.6,90.5,1,-1,-1,-1
149,20,389.7,200.5,20.6,72.3,1,-1,-1,-1
149,21,743.6,235.0,25.4,79.4,1,-1,-1,-1
149,22,610.6,229.7,30.7,91.2,1,-1,-1,-1
150,10,713.2,109.1,15.4,65.0,1,-1,-1,-1
150,11,634.1,106.2,44.1,62.0,1,-1,-1,-1
150,14,72.6,88.4,20.3,39.1,1,-1,-1,-1
150,17,429.3,177.8,51.0,95.8,1,-1,-1,-1
150,20,391.5,193.8,22.3,79.1,1,-1,-1,-1
150,22,594.6,229.1,40.7,89.0,1,-1,-1,-1
151,10,711.6,109.0,16.5,65.7,1,-1,-1,-1
151,11,636.0,105.8,44.0,61.3,1,-1,-1,-1
151,14,68.4,89.1,20.1,39.0,1,-1,-1,-1
151,17,431.9,176.9,44.0,98.0,1,-1,-1,-1
151,20,394.3,194.1,21.4,81.1,1,-1,-1,-1
151,22,587.9,227.5,36.7,89.7,1,-1,-1,-1
152,10,708.8,109.7,18.3,65.2,1,-1,-1,-1
152,11,637.7,106.6,42.6,59.7,1,-1,-1,-1
152,14,66.0,89.9,18.6,39.0,1,-1,-1,-1
152,17,431.7,176.8,40.5,98.7,1,-1,-1,-1
152,20,396.0,206.6,21.1,70.5,1,-1,-1,-1
152,22,584.6,225.5,30.6,91.3,1,-1,-1,-1
153,10,702.9,110.7,23.7,65.1,1,-1,-1,-1
153,11,639.6,106.3,42.2,58.5,1,-1,-1,-1
153,14,63.4,90.8,18.9,39.7,1,-1,-1,-1
153,17,429.8,176.2,41.5,101.7,1,-1,-1,-1
153,20,394.9,217.4,25.2,64.6,1,-1,-1,-1
153,22,571.0,224.8,35.8,91.1,1,-1,-1,-1
154,10,698.4,111.8,26.7,66.4,1,-1,-1,-1
154,11,640.9,105.3,43.5,59.6,1,-1,-1,-1
154,14,60.6,91.1,19.7,39.9,1,-1,-1,-1
154,17,421.2,175.3,50.3,106.1,1,-1,-1,-1
154,20,397.6,220.4,25.1,64.9,1,-1,-1,-1
154,22,564.4,224.1,35.9,88.9,1,-1,-1,-1
155,10,698.0,112.1,26.2,67.5,1,-1,-1,-1
155,11,641.9,104.9,44.5,59.9,1,-1,-1,-1
155,14,57.6,91.1,17.8,40.0,1,-1,-1,-1
155,20,401.1,220.0,25.7,65.0,1,-1,-1,-1
155,22,560.1,222.5,31.8,88.3,1,-1,-1,-1
155,23,440.1,197.4,28.7,84.1,1,-1,-1,-1
156,14,53.8,92.4,17.2,39.3,1,-1,-1,-1
156,20,396.8,187.7,33.6,96.5,1,-1,-1,-1
156,22,548.1,221.2,32.6,88.1,1,-1,-1,-1
156,23,447.6,199.0,33.8,85.4,1,-1,-1,-1
157,11,643.7,104.1,61.0,71.9,1,-1,-1,-1
157,14,49.8,93.1,19.9,40.5,1,-1,-1,-1
157,20,392.0,171.9,36.0,106.6,1,-1,-1,-1
157,22,534.0,221.5,42.0,86.6,1,-1,-1,-1
157,23,452.0,199.3,34.6,85.8,1,-1,-1,-1
158,11,648.3,103.2,58.9,77.6,1,-1,-1,-1
158,14,46.4,93.1,17.9,40.8,1,-1,-1,-1
158,20,376.5,169.8,38.1,83.8,1,-1,-1,-1
158,22,526.6,221.2,38.5,87.6,1,-1,-1,-1
158,23,457.0,200.5,38.4,84.5,1,-1,-1,-1
159,11,651.7,102.9,54.8,79.3,1,-1,-1,-1
159,14,44.1,93.1,18.0,41.7,1,-1,-1,-1
159,20,368.6,171.6,38.7,76.9,1,-1,-1,-1
159,22,520.0,220.3,34.6,87.9,1,-1,-1,-1
159,23,459.3,201.8,40.9,84.9,1,-1,-1,-1
160,11,653.9,102.2,51.4,80.5,1,-1,-1,-1
160,14,42.2,93.7,19.4,41.9,1,-1,-1,-1
160,20,363.9,172.2,32.6,75.6,1,-1,-1,-1
160,22,513.2,219.9,34.9,88.0,1,-1,-1,-1
160,23,440.6,201.5,62.7,89.2,1,-1,-1,-1
161,11,656.5,101.9,47.6,80.8,1,-1,-1,-1
161,14,39.6,94.0,17.7,42.0,1,-1,-1,-1
161,20,352.6,171.5,31.5,75.9,1,-1,-1,-1
161,22,483.9,206.6,58.8,99.9,1,-1,-1,-1
161,23,431.4,203.2,42.6,88.3,1,-1,-1,-1
162,11,658.0,101.2,45.8,81.7,1,-1,-1,-1
162,14,35.2,94.8,17.2,42.0,1,-1,-1,-1
162,20,341.8,171.0,36.7,75.3,1,-1,-1,-1
162,22,475.4,200.4,55.4,103.5,1,-1,-1,-1
162,23,432.2,205.5,35.2,87.4,1,-1,-1,-1
163,11,659.0,100.9,46.6,83.3,1,-1,-1,-1
163,14,31.5,95.8,18.5,40.6,1,-1,-1,-1
163,20,336.5,170.2,35.5,73.7,1,-1,-1,-1
163,22,478.4,200.4,42.5,103.1,1,-1,-1,-1
163,23,435.0,206.2,33.7,87.8,1,-1,-1,-1
164,11,660.6,100.9,46.2,83.8,1,-1,-1,-1
164,14,27.7,96.8,21.6,39.5,1,-1,-1,-1
164,20,334.5,168.5,31.7,75.3,1,-1,-1,-1
164,22,482.1,202.2,36.6,105.1,1,-1,-1,-1
164,23,438.3,206.2,30.4,87.9,1,-1,-1,-1
165,11,660.4,101.0,47.5,84.6,1,-1,-1,-1
165,14,25.1,97.1,19.1,41.2,1,-1,-1,-1
165,20,329.6,167.9,31.9,75.1,1,-1,-1,-1
165,22,455.4,203.8,64.2,103.6,1,-1,-1,-1
166,11,655.2,101.0,54.1,86.3,1,-1,-1,-1
166,14,22.5,97.8,18.3,41.1,1,-1,-1,-1
166,20,318.5,168.5,36.2,73.6,1,-1,-1,-1
166,22,446.3,204.9,76.7,103.2,1,-1,-1,-1
167,11,650.0,101.0,59.6,87.5,1,-1,-1,-1
167,14,19.6,98.8,19.5,41.7,1,-1,-1,-1
167,20,309.9,168.3,34.0,73.2,1,-1,-1,-1
167,23,447.5,208.9,37.8,95.0,1,-1,-1,-1
168,11,647.0,100.3,64.1,89.9,1,-1,-1,-1
168,14,16.6,99.1,21.2,42.6,1,-1,-1,-1
168,20,303.6,167.3,32.6,73.8,1,-1,-1,-1
168,23,449.5,209.4,37.2,97.8,1,-1,-1,-1
169,11,643.6,100.0,69.6,90.7,1,-1,-1,-1
169,14,12.1,99.8,16.9,42.9,1,-1,-1,-1
169,20,294.3,167.6,35.0,73.2,1,-1,-1,-1
169,23,443.2,209.2,45.5,97.2,1,-1,-1,-1
169,26,505.9,207.4,41.5,87.7,1,-1,-1,-1
170,11,661.5,99.2,52.4,69.2,1,-1,-1,-1
170,14,7.8,100.8,18.4,43.0,1,-1,-1,-1
170,20,286.9,167.2,32.9,71.7,1,-1,-1,-1
170,23,438.5,209.0,46.5,96.4,1,-1,-1,-1
170,26,507.5,208.8,43.2,87.2,1,-1,-1,-1
171,11,670.5,98.9,47.2,62.8,1,-1,-1,-1
171,14,1.6,101.8,22.3,43.7,1,-1,-1,-1
171,20,280.7,165.6,31.6,73.3,1,-1,-1,-1
171,23,435.9,209.0,48.3,96.1,1,-1,-1,-1
171,26,510.9,209.2,44.5,87.1,1,-1,-1,-1
172,11,672.5,98.9,45.7,60.1,1,-1,-1,-1
172,14,-0.6,102.1,17.2,44.6,1,-1,-1,-1
172,20,267.2,165.6,38.2,72.4,1,-1,-1,-1
172,23,432.7,209.0,54.4,95.3,1,-1,-1,-1
172,26,526.3,208.4,37.1,89.1,1,-1,-1,-1
172,27,630.7,121.4,27.3,72.0,1,-1,-1,-1
173,11,672.5,99.0,45.2,59.3,1,-1,-1,-1
173,14,-0.6,103.5,15.7,44.2,1,-1,-1,-1
173,20,261.2,165.9,38.1,71.4,1,-1,-1,-1
173,22,412.0,209.9,77.6,96.8,1,-1,-1,-1
173,26,535.7,208.0,36.3,92.5,1,-1,-1,-1
173,27,626.4,122.1,28.5,72.0,1,-1,-1,-1
174,11,672.2,99.0,45.8,59.8,1,-1,-1,-1
174,14,-0.2,105.5,14.5,40.6,1,-1,-1,-1
174,20,256.5,165.3,33.1,71.1,1,-1,-1,-1
174,22,413.2,210.8,80.0,92.0,1,-1,-1,-1
174,26,539.7,209.3,34.7,91.5,1,-1,-1,-1
174,27,622.6,121.5,26.7,72.7,1,-1,-1,-1
175,11,673.4,99.0,45.2,59.2,1,-1,-1,-1
175,20,246.2,164.3,33.0,71.7,1,-1,-1,-1
175,23,447.3,211.8,47.1,88.8,1,-1,-1,-1
175,26,543.4,211.4,39.1,91.8,1,-1,-1,-1
175,27,616.6,121.7,26.2,75.0,1,-1,-1,-1
176,11,674.7,99.0,44.4,59.1,1,-1,-1,-1
176,20,240.1,163.9,33.7,71.2,1,-1,-1,-1
176,23,458.6,215.2,46.3,85.4,1,-1,-1,-1
176,26,550.8,212.2,37.6,91.3,1,-1,-1,-1
176,27,611.6,123.4,26.8,74.3,1,-1,-1,-1
177,11,675.9,99.0,42.7,59.0,1,-1,-1,-1
177,20,235.4,163.2,30.4,71.1,1,-1,-1,-1
177,23,463.0,217.1,51.0,84.4,1,-1,-1,-1
177,26,559.2,212.2,31.6,91.8,1,-1,-1,-1
177,27,608.9,124.8,26.9,74.1,1,-1,-1,-1
177,28,392.3,219.3,33.4,80.3,1,-1,-1,-1
178,11,676.9,99.0,40.8,59.0,1,-1,-1,-1
178,20,225.2,162.2,31.5,71.0,1,-1,-1,-1
178,23,475.7,218.8,47.5,83.4,1,-1,-1,-1
178,26,564.7,214.2,39.6,90.5,1,-1,-1,-1
178,27,603.6,125.2,23.5,74.0,1,-1,-1,-1
178,28,389.7,220.3,27.5,74.5,1,-1,-1,-1
179,11,677.1,99.0,40.2,59.0,1,-1,-1,-1
179,20,214.9,162.6,36.1,70.3,1,-1,-1,-1
179,23,485.1,219.2,41.6,83.8,1,-1,-1,-1
179,26,565.9,215.8,44.8,90.9,1,-1,-1,-1
179,27,598.7,125.1,23.1,74.0,1,-1,-1,-1
179,28,383.1,221.6,27.2,72.8,1,-1,-1,-1
180,11,677.8,99.0,40.1,59.0,1,-1,-1,-1
180,20,211.0,162.2,35.3,70.1,1,-1,-1,-1
180,23,491.6,219.9,34.9,85.3,1,-1,-1,-1
180,26,566.9,214.1,45.6,93.8,1,-1,-1,-1
180,27,593.2,126.4,26.5,77.5,1,-1,-1,-1
180,28,375.6,227.7,29.8,66.6,1,-1,-1,-1
181,11,678.8,99.0,41.4,59.0,1,-1,-1,-1
181,20,202.6,161.3,31.6,70.7,1,-1,-1,-1
181,23,497.9,222.2,35.0,86.5,1,-1,-1,-1
181,26,580.4,154.3,45.9,153.4,1,-1,-1,-1
181,28,363.4,216.4,36.3,77.4,1,-1,-1,-1
182,11,679.1,99.0,42.5,58.3,1,-1,-1,-1
182,20,195.8,160.9,31.2,70.2,1,-1,-1,-1
182,23,503.3,221.7,39.9,89.0,1,-1,-1,-1
182,26,590.9,187.2,46.0,112.5,1,-1,-1,-1
182,27,584.8,128.0,29.0,75.8,1,-1,-1,-1
182,28,354.7,210.0,34.0,80.6,1,-1,-1,-1
183,11,679.8,99.0,42.9,58.1,1,-1,-1,-1
183,20,191.2,160.9,33.2,70.1,1,-1,-1,-1
183,23,504.0,221.9,45.6,89.7,1,-1,-1,-1
183,26,595.6,214.8,46.7,100.3,1,-1,-1,-1
183,27,580.5,128.1,28.3,75.2,1,-1,-1,-1
183,28,348.5,208.9,29.1,80.9,1,-1,-1,-1
184,11,680.1,98.3,44.4,58.0,1,-1,-1,-1
184,20,184.0,159.6,30.2,70.0,1,-1,-1,-1
184,23,508.4,224.8,48.0,90.6,1,-1,-1,-1
184,26,601.7,225.4,46.9,95.2,1,-1,-1,-1
184,27,574.5,128.8,27.4,77.2,1,-1,-1,-1
184,28,335.1,210.1,36.0,79.6,1,-1,-1,-1
185,11,680.8,98.0,44.1,58.0,1,-1,-1,-1
185,20,177.1,158.9,30.8,70.0,1,-1,-1,-1
185,23,515.9,227.5,45.2,90.2,1,-1,-1,-1
185,26,610.0,225.7,45.6,93.7,1,-1,-1,-1
185,27,570.3,130.4,28.5,77.1,1,-1,-1,-1
185,28,328.5,211.0,37.4,79.9,1,-1,-1,-1
186,11,681.1,97.9,43.3,58.0,1,-1,-1,-1
186,20,170.2,159.6,33.7,68.6,1,-1,-1,-1
186,23,524.3,228.3,38.8,90.1,1,-1,-1,-1
186,26,621.2,223.9,41.0,93.2,1,-1,-1,-1
186,27,567.9,131.1,27.5,77.0,1,-1,-1,-1
186,28,323.5,210.4,32.9,80.0,1,-1,-1,-1
187,11,681.8,98.0,42.4,57.3,1,-1,-1,-1
187,20,163.3,158.6,30.4,68.2,1,-1,-1,-1
187,23,532.6,231.1,35.4,91.4,1,-1,-1,-1
187,26,630.0,223.7,42.4,93.8,1,-1,-1,-1
187,27,562.7,131.2,24.3,77.0,1,-1,-1,-1
187,28,311.0,210.0,34.4,80.0,1,-1,-1,-1
188,11,682.8,98.7,41.4,56.4,1,-1,-1,-1
188,20,156.9,157.3,29.4,68.8,1,-1,-1,-1
188,23,538.5,232.2,33.0,93.9,1,-1,-1,-1
188,26,633.0,225.3,45.6,93.2,1,-1,-1,-1
188,27,557.1,131.8,25.5,77.7,1,-1,-1,-1
188,28,299.8,209.2,39.7,79.3,1,-1,-1,-1
189,11,683.1,97.6,41.8,57.5,1,-1,-1,-1
189,20,147.5,157.6,33.3,68.2,1,-1,-1,-1
189,23,542.7,234.4,44.2,92.6,1,-1,-1,-1
189,26,640.5,226.0,44.5,93.1,1,-1,-1,-1
189,27,548.3,134.1,32.9,77.2,1,-1,-1,-1
189,28,293.0,206.1,31.5,81.9,1,-1,-1,-1
190,11,683.1,97.0,41.2,57.9,1,-1,-1,-1
190,20,142.0,157.2,31.7,66.7,1,-1,-1,-1
190,23,543.7,237.3,50.4,94.3,1,-1,-1,-1
190,26,645.0,226.9,44.8,92.3,1,-1,-1,-1
190,27,545.2,135.8,32.3,76.4,1,-1,-1,-1
190,28,281.3,204.1,36.1,82.7,1,-1,-1,-1
191,11,683.0,96.9,41.1,58.0,1,-1,-1,-1
191,20,139.6,155.6,28.4,68.3,1,-1,-1,-1
191,23,545.5,240.4,51.5,99.0,1,-1,-1,-1
191,26,647.9,228.5,45.0,96.3,1,-1,-1,-1
191,27,541.7,135.6,29.3,76.8,1,-1,-1,-1
191,28,270.6,203.7,41.6,82.2,1,-1,-1,-1
192,11,682.3,96.2,41.7,58.7,1,-1,-1,-1
192,20,136.6,155.6,28.1,67.4,1,-1,-1,-1
192,23,550.4,243.5,50.5,96.2,1,-1,-1,-1
192,26,650.6,230.5,45.0,98.2,1,-1,-1,-1
192,27,536.4,135.1,29.1,77.6,1,-1,-1,-1
192,28,265.5,202.4,41.9,80.0,1,-1,-1,-1
193,11,681.3,96.0,42.6,57.5,1,-1,-1,-1
193,20,128.7,155.9,31.5,66.4,1,-1,-1,-1
193,23,562.9,245.1,36.1,94.7,1,-1,-1,-1
193,26,658.4,233.3,43.6,96.7,1,-1,-1,-1
193,27,529.6,137.1,29.7,77.9,1,-1,-1,-1
193,28,264.9,200.5,32.2,80.0,1,-1,-1,-1
194,11,680.2,95.2,42.9,57.9,1,-1,-1,-1
194,20,121.9,155.3,30.5,66.1,1,-1,-1,-1
194,23,571.4,247.4,30.4,96.3,1,-1,-1,-1
194,26,667.2,235.0,43.2,95.5,1,-1,-1,-1
194,27,525.9,138.7,29.9,77.3,1,-1,-1,-1
194,28,259.2,199.1,34.1,80.0,1,-1,-1,-1
195,11,679.9,95.6,43.0,57.3,1,-1,-1,-1
195,20,115.9,154.3,28.7,66.7,1,-1,-1,-1
195,23,574.1,249.6,31.5,98.9,1,-1,-1,-1
195,26,674.2,236.7,42.4,97.9,1,-1,-1,-1
195,27,523.2,139.2,27.2,77.1,1,-1,-1,-1
195,28,255.3,198.8,34.7,77.9,1,-1,-1,-1
196,11,679.2,96.0,43.7,57.8,1,-1,-1,-1
196,20,106.5,154.6,31.7,66.2,1,-1,-1,-1
196,23,582.2,251.7,38.2,100.4,1,-1,-1,-1
196,26,677.4,240.7,47.0,98.7,1,-1,-1,-1
196,27,516.3,139.2,24.3,77.7,1,-1,-1,-1
196,28,248.8,196.1,30.0,79.4,1,-1,-1,-1
197,11,678.9,96.0,43.9,57.9,1,-1,-1,-1
197,20,101.0,154.2,31.9,64.7,1,-1,-1,-1
197,23,587.0,253.7,45.0,99.4,1,-1,-1,-1
197,26,680.5,242.3,49.1,98.2,1,-1,-1,-1
197,27,508.6,140.4,28.3,78.6,1,-1,-1,-1
197,28,238.0,194.9,33.5,79.1,1,-1,-1,-1
198,11,678.2,96.0,45.4,57.3,1,-1,-1,-1
198,20,97.9,153.3,29.2,64.9,1,-1,-1,-1
198,23,589.2,256.4,49.2,100.5,1,-1,-1,-1
198,26,688.4,243.1,44.1,97.4,1,-1,-1,-1
198,27,502.6,142.5,33.0,78.2,1,-1,-1,-1
198,28,228.4,194.0,38.8,79.7,1,-1,-1,-1
199,11,676.5,96.0,47.2,57.1,1,-1,-1,-1
199,20,90.4,152.9,31.2,65.0,1,-1,-1,-1
199,23,600.0,260.8,44.2,100.2,1,-1,-1,-1
199,26,693.7,246.0,44.0,102.0,1,-1,-1,-1
199,27,497.6,143.2,32.3,77.4,1,-1,-1,-1
199,28,223.6,191.8,34.0,78.5,1,-1,-1,-1
200,11,675.2,95.3,47.8,58.4,1,-1,-1,-1
200,20,86.0,152.9,31.7,65.0,1,-1,-1,-1
200,23,608.8,262.4,35.6,100.0,1,-1,-1,-1
200,26,697.7,249.3,43.3,103.4,1,-1,-1,-1
200,27,492.1,143.2,30.7,77.8,1,-1,-1,-1
200,28,223.7,189.4,29.1,79.6,1,-1,-1,-1
201,20,82.4,152.3,30.5,65.0,1,-1,-1,-1
201,23,614.7,263.1,33.1,102.8,1,-1,-1,-1
201,26,702.1,251.8,42.4,102.4,1,-1,-1,-1
201,27,487.6,143.8,31.6,78.6,1,-1,-1,-1
201,28,217.6,189.4,33.9,78.5,1,-1,-1,-1
202,20,75.9,151.3,27.4,65.0,1,-1,-1,-1
202,23,621.6,267.4,38.6,108.5,1,-1,-1,-1
202,26,711.2,253.8,41.4,100.7,1,-1,-1,-1
202,27,481.5,146.1,31.9,79.6,1,-1,-1,-1
202,28,213.3,189.1,29.8,76.7,1,-1,-1,-1
203,11,673.6,96.1,44.4,58.8,1,-1,-1,-1
203,20,69.9,151.6,28.5,64.3,1,-1,-1,-1
203,23,628.7,271.3,42.4,106.1,1,-1,-1,-1
203,26,716.1,255.7,41.8,103.7,1,-1,-1,-1
203,27,477.3,148.5,31.3,79.2,1,-1,-1,-1
203,28,206.0,188.3,29.2,76.9,1,-1,-1,-1
204,11,673.2,96.3,43.4,59.6,1,-1,-1,-1
204,20,66.1,151.2,28.2,63.4,1,-1,-1,-1
204,23,630.9,273.2,49.1,104.6,1,-1,-1,-1
204,26,717.6,258.3,44.7,104.6,1,-1,-1,-1
204,27,474.2,149.3,26.9,78.4,1,-1,-1,-1
204,28,197.0,187.2,31.9,77.7,1,-1,-1,-1
205,11,673.0,96.8,41.7,59.2,1,-1,-1,-1
205,20,60.5,149.6,27.3,63.8,1,-1,-1,-1
205,23,634.2,278.3,53.9,109.1,1,-1,-1,-1
205,26,721.7,261.4,44.9,104.2,1,-1,-1,-1
205,27,465.8,149.9,26.3,78.1,1,-1,-1,-1
205,28,187.7,186.2,35.5,74.4,1,-1,-1,-1
206,11,671.6,98.4,42.6,59.1,1,-1,-1,-1
206,20,54.9,149.6,27.8,63.2,1,-1,-1,-1
206,23,638.1,282.5,54.7,106.9,1,-1,-1,-1
206,26,729.6,263.0,38.7,104.1,1,-1,-1,-1
206,27,454.7,150.8,33.8,78.7,1,-1,-1,-1
206,28,183.5,185.2,31.6,74.1,1,-1,-1,-1
207,11,670.2,99.8,43.6,56.9,1,-1,-1,-1
207,20,51.2,149.9,29.3,63.1,1,-1,-1,-1
207,23,642.9,284.3,51.4,106.3,1,-1,-1,-1
207,26,734.8,264.0,34.7,106.8,1,-1,-1,-1
207,27,449.5,151.8,36.7,78.9,1,-1,-1,-1
207,28,183.8,184.2,27.0,75.4,1,-1,-1,-1
208,11,667.0,100.2,46.0,57.0,1,-1,-1,-1
208,20,42.7,148.6,29.1,63.0,1,-1,-1,-1
208,23,650.1,285.8,44.8,110.3,1,-1,-1,-1
208,26,739.4,268.4,30.0,109.0,1,-1,-1,-1
208,27,443.3,151.4,32.0,79.7,1,-1,-1,-1
208,28,177.7,184.6,31.2,73.0,1,-1,-1,-1
209,11,665.1,100.1,48.1,57.0,1,-1,-1,-1
209,20,35.8,148.0,29.7,63.0,1,-1,-1,-1
209,23,653.4,288.3,44.9,115.0,1,-1,-1,-1
209,27,437.8,151.1,31.3,80.6,1,-1,-1,-1
209,28,171.3,184.2,31.1,70.2,1,-1,-1,-1
210,11,663.3,100.0,49.4,57.0,1,-1,-1,-1
210,20,32.6,148.6,29.9,62.3,1,-1,-1,-1
210,23,653.7,290.6,49.2,117.8,1,-1,-1,-1
210,27,433.5,151.7,31.8,79.5,1,-1,-1,-1
210,28,165.0,183.3,28.9,70.1,1,-1,-1,-1
211,11,662.1,100.0,50.5,59.1,1,-1,-1,-1
211,20,28.8,146.9,27.2,62.8,1,-1,-1,-1
211,23,652.6,293.4,52.6,112.3,1,-1,-1,-1
211,27,430.3,154.8,29.8,76.3,1,-1,-1,-1
211,28,153.4,183.6,31.8,69.3,1,-1,-1,-1
212,11,661.1,100.7,50.9,58.3,1,-1,-1,-1
212,20,25.5,146.0,27.1,62.2,1,-1,-1,-1
212,23,653.4,294.3,44.5,112.8,1,-1,-1,-1
212,27,428.8,159.0,18.8,51.6,1,-1,-1,-1
212,28,147.6,184.6,33.3,69.1,1,-1,-1,-1
213,11,660.9,101.7,51.0,58.1,1,-1,-1,-1
213,20,21.7,146.5,27.7,61.4,1,-1,-1,-1
213,23,649.0,295.7,43.4,115.0,1,-1,-1,-1
213,28,143.3,184.4,33.1,69.7,1,-1,-1,-1
214,11,660.9,102.1,48.9,58.7,1,-1,-1,-1
214,20,16.4,145.5,26.5,61.1,1,-1,-1,-1
214,23,644.1,296.8,41.7,115.7,1,-1,-1,-1
214,28,136.0,184.1,34.4,71.3,1,-1,-1,-1
215,11,661.0,102.8,46.9,58.2,1,-1,-1,-1
215,20,11.0,145.0,26.2,61.0,1,-1,-1,-1
215,23,641.0,296.5,39.8,116.6,1,-1,-1,-1
215,28,128.4,184.7,37.6,70.4,1,-1,-1,-1
216,11,661.0,103.1,45.6,58.1,1,-1,-1,-1
216,20,7.2,144.9,26.0,61.0,1,-1,-1,-1
216,23,634.9,296.1,37.8,117.6,1,-1,-1,-1
216,28,124.7,184.3,35.8,70.8,1,-1,-1,-1
216,29,394.7,159.1,26.4,78.9,1,-1,-1,-1
217,11,661.7,103.1,43.8,58.7,1,-1,-1,-1
217,20,1.5,145.0,29.5,61.0,1,-1,-1,-1
217,23,627.6,296.7,36.6,120.0,1,-1,-1,-1
217,28,121.4,184.0,31.7,70.9,1,-1,-1,-1
217,29,392.2,158.5,24.0,79.7,1,-1,-1,-1
218,11,662.0,104.4,42.5,58.2,1,-1,-1,-1
218,20,-0.6,144.3,27.8,59.6,1,-1,-1,-1
218,23,616.8,297.0,42.5,117.2,1,-1,-1,-1
218,28,117.0,183.3,27.0,71.7,1,-1,-1,-1
218,29,388.1,158.1,25.4,79.9,1,-1,-1,-1
219,11,660.7,105.8,42.2,58.8,1,-1,-1,-1
219,20,-0.5,143.3,22.3,59.9,1,-1,-1,-1
219,23,605.3,297.1,46.3,116.4,1,-1,-1,-1
219,28,104.3,183.6,36.1,71.2,1,-1,-1,-1
219,29,375.4,158.6,33.5,81.4,1,-1,-1,-1
220,11,658.6,106.2,42.7,59.6,1,-1,-1,-1
220,20,-0.2,144.3,19.3,58.6,1,-1,-1,-1
220,23,598.8,296.3,42.6,116.1,1,-1,-1,-1
220,28,98.4,183.3,36.7,69.7,1,-1,-1,-1
220,29,368.0,160.4,36.7,80.4,1,-1,-1,-1
221,11,657.1,106.1,43.6,59.9,1,-1,-1,-1
221,20,0.0,148.5,17.7,54.0,1,-1,-1,-1
221,23,585.9,294.6,43.6,117.4,1,-1,-1,-1
221,28,96.3,182.3,32.7,70.6,1,-1,-1,-1
221,29,364.6,161.1,36.2,80.1,1,-1,-1,-1
221,30,743.1,237.8,24.2,85.5,1,-1,-1,-1
222,11,655.4,106.0,45.3,60.0,1,-1,-1,-1
222,20,0.0,151.7,13.0,49.8,1,-1,-1,-1
222,23,569.7,293.9,50.9,116.4,1,-1,-1,-1
222,28,92.9,181.9,28.7,71.6,1,-1,-1,-1
222,29,360.7,159.8,29.1,81.4,1,-1,-1,-1
222,30,737.7,234.6,29.7,89.4,1,-1,-1,-1
223,11,654.1,106.0,46.5,61.4,1,-1,-1,-1
223,23,556.6,291.0,53.1,113.3,1,-1,-1,-1
223,28,84.0,183.3,33.8,69.1,1,-1,-1,-1
223,29,349.7,159.0,32.5,81.8,1,-1,-1,-1
223,30,722.3,232.2,37.6,90.5,1,-1,-1,-1
224,11,653.1,106.7,47.5,59.7,1,-1,-1,-1
224,23,552.4,287.7,46.7,113.8,1,-1,-1,-1
224,28,78.9,183.3,32.5,68.3,1,-1,-1,-1
224,29,338.9,160.3,39.9,80.5,1,-1,-1,-1
224,30,715.9,230.2,36.5,91.6,1,-1,-1,-1
225,11,652.9,112.6,47.2,55.7,1,-1,-1,-1
225,23,553.5,285.2,39.2,115.3,1,-1,-1,-1
225,28,76.7,182.4,28.0,68.8,1,-1,-1,-1
225,29,335.0,161.0,41.4,80.2,1,-1,-1,-1
225,30,712.7,228.3,34.0,88.4,1,-1,-1,-1
226,11,652.2,110.4,44.2,59.4,1,-1,-1,-1
226,23,541.4,283.2,41.9,116.5,1,-1,-1,-1
226,28,66.7,181.3,31.5,68.9,1,-1,-1,-1
226,29,328.0,159.7,31.3,81.4,1,-1,-1,-1
226,30,704.6,225.7,33.3,88.1,1,-1,-1,-1
227,11,652.0,111.9,42.0,57.0,1,-1,-1,-1
227,23,535.6,281.3,41.3,116.2,1,-1,-1,-1
227,28,58.9,180.9,34.6,67.6,1,-1,-1,-1
227,29,321.2,159.0,29.0,81.8,1,-1,-1,-1
227,30,696.5,224.0,33.8,88.7,1,-1,-1,-1
228,11,651.2,110.1,41.3,60.5,1,-1,-1,-1
228,23,524.3,278.7,44.6,112.5,1,-1,-1,-1
228,28,56.2,180.9,30.7,66.5,1,-1,-1,-1
228,29,311.5,158.9,36.0,82.0,1,-1,-1,-1
228,30,692.6,221.6,31.1,85.4,1,-1,-1,-1
229,11,650.2,109.7,41.8,60.2,1,-1,-1,-1
229,23,511.6,276.3,47.7,112.9,1,-1,-1,-1
229,28,54.1,179.6,27.4,66.1,1,-1,-1,-1
229,29,305.2,160.3,40.2,79.9,1,-1,-1,-1
229,30,688.7,218.7,30.3,86.5,1,-1,-1,-1
230,11,647.8,110.5,43.3,61.4,1,-1,-1,-1
230,23,502.0,274.3,48.6,112.3,1,-1,-1,-1
230,28,50.2,178.9,28.5,67.4,1,-1,-1,-1
230,29,299.8,159.0,35.2,81.4,1,-1,-1,-1
230,30,676.3,216.3,35.0,86.9,1,-1,-1,-1
230,31,726.8,289.0,40.1,108.8,1,-1,-1,-1
231,11,645.4,111.7,45.2,60.4,1,-1,-1,-1
231,23,498.9,271.6,45.4,114.9,1,-1,-1,-1
231,28,47.3,179.6,27.5,66.4,1,-1,-1,-1
231,29,292.7,157.4,31.5,82.5,1,-1,-1,-1
231,30,669.8,215.7,34.3,87.0,1,-1,-1,-1
231,31,720.2,287.1,44.9,113.1,1,-1,-1,-1
232,11,643.3,112.1,47.2,60.8,1,-1,-1,-1
232,23,500.5,268.6,39.5,112.9,1,-1,-1,-1
232,28,44.5,179.3,25.7,66.8,1,-1,-1,-1
232,29,284.7,157.5,34.0,82.2,1,-1,-1,-1
232,30,666.6,214.4,34.1,86.3,1,-1,-1,-1
232,31,714.6,285.9,51.3,113.7,1,-1,-1,-1
233,11,642.0,111.4,48.4,63.0,1,-1,-1,-1
233,23,496.9,265.6,36.4,111.6,1,-1,-1,-1
233,28,40.8,178.3,23.8,67.6,1,-1,-1,-1
233,29,277.2,158.6,38.2,81.3,1,-1,-1,-1
233,30,660.0,211.1,31.2,84.7,1,-1,-1,-1
233,31,704.8,283.0,48.3,113.9,1,-1,-1,-1
234,11,641.8,112.4,48.8,62.3,1,-1,-1,-1
234,23,489.4,264.6,37.5,111.2,1,-1,-1,-1
234,28,38.9,177.9,23.9,67.9,1,-1,-1,-1
234,29,274.3,159.1,34.6,79.7,1,-1,-1,-1
234,30,653.3,209.8,31.1,84.2,1,-1,-1,-1
234,31,698.3,281.1,46.7,114.7,1,-1,-1,-1
235,11,641.2,113.7,49.0,61.4,1,-1,-1,-1
235,23,482.2,262.6,40.7,111.1,1,-1,-1,-1
235,28,37.9,177.9,24.7,68.0,1,-1,-1,-1
235,29,271.5,157.7,27.2,80.6,1,-1,-1,-1
235,30,647.0,209.0,31.7,84.1,1,-1,-1,-1
235,31,694.1,280.7,45.5,114.9,1,-1,-1,-1
236,11,641.0,114.1,48.3,63.2,1,-1,-1,-1
236,23,466.8,259.0,45.8,108.2,1,-1,-1,-1
236,28,37.8,178.0,24.9,68.0,1,-1,-1,-1
236,29,259.4,156.3,32.7,81.6,1,-1,-1,-1
236,30,640.3,206.1,29.1,83.3,1,-1,-1,-1
236,31,686.3,277.3,44.5,114.3,1,-1,-1,-1
237,11,640.9,113.4,46.7,63.8,1,-1,-1,-1
237,23,458.0,257.0,45.9,107.4,1,-1,-1,-1
237,28,37.9,177.3,24.3,68.7,1,-1,-1,-1
237,29,252.2,157.2,35.7,80.5,1,-1,-1,-1
237,30,634.0,204.1,29.7,82.4,1,-1,-1,-1
237,31,679.8,274.4,42.7,112.0,1,-1,-1,-1
238,11,641.0,113.7,45.5,63.9,1,-1,-1,-1
238,23,452.9,255.9,46.0,106.4,1,-1,-1,-1
238,28,38.0,177.7,24.8,68.2,1,-1,-1,-1
238,29,250.7,157.2,35.2,80.1,1,-1,-1,-1
238,30,625.2,203.7,33.4,82.1,1,-1,-1,-1
238,31,675.3,272.2,41.5,111.3,1,-1,-1,-1
239,11,641.0,114.0,44.5,63.3,1,-1,-1,-1
239,23,450.0,254.4,43.9,101.9,1,-1,-1,-1
239,28,38.0,179.4,24.9,66.7,1,-1,-1,-1
239,29,247.8,156.4,34.4,79.3,1,-1,-1,-1
239,30,620.7,203.1,33.8,82.7,1,-1,-1,-1
239,31,666.6,271.7,45.4,111.1,1,-1,-1,-1
240,11,641.0,114.0,44.8,63.8,1,-1,-1,-1
240,23,448.8,251.7,40.5,104.1,1,-1,-1,-1
240,28,38.0,178.7,25.0,67.6,1,-1,-1,-1
240,29,241.8,154.6,32.0,80.5,1,-1,-1,-1
240,30,618.0,201.5,33.2,82.2,1,-1,-1,-1
240,31,659.8,271.8,49.3,110.3,1,-1,-1,-1
241,11,641.0,114.7,45.0,64.6,1,-1,-1,-1
241,23,449.4,248.7,35.9,104.7,1,-1,-1,-1
241,28,38.0,178.8,25.0,67.2,1,-1,-1,-1
241,29,235.3,153.2,32.7,81.6,1,-1,-1,-1
241,30,614.0,199.5,30.3,80.7,1,-1,-1,-1
241,31,656.6,270.6,49.8,110.8,1,-1,-1,-1
242,11,638.9,116.4,46.4,64.2,1,-1,-1,-1
242,23,440.8,247.7,37.4,104.2,1,-1,-1,-1
242,28,38.0,178.3,25.0,67.8,1,-1,-1,-1
242,29,229.0,154.9,33.6,79.8,1,-1,-1,-1
242,30,605.6,198.1,29.4,80.9,1,-1,-1,-1
242,31,647.9,267.2,46.4,108.8,1,-1,-1,-1
243,11,636.5,117.1,48.9,64.1,1,-1,-1,-1
243,23,433.2,245.6,39.2,104.1,1,-1,-1,-1
243,28,38.7,177.3,24.3,68.6,1,-1,-1,-1
243,29,227.2,154.6,31.8,79.2,1,-1,-1,-1
243,30,598.1,197.1,31.2,81.0,1,-1,-1,-1
243,31,640.2,264.4,46.1,109.7,1,-1,-1,-1
244,11,635.0,117.2,50.4,64.0,1,-1,-1,-1
244,23,421.2,242.7,44.0,101.9,1,-1,-1,-1
244,28,38.3,176.9,24.8,68.9,1,-1,-1,-1
244,29,226.0,153.4,27.0,78.4,1,-1,-1,-1
244,30,593.9,195.4,28.3,78.2,1,-1,-1,-1
244,31,635.2,263.6,45.3,109.9,1,-1,-1,-1
245,11,634.0,117.1,51.5,64.0,1,-1,-1,-1
245,23,410.6,241.7,48.9,100.6,1,-1,-1,-1
245,28,38.0,176.2,24.9,69.7,1,-1,-1,-1
245,29,223.7,151.5,23.5,79.5,1,-1,-1,-1
245,30,589.7,193.4,27.4,78.8,1,-1,-1,-1
245,31,631.4,263.7,45.8,110.0,1,-1,-1,-1
246,11,633.1,117.7,53.3,64.7,1,-1,-1,-1
246,23,402.0,241.7,49.7,96.7,1,-1,-1,-1
246,28,38.0,176.6,25.0,69.2,1,-1,-1,-1
246,29,215.1,150.8,28.8,79.9,1,-1,-1,-1
246,30,576.6,192.1,33.4,79.6,1,-1,-1,-1
246,31,626.2,260.4,41.7,109.3,1,-1,-1,-1
247,11,632.2,118.0,54.5,64.2,1,-1,-1,-1
247,23,399.1,241.9,46.4,92.0,1,-1,-1,-1
247,28,38.0,177.0,25.0,68.4,1,-1,-1,-1
247,29,211.4,151.5,30.3,78.6,1,-1,-1,-1
247,30,569.7,191.8,35.2,79.2,1,-1,-1,-1
247,31,622.4,257.5,39.1,107.7,1,-1,-1,-1
248,11,631.9,118.1,54.1,64.8,1,-1,-1,-1
248,23,399.9,243.4,40.5,90.6,1,-1,-1,-1
248,28,37.3,177.7,25.7,68.1,1,-1,-1,-1
248,29,208.4,151.3,31.5,77.5,1,-1,-1,-1
248,30,567.3,190.5,33.7,78.4,1,-1,-1,-1
248,31,618.6,255.9,37.6,105.8,1,-1,-1,-1
249,11,631.9,119.4,54.0,64.2,1,-1,-1,-1
249,23,400.8,235.7,33.2,97.2,1,-1,-1,-1
249,28,37.7,178.8,25.2,66.6,1,-1,-1,-1
249,29,204.1,150.3,31.8,77.8,1,-1,-1,-1
249,30,563.8,188.5,29.0,78.8,1,-1,-1,-1
249,31,609.1,255.7,44.9,105.2,1,-1,-1,-1
250,11,632.0,120.1,51.9,65.5,1,-1,-1,-1
250,23,396.9,231.8,33.7,99.2,1,-1,-1,-1
250,28,37.3,178.4,25.8,66.9,1,-1,-1,-1
250,29,199.1,149.2,31.3,78.7,1,-1,-1,-1
250,30,559.8,187.8,26.9,78.9,1,-1,-1,-1
250,31,601.1,255.9,51.3,104.4,1,-1,-1,-1
251,11,632.0,120.1,47.8,66.5,1,-1,-1,-1
251,23,378.8,229.1,45.1,99.0,1,-1,-1,-1
251,28,37.0,178.1,25.9,67.0,1,-1,-1,-1
251,29,193.9,149.6,30.4,78.2,1,-1,-1,-1
251,30,549.5,187.8,31.2,76.9,1,-1,-1,-1
251,31,594.0,253.9,50.4,102.7,1,-1,-1,-1
252,11,632.0,120.1,45.8,66.2,1,-1,-1,-1
252,23,359.7,227.9,54.8,96.2,1,-1,-1,-1
252,28,37.0,178.7,26.0,67.0,1,-1,-1,-1
252,29,191.7,150.6,30.1,76.7,1,-1,-1,-1
252,30,543.1,186.5,28.3,74.9,1,-1,-1,-1
252,31,587.1,251.5,45.2,103.6,1,-1,-1,-1
253,11,632.0,120.7,44.5,66.7,1,-1,-1,-1
253,23,348.9,229.1,59.2,93.3,1,-1,-1,-1
253,28,37.0,178.3,26.0,67.7,1,-1,-1,-1
253,29,190.8,150.4,27.2,75.5,1,-1,-1,-1
253,30,539.1,184.5,26.0,76.4,1,-1,-1,-1
253,31,580.9,250.0,42.3,104.6,1,-1,-1,-1
254,11,631.3,121.0,43.5,66.2,1,-1,-1,-1
254,23,342.8,232.0,59.7,88.2,1,-1,-1,-1
254,28,37.0,177.3,26.0,68.6,1,-1,-1,-1
254,29,188.0,148.0,22.9,76.5,1,-1,-1,-1
254,30,526.4,183.8,32.3,76.1,1,-1,-1,-1
254,31,573.6,249.7,43.5,104.9,1,-1,-1,-1
255,11,630.3,121.1,42.4,67.5,1,-1,-1,-1
255,23,342.5,228.3,56.4,91.6,1,-1,-1,-1
255,28,37.0,176.9,26.0,68.9,1,-1,-1,-1
255,29,184.7,147.6,23.0,76.2,1,-1,-1,-1
255,30,520.4,183.1,33.5,76.7,1,-1,-1,-1
255,31,568.4,248.5,43.8,106.4,1,-1,-1,-1
256,11,628.5,122.4,42.8,67.1,1,-1,-1,-1
256,23,346.3,221.2,47.7,94.0,1,-1,-1,-1
256,28,37.0,178.3,26.0,67.6,1,-1,-1,-1
256,29,180.8,147.1,25.8,76.7,1,-1,-1,-1
256,30,517.6,182.2,32.4,76.2,1,-1,-1,-1
256,31,565.1,246.5,41.2,104.7,1,-1,-1,-1
257,11,626.4,123.1,43.6,67.0,1,-1,-1,-1
257,23,353.0,217.7,37.4,94.7,1,-1,-1,-1
257,28,37.7,177.6,25.3,68.6,1,-1,-1,-1
257,29,177.5,146.9,28.0,76.2,1,-1,-1,-1
257,30,513.9,181.2,27.9,75.4,1,-1,-1,-1
257,31,560.9,245.1,38.2,103.5,1,-1,-1,-1
258,11,623.0,123.1,45.3,67.0,1,-1,-1,-1
258,23,352.1,217.3,35.0,94.2,1,-1,-1,-1
258,28,38.0,177.1,25.1,68.9,1,-1,-1,-1
258,29,170.9,145.6,28.7,75.4,1,-1,-1,-1
258,30,504.9,180.9,28.7,75.1,1,-1,-1,-1
258,31,548.4,244.1,43.7,102.5,1,-1,-1,-1
259,11,621.0,123.8,45.8,67.0,1,-1,-1,-1
259,23,345.6,216.3,37.8,92.7,1,-1,-1,-1
259,28,38.1,178.3,25.0,67.6,1,-1,-1,-1
259,29,165.6,144.2,29.6,75.8,1,-1,-1,-1
259,30,497.8,180.2,31.0,75.0,1,-1,-1,-1
259,31,538.9,244.5,48.8,101.4,1,-1,-1,-1
260,11,619.9,124.0,45.9,67.7,1,-1,-1,-1
260,23,333.6,213.8,42.1,92.2,1,-1,-1,-1
260,28,38.0,177.6,25.0,68.6,1,-1,-1,-1
260,29,162.9,143.8,29.2,75.9,1,-1,-1,-1
260,30,493.9,178.5,28.2,73.6,1,-1,-1,-1
260,31,535.9,244.2,49.6,100.4,1,-1,-1,-1
261,11,618.4,125.5,45.3,65.8,1,-1,-1,-1
261,23,320.6,212.1,45.5,91.4,1,-1,-1,-1
261,28,37.3,177.1,25.7,68.9,1,-1,-1,-1
261,29,161.1,143.9,28.4,75.3,1,-1,-1,-1
261,30,487.0,176.5,26.7,74.6,1,-1,-1,-1
261,31,528.4,242.6,46.4,100.1,1,-1,-1,-1
262,11,616.4,126.8,45.1,66.6,1,-1,-1,-1
262,23,315.8,211.0,43.8,88.3,1,-1,-1,-1
262,28,36.3,176.9,25.9,69.0,1,-1,-1,-1
262,29,160.0,143.3,24.6,74.4,1,-1,-1,-1
262,30,478.1,175.8,30.4,74.9,1,-1,-1,-1
262,31,521.2,241.2,41.2,101.4,1,-1,-1,-1
263,11,615.1,127.2,43.6,67.6,1,-1,-1,-1
263,23,317.1,206.6,34.8,90.9,1,-1,-1,-1
263,28,35.2,176.9,26.7,69.0,1,-1,-1,-1
263,29,154.9,142.3,24.9,74.1,1,-1,-1,-1
263,30,470.9,175.1,31.5,73.6,1,-1,-1,-1
263,31,513.5,240.8,41.8,101.1,1,-1,-1,-1
264,11,614.8,127.1,42.5,68.6,1,-1,-1,-1
264,23,306.8,193.5,41.2,102.2,1,-1,-1,-1
264,28,34.9,177.0,26.9,68.3,1,-1,-1,-1
264,29,151.3,141.9,26.4,74.7,1,-1,-1,-1
264,30,466.2,173.5,27.7,73.2,1,-1,-1,-1
264,31,508.3,240.9,44.0,101.0,1,-1,-1,-1
265,11,613.5,127.0,42.8,68.2,1,-1,-1,-1
265,23,301.6,188.1,41.1,104.9,1,-1,-1,-1
265,28,34.2,176.3,27.7,66.0,1,-1,-1,-1
265,29,147.6,142.6,28.9,73.5,1,-1,-1,-1
265,30,462.4,172.9,25.8,73.1,1,-1,-1,-1
265,31,503.7,239.6,44.7,102.4,1,-1,-1,-1
266,11,610.8,127.7,45.8,68.1,1,-1,-1,-1
266,23,301.7,187.7,38.2,105.7,1,-1,-1,-1
266,28,33.9,176.0,27.9,63.9,1,-1,-1,-1
266,29,144.4,143.0,30.4,71.8,1,-1,-1,-1
266,30,457.3,173.5,27.3,72.3,1,-1,-1,-1
266,31,498.2,238.2,41.4,100.0,1,-1,-1,-1
267,11,607.7,129.4,48.7,68.0,1,-1,-1,-1
267,23,292.1,188.5,41.6,101.7,1,-1,-1,-1
267,28,33.2,175.9,28.7,65.4,1,-1,-1,-1
267,29,140.1,141.7,27.3,72.6,1,-1,-1,-1
267,30,449.2,173.3,27.1,69.3,1,-1,-1,-1
267,31,490.1,237.1,36.9,100.0,1,-1,-1,-1
268,11,605.3,130.1,51.0,68.0,1,-1,-1,-1
268,23,285.5,189.0,43.3,100.5,1,-1,-1,-1
268,28,32.9,176.0,28.9,67.9,1,-1,-1,-1
268,29,135.8,141.0,26.4,72.9,1,-1,-1,-1
268,30,443.4,170.9,24.9,70.5,1,-1,-1,-1
268,31,478.1,236.8,44.7,99.3,1,-1,-1,-1
269,11,602.5,130.9,53.8,67.3,1,-1,-1,-1
269,23,281.9,189.1,45.2,99.5,1,-1,-1,-1
269,28,32.9,176.0,26.2,68.0,1,-1,-1,-1
269,29,133.8,141.6,26.8,72.3,1,-1,-1,-1
269,30,439.3,169.9,24.3,71.5,1,-1,-1,-1
269,31,472.4,237.6,47.7,98.4,1,-1,-1,-1
270,11,599.6,131.1,56.7,68.5,1,-1,-1,-1
270,23,282.0,189.7,38.1,95.6,1,-1,-1,-1
270,28,32.3,176.0,24.7,68.0,1,-1,-1,-1
270,29,130.8,141.3,28.3,71.4,1,-1,-1,-1
270,30,432.8,169.8,26.9,71.9,1,-1,-1,-1
270,31,465.5,236.6,46.5,98.1,1,-1,-1,-1
271,11,598.0,131.1,58.3,69.5,1,-1,-1,-1
271,23,279.9,190.0,36.6,92.4,1,-1,-1,-1
271,28,32.0,176.0,23.5,68.7,1,-1,-1,-1
271,29,129.0,141.0,26.7,70.4,1,-1,-1,-1
271,30,429.0,169.9,21.4,47.5,1,-1,-1,-1
271,31,458.3,235.3,41.3,98.7,1,-1,-1,-1
272,11,597.7,131.7,58.8,68.5,1,-1,-1,-1
272,23,278.2,190.1,35.5,90.7,1,-1,-1,-1
272,28,30.5,176.7,23.8,68.2,1,-1,-1,-1
272,29,127.3,140.3,24.1,70.8,1,-1,-1,-1
272,30,421.3,174.9,23.2,33.8,1,-1,-1,-1
272,31,451.2,234.2,41.8,99.6,1,-1,-1,-1
273,11,597.2,132.7,58.9,68.8,1,-1,-1,-1
273,23,279.2,192.1,32.3,88.1,1,-1,-1,-1
273,28,29.2,178.4,24.7,66.7,1,-1,-1,-1
273,29,125.4,139.9,21.9,72.3,1,-1,-1,-1
273,30,415.6,172.3,23.8,34.0,1,-1,-1,-1
273,31,446.3,233.8,42.6,99.9,1,-1,-1,-1
274,11,596.3,133.1,58.3,69.7,1,-1,-1,-1
274,23,272.9,191.0,36.3,86.6,1,-1,-1,-1
274,28,25.3,179.1,27.7,65.5,1,-1,-1,-1
274,29,123.4,140.6,22.0,71.4,1,-1,-1,-1
274,30,406.4,173.8,23.9,52.2,1,-1,-1,-1
274,31,441.7,232.5,42.9,100.7,1,-1,-1,-1
275,11,596.6,133.8,56.7,70.6,1,-1,-1,-1
275,23,267.0,189.4,38.9,84.1,1,-1,-1,-1
275,28,22.3,178.5,28.6,65.8,1,-1,-1,-1
275,29,122.1,141.0,22.0,71.8,1,-1,-1,-1
275,30,401.7,172.8,21.2,59.1,1,-1,-1,-1
275,31,439.0,231.2,38.1,98.8,1,-1,-1,-1
276,11,596.9,134.1,55.5,71.6,1,-1,-1,-1
276,23,263.2,187.4,39.7,83.3,1,-1,-1,-1
276,28,19.5,178.0,29.6,66.7,1,-1,-1,-1
276,29,119.7,141.8,20.6,71.2,1,-1,-1,-1
276,30,394.8,167.2,21.1,66.7,1,-1,-1,-1
276,31,432.9,229.4,35.9,97.5,1,-1,-1,-1
277,11,597.0,135.5,54.5,70.5,1,-1,-1,-1
277,23,265.2,186.1,36.4,83.1,1,-1,-1,-1
277,28,17.9,177.9,29.2,66.9,1,-1,-1,-1
277,29,118.1,142.8,20.9,70.4,1,-1,-1,-1
277,30,387.4,165.4,25.2,68.3,1,-1,-1,-1
277,31,424.9,230.2,40.2,95.8,1,-1,-1,-1
278,11,597.0,136.1,54.1,70.8,1,-1,-1,-1
278,23,266.8,184.4,34.7,85.1,1,-1,-1,-1
278,28,14.9,178.7,30.5,65.6,1,-1,-1,-1
278,29,117.0,143.1,21.7,71.5,1,-1,-1,-1
278,30,381.6,164.8,27.9,69.5,1,-1,-1,-1
278,31,420.1,242.1,42.9,84.0,1,-1,-1,-1
279,11,596.3,136.8,55.4,71.7,1,-1,-1,-1
279,23,266.5,182.4,32.8,82.2,1,-1,-1,-1
279,28,10.2,177.6,30.1,65.9,1,-1,-1,-1
279,29,115.4,144.5,24.7,71.2,1,-1,-1,-1
279,30,372.5,163.4,24.5,53.7,1,-1,-1,-1
279,31,414.3,246.9,44.4,78.4,1,-1,-1,-1
280,11,596.0,137.8,56.5,70.5,1,-1,-1,-1
280,23,264.7,181.1,32.9,82.1,1,-1,-1,-1
280,28,2.3,176.3,33.5,66.7,1,-1,-1,-1
280,29,114.1,144.4,27.0,71.7,1,-1,-1,-1
280,30,363.5,162.9,25.5,62.3,1,-1,-1,-1
280,31,408.2,246.4,42.7,77.4,1,-1,-1,-1
281,11,595.9,138.1,57.6,70.8,1,-1,-1,-1
281,23,263.9,180.8,31.6,82.0,1,-1,-1,-1
281,28,-0.7,175.2,29.7,67.6,1,-1,-1,-1
281,29,113.8,144.1,27.7,71.9,1,-1,-1,-1
281,30,351.8,163.6,33.6,64.2,1,-1,-1,-1
281,31,403.5,243.3,33.1,79.2,1,-1,-1,-1
282,11,595.3,138.1,58.6,71.0,1,-1,-1,-1
282,23,254.0,179.5,39.6,82.0,1,-1,-1,-1
282,28,-0.8,174.8,27.8,67.2,1,-1,-1,-1
282,29,115.3,144.0,26.5,72.0,1,-1,-1,-1
282,30,346.4,164.0,37.4,65.5,1,-1,-1,-1
282,31,399.5,241.1,33.0,80.5,1,-1,-1,-1
283,11,595.0,139.4,57.5,70.3,1,-1,-1,-1
283,23,252.3,178.2,38.5,79.9,1,-1,-1,-1
283,28,-0.3,174.2,24.4,66.4,1,-1,-1,-1
283,29,118.1,144.7,29.0,72.7,1,-1,-1,-1
283,30,336.7,162.0,38.5,67.9,1,-1,-1,-1
283,31,394.2,229.5,37.2,91.3,1,-1,-1,-1
284,11,594.2,140.8,57.1,70.1,1,-1,-1,-1
284,23,252.5,177.1,38.1,80.0,1,-1,-1,-1
284,28,0.0,173.2,22.0,63.3,1,-1,-1,-1
284,29,121.3,145.7,27.6,73.6,1,-1,-1,-1
284,30,333.1,161.6,37.5,68.0,1,-1,-1,-1
284,31,389.7,222.9,37.8,94.6,1,-1,-1,-1
285,11,593.9,141.9,56.3,72.1,1,-1,-1,-1
285,23,252.8,176.2,38.0,80.0,1,-1,-1,-1
285,28,0.1,172.2,19.9,65.9,1,-1,-1,-1
285,29,124.5,146.1,25.8,73.2,1,-1,-1,-1
285,30,332.4,161.8,33.6,68.0,1,-1,-1,-1
285,31,385.6,221.1,34.4,94.2,1,-1,-1,-1
286,11,593.9,143.6,54.7,72.0,1,-1,-1,-1
286,23,250.9,174.5,39.4,80.0,1,-1,-1,-1
286,28,0.0,171.9,16.5,65.3,1,-1,-1,-1
286,29,128.2,146.1,27.3,75.2,1,-1,-1,-1
286,30,322.9,160.6,35.3,68.0,1,-1,-1,-1
286,31,378.9,223.5,35.5,90.6,1,-1,-1,-1
287,11,594.0,143.5,53.5,72.7,1,-1,-1,-1
287,23,249.9,173.1,39.1,79.3,1,-1,-1,-1
287,28,0.0,176.8,14.7,58.1,1,-1,-1,-1
287,29,131.5,147.4,27.8,75.0,1,-1,-1,-1
287,30,318.5,160.0,37.2,68.0,1,-1,-1,-1
287,31,371.5,226.3,40.1,88.1,1,-1,-1,-1
288,11,594.0,143.8,52.5,72.9,1,-1,-1,-1
288,23,249.8,172.1,39.0,78.4,1,-1,-1,-1
288,29,134.5,149.5,27.2,74.3,1,-1,-1,-1
288,30,318.1,159.9,39.9,68.0,1,-1,-1,-1
288,31,368.4,228.0,41.4,85.9,1,-1,-1,-1
289,11,593.3,145.4,52.1,73.7,1,-1,-1,-1
289,23,249.9,171.1,38.3,78.8,1,-1,-1,-1
289,29,138.9,149.5,25.7,75.5,1,-1,-1,-1
289,30,312.3,159.9,34.4,65.9,1,-1,-1,-1
289,31,360.6,221.3,41.1,90.9,1,-1,-1,-1
290,11,591.6,146.8,52.7,73.9,1,-1,-1,-1
290,23,250.7,170.9,38.1,78.9,1,-1,-1,-1
290,29,141.8,148.5,25.2,76.5,1,-1,-1,-1
290,30,306.9,158.6,28.5,67.4,1,-1,-1,-1
290,31,354.6,217.1,36.8,93.1,1,-1,-1,-1
291,11,590.2,147.9,52.9,74.0,1,-1,-1,-1
291,23,250.3,170.2,39.4,78.3,1,-1,-1,-1
291,29,143.9,148.0,29.3,77.6,1,-1,-1,-1
291,30,302.5,157.9,25.4,67.8,1,-1,-1,-1
291,31,350.3,214.2,37.0,95.8,1,-1,-1,-1
292,11,587.0,147.5,56.5,74.7,1,-1,-1,-1
292,23,250.0,162.2,62.2,83.0,1,-1,-1,-1
292,29,148.5,150.7,28.4,77.2,1,-1,-1,-1
292,31,347.2,198.1,36.3,111.3,1,-1,-1,-1
293,11,584.4,147.8,58.9,75.6,1,-1,-1,-1
293,23,250.7,157.9,66.3,85.1,1,-1,-1,-1
293,29,152.5,152.1,26.7,77.1,1,-1,-1,-1
293,31,345.1,191.1,35.4,116.0,1,-1,-1,-1
294,11,583.6,149.4,59.7,74.5,1,-1,-1,-1
294,23,259.4,156.5,52.8,86.4,1,-1,-1,-1
294,29,154.9,152.3,28.3,77.0,1,-1,-1,-1
294,31,343.3,190.4,33.0,114.6,1,-1,-1,-1
295,11,583.1,151.5,57.8,74.8,1,-1,-1,-1
295,23,269.0,157.3,37.5,84.7,1,-1,-1,-1
295,29,160.3,153.5,29.5,77.7,1,-1,-1,-1
295,31,337.1,191.4,33.7,112.1,1,-1,-1,-1
296,11,582.2,152.2,57.2,76.4,1,-1,-1,-1
296,23,272.1,157.9,35.8,81.4,1,-1,-1,-1
296,29,163.8,155.5,29.8,76.5,1,-1,-1,-1
296,31,332.5,192.0,35.3,111.3,1,-1,-1,-1
297,11,581.9,152.2,57.1,76.8,1,-1,-1,-1
297,23,266.3,157.4,43.6,81.1,1,-1,-1,-1
297,29,168.8,156.2,27.2,77.6,1,-1,-1,-1
297,31,329.2,204.0,37.2,98.5,1,-1,-1,-1
298,11,581.2,152.8,57.7,76.2,1,-1,-1,-1
298,23,254.6,156.3,56.5,81.0,1,-1,-1,-1
298,29,173.3,156.2,24.9,77.9,1,-1,-1,-1
298,31,326.4,211.7,39.2,92.5,1,-1,-1,-1
299,11,580.9,154.4,57.9,75.4,1,-1,-1,-1
299,23,254.3,156.6,58.2,79.6,1,-1,-1,-1
299,29,176.7,155.4,24.3,78.7,1,-1,-1,-1
299,31,322.8,212.6,40.4,89.4,1,-1,-1,-1
300,11,580.2,157.2,61.5,76.5,1,-1,-1,-1
300,23,249.8,157.6,38.5,69.4,1,-1,-1,-1
300,29,182.4,156.4,31.1,77.5,1,-1,-1,-1
300,31,300.6,175.3,51.3,124.1,1,-1,-1,-1
301,11,579.2,158.3,64.6,77.6,1,-1,-1,-1
301,23,242.9,158.1,30.4,65.6,1,-1,-1,-1
301,29,185.2,157.7,33.1,77.8,1,-1,-1,-1
301,31,294.3,156.8,49.0,135.2,1,-1,-1,-1
302,11,578.9,159.0,66.3,77.9,1,-1,-1,-1
302,23,238.3,158.1,23.1,65.2,1,-1,-1,-1
302,29,188.4,157.4,30.9,78.7,1,-1,-1,-1
302,31,299.2,153.6,42.7,139.3,1,-1,-1,-1
303,11,578.2,159.1,68.2,78.0,1,-1,-1,-1
303,29,195.0,156.4,51.3,79.6,1,-1,-1,-1
303,31,304.8,155.3,37.3,140.5,1,-1,-1,-1
304,11,579.3,160.5,66.7,77.3,1,-1,-1,-1
304,29,203.1,157.3,48.3,81.3,1,-1,-1,-1
304,31,301.7,156.1,40.6,137.3,1,-1,-1,-1
305,11,580.7,162.5,65.5,77.1,1,-1,-1,-1
305,29,208.0,159.4,38.3,80.4,1,-1,-1,-1
305,31,296.5,155.5,47.2,136.4,1,-1,-1,-1
306,11,583.2,164.6,61.6,79.1,1,-1,-1,-1
306,29,210.3,160.2,35.3,80.8,1,-1,-1,-1
306,31,289.7,188.6,40.8,101.8,1,-1,-1,-1
307,11,584.2,164.6,60.5,80.4,1,-1,-1,-1
307,29,206.3,159.5,42.1,81.6,1,-1,-1,-1
307,31,285.9,204.4,40.2,91.4,1,-1,-1,-1
308,11,584.2,164.9,59.4,80.1,1,-1,-1,-1
308,29,201.9,159.7,53.9,81.2,1,-1,-1,-1
308,31,284.6,205.6,39.4,88.3,1,-1,-1,-1
308,32,331.5,152.6,31.1,71.5,1,-1,-1,-1
309,11,584.8,165.7,58.4,81.4,1,-1,-1,-1
309,23,226.0,160.2,34.2,75.6,1,-1,-1,-1
309,29,198.4,162.1,31.6,68.5,1,-1,-1,-1
309,31,281.8,203.4,39.8,86.0,1,-1,-1,-1
309,32,339.4,151.2,28.9,72.5,1,-1,-1,-1
310,11,585.7,168.2,57.4,79.7,1,-1,-1,-1
310,23,233.7,161.1,57.2,110.9,1,-1,-1,-1
310,29,191.9,163.8,28.4,67.4,1,-1,-1,-1
310,32,351.0,150.8,32.5,72.2,1,-1,-1,-1
311,11,585.4,169.2,58.5,82.7,1,-1,-1,-1
311,23,243.0,160.5,55.7,122.2,1,-1,-1,-1
311,29,187.3,165.0,28.1,67.8,1,-1,-1,-1
311,32,353.0,150.9,37.0,71.3,1,-1,-1,-1
312,11,585.1,169.9,61.0,82.2,1,-1,-1,-1
312,23,249.5,160.0,51.0,125.5,1,-1,-1,-1
312,29,184.9,165.9,27.3,67.9,1,-1,-1,-1
312,32,360.4,151.0,32.1,69.7,1,-1,-1,-1
313,11,585.7,170.8,62.4,82.1,1,-1,-1,-1
313,23,256.6,162.7,40.5,122.4,1,-1,-1,-1
313,29,181.7,166.1,27.8,68.0,1,-1,-1,-1
313,32,376.1,148.9,23.6,70.6,1,-1,-1,-1
314,11,586.0,171.8,62.1,83.4,1,-1,-1,-1
314,23,260.2,164.1,35.9,119.3,1,-1,-1,-1
314,29,180.7,166.8,27.2,67.3,1,-1,-1,-1
314,32,384.4,148.6,23.9,70.2,1,-1,-1,-1
315,11,587.5,173.5,61.3,83.1,1,-1,-1,-1
315,23,259.3,164.3,36.7,117.7,1,-1,-1,-1
315,29,180.7,167.7,27.8,68.5,1,-1,-1,-1
315,32,386.3,148.8,28.2,69.4,1,-1,-1,-1
316,11,589.5,174.9,60.4,85.1,1,-1,-1,-1
316,23,256.2,163.4,45.3,116.5,1,-1,-1,-1
316,29,183.0,168.8,27.9,68.8,1,-1,-1,-1
316,32,396.3,149.0,26.0,65.6,1,-1,-1,-1
317,11,589.5,175.9,61.5,85.0,1,-1,-1,-1
317,23,253.4,163.7,57.7,115.5,1,-1,-1,-1
317,29,184.8,169.8,28.7,68.3,1,-1,-1,-1
317,32,402.0,148.3,25.3,58.9,1,-1,-1,-1
318,11,589.2,176.9,62.6,84.3,1,-1,-1,-1
318,23,251.2,164.6,65.6,114.4,1,-1,-1,-1
318,29,187.4,170.8,27.5,68.8,1,-1,-1,-1
318,32,405.8,148.0,33.5,56.2,1,-1,-1,-1
319,11,589.7,177.8,62.9,85.5,1,-1,-1,-1
319,23,250.7,165.1,68.0,114.1,1,-1,-1,-1
319,29,190.4,171.8,26.5,68.9,1,-1,-1,-1
319,32,411.5,155.6,33.1,45.5,1,-1,-1,-1
320,11,592.1,180.2,62.3,85.1,1,-1,-1,-1
320,23,253.6,184.7,40.0,95.1,1,-1,-1,-1
320,29,195.5,172.8,26.1,67.6,1,-1,-1,-1
320,32,424.8,151.6,23.2,53.6,1,-1,-1,-1
321,11,593.8,181.9,62.1,86.4,1,-1,-1,-1
321,23,256.5,194.6,28.8,89.4,1,-1,-1,-1
321,29,201.0,173.1,24.6,67.9,1,-1,-1,-1
321,32,431.4,148.4,23.1,56.0,1,-1,-1,-1
322,11,596.4,183.0,62.0,86.1,1,-1,-1,-1
322,23,257.4,196.0,26.1,87.7,1,-1,-1,-1
322,29,205.4,172.4,24.9,69.4,1,-1,-1,-1
322,32,435.1,146.2,23.0,63.7,1,-1,-1,-1
322,33,304.6,165.7,34.4,86.1,1,-1,-1,-1
323,11,598.0,183.2,62.7,86.0,1,-1,-1,-1
323,23,258.7,195.6,28.1,86.5,1,-1,-1,-1
323,29,209.4,172.0,27.1,69.1,1,-1,-1,-1
323,32,438.5,147.0,27.2,64.6,1,-1,-1,-1
323,33,307.8,167.5,35.5,85.3,1,-1,-1,-1
324,11,599.7,184.5,62.2,86.0,1,-1,-1,-1
324,23,261.2,195.8,25.9,85.5,1,-1,-1,-1
324,29,214.0,173.3,31.2,68.3,1,-1,-1,-1
324,32,443.0,147.2,26.4,67.0,1,-1,-1,-1
324,33,316.9,168.2,27.5,85.1,1,-1,-1,-1
325,11,601.6,186.5,60.7,85.3,1,-1,-1,-1
325,23,263.6,196.7,25.3,84.4,1,-1,-1,-1
325,29,219.0,173.3,29.0,69.5,1,-1,-1,-1
325,32,450.1,146.4,24.7,67.7,1,-1,-1,-1
325,33,324.9,167.5,25.7,85.7,1,-1,-1,-1
326,11,603.6,188.6,59.5,85.8,1,-1,-1,-1
326,23,265.0,197.8,30.7,83.4,1,-1,-1,-1
326,29,224.8,172.4,27.6,70.5,1,-1,-1,-1
326,32,454.8,146.0,27.7,67.9,1,-1,-1,-1
326,33,329.9,167.0,28.7,85.9,1,-1,-1,-1
327,11,606.3,191.3,58.4,85.9,1,-1,-1,-1
327,23,243.6,181.3,60.3,99.9,1,-1,-1,-1
327,32,460.0,146.6,29.3,67.3,1,-1,-1,-1
327,33,332.3,169.0,37.3,85.3,1,-1,-1,-1
328,11,608.0,191.6,58.1,86.7,1,-1,-1,-1
328,23,236.0,173.4,65.7,104.9,1,-1,-1,-1
328,32,464.4,147.0,29.1,67.8,1,-1,-1,-1
328,33,334.6,169.3,37.8,85.8,1,-1,-1,-1
329,11,609.0,191.9,58.0,86.9,1,-1,-1,-1
329,23,238.8,172.4,68.0,106.4,1,-1,-1,-1
329,32,468.4,147.1,28.3,67.9,1,-1,-1,-1
329,33,341.6,169.2,34.4,85.9,1,-1,-1,-1
330,11,610.6,194.1,59.4,88.4,1,-1,-1,-1
330,23,249.9,173.3,68.0,108.9,1,-1,-1,-1
330,32,473.0,147.0,28.8,68.7,1,-1,-1,-1
330,33,352.9,169.7,28.5,88.1,1,-1,-1,-1
331,11,611.9,195.8,61.2,86.7,1,-1,-1,-1
331,23,257.5,173.9,67.3,111.8,1,-1,-1,-1
331,32,475.9,147.7,29.6,68.9,1,-1,-1,-1
331,33,360.5,170.7,31.0,87.3,1,-1,-1,-1
332,11,613.6,196.9,63.2,89.0,1,-1,-1,-1
332,23,262.0,174.8,64.3,111.9,1,-1,-1,-1
332,32,478.6,149.4,29.9,67.6,1,-1,-1,-1
332,33,362.9,172.5,33.8,86.4,1,-1,-1,-1
333,11,616.3,198.6,64.5,89.0,1,-1,-1,-1
333,23,268.4,174.4,62.0,113.4,1,-1,-1,-1
333,32,480.8,150.1,32.1,67.9,1,-1,-1,-1
333,33,371.1,201.2,26.9,58.1,1,-1,-1,-1
334,11,618.0,199.2,64.8,89.0,1,-1,-1,-1
334,23,274.8,174.1,62.0,113.8,1,-1,-1,-1
334,32,481.3,150.9,33.4,69.4,1,-1,-1,-1
334,33,380.9,185.7,23.5,78.3,1,-1,-1,-1
335,11,619.0,200.6,64.3,89.0,1,-1,-1,-1
335,23,279.6,174.7,58.5,113.2,1,-1,-1,-1
335,32,482.6,151.8,31.7,70.5,1,-1,-1,-1
335,33,386.2,173.6,26.6,85.1,1,-1,-1,-1
336,11,622.0,201.8,63.4,91.8,1,-1,-1,-1
336,23,285.6,176.4,60.9,115.9,1,-1,-1,-1
336,32,483.8,154.2,29.1,70.2,1,-1,-1,-1
336,33,387.7,172.4,35.3,87.1,1,-1,-1,-1
337,11,625.3,202.9,63.1,94.0,1,-1,-1,-1
337,23,290.4,177.1,62.4,116.0,1,-1,-1,-1
337,32,483.5,155.2,27.6,70.0,1,-1,-1,-1
337,33,391.0,174.0,33.7,87.7,1,-1,-1,-1
338,11,627.8,203.1,63.7,94.7,1,-1,-1,-1
338,23,296.6,176.5,60.0,116.7,1,-1,-1,-1
338,32,481.7,155.2,27.9,70.7,1,-1,-1,-1
338,33,397.2,174.2,29.7,88.6,1,-1,-1,-1
339,11,631.9,204.5,61.1,94.9,1,-1,-1,-1
339,23,304.3,176.7,56.5,119.0,1,-1,-1,-1
339,32,478.1,157.2,32.2,72.3,1,-1,-1,-1
340,11,634.1,206.5,64.5,95.0,1,-1,-1,-1
340,23,309.6,177.7,54.8,120.4,1,-1,-1,-1
340,32,475.3,159.5,34.2,72.8,1,-1,-1,-1
341,11,636.5,207.9,60.7,94.3,1,-1,-1,-1
341,23,311.5,177.4,55.6,124.3,1,-1,-1,-1
341,32,473.9,160.3,32.6,73.6,1,-1,-1,-1
342,11,640.8,208.9,61.6,97.6,1,-1,-1,-1
342,23,322.7,177.1,54.5,124.8,1,-1,-1,-1
342,32,470.9,160.9,25.2,73.9,1,-1,-1,-1
342,33,425.1,177.1,25.0,89.6,1,-1,-1,-1
343,11,643.8,209.9,63.3,97.9,1,-1,-1,-1
343,23,331.1,177.0,49.2,124.9,1,-1,-1,-1
343,33,435.7,167.6,46.0,101.1,1,-1,-1,-1
344,11,645.2,210.1,64.5,98.0,1,-1,-1,-1
344,23,334.6,177.7,51.2,126.4,1,-1,-1,-1
344,33,439.9,163.5,50.2,103.8,1,-1,-1,-1
345,11,647.4,212.2,62.0,97.3,1,-1,-1,-1
345,23,341.8,177.3,48.3,130.3,1,-1,-1,-1
345,33,440.7,163.1,44.5,107.4,1,-1,-1,-1
346,11,649.6,215.9,61.3,95.0,1,-1,-1,-1
346,23,350.9,177.0,43.2,131.5,1,-1,-1,-1
346,33,443.2,164.3,39.9,107.8,1,-1,-1,-1
347,11,652.4,218.7,60.4,94.3,1,-1,-1,-1
347,23,357.5,177.0,41.7,131.8,1,-1,-1,-1
347,33,442.8,165.0,43.5,108.0,1,-1,-1,-1
348,11,654.7,219.4,60.1,95.5,1,-1,-1,-1
348,23,360.4,177.7,42.6,134.1,1,-1,-1,-1
348,33,440.8,166.5,50.8,106.6,1,-1,-1,-1
349,11,656.7,219.3,60.7,96.5,1,-1,-1,-1
349,23,362.1,178.0,43.6,137.5,1,-1,-1,-1
349,33,437.8,167.1,59.4,109.0,1,-1,-1,-1
350,11,660.8,219.1,60.2,96.9,1,-1,-1,-1
350,23,366.5,177.4,42.5,140.7,1,-1,-1,-1
350,33,433.2,167.1,36.0,81.0,1,-1,-1,-1
351,11,669.3,220.4,57.3,98.4,1,-1,-1,-1
351,23,379.5,177.0,37.9,141.6,1,-1,-1,-1
352,11,674.1,222.4,57.8,98.1,1,-1,-1,-1
352,23,379.3,177.6,43.6,141.2,1,-1,-1,-1
352,36,476.7,186.1,33.7,92.3,1,-1,-1,-1
353,11,677.0,224.6,58.6,100.1,1,-1,-1,-1
353,23,388.2,172.4,41.1,150.2,1,-1,-1,-1
353,36,490.6,187.0,28.3,91.4,1,-1,-1,-1
354,11,678.2,225.3,61.7,102.1,1,-1,-1,-1
354,23,395.9,169.8,36.8,153.5,1,-1,-1,-1
354,36,496.1,187.8,36.5,91.8,1,-1,-1,-1
355,11,681.1,225.9,61.2,102.0,1,-1,-1,-1
355,23,400.1,219.9,40.4,104.2,1,-1,-1,-1
355,36,497.0,188.8,41.7,92.6,1,-1,-1,-1
356,11,683.6,227.5,60.4,100.6,1,-1,-1,-1
356,23,398.7,193.5,47.1,139.7,1,-1,-1,-1
356,36,498.6,189.1,41.2,93.6,1,-1,-1,-1
357,11,687.1,230.2,59.4,100.9,1,-1,-1,-1
357,23,391.7,175.6,59.6,153.9,1,-1,-1,-1
357,36,511.8,188.4,37.6,94.6,1,-1,-1,-1
358,11,689.8,231.9,59.8,101.7,1,-1,-1,-1
358,36,521.2,188.7,37.2,96.3,1,-1,-1,-1
359,11,691.1,233.7,61.3,104.0,1,-1,-1,-1
359,36,526.2,189.7,37.1,96.8,1,-1,-1,-1
359,37,380.7,174.4,26.4,69.6,1,-1,-1,-1
360,11,692.7,234.2,63.9,104.0,1,-1,-1,-1
360,36,527.0,191.5,39.8,95.5,1,-1,-1,-1
360,37,375.1,174.9,28.2,69.2,1,-1,-1,-1
361,11,695.3,234.9,65.4,104.0,1,-1,-1,-1
361,36,528.5,192.9,39.9,95.2,1,-1,-1,-1
361,37,369.2,175.7,33.7,69.1,1,-1,-1,-1
362,11,699.7,237.2,66.5,104.7,1,-1,-1,-1
362,36,541.7,193.2,30.9,95.0,1,-1,-1,-1
362,37,363.1,174.0,33.9,70.4,1,-1,-1,-1
362,39,438.3,177.4,41.1,155.0,1,-1,-1,-1
363,11,702.8,240.3,65.5,103.5,1,-1,-1,-1
363,36,552.6,193.1,27.5,95.0,1,-1,-1,-1
363,37,359.9,173.0,31.2,70.8,1,-1,-1,-1
363,39,441.0,173.9,45.2,162.0,1,-1,-1,-1
364,11,704.2,242.0,64.4,102.5,1,-1,-1,-1
364,36,555.5,193.7,36.2,95.7,1,-1,-1,-1
364,37,357.3,172.1,30.4,70.2,1,-1,-1,-1
364,39,442.9,176.1,46.5,164.1,1,-1,-1,-1
365,11,706.4,245.1,62.0,104.9,1,-1,-1,-1
365,36,556.4,195.4,41.7,96.6,1,-1,-1,-1
365,37,351.7,172.6,33.6,69.4,1,-1,-1,-1
365,39,457.3,176.4,41.9,166.8,1,-1,-1,-1
366,11,712.1,247.0,56.4,105.0,1,-1,-1,-1
366,36,560.5,196.1,39.8,96.9,1,-1,-1,-1
366,37,344.7,172.9,41.6,69.8,1,-1,-1,-1
366,39,466.6,175.5,42.0,172.5,1,-1,-1,-1
367,11,719.3,248.0,49.8,104.3,1,-1,-1,-1
367,36,569.3,196.2,38.5,97.0,1,-1,-1,-1
367,37,338.8,171.6,45.4,71.3,1,-1,-1,-1
367,39,470.6,174.3,43.4,175.0,1,-1,-1,-1
368,11,726.0,248.9,43.6,103.4,1,-1,-1,-1
368,36,577.6,196.8,39.6,97.7,1,-1,-1,-1
368,37,333.0,172.4,47.9,71.1,1,-1,-1,-1
368,39,473.0,173.9,44.5,175.0,1,-1,-1,-1
369,11,725.8,251.9,43.9,103.1,1,-1,-1,-1
369,36,584.3,199.1,40.6,97.2,1,-1,-1,-1
369,37,325.0,172.9,49.4,71.0,1,-1,-1,-1
369,39,477.6,173.2,46.3,175.7,1,-1,-1,-1
370,11,727.3,254.6,41.2,103.7,1,-1,-1,-1
370,36,586.7,200.8,43.7,97.8,1,-1,-1,-1
370,37,320.1,172.4,49.1,71.7,1,-1,-1,-1
370,39,482.2,172.2,46.8,176.6,1,-1,-1,-1
371,11,731.6,256.1,36.9,103.9,1,-1,-1,-1
371,36,589.4,202.0,41.8,97.2,1,-1,-1,-1
371,37,317.7,173.4,49.7,70.5,1,-1,-1,-1
371,39,487.1,171.2,48.3,180.4,1,-1,-1,-1
372,11,735.4,258.4,33.5,101.9,1,-1,-1,-1
372,36,596.6,201.5,35.6,97.8,1,-1,-1,-1
372,37,315.4,174.7,50.6,68.8,1,-1,-1,-1
372,39,497.0,229.7,49.5,124.1,1,-1,-1,-1
373,11,743.5,264.8,25.4,95.7,1,-1,-1,-1
373,36,608.6,201.1,28.2,97.9,1,-1,-1,-1
373,37,313.3,174.4,50.2,70.3,1,-1,-1,-1
373,39,501.5,258.1,51.2,107.9,1,-1,-1,-1
374,11,747.4,274.5,22.3,60.9,1,-1,-1,-1
374,36,615.9,202.3,36.5,98.7,1,-1,-1,-1
374,37,311.3,174.8,41.7,70.8,1,-1,-1,-1
374,39,509.7,261.8,51.1,103.8,1,-1,-1,-1
374,40,500.7,169.1,30.2,72.2,1,-1,-1,-1
375,11,750.6,283.5,18.6,39.3,1,-1,-1,-1
375,36,617.3,205.1,42.4,98.2,1,-1,-1,-1
375,37,308.6,174.3,35.6,71.6,1,-1,-1,-1
375,39,521.8,258.5,46.8,102.5,1,-1,-1,-1
375,40,506.2,170.0,27.3,70.6,1,-1,-1,-1
376,36,618.1,206.2,43.5,98.8,1,-1,-1,-1
376,37,306.3,174.0,31.7,73.3,1,-1,-1,-1
376,39,529.7,256.9,45.5,105.7,1,-1,-1,-1
376,40,509.9,168.0,26.4,71.6,1,-1,-1,-1
377,36,632.9,206.3,39.0,98.9,1,-1,-1,-1
377,37,298.7,173.9,34.7,74.5,1,-1,-1,-1
377,39,536.9,259.5,43.8,107.3,1,-1,-1,-1
377,40,515.5,167.0,28.2,71.9,1,-1,-1,-1
378,36,643.2,206.1,39.0,101.8,1,-1,-1,-1
378,37,293.4,173.3,34.9,75.5,1,-1,-1,-1
378,39,541.1,261.7,43.9,107.1,1,-1,-1,-1
378,40,518.2,165.4,28.8,72.7,1,-1,-1,-1
379,36,647.7,207.4,39.0,101.9,1,-1,-1,-1
379,37,289.4,173.0,31.5,75.9,1,-1,-1,-1
379,39,548.1,263.0,41.9,106.3,1,-1,-1,-1
379,40,522.8,164.1,28.9,70.1,1,-1,-1,-1
380,36,648.0,209.4,42.5,100.6,1,-1,-1,-1
380,37,284.2,173.6,31.1,76.0,1,-1,-1,-1
380,39,555.5,263.2,39.9,106.1,1,-1,-1,-1
380,40,527.2,163.1,30.4,70.7,1,-1,-1,-1
381,36,653.0,210.9,39.3,100.9,1,-1,-1,-1
381,37,278.3,175.4,33.8,75.3,1,-1,-1,-1
381,39,561.4,265.9,47.7,105.3,1,-1,-1,-1
381,40,533.5,162.2,31.5,70.2,1,-1,-1,-1
382,36,662.9,211.2,33.5,101.0,1,-1,-1,-1
382,37,276.3,176.1,29.8,75.8,1,-1,-1,-1
382,39,562.9,268.5,50.0,105.8,1,-1,-1,-1
382,40,538.4,160.5,29.8,68.7,1,-1,-1,-1
383,36,674.5,210.4,28.3,101.7,1,-1,-1,-1
383,37,274.3,176.9,25.7,75.2,1,-1,-1,-1
383,39,564.6,269.3,50.7,105.9,1,-1,-1,-1
383,40,541.8,158.4,27.8,70.3,1,-1,-1,-1
384,36,679.0,211.4,40.0,101.9,1,-1,-1,-1
384,37,269.6,177.8,24.5,77.9,1,-1,-1,-1
384,39,581.3,269.9,45.3,106.0,1,-1,-1,-1
384,40,546.0,157.1,28.6,70.1,1,-1,-1,-1
385,36,679.1,213.4,44.9,102.7,1,-1,-1,-1
385,37,266.2,179.5,25.6,78.0,1,-1,-1,-1
385,39,592.4,270.8,45.1,110.2,1,-1,-1,-1
385,40,550.3,156.8,28.2,70.0,1,-1,-1,-1
386,36,680.5,214.2,44.3,103.6,1,-1,-1,-1
386,37,263.4,180.8,25.9,78.0,1,-1,-1,-1
386,39,598.3,273.2,45.0,110.8,1,-1,-1,-1
386,40,553.6,156.2,28.1,70.0,1,-1,-1,-1
387,36,695.1,214.2,40.6,103.9,1,-1,-1,-1
387,37,254.9,181.9,34.4,77.3,1,-1,-1,-1
387,39,602.7,276.3,47.1,110.9,1,-1,-1,-1
387,40,558.7,154.5,28.7,68.6,1,-1,-1,-1
388,36,705.2,214.8,40.2,106.1,1,-1,-1,-1
388,37,248.6,183.6,41.1,76.4,1,-1,-1,-1
388,39,611.4,278.0,44.2,110.3,1,-1,-1,-1
388,40,561.9,153.9,30.3,68.2,1,-1,-1,-1
389,36,709.7,216.4,40.1,107.4,1,-1,-1,-1
389,37,246.4,185.6,43.1,76.1,1,-1,-1,-1
389,39,618.2,279.0,44.1,109.4,1,-1,-1,-1
389,40,563.9,153.8,30.8,67.4,1,-1,-1,-1
390,36,712.1,219.9,42.1,106.4,1,-1,-1,-1
390,37,249.9,186.9,39.5,76.7,1,-1,-1,-1
390,39,621.4,281.3,52.4,109.8,1,-1,-1,-1
390,40,567.2,151.8,28.8,67.1,1,-1,-1,-1
391,36,718.1,222.0,37.8,105.4,1,-1,-1,-1
391,37,253.4,187.9,37.1,79.0,1,-1,-1,-1
391,39,622.4,283.6,58.4,110.6,1,-1,-1,-1
391,40,569.7,150.2,28.3,66.3,1,-1,-1,-1
392,36,728.9,222.4,31.7,105.1,1,-1,-1,-1
392,37,255.1,188.9,34.9,78.3,1,-1,-1,-1
392,39,626.5,285.0,60.2,110.2,1,-1,-1,-1
392,40,571.8,149.1,28.1,66.8,1,-1,-1,-1
393,36,737.8,222.9,29.8,105.7,1,-1,-1,-1
393,37,256.1,191.2,34.3,79.5,1,-1,-1,-1
393,39,645.1,285.2,50.3,112.2,1,-1,-1,-1
393,40,575.1,147.4,28.7,67.6,1,-1,-1,-1
394,36,740.2,223.8,29.2,103.8,1,-1,-1,-1
394,37,256.9,192.2,33.4,79.1,1,-1,-1,-1
394,39,657.3,285.8,46.6,116.2,1,-1,-1,-1
394,40,577.7,146.1,29.6,65.8,1,-1,-1,-1
395,36,740.5,229.7,28.4,97.6,1,-1,-1,-1
395,37,257.8,192.2,32.4,79.7,1,-1,-1,-1
395,39,660.0,288.1,49.7,115.4,1,-1,-1,-1
395,40,580.5,145.1,29.9,65.2,1,-1,-1,-1
396,37,260.2,194.2,30.7,80.6,1,-1,-1,-1
396,39,662.6,291.9,55.5,114.4,1,-1,-1,-1
396,40,583.4,144.9,30.7,64.4,1,-1,-1,-1
397,37,262.6,198.6,30.9,79.5,1,-1,-1,-1
397,39,670.4,293.3,53.8,114.1,1,-1,-1,-1
397,40,585.7,144.2,29.5,63.4,1,-1,-1,-1
398,37,265.4,198.9,31.0,81.2,1,-1,-1,-1
398,39,681.2,294.1,49.0,113.3,1,-1,-1,-1
398,40,586.3,141.1,29.1,65.2,1,-1,-1,-1
399,37,267.7,200.5,31.7,79.7,1,-1,-1,-1
399,39,685.8,295.5,49.7,111.7,1,-1,-1,-1
399,40,586.9,139.1,28.3,65.8,1,-1,-1,-1
400,37,269.7,199.7,31.2,82.7,1,-1,-1,-1
400,39,686.1,296.8,53.4,112.6,1,-1,-1,-1
400,40,587.8,138.7,28.8,65.2,1,-1,-1,-1
401,37,271.7,199.8,31.1,82.2,1,-1,-1,-1
401,39,686.1,298.6,58.0,113.6,1,-1,-1,-1
401,40,588.1,138.8,29.6,64.4,1,-1,-1,-1
402,37,273.6,201.3,31.0,82.1,1,-1,-1,-1
402,39,688.1,299.2,62.9,114.6,1,-1,-1,-1
402,40,588.8,137.6,29.9,62.7,1,-1,-1,-1
403,37,275.6,206.3,30.3,77.8,1,-1,-1,-1
403,39,696.1,299.2,60.9,114.9,1,-1,-1,-1
403,40,589.8,136.3,29.3,63.6,1,-1,-1,-1
404,37,278.3,209.7,30.1,75.1,1,-1,-1,-1
404,39,708.6,299.8,54.0,114.3,1,-1,-1,-1
404,40,590.8,135.8,27.0,63.2,1,-1,-1,-1
405,37,289.8,207.7,28.6,82.0,1,-1,-1,-1
405,40,577.8,137.3,30.5,62.4,1,-1,-1,-1
406,37,295.4,206.2,26.8,83.4,1,-1,-1,-1
406,40,571.5,140.8,31.5,59.3,1,-1,-1,-1
407,37,296.8,205.1,26.2,85.2,1,-1,-1,-1
407,40,570.7,143.0,31.2,58.4,1,-1,-1,-1
408,37,297.2,204.8,25.4,85.1,1,-1,-1,-1
408,40,571.4,142.7,31.7,58.1,1,-1,-1,-1
409,37,297.1,204.2,23.7,85.7,1,-1,-1,-1
409,40,572.0,143.6,31.9,57.3,1,-1,-1,-1
410,37,297.0,204.0,23.2,85.9,1,-1,-1,-1
410,40,572.8,144.0,30.6,57.1,1,-1,-1,-1
411,37,296.3,203.9,23.1,86.0,1,-1,-1,-1
411,40,573.1,139.9,28.8,61.2,1,-1,-1,-1
412,37,296.7,204.7,23.0,85.3,1,-1,-1,-1
412,40,573.8,137.9,26.8,62.5,1,-1,-1,-1
413,37,296.3,205.0,24.4,85.1,1,-1,-1,-1
413,40,573.4,138.3,26.9,62.1,1,-1,-1,-1
414,37,296.0,205.1,26.2,85.0,1,-1,-1,-1
414,40,571.6,139.6,27.7,62.7,1,-1,-1,-1
415,37,296.0,205.7,26.1,84.3,1,-1,-1,-1
415,40,567.4,140.1,27.2,63.6,1,-1,-1,-1
416,37,293.9,206.0,29.5,84.1,1,-1,-1,-1
416,40,563.6,140.1,27.1,63.9,1,-1,-1,-1
417,37,291.5,205.4,32.0,84.7,1,-1,-1,-1
417,40,561.1,140.7,27.0,64.0,1,-1,-1,-1
418,37,290.0,205.0,33.4,84.9,1,-1,-1,-1
418,40,559.2,141.7,27.0,64.0,1,-1,-1,-1
419,37,288.3,204.9,35.9,84.3,1,-1,-1,-1
419,40,557.3,142.8,26.3,63.3,1,-1,-1,-1
420,37,287.8,204.3,36.7,85.5,1,-1,-1,-1
420,40,554.7,143.1,25.4,63.8,1,-1,-1,-1
421,37,290.6,204.0,34.8,85.1,1,-1,-1,-1
421,40,551.6,143.8,25.1,63.2,1,-1,-1,-1
422,37,293.5,203.9,32.1,85.0,1,-1,-1,-1
422,40,549.3,144.8,25.0,64.5,1,-1,-1,-1
423,37,295.0,204.0,29.2,85.0,1,-1,-1,-1
423,40,544.5,145.8,27.8,65.5,1,-1,-1,-1
424,37,296.7,204.0,26.3,85.0,1,-1,-1,-1
424,40,539.8,146.8,27.2,65.9,1,-1,-1,-1
425,37,297.9,204.0,24.7,83.6,1,-1,-1,-1
425,40,535.6,147.1,28.5,66.0,1,-1,-1,-1
425,42,718.3,277.2,43.2,106.1,1,-1,-1,-1
426,37,298.2,203.3,23.5,76.9,1,-1,-1,-1
426,40,530.9,148.5,30.9,65.3,1,-1,-1,-1
426,42,709.2,276.7,48.0,105.3,1,-1,-1,-1
427,37,298.1,203.0,20.4,74.2,1,-1,-1,-1
427,40,528.1,149.8,31.7,67.9,1,-1,-1,-1
427,42,704.0,276.1,50.1,104.4,1,-1,-1,-1
428,37,298.7,203.6,18.7,72.6,1,-1,-1,-1
428,40,527.5,150.9,31.2,66.6,1,-1,-1,-1
428,42,696.7,274.5,51.4,104.1,1,-1,-1,-1
429,37,299.0,204.7,21.0,71.5,1,-1,-1,-1
429,40,527.7,151.9,29.7,66.2,1,-1,-1,-1
429,42,690.8,273.2,48.3,104.0,1,-1,-1,-1
430,37,295.6,208.6,27.3,66.2,1,-1,-1,-1
430,40,525.2,152.8,30.6,66.1,1,-1,-1,-1
430,42,686.4,272.1,42.5,104.7,1,-1,-1,-1
431,37,293.9,208.2,27.8,66.1,1,-1,-1,-1
431,40,523.2,154.5,30.2,67.4,1,-1,-1,-1
431,42,683.9,271.1,40.0,104.9,1,-1,-1,-1
432,37,293.7,207.3,26.5,65.3,1,-1,-1,-1
432,40,520.6,156.6,30.1,68.5,1,-1,-1,-1
432,42,683.5,269.5,34.4,104.3,1,-1,-1,-1
433,37,293.9,205.5,26.2,65.1,1,-1,-1,-1
433,40,516.2,157.2,29.3,68.9,1,-1,-1,-1
433,42,675.4,266.7,33.4,103.4,1,-1,-1,-1
434,37,294.7,204.9,26.0,54.5,1,-1,-1,-1
434,40,513.2,157.9,29.1,69.0,1,-1,-1,-1
434,42,659.7,265.0,40.8,103.8,1,-1,-1,-1
435,37,295.8,204.1,26.0,52.1,1,-1,-1,-1
435,40,511.1,159.5,29.0,70.4,1,-1,-1,-1
435,42,651.6,264.7,45.1,102.5,1,-1,-1,-1
436,37,299.6,203.2,22.5,51.3,1,-1,-1,-1
436,40,510.0,161.5,29.0,68.0,1,-1,-1,-1
436,42,649.7,264.1,42.9,100.8,1,-1,-1,-1
437,37,301.3,202.2,20.8,63.7,1,-1,-1,-1
437,40,507.7,162.9,28.3,67.3,1,-1,-1,-1
437,42,644.6,261.1,36.0,102.3,1,-1,-1,-1
438,37,301.4,201.9,19.5,55.5,1,-1,-1,-1
438,40,505.4,163.9,28.1,67.1,1,-1,-1,-1
438,42,637.7,259.8,36.0,102.8,1,-1,-1,-1
439,37,303.9,201.9,16.4,37.0,1,-1,-1,-1
439,40,502.6,164.9,29.4,69.8,1,-1,-1,-1
439,42,629.7,259.7,37.4,102.2,1,-1,-1,-1
440,37,302.3,202.0,18.9,47.5,1,-1,-1,-1
440,40,500.3,166.5,29.1,71.3,1,-1,-1,-1
440,42,626.4,258.5,35.7,102.8,1,-1,-1,-1
441,37,301.1,201.3,19.7,50.6,1,-1,-1,-1
441,40,495.5,167.8,29.7,71.1,1,-1,-1,-1
441,42,617.8,255.8,34.5,100.8,1,-1,-1,-1
442,37,300.8,201.0,19.9,52.3,1,-1,-1,-1
442,40,492.2,168.9,29.9,71.7,1,-1,-1,-1
442,42,607.4,254.1,37.7,100.9,1,-1,-1,-1
443,37,301.6,200.9,19.3,52.1,1,-1,-1,-1
443,40,490.1,170.6,30.7,73.3,1,-1,-1,-1
443,42,596.9,253.7,43.5,101.0,1,-1,-1,-1
444,37,302.0,201.0,20.5,52.0,1,-1,-1,-1
444,40,488.9,172.6,30.9,71.7,1,-1,-1,-1
444,42,590.9,251.7,41.7,98.9,1,-1,-1,-1
445,37,302.1,201.7,21.5,70.9,1,-1,-1,-1
445,40,488.8,173.9,31.0,70.5,1,-1,-1,-1
445,42,585.7,249.5,38.4,99.0,1,-1,-1,-1
446,37,302.0,202.0,24.0,78.7,1,-1,-1,-1
446,40,488.2,174.9,31.0,71.6,1,-1,-1,-1
446,42,582.2,248.0,37.4,99.7,1,-1,-1,-1
447,37,303.4,202.8,24.7,81.7,1,-1,-1,-1
447,40,487.3,176.6,31.7,74.7,1,-1,-1,-1
447,42,578.6,247.8,37.1,99.9,1,-1,-1,-1
448,37,308.3,203.8,22.1,81.9,1,-1,-1,-1
448,40,486.2,178.6,31.9,74.9,1,-1,-1,-1
448,42,575.5,247.2,36.3,100.0,1,-1,-1,-1
449,37,311.0,204.1,22.0,81.3,1,-1,-1,-1
449,40,485.2,179.2,32.0,74.3,1,-1,-1,-1
449,42,571.8,245.5,36.1,100.0,1,-1,-1,-1
450,37,312.2,205.5,22.7,80.4,1,-1,-1,-1
450,40,484.2,180.6,32.0,74.1,1,-1,-1,-1
450,42,565.7,242.8,35.3,97.9,1,-1,-1,-1
451,37,312.3,206.8,24.3,80.1,1,-1,-1,-1
451,40,484.6,182.5,32.0,76.1,1,-1,-1,-1
451,42,559.2,241.1,36.5,98.0,1,-1,-1,-1
452,37,313.5,210.0,25.5,79.3,1,-1,-1,-1
452,40,485.6,183.9,32.0,76.0,1,-1,-1,-1
452,42,553.0,240.7,38.9,97.3,1,-1,-1,-1
453,37,314.8,210.5,27.9,81.2,1,-1,-1,-1
453,40,486.8,184.9,32.0,76.0,1,-1,-1,-1
453,42,550.5,240.1,39.0,96.4,1,-1,-1,-1
454,37,318.0,210.3,30.8,81.8,1,-1,-1,-1
454,40,488.5,186.6,32.7,78.1,1,-1,-1,-1
454,42,544.1,237.1,37.6,95.4,1,-1,-1,-1
455,37,321.3,209.3,30.9,82.6,1,-1,-1,-1
455,40,490.6,189.3,32.2,80.1,1,-1,-1,-1
455,42,540.1,235.1,36.5,95.8,1,-1,-1,-1
456,37,323.8,208.9,31.7,82.9,1,-1,-1,-1
456,40,491.9,191.6,32.1,79.3,1,-1,-1,-1
456,42,537.2,234.7,36.1,95.9,1,-1,-1,-1
457,37,329.3,209.6,31.2,83.7,1,-1,-1,-1
457,42,507.1,206.1,59.1,121.2,1,-1,-1,-1
458,37,334.2,210.0,30.4,83.9,1,-1,-1,-1
458,42,494.2,194.1,62.5,125.3,1,-1,-1,-1
459,37,337.7,209.4,30.1,84.7,1,-1,-1,-1
459,42,495.2,195.3,58.0,123.7,1,-1,-1,-1
460,37,341.4,209.7,29.3,84.9,1,-1,-1,-1
460,42,500.1,199.4,52.4,121.8,1,-1,-1,-1
461,37,348.0,210.7,31.2,87.8,1,-1,-1,-1
461,42,506.5,201.9,43.7,118.4,1,-1,-1,-1
462,37,352.7,211.1,31.1,88.6,1,-1,-1,-1
462,42,505.2,204.5,41.1,112.5,1,-1,-1,-1
463,37,359.3,213.2,35.9,84.0,1,-1,-1,-1
463,42,499.3,208.8,47.3,107.3,1,-1,-1,-1
463,43,735.8,320.6,30.6,124.1,1,-1,-1,-1
464,37,363.8,215.5,39.5,84.7,1,-1,-1,-1
464,42,495.3,211.1,51.3,105.0,1,-1,-1,-1
464,43,733.3,314.2,33.0,129.6,1,-1,-1,-1
465,37,367.5,217.7,41.2,84.2,1,-1,-1,-1
465,42,491.6,212.1,56.7,102.9,1,-1,-1,-1
465,43,723.5,311.5,43.5,131.3,1,-1,-1,-1
466,37,377.6,216.2,33.4,86.9,1,-1,-1,-1
466,42,484.9,215.0,68.1,95.3,1,-1,-1,-1
466,43,704.7,309.9,51.5,132.5,1,-1,-1,-1
467,37,385.9,215.8,28.9,87.0,1,-1,-1,-1
467,42,480.3,216.9,40.7,92.3,1,-1,-1,-1
467,43,696.7,307.6,52.6,132.1,1,-1,-1,-1
468,37,390.3,216.6,28.3,89.8,1,-1,-1,-1
468,42,470.9,217.3,39.5,90.7,1,-1,-1,-1
468,43,694.8,304.7,48.0,129.2,1,-1,-1,-1
469,37,395.8,219.8,30.2,91.3,1,-1,-1,-1
469,42,464.4,216.5,37.8,88.8,1,-1,-1,-1
469,43,684.8,300.2,46.6,128.4,1,-1,-1,-1
469,45,531.6,219.8,34.7,87.5,1,-1,-1,-1
470,37,401.1,231.0,29.4,81.3,1,-1,-1,-1
470,42,459.5,214.6,34.4,88.2,1,-1,-1,-1
470,43,676.9,297.9,45.5,128.8,1,-1,-1,-1
470,45,535.5,223.2,34.2,89.2,1,-1,-1,-1
471,37,403.4,238.5,38.2,76.2,1,-1,-1,-1
471,42,456.2,213.2,31.3,88.8,1,-1,-1,-1
471,43,670.7,296.8,45.1,128.9,1,-1,-1,-1
471,45,537.9,225.8,34.1,86.3,1,-1,-1,-1
472,37,406.3,222.0,64.0,92.9,1,-1,-1,-1
472,43,669.1,294.7,41.5,128.3,1,-1,-1,-1
472,45,540.5,226.4,34.0,85.4,1,-1,-1,-1
473,37,414.3,211.5,60.5,102.1,1,-1,-1,-1
473,43,663.1,290.3,37.0,124.6,1,-1,-1,-1
473,45,544.8,229.0,34.7,88.6,1,-1,-1,-1
474,37,422.5,207.9,50.3,106.9,1,-1,-1,-1
474,43,648.7,287.2,44.0,124.2,1,-1,-1,-1
474,45,548.5,232.3,34.9,91.0,1,-1,-1,-1
475,37,429.9,207.3,38.9,109.1,1,-1,-1,-1
475,43,636.6,285.1,49.6,125.5,1,-1,-1,-1
475,45,552.3,234.0,35.7,90.3,1,-1,-1,-1
476,37,433.4,207.0,33.4,111.1,1,-1,-1,-1
476,43,633.3,283.3,50.6,125.1,1,-1,-1,-1
476,45,556.3,234.3,35.9,90.1,1,-1,-1,-1
477,37,433.0,209.0,38.0,113.8,1,-1,-1,-1
477,43,633.9,281.3,46.0,123.6,1,-1,-1,-1
477,45,559.6,235.6,36.0,90.7,1,-1,-1,-1
478,37,426.0,224.1,49.2,102.1,1,-1,-1,-1
478,43,624.2,277.3,45.3,122.5,1,-1,-1,-1
478,45,564.7,239.6,35.3,94.4,1,-1,-1,-1
479,37,421.3,231.5,61.7,97.8,1,-1,-1,-1
479,43,616.1,275.0,45.1,122.8,1,-1,-1,-1
479,45,568.6,242.0,35.1,92.0,1,-1,-1,-1
480,37,442.6,233.2,50.0,95.1,1,-1,-1,-1
480,43,611.8,273.9,44.3,123.0,1,-1,-1,-1
480,45,571.0,243.1,35.7,90.6,1,-1,-1,-1
481,37,459.8,236.2,47.9,95.7,1,-1,-1,-1
481,43,586.7,254.9,60.9,136.3,1,-1,-1,-1
482,37,467.9,237.3,45.2,96.6,1,-1,-1,-1
482,43,578.4,248.2,61.0,134.0,1,-1,-1,-1
482,46,400.1,215.8,29.2,69.1,1,-1,-1,-1
483,37,472.2,238.0,40.2,96.2,1,-1,-1,-1
483,43,582.2,248.2,55.4,132.6,1,-1,-1,-1
483,46,393.7,203.5,31.2,78.1,1,-1,-1,-1
484,37,478.5,240.2,35.8,97.5,1,-1,-1,-1
484,43,586.9,250.8,46.7,130.8,1,-1,-1,-1
484,46,383.7,198.2,34.6,82.2,1,-1,-1,-1
485,37,483.4,242.6,35.3,100.6,1,-1,-1,-1
485,43,589.2,253.5,44.8,127.4,1,-1,-1,-1
485,46,379.4,197.8,36.3,82.8,1,-1,-1,-1
486,37,487.5,244.0,33.7,101.6,1,-1,-1,-1
486,43,586.0,255.7,49.1,122.2,1,-1,-1,-1
486,46,377.6,197.8,38.2,83.6,1,-1,-1,-1
487,37,491.4,244.9,34.6,101.2,1,-1,-1,-1
487,43,579.9,257.0,56.0,117.2,1,-1,-1,-1
487,46,374.8,198.0,38.8,81.8,1,-1,-1,-1
488,37,496.0,248.0,44.0,100.4,1,-1,-1,-1
488,43,574.0,255.8,65.1,116.4,1,-1,-1,-1
488,46,369.5,197.3,33.3,81.2,1,-1,-1,-1
489,37,500.3,251.3,46.8,104.3,1,-1,-1,-1
489,43,571.6,254.4,70.6,116.8,1,-1,-1,-1
489,46,366.1,188.6,31.0,89.5,1,-1,-1,-1
490,37,509.3,253.8,42.7,101.3,1,-1,-1,-1
490,43,570.7,251.7,75.8,116.9,1,-1,-1,-1
490,46,361.2,190.9,31.0,84.9,1,-1,-1,-1
491,37,514.8,255.1,38.0,99.7,1,-1,-1,-1
491,43,569.4,250.1,79.4,114.2,1,-1,-1,-1
491,46,356.7,192.0,30.3,82.2,1,-1,-1,-1
492,37,518.0,256.7,35.2,100.6,1,-1,-1,-1
492,43,568.2,248.3,82.6,114.1,1,-1,-1,-1
492,46,352.6,188.0,30.1,84.9,1,-1,-1,-1
493,37,521.4,258.6,36.5,105.1,1,-1,-1,-1
493,43,566.4,247.1,85.7,114.7,1,-1,-1,-1
493,46,348.0,188.0,30.7,82.9,1,-1,-1,-1
494,37,528.0,250.1,64.8,117.6,1,-1,-1,-1
494,43,598.0,260.1,53.7,104.4,1,-1,-1,-1
494,46,336.0,188.7,45.6,82.3,1,-1,-1,-1
495,37,532.0,245.1,67.8,122.1,1,-1,-1,-1
495,43,614.6,267.2,42.0,102.0,1,-1,-1,-1
495,46,331.1,189.0,44.5,81.4,1,-1,-1,-1
496,37,534.8,242.7,63.0,129.0,1,-1,-1,-1
496,43,615.1,268.3,39.9,101.3,1,-1,-1,-1
496,46,330.1,189.1,40.6,80.4,1,-1,-1,-1
497,37,542.4,241.8,53.9,139.5,1,-1,-1,-1
497,43,611.0,268.3,38.6,101.8,1,-1,-1,-1
497,46,325.0,188.3,33.9,80.8,1,-1,-1,-1
498,37,549.8,241.1,48.4,137.8,1,-1,-1,-1
498,43,609.6,269.5,37.5,104.0,1,-1,-1,-1
498,46,317.8,188.7,37.5,80.2,1,-1,-1,-1
499,37,555.4,240.2,45.3,144.2,1,-1,-1,-1
499,43,611.0,271.5,32.2,101.2,1,-1,-1,-1
499,46,311.8,188.3,41.3,79.4,1,-1,-1,-1
500,37,556.1,239.2,47.9,149.7,1,-1,-1,-1
500,43,612.6,272.9,30.0,99.7,1,-1,-1,-1
500,46,303.9,187.3,39.7,78.4,1,-1,-1,-1
501,37,555.5,238.9,75.3,153.4,1,-1,-1,-1
501,46,300.5,186.2,39.9,79.5,1,-1,-1,-1
502,37,555.0,238.2,83.5,154.5,1,-1,-1,-1
502,46,299.5,186.6,40.0,78.5,1,-1,-1,-1
503,37,554.9,235.1,87.3,158.4,1,-1,-1,-1
503,46,291.3,186.9,42.1,78.1,1,-1,-1,-1
504,37,555.0,231.7,52.8,123.1,1,-1,-1,-1
504,43,600.0,274.0,46.1,123.0,1,-1,-1,-1
504,46,277.1,186.3,50.4,78.7,1,-1,-1,-1
504,47,740.8,245.1,26.7,87.8,1,-1,-1,-1
505,37,554.3,229.9,41.7,112.5,1,-1,-1,-1
505,43,594.6,273.1,49.5,131.4,1,-1,-1,-1
505,46,270.3,185.3,51.5,79.6,1,-1,-1,-1
505,47,735.6,237.3,30.4,92.1,1,-1,-1,-1
506,37,552.6,228.9,39.1,110.1,1,-1,-1,-1
506,43,597.4,272.9,48.5,135.3,1,-1,-1,-1
506,46,262.6,182.8,51.2,82.0,1,-1,-1,-1
506,47,732.9,235.0,33.6,94.8,1,-1,-1,-1
506,48,717.9,439.9,49.7,136.0,1,-1,-1,-1
507,37,549.1,228.1,38.3,109.3,1,-1,-1,-1
507,43,608.1,272.2,41.1,137.2,1,-1,-1,-1
507,46,259.4,183.2,62.2,81.3,1,-1,-1,-1
507,47,724.8,232.4,42.3,98.5,1,-1,-1,-1
507,48,708.7,436.7,59.0,138.8,1,-1,-1,-1
508,37,544.9,227.2,38.8,108.4,1,-1,-1,-1
508,43,612.7,272.0,46.6,140.6,1,-1,-1,-1
508,46,257.8,184.5,56.5,79.7,1,-1,-1,-1
508,47,719.3,231.0,41.4,100.2,1,-1,-1,-1
508,48,682.1,436.4,84.2,138.9,1,-1,-1,-1
509,37,541.4,225.5,38.9,107.4,1,-1,-1,-1
509,43,613.7,271.2,54.6,144.4,1,-1,-1,-1
509,46,257.7,184.4,46.3,79.2,1,-1,-1,-1
509,47,717.4,230.7,39.0,100.1,1,-1,-1,-1
509,48,657.8,438.1,98.8,137.6,1,-1,-1,-1
510,37,537.7,223.5,36.9,105.0,1,-1,-1,-1
510,43,612.7,270.9,64.7,146.9,1,-1,-1,-1
510,46,258.6,182.7,35.6,78.4,1,-1,-1,-1
510,47,711.9,228.8,38.3,100.7,1,-1,-1,-1
510,48,650.2,434.8,88.4,141.4,1,-1,-1,-1
511,37,535.2,222.8,34.9,104.3,1,-1,-1,-1
511,46,257.6,181.9,36.6,78.1,1,-1,-1,-1
511,47,706.8,225.8,37.4,98.8,1,-1,-1,-1
511,48,621.3,319.6,102.8,255.9,1,-1,-1,-1
512,37,533.2,222.1,32.9,104.8,1,-1,-1,-1
512,43,610.5,271.6,48.1,114.8,1,-1,-1,-1
512,46,254.2,181.8,39.0,78.0,1,-1,-1,-1
512,47,703.2,224.0,36.4,97.5,1,-1,-1,-1
512,48,625.9,292.4,80.5,263.7,1,-1,-1,-1
513,37,529.9,221.2,33.7,104.9,1,-1,-1,-1
513,43,609.9,272.0,43.1,105.1,1,-1,-1,-1
513,46,250.7,181.9,38.3,77.3,1,-1,-1,-1
513,48,613.3,381.4,85.8,183.4,1,-1,-1,-1
514,37,528.0,219.5,31.8,103.6,1,-1,-1,-1
514,43,609.8,272.1,41.6,102.2,1,-1,-1,-1
514,46,247.5,182.0,38.1,75.7,1,-1,-1,-1
514,48,594.9,431.9,95.7,155.8,1,-1,-1,-1
515,37,522.1,216.8,29.8,101.8,1,-1,-1,-1
515,43,609.9,272.0,41.2,101.4,1,-1,-1,-1
515,46,242.4,180.6,31.7,76.6,1,-1,-1,-1
515,48,585.4,434.8,95.2,153.8,1,-1,-1,-1
516,37,513.3,214.3,33.5,101.9,1,-1,-1,-1
516,43,610.0,272.0,41.1,101.1,1,-1,-1,-1
516,46,239.1,179.9,31.2,76.9,1,-1,-1,-1
516,48,576.4,424.5,88.8,156.1,1,-1,-1,-1
516,49,676.5,220.2,61.2,213.4,1,-1,-1,-1
517,37,506.7,213.7,35.2,102.0,1,-1,-1,-1
517,43,610.7,272.0,40.3,100.3,1,-1,-1,-1
517,46,235.0,179.2,31.8,77.7,1,-1,-1,-1
517,47,678.9,216.8,38.2,96.5,1,-1,-1,-1
517,48,551.4,418.9,81.2,156.7,1,-1,-1,-1
517,49,692.5,288.2,53.4,149.4,1,-1,-1,-1
518,37,502.9,211.0,36.5,102.7,1,-1,-1,-1
518,43,612.4,272.0,39.4,100.8,1,-1,-1,-1
518,46,232.2,178.2,34.7,76.5,1,-1,-1,-1
518,47,670.6,215.7,37.4,96.1,1,-1,-1,-1
518,48,525.8,419.4,90.9,155.5,1,-1,-1,-1
518,49,706.2,321.4,51.7,129.5,1,-1,-1,-1
519,37,499.5,209.1,36.1,100.8,1,-1,-1,-1
519,43,618.0,272.0,34.9,100.2,1,-1,-1,-1
519,46,230.1,177.2,46.8,76.1,1,-1,-1,-1
519,47,668.7,215.0,35.7,96.7,1,-1,-1,-1
519,48,512.3,420.6,98.0,155.2,1,-1,-1,-1
519,49,712.7,327.8,54.7,126.4,1,-1,-1,-1
520,37,493.6,205.9,34.6,101.6,1,-1,-1,-1
520,43,621.1,271.3,35.0,97.3,1,-1,-1,-1
520,46,227.6,176.2,32.9,76.0,1,-1,-1,-1
520,47,665.7,212.1,33.8,94.8,1,-1,-1,-1
520,48,500.6,414.8,91.0,161.3,1,-1,-1,-1
520,49,722.5,329.2,46.5,124.0,1,-1,-1,-1
521,37,489.4,205.4,34.2,101.2,1,-1,-1,-1
521,43,625.1,270.3,32.2,97.1,1,-1,-1,-1
521,46,223.9,176.6,31.6,75.3,1,-1,-1,-1
521,47,661.2,210.1,33.9,93.5,1,-1,-1,-1
521,48,495.3,409.7,70.0,165.3,1,-1,-1,-1
521,49,731.6,330.0,38.5,121.9,1,-1,-1,-1
522,37,486.3,205.0,34.8,101.1,1,-1,-1,-1
522,43,628.5,227.2,52.4,139.7,1,-1,-1,-1
522,46,219.1,176.9,34.0,74.4,1,-1,-1,-1
522,48,484.3,407.6,65.1,167.2,1,-1,-1,-1
523,37,484.8,202.8,32.8,101.7,1,-1,-1,-1
523,43,630.9,207.1,54.9,152.5,1,-1,-1,-1
523,46,215.4,176.3,34.7,74.1,1,-1,-1,-1
523,48,457.0,408.2,85.3,167.1,1,-1,-1,-1
524,37,482.6,199.8,29.4,99.1,1,-1,-1,-1
524,43,632.1,202.7,52.2,157.8,1,-1,-1,-1
524,46,212.4,175.3,28.6,74.7,1,-1,-1,-1
524,48,436.9,403.9,93.5,171.9,1,-1,-1,-1
525,37,480.4,197.3,28.4,99.0,1,-1,-1,-1
525,43,632.2,202.7,46.5,161.4,1,-1,-1,-1
525,46,210.2,174.9,25.4,74.9,1,-1,-1,-1
525,48,430.6,399.1,82.6,176.2,1,-1,-1,-1
526,37,474.1,197.3,31.6,97.6,1,-1,-1,-1
526,43,631.4,202.2,42.6,163.2,1,-1,-1,-1
526,46,207.6,174.9,26.5,75.0,1,-1,-1,-1
526,48,414.3,395.4,78.7,179.6,1,-1,-1,-1
527,37,470.9,197.8,31.2,97.2,1,-1,-1,-1
527,43,629.6,201.3,40.8,164.5,1,-1,-1,-1
527,46,203.9,174.3,29.0,75.0,1,-1,-1,-1
527,48,397.3,394.4,83.1,180.6,1,-1,-1,-1
528,37,466.9,195.2,32.5,97.1,1,-1,-1,-1
528,46,197.7,172.6,28.3,73.6,1,-1,-1,-1
528,48,373.8,396.1,99.8,179.5,1,-1,-1,-1
529,37,462.8,193.9,34.2,94.2,1,-1,-1,-1
529,43,628.5,198.7,38.8,169.0,1,-1,-1,-1
529,46,194.0,171.9,28.8,73.2,1,-1,-1,-1
529,48,361.4,395.6,104.1,180.5,1,-1,-1,-1
530,37,459.4,193.0,34.8,94.1,1,-1,-1,-1
530,43,627.5,196.4,39.7,173.2,1,-1,-1,-1
530,46,191.9,171.8,28.9,73.1,1,-1,-1,-1
530,48,359.6,391.6,92.1,176.0,1,-1,-1,-1
531,37,456.4,192.2,34.2,94.7,1,-1,-1,-1
531,43,622.8,193.6,44.8,178.0,1,-1,-1,-1
531,46,187.4,171.9,32.5,72.3,1,-1,-1,-1
531,48,349.7,387.0,75.2,171.1,1,-1,-1,-1
532,37,455.6,191.9,32.7,94.2,1,-1,-1,-1
532,43,619.3,192.7,48.4,180.8,1,-1,-1,-1
532,46,183.5,171.3,33.5,72.1,1,-1,-1,-1
532,48,325.1,385.5,87.0,169.6,1,-1,-1,-1
533,37,455.0,189.8,30.8,94.8,1,-1,-1,-1
533,43,617.1,192.0,50.9,178.1,1,-1,-1,-1
533,46,181.1,170.3,30.4,72.7,1,-1,-1,-1
533,48,304.7,385.6,101.0,168.5,1,-1,-1,-1
534,37,454.2,187.5,29.5,93.5,1,-1,-1,-1
534,43,614.5,190.5,53.8,178.7,1,-1,-1,-1
534,46,179.2,169.9,26.6,72.9,1,-1,-1,-1
534,48,299.2,385.2,104.5,166.0,1,-1,-1,-1
535,37,452.5,186.0,29.2,91.8,1,-1,-1,-1
535,43,613.0,188.5,56.7,185.2,1,-1,-1,-1
535,46,177.3,169.9,25.5,73.0,1,-1,-1,-1
535,48,293.1,382.9,108.3,162.5,1,-1,-1,-1
536,37,449.1,185.8,29.7,90.5,1,-1,-1,-1
536,43,612.0,186.4,45.0,115.8,1,-1,-1,-1
536,46,173.3,169.3,27.9,72.3,1,-1,-1,-1
536,48,270.3,379.1,107.4,160.8,1,-1,-1,-1
537,37,446.3,185.9,30.6,90.2,1,-1,-1,-1
537,43,611.8,185.7,40.8,94.9,1,-1,-1,-1
537,46,168.9,168.3,28.7,71.4,1,-1,-1,-1
537,48,254.9,377.7,106.4,160.2,1,-1,-1,-1
538,37,443.5,183.9,32.3,91.4,1,-1,-1,-1
538,43,611.9,185.1,38.1,89.4,1,-1,-1,-1
538,46,165.4,167.2,27.5,71.8,1,-1,-1,-1
538,48,246.6,378.3,109.6,159.4,1,-1,-1,-1
538,50,639.1,280.5,36.7,105.7,1,-1,-1,-1
539,37,439.2,178.7,33.5,91.1,1,-1,-1,-1
539,43,609.9,182.1,37.3,84.9,1,-1,-1,-1
539,46,162.4,167.6,28.6,70.5,1,-1,-1,-1
539,48,234.2,378.9,119.7,156.3,1,-1,-1,-1
539,50,640.0,282.6,38.3,101.0,1,-1,-1,-1
540,37,436.9,177.3,32.4,89.6,1,-1,-1,-1
540,43,607.5,180.1,37.8,83.6,1,-1,-1,-1
540,46,160.9,167.9,28.9,70.2,1,-1,-1,-1
540,48,227.7,377.0,119.9,154.7,1,-1,-1,-1
540,50,640.1,284.0,39.5,103.8,1,-1,-1,-1
541,37,435.9,176.1,30.7,90.6,1,-1,-1,-1
541,43,606.0,179.0,37.9,83.2,1,-1,-1,-1
541,46,158.6,168.7,29.7,69.3,1,-1,-1,-1
541,48,227.4,375.3,111.6,154.2,1,-1,-1,-1
541,50,640.1,285.6,40.5,104.6,1,-1,-1,-1
542,37,434.4,175.1,30.9,91.6,1,-1,-1,-1
542,43,603.6,178.8,38.7,83.1,1,-1,-1,-1
542,46,155.7,167.7,27.8,70.5,1,-1,-1,-1
542,48,226.4,374.1,101.4,154.1,1,-1,-1,-1
542,50,640.0,288.3,40.2,105.6,1,-1,-1,-1
543,37,433.2,174.9,30.3,91.9,1,-1,-1,-1
543,43,602.8,178.2,36.8,81.6,1,-1,-1,-1
543,46,152.6,167.0,24.4,70.9,1,-1,-1,-1
543,48,213.3,373.1,110.2,154.7,1,-1,-1,-1
543,50,639.3,290.6,40.7,106.6,1,-1,-1,-1
544,37,432.1,173.5,28.0,91.3,1,-1,-1,-1
544,43,600.7,176.6,36.9,79.1,1,-1,-1,-1
544,46,149.5,166.2,24.1,71.7,1,-1,-1,-1
544,48,200.4,372.9,119.2,154.9,1,-1,-1,-1
544,50,636.9,292.0,42.3,104.8,1,-1,-1,-1
545,37,430.5,170.8,26.6,89.7,1,-1,-1,-1
545,43,598.4,173.8,37.0,80.4,1,-1,-1,-1
545,46,145.1,165.9,26.8,71.2,1,-1,-1,-1
545,48,190.8,371.5,122.5,154.3,1,-1,-1,-1
545,50,630.2,293.6,47.0,106.3,1,-1,-1,-1
546,37,429.8,169.8,24.8,61.2,1,-1,-1,-1
546,43,597.7,172.1,36.3,80.8,1,-1,-1,-1
546,46,142.2,165.2,27.0,70.4,1,-1,-1,-1
546,48,182.2,368.8,128.5,154.1,1,-1,-1,-1
546,50,630.3,294.9,44.2,107.5,1,-1,-1,-1
547,37,429.8,173.2,22.8,47.8,1,-1,-1,-1
547,43,598.5,171.7,35.4,80.9,1,-1,-1,-1
547,46,140.1,164.9,24.9,69.4,1,-1,-1,-1
547,48,175.0,367.8,129.5,154.0,1,-1,-1,-1
547,50,629.4,295.9,44.8,112.0,1,-1,-1,-1
548,37,423.6,170.2,27.9,49.3,1,-1,-1,-1
548,43,599.7,170.4,33.7,81.7,1,-1,-1,-1
548,46,138.3,164.2,22.9,69.8,1,-1,-1,-1
548,48,172.3,367.7,127.1,154.7,1,-1,-1,-1
548,50,631.1,297.5,42.1,112.7,1,-1,-1,-1
549,43,598.0,167.8,36.0,79.1,1,-1,-1,-1
549,46,132.2,164.6,27.9,68.5,1,-1,-1,-1
549,48,170.2,368.6,125.6,153.5,1,-1,-1,-1
549,50,636.2,299.6,36.4,112.9,1,-1,-1,-1
550,37,413.4,168.3,30.8,40.0,1,-1,-1,-1
550,43,596.3,166.1,36.7,79.0,1,-1,-1,-1
550,46,127.5,165.7,30.8,68.2,1,-1,-1,-1
550,48,169.0,369.0,124.5,151.1,1,-1,-1,-1
550,50,639.7,300.9,32.6,108.8,1,-1,-1,-1
551,37,410.5,166.7,29.5,39.3,1,-1,-1,-1
551,43,593.7,165.7,37.6,79.0,1,-1,-1,-1
551,46,123.5,166.1,32.3,68.0,1,-1,-1,-1
551,48,167.4,367.7,123.4,148.2,1,-1,-1,-1
551,50,641.3,301.9,30.8,111.0,1,-1,-1,-1
552,37,408.9,163.8,28.5,41.9,1,-1,-1,-1
552,43,592.8,165.1,36.5,79.0,1,-1,-1,-1
552,46,120.4,165.4,30.7,68.7,1,-1,-1,-1
552,48,165.4,364.9,120.3,146.7,1,-1,-1,-1
552,50,641.4,302.9,29.5,107.5,1,-1,-1,-1
553,37,407.3,162.7,23.2,45.5,1,-1,-1,-1
553,43,592.0,164.2,34.7,79.7,1,-1,-1,-1
553,46,117.4,165.0,26.0,68.9,1,-1,-1,-1
553,48,164.1,362.4,119.4,147.6,1,-1,-1,-1
553,50,641.1,303.1,29.2,110.0,1,-1,-1,-1
554,37,404.0,160.6,23.8,58.4,1,-1,-1,-1
554,43,587.7,161.8,35.6,77.8,1,-1,-1,-1
554,46,112.4,164.9,26.7,69.0,1,-1,-1,-1
554,48,163.1,359.6,109.3,158.4,1,-1,-1,-1
554,50,641.0,303.1,29.7,107.2,1,-1,-1,-1
555,37,401.3,159.1,23.9,77.0,1,-1,-1,-1
555,43,585.8,160.1,35.2,77.9,1,-1,-1,-1
555,46,107.7,165.7,29.7,68.3,1,-1,-1,-1
555,48,163.5,358.0,102.8,165.1,1,-1,-1,-1
555,50,641.7,303.7,29.9,105.0,1,-1,-1,-1
556,37,397.8,158.1,24.7,81.9,1,-1,-1,-1
556,43,585.6,159.0,34.4,78.7,1,-1,-1,-1
556,46,103.6,166.0,31.3,67.4,1,-1,-1,-1
556,48,164.6,356.3,104.3,169.2,1,-1,-1,-1
556,50,642.0,303.3,30.0,105.0,1,-1,-1,-1
557,37,392.4,157.1,25.6,84.1,1,-1,-1,-1
557,43,584.4,158.1,34.8,78.2,1,-1,-1,-1
557,46,96.1,166.1,29.0,67.1,1,-1,-1,-1
557,48,165.8,354.4,105.5,172.6,1,-1,-1,-1
557,50,641.4,303.0,30.7,105.0,1,-1,-1,-1
558,37,388.4,158.3,28.0,82.6,1,-1,-1,-1
558,43,583.2,157.9,34.9,78.1,1,-1,-1,-1
558,46,91.2,166.0,27.6,69.1,1,-1,-1,-1
558,48,166.1,353.1,103.8,174.3,1,-1,-1,-1
558,50,641.0,303.0,31.6,109.2,1,-1,-1,-1
559,37,384.6,158.3,30.1,80.8,1,-1,-1,-1
559,43,582.9,157.2,34.3,78.7,1,-1,-1,-1
559,46,88.1,167.4,28.6,69.0,1,-1,-1,-1
559,48,166.8,352.8,99.7,175.5,1,-1,-1,-1
559,50,642.3,303.0,30.5,110.5,1,-1,-1,-1
560,37,380.7,157.4,32.1,80.2,1,-1,-1,-1
560,43,582.9,157.0,34.1,78.9,1,-1,-1,-1
560,46,85.4,168.8,30.3,69.7,1,-1,-1,-1
560,48,167.8,352.2,90.1,180.7,1,-1,-1,-1
560,50,643.7,303.0,29.4,106.6,1,-1,-1,-1
561,37,378.1,155.6,32.0,81.5,1,-1,-1,-1
561,43,583.0,156.9,34.0,79.0,1,-1,-1,-1
561,46,82.5,169.2,30.8,69.9,1,-1,-1,-1
561,48,169.5,351.9,80.9,185.1,1,-1,-1,-1
561,50,644.2,303.7,29.1,109.0,1,-1,-1,-1
562,37,376.2,154.9,30.6,81.8,1,-1,-1,-1
562,43,583.0,157.0,33.3,79.0,1,-1,-1,-1
562,46,78.2,169.1,28.8,70.0,1,-1,-1,-1
562,48,173.0,351.9,76.1,186.4,1,-1,-1,-1
562,50,644.1,304.0,29.0,105.5,1,-1,-1,-1
563,37,373.6,153.4,29.5,82.7,1,-1,-1,-1
563,43,583.7,157.0,32.4,79.0,1,-1,-1,-1
563,46,72.4,169.7,26.9,69.3,1,-1,-1,-1
563,48,177.1,351.3,73.2,188.2,1,-1,-1,-1
563,50,644.7,304.1,27.6,105.1,1,-1,-1,-1
564,37,370.6,151.5,27.7,82.2,1,-1,-1,-1
564,43,586.1,157.0,30.0,79.0,1,-1,-1,-1
564,46,66.2,170.7,30.5,68.4,1,-1,-1,-1
564,48,180.6,351.0,68.2,191.6,1,-1,-1,-1
564,50,645.0,304.0,27.2,104.3,1,-1,-1,-1
565,37,362.7,150.1,30.7,82.1,1,-1,-1,-1
565,43,587.9,157.7,27.2,78.3,1,-1,-1,-1
565,46,62.2,171.8,32.2,68.8,1,-1,-1,-1
565,48,180.8,350.2,64.6,198.2,1,-1,-1,-1
565,50,645.1,304.0,27.1,104.1,1,-1,-1,-1
566,37,360.1,149.1,28.8,82.0,1,-1,-1,-1
566,43,586.9,158.7,25.0,77.4,1,-1,-1,-1
566,46,55.7,172.1,29.3,68.2,1,-1,-1,-1
566,48,179.6,348.5,79.6,205.8,1,-1,-1,-1
566,50,645.0,304.0,27.0,104.0,1,-1,-1,-1
567,37,358.9,148.8,28.9,82.0,1,-1,-1,-1
567,43,584.7,159.1,25.0,77.1,1,-1,-1,-1
567,46,51.3,172.1,24.9,69.5,1,-1,-1,-1
567,48,177.6,347.2,85.5,209.4,1,-1,-1,-1
567,50,645.7,304.7,26.3,102.6,1,-1,-1,-1
568,37,355.9,148.9,30.4,81.3,1,-1,-1,-1
568,43,581.7,159.1,25.0,77.0,1,-1,-1,-1
568,46,47.5,172.7,26.4,69.8,1,-1,-1,-1
568,48,176.1,346.1,85.1,211.9,1,-1,-1,-1
568,50,648.1,305.7,24.0,89.6,1,-1,-1,-1
569,37,348.5,146.9,31.5,80.4,1,-1,-1,-1
569,43,576.5,159.7,25.7,76.3,1,-1,-1,-1
569,46,38.8,175.1,33.1,69.3,1,-1,-1,-1
569,48,175.8,345.1,78.0,213.4,1,-1,-1,-1
569,50,648.5,306.8,24.0,57.0,1,-1,-1,-1
570,37,344.0,145.9,29.8,80.1,1,-1,-1,-1
570,43,572.4,160.7,28.0,76.1,1,-1,-1,-1
570,46,33.2,176.2,33.0,69.1,1,-1,-1,-1
570,48,175.9,344.2,73.8,216.6,1,-1,-1,-1
570,50,648.2,307.1,24.0,43.0,1,-1,-1,-1
571,37,339.7,145.8,29.9,80.0,1,-1,-1,-1
571,43,568.6,161.8,29.4,75.3,1,-1,-1,-1
571,46,26.5,176.2,26.7,69.0,1,-1,-1,-1
571,48,172.5,343.9,67.6,219.7,1,-1,-1,-1
571,50,648.0,307.8,24.0,38.1,1,-1,-1,-1
572,37,337.1,145.9,30.0,79.3,1,-1,-1,-1
572,43,566.1,162.1,31.2,75.1,1,-1,-1,-1
572,46,18.7,176.1,30.4,69.0,1,-1,-1,-1
572,48,168.8,343.2,70.7,221.3,1,-1,-1,-1
573,37,335.1,145.3,28.6,77.7,1,-1,-1,-1
573,43,564.2,162.8,33.9,75.0,1,-1,-1,-1
573,46,11.9,176.7,35.7,68.3,1,-1,-1,-1
573,48,164.8,342.2,80.0,222.5,1,-1,-1,-1
573,52,735.0,244.3,32.3,99.1,1,-1,-1,-1
574,37,329.1,143.6,25.4,78.6,1,-1,-1,-1
574,43,564.4,164.5,34.7,77.8,1,-1,-1,-1
574,46,8.0,177.0,35.2,67.4,1,-1,-1,-1
574,48,160.7,341.2,88.4,231.2,1,-1,-1,-1
574,52,730.0,240.5,37.0,99.0,1,-1,-1,-1
575,37,322.4,142.9,28.6,78.9,1,-1,-1,-1
575,43,566.3,165.8,33.5,77.9,1,-1,-1,-1
575,46,1.7,176.4,35.1,67.8,1,-1,-1,-1
575,48,158.8,340.9,90.2,233.9,1,-1,-1,-1
575,52,725.6,237.4,33.5,100.4,1,-1,-1,-1
576,37,316.0,143.5,33.1,77.6,1,-1,-1,-1
576,43,567.8,166.2,33.8,78.0,1,-1,-1,-1
576,46,-0.6,175.3,28.7,68.6,1,-1,-1,-1
576,48,158.6,340.2,90.8,235.4,1,-1,-1,-1
576,52,720.2,236.6,32.5,100.8,1,-1,-1,-1
577,37,305.1,144.0,38.6,76.5,1,-1,-1,-1
577,43,570.3,166.1,33.3,78.7,1,-1,-1,-1
577,46,-0.6,176.3,23.3,68.9,1,-1,-1,-1
577,48,161.6,340.6,90.2,235.1,1,-1,-1,-1
577,52,707.9,236.0,37.7,100.9,1,-1,-1,-1
578,37,301.0,143.4,31.9,76.8,1,-1,-1,-1
578,43,572.6,167.4,32.4,80.3,1,-1,-1,-1
578,46,-0.2,177.7,21.7,66.9,1,-1,-1,-1
578,48,165.9,399.1,69.8,176.9,1,-1,-1,-1
578,52,701.6,235.2,38.6,98.2,1,-1,-1,-1
579,37,297.5,142.3,27.8,77.0,1,-1,-1,-1
579,43,574.0,168.8,33.5,81.5,1,-1,-1,-1
579,46,0.0,179.5,20.5,64.9,1,-1,-1,-1
579,48,169.5,427.2,63.6,158.8,1,-1,-1,-1
579,52,696.6,232.8,37.5,98.1,1,-1,-1,-1
580,37,293.0,142.6,29.3,77.0,1,-1,-1,-1
580,43,575.6,170.6,36.7,80.4,1,-1,-1,-1
580,46,0.0,186.5,18.1,57.3,1,-1,-1,-1
580,48,174.0,430.8,59.7,153.3,1,-1,-1,-1
580,52,689.7,230.4,37.8,99.4,1,-1,-1,-1
580,53,213.9,336.2,52.4,136.3,1,-1,-1,-1
581,37,288.7,143.6,30.5,75.6,1,-1,-1,-1
581,43,579.0,171.2,41.1,80.1,1,-1,-1,-1
581,52,678.2,229.7,40.8,97.0,1,-1,-1,-1
581,53,193.7,335.1,83.6,209.6,1,-1,-1,-1
582,37,284.0,143.4,30.1,73.8,1,-1,-1,-1
582,43,581.7,171.9,41.7,81.4,1,-1,-1,-1
582,48,183.3,429.6,69.0,150.3,1,-1,-1,-1
582,52,671.2,229.1,40.9,94.9,1,-1,-1,-1
583,37,279.7,143.1,26.5,73.9,1,-1,-1,-1
583,43,585.2,173.5,39.1,81.8,1,-1,-1,-1
583,48,188.4,425.1,69.7,151.5,1,-1,-1,-1
583,52,668.4,226.8,37.5,95.7,1,-1,-1,-1
584,37,271.4,143.0,29.0,74.7,1,-1,-1,-1
584,43,590.6,175.5,37.6,82.6,1,-1,-1,-1
584,48,205.9,355.6,100.7,219.7,1,-1,-1,-1
584,52,652.9,223.8,44.1,101.5,1,-1,-1,-1
585,37,264.1,143.7,31.8,72.1,1,-1,-1,-1
585,43,595.3,176.2,38.6,82.9,1,-1,-1,-1
585,48,217.4,324.4,109.3,239.5,1,-1,-1,-1
585,52,645.4,222.7,43.3,102.6,1,-1,-1,-1
586,37,259.2,144.0,33.3,73.4,1,-1,-1,-1
586,43,598.7,176.9,41.0,82.3,1,-1,-1,-1
586,48,224.8,320.5,107.7,246.2,1,-1,-1,-1
586,52,644.5,222.7,41.0,103.6,1,-1,-1,-1
587,37,251.9,143.4,29.6,74.5,1,-1,-1,-1
587,43,603.7,180.6,42.4,84.9,1,-1,-1,-1
587,48,231.9,393.5,72.2,178.8,1,-1,-1,-1
587,52,644.6,220.8,37.5,105.3,1,-1,-1,-1
588,37,245.1,142.3,27.8,75.6,1,-1,-1,-1
588,43,607.6,183.6,58.9,124.9,1,-1,-1,-1
588,48,236.0,428.8,60.9,158.7,1,-1,-1,-1
589,37,240.3,142.6,30.0,74.5,1,-1,-1,-1
589,43,610.7,184.4,60.4,137.6,1,-1,-1,-1
589,48,241.7,434.6,56.1,151.2,1,-1,-1,-1
589,55,302.7,321.0,61.4,128.3,1,-1,-1,-1
590,37,235.0,142.9,32.8,72.7,1,-1,-1,-1
590,43,616.3,186.4,50.3,138.6,1,-1,-1,-1
590,48,253.4,433.3,63.0,146.9,1,-1,-1,-1
590,55,323.7,318.2,47.8,125.3,1,-1,-1,-1
591,37,230.6,143.0,29.4,73.6,1,-1,-1,-1
591,43,619.2,189.3,47.3,137.5,1,-1,-1,-1
591,48,258.7,431.5,67.9,145.6,1,-1,-1,-1
591,55,340.8,315.5,43.7,123.7,1,-1,-1,-1
592,37,227.3,142.3,24.9,72.5,1,-1,-1,-1
592,43,619.6,191.7,42.9,120.3,1,-1,-1,-1
592,48,259.9,430.8,65.2,145.2,1,-1,-1,-1
592,55,349.6,314.0,51.6,123.2,1,-1,-1,-1
593,37,220.9,142.0,25.7,73.5,1,-1,-1,-1
593,43,613.7,192.3,59.8,114.5,1,-1,-1,-1
593,48,260.2,430.8,53.2,145.1,1,-1,-1,-1
593,55,352.9,315.8,67.3,120.3,1,-1,-1,-1
594,37,215.7,142.6,28.7,73.2,1,-1,-1,-1
594,43,605.2,193.6,72.5,110.7,1,-1,-1,-1
594,48,260.1,430.9,49.5,145.0,1,-1,-1,-1
594,55,359.9,317.7,65.7,117.3,1,-1,-1,-1
595,37,212.2,143.0,31.0,73.7,1,-1,-1,-1
595,43,600.8,204.6,44.9,98.3,1,-1,-1,-1
595,48,259.3,431.0,49.9,145.0,1,-1,-1,-1
595,52,640.9,200.8,42.8,93.9,1,-1,-1,-1
595,55,377.3,315.4,52.6,119.2,1,-1,-1,-1
596,37,209.3,143.1,29.6,71.8,1,-1,-1,-1
596,43,595.9,208.2,38.7,93.9,1,-1,-1,-1
596,48,259.7,431.7,50.0,144.3,1,-1,-1,-1
596,52,641.6,196.7,42.2,91.2,1,-1,-1,-1
596,55,387.1,312.0,56.4,121.9,1,-1,-1,-1
597,37,205.1,143.0,29.2,72.6,1,-1,-1,-1
597,43,589.5,207.3,39.6,92.6,1,-1,-1,-1
597,48,260.0,432.0,50.7,144.1,1,-1,-1,-1
597,52,644.1,197.5,42.8,89.6,1,-1,-1,-1
597,55,390.9,310.0,65.9,123.4,1,-1,-1,-1
598,37,198.0,143.0,27.7,72.9,1,-1,-1,-1
598,43,577.5,205.6,44.8,90.8,1,-1,-1,-1
598,48,262.8,431.4,56.5,144.7,1,-1,-1,-1
598,52,649.4,200.8,41.5,89.2,1,-1,-1,-1
598,55,405.7,308.2,65.3,124.5,1,-1,-1,-1
599,37,194.0,143.0,28.6,73.0,1,-1,-1,-1
599,43,570.9,204.2,44.2,88.1,1,-1,-1,-1
599,48,266.2,431.0,57.6,144.9,1,-1,-1,-1
599,52,654.2,203.6,41.2,90.5,1,-1,-1,-1
599,55,423.2,305.0,53.9,122.1,1,-1,-1,-1
600,37,192.6,143.7,28.9,71.6,1,-1,-1,-1
600,43,569.1,201.7,40.6,88.0,1,-1,-1,-1
600,48,270.9,430.9,56.5,145.0,1,-1,-1,-1
600,52,658.4,206.5,39.6,90.1,1,-1,-1,-1
600,55,439.4,302.3,43.5,120.6,1,-1,-1,-1
601,37,189.1,142.6,26.9,72.6,1,-1,-1,-1
601,43,568.0,198.7,33.2,90.1,1,-1,-1,-1
601,48,278.8,429.6,52.6,146.4,1,-1,-1,-1
601,52,665.9,207.4,43.4,90.0,1,-1,-1,-1
601,55,451.8,300.9,52.2,120.2,1,-1,-1,-1
602,37,185.6,142.0,22.1,73.6,1,-1,-1,-1
602,43,562.9,197.7,32.4,90.7,1,-1,-1,-1
602,48,286.6,428.2,51.5,147.5,1,-1,-1,-1
602,52,671.5,208.0,43.8,92.1,1,-1,-1,-1
602,55,455.5,300.7,57.7,119.4,1,-1,-1,-1
603,37,182.5,141.2,20.6,74.6,1,-1,-1,-1
603,43,557.2,197.7,33.5,89.5,1,-1,-1,-1
603,48,291.8,425.7,53.2,150.0,1,-1,-1,-1
603,52,675.6,209.5,42.5,94.1,1,-1,-1,-1
603,55,456.6,300.9,57.2,118.4,1,-1,-1,-1
604,37,175.3,141.6,26.5,73.5,1,-1,-1,-1
604,43,548.4,195.1,34.6,88.5,1,-1,-1,-1
604,48,295.7,424.1,71.3,151.4,1,-1,-1,-1
604,52,681.5,213.6,41.5,93.3,1,-1,-1,-1
604,55,471.1,298.2,47.3,118.1,1,-1,-1,-1
605,37,171.0,142.7,28.9,72.4,1,-1,-1,-1
605,43,537.5,193.9,38.4,88.1,1,-1,-1,-1
605,48,300.8,424.4,74.6,151.1,1,-1,-1,-1
605,52,685.7,216.0,43.2,92.4,1,-1,-1,-1
605,55,480.5,295.5,48.5,119.4,1,-1,-1,-1
606,37,163.9,141.7,30.4,72.1,1,-1,-1,-1
606,43,528.2,193.0,40.2,87.3,1,-1,-1,-1
606,48,307.4,425.6,67.2,150.3,1,-1,-1,-1
606,52,691.6,218.5,39.6,94.9,1,-1,-1,-1
606,55,490.9,295.4,49.5,119.1,1,-1,-1,-1
607,37,159.2,140.3,27.3,72.7,1,-1,-1,-1
607,43,524.3,192.2,39.4,85.0,1,-1,-1,-1
607,48,312.5,426.8,62.2,149.4,1,-1,-1,-1
607,52,696.4,221.4,39.9,95.7,1,-1,-1,-1
607,55,500.5,295.1,45.7,117.6,1,-1,-1,-1
608,37,156.1,139.9,26.4,72.9,1,-1,-1,-1
608,43,523.4,190.5,36.3,86.4,1,-1,-1,-1
608,48,322.8,428.5,57.8,147.7,1,-1,-1,-1
608,52,699.8,223.7,42.1,95.2,1,-1,-1,-1
608,55,512.4,291.5,38.9,117.2,1,-1,-1,-1
608,57,0.0,184.1,19.3,69.4,1,-1,-1,-1
609,37,152.7,140.6,27.5,72.3,1,-1,-1,-1
609,43,522.2,188.5,30.5,88.9,1,-1,-1,-1
609,48,333.2,426.4,58.0,150.0,1,-1,-1,-1
609,52,707.5,225.0,47.6,95.1,1,-1,-1,-1
609,55,523.3,288.4,44.6,118.5,1,-1,-1,-1
609,57,0.0,182.9,23.3,71.2,1,-1,-1,-1
610,37,150.2,141.0,27.9,71.4,1,-1,-1,-1
610,43,517.7,187.8,30.1,87.6,1,-1,-1,-1
610,48,340.5,425.0,58.0,150.7,1,-1,-1,-1
610,52,712.7,226.6,48.6,97.1,1,-1,-1,-1
610,55,526.4,290.4,55.4,115.3,1,-1,-1,-1
610,57,0.0,182.0,31.5,71.8,1,-1,-1,-1
611,37,147.5,139.7,25.9,71.1,1,-1,-1,-1
611,43,510.8,187.8,32.1,86.5,1,-1,-1,-1
611,48,345.6,424.8,55.2,150.9,1,-1,-1,-1
611,52,715.9,228.6,48.2,99.1,1,-1,-1,-1
611,55,526.7,291.8,60.0,112.3,1,-1,-1,-1
611,57,4.9,182.6,34.6,71.2,1,-1,-1,-1
612,37,145.3,138.3,23.9,72.4,1,-1,-1,-1
612,43,506.2,187.2,34.1,86.1,1,-1,-1,-1
612,48,350.3,424.9,52.3,151.0,1,-1,-1,-1
612,52,718.7,231.3,48.1,99.7,1,-1,-1,-1
612,55,534.0,284.5,52.3,117.0,1,-1,-1,-1
612,57,9.3,183.0,34.2,71.1,1,-1,-1,-1
613,37,141.2,138.5,24.7,71.4,1,-1,-1,-1
613,43,496.9,183.5,34.7,83.9,1,-1,-1,-1
613,48,357.9,424.3,50.7,151.7,1,-1,-1,-1
613,52,724.3,234.4,43.8,97.1,1,-1,-1,-1
613,55,552.7,273.8,41.6,124.7,1,-1,-1,-1
613,57,17.6,181.0,27.1,71.0,1,-1,-1,-1
614,37,137.5,137.5,26.3,72.5,1,-1,-1,-1
614,43,489.0,181.1,38.4,84.7,1,-1,-1,-1
614,48,362.8,423.3,51.6,152.6,1,-1,-1,-1
614,52,728.6,236.0,40.4,96.3,1,-1,-1,-1
614,55,561.8,274.2,39.8,122.8,1,-1,-1,-1
614,57,23.5,179.9,26.3,71.0,1,-1,-1,-1
615,37,135.1,137.7,26.8,72.2,1,-1,-1,-1
615,43,484.1,180.6,40.2,84.2,1,-1,-1,-1
615,48,365.9,422.9,51.2,152.9,1,-1,-1,-1
615,52,732.4,237.7,36.6,98.9,1,-1,-1,-1
615,55,564.3,279.7,39.9,118.7,1,-1,-1,-1
615,57,27.7,179.1,30.3,71.7,1,-1,-1,-1
616,37,131.8,137.9,26.9,72.0,1,-1,-1,-1
616,43,479.7,178.7,40.1,81.3,1,-1,-1,-1
616,48,367.9,422.2,51.1,153.7,1,-1,-1,-1
616,52,738.4,241.7,30.6,97.6,1,-1,-1,-1
616,55,568.1,276.6,39.3,114.0,1,-1,-1,-1
616,57,32.9,181.0,35.7,69.1,1,-1,-1,-1
617,37,130.0,137.3,24.2,73.4,1,-1,-1,-1
617,43,477.7,175.8,36.5,83.9,1,-1,-1,-1
617,48,369.7,421.9,51.0,153.9,1,-1,-1,-1
617,52,744.1,248.2,25.3,92.3,1,-1,-1,-1
617,55,570.8,272.9,39.1,112.6,1,-1,-1,-1
617,57,37.4,182.0,35.2,68.3,1,-1,-1,-1
618,37,128.3,137.0,20.6,73.1,1,-1,-1,-1
618,43,474.8,174.0,30.6,84.0,1,-1,-1,-1
618,48,372.3,422.6,53.8,153.3,1,-1,-1,-1
618,52,751.3,258.3,18.1,59.2,1,-1,-1,-1
618,55,573.5,269.5,39.0,112.9,1,-1,-1,-1
618,57,49.1,180.1,28.1,70.2,1,-1,-1,-1
618,58,628.0,301.6,34.0,101.1,1,-1,-1,-1
619,37,125.0,137.6,22.3,72.3,1,-1,-1,-1
619,43,468.8,174.4,30.9,82.6,1,-1,-1,-1
619,48,374.0,422.3,55.3,153.8,1,-1,-1,-1
619,52,755.9,266.2,13.8,46.5,1,-1,-1,-1
619,55,575.7,267.2,39.0,112.3,1,-1,-1,-1
619,57,57.4,179.0,29.4,70.8,1,-1,-1,-1
619,58,623.5,298.8,30.5,102.4,1,-1,-1,-1
620,37,123.7,138.0,22.8,72.1,1,-1,-1,-1
620,43,463.7,174.2,33.1,82.2,1,-1,-1,-1
620,48,372.9,421.3,58.6,154.6,1,-1,-1,-1
620,55,577.0,263.8,62.8,130.3,1,-1,-1,-1
620,57,62.1,178.8,34.0,70.9,1,-1,-1,-1
621,37,122.3,138.1,24.3,72.0,1,-1,-1,-1
621,43,459.5,174.0,34.4,80.7,1,-1,-1,-1
621,48,372.1,420.2,59.6,155.6,1,-1,-1,-1
621,55,577.9,260.6,69.2,137.1,1,-1,-1,-1
621,57,64.3,178.2,34.7,70.3,1,-1,-1,-1
622,37,119.0,138.0,25.5,72.0,1,-1,-1,-1
622,43,449.3,173.3,36.2,78.1,1,-1,-1,-1
622,48,370.5,417.1,57.1,158.7,1,-1,-1,-1
622,55,578.1,258.2,68.4,139.8,1,-1,-1,-1
622,57,72.9,175.9,26.5,70.8,1,-1,-1,-1
623,37,117.0,138.0,25.2,72.0,1,-1,-1,-1
623,43,443.1,172.3,36.8,78.0,1,-1,-1,-1
623,48,368.5,414.4,56.3,161.0,1,-1,-1,-1
623,55,580.9,255.5,61.8,139.2,1,-1,-1,-1
623,57,79.4,174.2,26.9,71.6,1,-1,-1,-1
624,37,116.0,138.0,24.3,72.0,1,-1,-1,-1
624,43,440.5,171.2,36.2,77.3,1,-1,-1,-1
624,48,365.0,411.5,56.1,163.8,1,-1,-1,-1
624,55,585.6,251.9,53.5,139.1,1,-1,-1,-1
624,57,83.8,174.4,31.9,71.2,1,-1,-1,-1
625,43,439.0,169.5,34.7,76.4,1,-1,-1,-1
625,48,360.9,409.3,58.1,166.0,1,-1,-1,-1
625,55,588.8,248.5,46.2,141.1,1,-1,-1,-1
625,57,87.5,149.0,44.6,96.3,1,-1,-1,-1
626,43,437.3,166.0,28.6,79.6,1,-1,-1,-1
626,48,357.4,405.2,57.3,159.0,1,-1,-1,-1
626,55,586.7,246.2,51.6,142.4,1,-1,-1,-1
626,57,94.1,136.2,40.7,103.1,1,-1,-1,-1
627,43,435.4,165.4,26.1,78.5,1,-1,-1,-1
627,48,355.8,402.9,58.5,157.6,1,-1,-1,-1
627,55,583.1,245.6,57.5,133.0,1,-1,-1,-1
627,57,99.4,134.5,36.7,104.4,1,-1,-1,-1
628,43,432.7,165.7,24.6,76.7,1,-1,-1,-1
628,48,355.0,402.6,59.6,157.2,1,-1,-1,-1
628,55,578.9,243.7,62.0,133.7,1,-1,-1,-1
628,57,102.9,135.9,33.4,105.5,1,-1,-1,-1
629,43,429.6,166.0,22.8,50.3,1,-1,-1,-1
629,48,354.8,400.7,59.2,156.4,1,-1,-1,-1
629,55,569.8,238.7,77.4,136.0,1,-1,-1,-1
629,57,109.2,136.9,33.1,105.2,1,-1,-1,-1
630,48,354.9,399.2,59.0,150.5,1,-1,-1,-1
630,55,565.6,261.1,49.8,112.2,1,-1,-1,-1
630,57,113.0,137.1,31.6,104.3,1,-1,-1,-1
631,43,411.3,163.3,34.1,45.2,1,-1,-1,-1
631,48,352.2,395.3,61.8,149.5,1,-1,-1,-1
631,55,557.4,268.4,42.2,101.6,1,-1,-1,-1
631,57,114.4,137.1,31.2,102.0,1,-1,-1,-1
632,43,402.6,161.9,35.4,43.7,1,-1,-1,-1
632,48,350.9,393.0,62.6,150.5,1,-1,-1,-1
632,55,551.5,266.7,40.0,99.8,1,-1,-1,-1
632,57,113.7,137.0,37.4,100.6,1,-1,-1,-1
632,60,621.3,231.1,40.4,99.2,1,-1,-1,-1
633,43,399.2,161.0,30.2,46.0,1,-1,-1,-1
633,48,350.0,391.9,55.9,150.9,1,-1,-1,-1
633,55,547.3,264.5,38.6,98.5,1,-1,-1,-1
633,57,113.1,137.7,46.9,99.5,1,-1,-1,-1
633,60,623.9,228.3,40.1,97.7,1,-1,-1,-1
634,43,398.4,160.1,28.7,66.3,1,-1,-1,-1
634,48,346.4,390.4,55.3,151.7,1,-1,-1,-1
634,55,544.2,262.4,36.8,99.6,1,-1,-1,-1
634,57,112.9,138.0,51.9,98.4,1,-1,-1,-1
634,60,625.8,226.2,40.0,97.2,1,-1,-1,-1
635,43,398.7,159.2,25.4,70.3,1,-1,-1,-1
635,48,340.6,388.4,57.2,151.9,1,-1,-1,-1
635,55,540.7,258.9,36.2,99.9,1,-1,-1,-1
635,57,112.9,138.8,54.1,96.7,1,-1,-1,-1
635,60,627.7,225.7,40.7,97.1,1,-1,-1,-1
636,43,396.1,158.9,23.7,75.0,1,-1,-1,-1
636,48,336.4,387.1,57.8,151.3,1,-1,-1,-1
636,55,536.8,256.3,36.1,96.5,1,-1,-1,-1
636,57,113.0,139.1,54.7,95.5,1,-1,-1,-1
636,60,630.3,225.1,40.9,97.0,1,-1,-1,-1
637,43,389.3,158.9,27.4,75.7,1,-1,-1,-1
637,48,334.7,384.0,53.7,146.9,1,-1,-1,-1
637,55,525.7,254.2,39.5,95.4,1,-1,-1,-1
637,57,112.3,139.1,33.9,79.1,1,-1,-1,-1
637,60,636.2,220.7,40.3,92.8,1,-1,-1,-1
638,43,385.1,158.3,27.1,74.5,1,-1,-1,-1
638,48,333.9,382.8,53.2,145.6,1,-1,-1,-1
638,55,520.5,252.3,38.5,95.8,1,-1,-1,-1
638,57,112.7,139.7,27.7,74.8,1,-1,-1,-1
638,60,639.9,216.7,40.1,94.3,1,-1,-1,-1
639,43,380.8,158.0,26.3,74.2,1,-1,-1,-1
639,48,333.1,382.7,55.9,145.2,1,-1,-1,-1
639,55,515.7,249.6,37.4,93.8,1,-1,-1,-1
639,57,113.0,140.7,26.5,72.8,1,-1,-1,-1
639,60,639.9,214.8,42.1,94.8,1,-1,-1,-1
639,61,156.8,163.0,32.5,71.0,1,-1,-1,-1
640,43,373.9,157.9,28.2,73.3,1,-1,-1,-1
640,48,332.9,382.9,57.4,145.1,1,-1,-1,-1
640,55,511.6,247.3,37.1,94.0,1,-1,-1,-1
640,57,113.7,141.8,25.5,73.0,1,-1,-1,-1
640,60,640.0,214.6,42.0,94.2,1,-1,-1,-1
640,61,159.4,162.3,32.1,70.3,1,-1,-1,-1
641,43,364.4,158.7,31.6,72.4,1,-1,-1,-1
641,48,333.6,382.3,56.4,145.7,1,-1,-1,-1
641,55,505.5,246.0,35.6,94.0,1,-1,-1,-1
641,57,115.5,142.1,25.8,73.0,1,-1,-1,-1
641,60,640.0,211.3,42.0,89.2,1,-1,-1,-1
641,61,169.4,160.6,23.6,70.8,1,-1,-1,-1
642,43,359.6,158.3,32.6,71.4,1,-1,-1,-1
642,48,334.7,382.0,55.4,145.2,1,-1,-1,-1
642,55,500.6,244.4,34.5,92.6,1,-1,-1,-1
642,57,117.5,142.1,25.3,73.0,1,-1,-1,-1
642,60,640.0,207.7,42.0,90.5,1,-1,-1,-1
642,61,176.4,159.9,25.3,70.2,1,-1,-1,-1
643,43,358.3,156.6,28.7,72.5,1,-1,-1,-1
643,48,335.1,381.9,55.8,145.1,1,-1,-1,-1
643,55,497.2,242.4,34.1,91.5,1,-1,-1,-1
643,57,118.9,142.7,25.8,73.0,1,-1,-1,-1
643,60,640.7,205.9,41.3,91.5,1,-1,-1,-1
643,61,180.2,159.8,31.4,70.1,1,-1,-1,-1
644,43,356.5,155.9,25.4,72.9,1,-1,-1,-1
644,48,335.1,382.0,56.6,145.0,1,-1,-1,-1
644,55,493.7,239.7,34.7,90.4,1,-1,-1,-1
644,57,120.6,143.0,25.9,74.4,1,-1,-1,-1
644,60,641.0,205.6,41.1,92.6,1,-1,-1,-1
644,61,182.1,159.9,33.2,69.3,1,-1,-1,-1
645,43,353.0,155.8,23.7,74.4,1,-1,-1,-1
645,48,335.7,381.3,56.2,142.9,1,-1,-1,-1
645,55,488.4,238.0,36.3,90.1,1,-1,-1,-1
645,57,122.6,143.8,26.0,73.4,1,-1,-1,-1
645,60,640.4,205.1,41.7,92.9,1,-1,-1,-1
645,61,185.9,159.3,30.3,69.1,1,-1,-1,-1
646,43,347.5,155.9,26.0,73.4,1,-1,-1,-1
646,48,337.4,379.6,55.4,141.6,1,-1,-1,-1
646,55,484.4,237.0,36.1,89.3,1,-1,-1,-1
646,57,124.6,144.8,26.0,73.1,1,-1,-1,-1
646,60,638.6,202.9,43.3,89.5,1,-1,-1,-1
646,61,192.2,158.3,25.2,69.7,1,-1,-1,-1
647,43,342.7,156.7,29.5,72.4,1,-1,-1,-1
647,48,338.1,378.2,55.8,141.9,1,-1,-1,-1
647,55,480.6,235.4,36.0,90.5,1,-1,-1,-1
647,57,127.3,144.4,23.9,74.4,1,-1,-1,-1
647,60,638.6,199.8,41.7,85.6,1,-1,-1,-1
647,61,197.4,157.2,23.0,70.6,1,-1,-1,-1
648,43,336.5,156.3,27.8,72.8,1,-1,-1,-1
648,48,338.2,376.4,55.9,143.4,1,-1,-1,-1
648,55,474.6,230.6,36.0,89.5,1,-1,-1,-1
648,57,131.8,144.1,23.3,74.1,1,-1,-1,-1
648,60,641.0,196.6,37.0,88.0,1,-1,-1,-1
648,61,203.6,156.9,30.0,70.2,1,-1,-1,-1
649,43,330.8,156.0,25.1,72.9,1,-1,-1,-1
649,48,336.7,374.4,55.3,145.2,1,-1,-1,-1
649,55,470.3,228.7,36.0,89.1,1,-1,-1,-1
649,57,134.8,144.7,25.9,74.0,1,-1,-1,-1
649,60,642.1,195.6,34.2,88.7,1,-1,-1,-1
649,61,207.8,156.9,30.7,69.4,1,-1,-1,-1
650,43,323.7,156.0,27.1,72.3,1,-1,-1,-1
650,48,334.5,372.4,53.7,146.5,1,-1,-1,-1
650,55,468.6,227.1,35.3,89.7,1,-1,-1,-1
650,57,136.9,145.0,28.1,74.7,1,-1,-1,-1
650,60,640.8,195.0,33.4,89.6,1,-1,-1,-1
650,61,214.3,156.3,25.3,68.4,1,-1,-1,-1
651,43,317.7,156.7,30.5,72.1,1,-1,-1,-1
651,48,332.4,369.7,51.8,147.5,1,-1,-1,-1
651,55,467.2,225.4,35.1,89.9,1,-1,-1,-1
651,57,139.4,145.8,26.6,75.6,1,-1,-1,-1
651,60,637.9,193.5,33.8,85.0,1,-1,-1,-1
651,61,219.4,155.3,22.3,68.8,1,-1,-1,-1
652,43,312.7,156.3,30.9,72.7,1,-1,-1,-1
652,48,328.9,366.6,51.9,142.3,1,-1,-1,-1
652,55,465.4,221.3,35.0,86.5,1,-1,-1,-1
652,57,143.1,145.4,26.9,75.9,1,-1,-1,-1
652,60,631.9,189.4,38.1,85.7,1,-1,-1,-1
652,61,226.3,154.9,28.4,68.9,1,-1,-1,-1
653,43,309.9,156.0,26.8,73.6,1,-1,-1,-1
653,48,326.3,364.3,52.7,141.4,1,-1,-1,-1
653,55,463.4,219.0,35.7,86.8,1,-1,-1,-1
653,57,145.8,145.7,28.4,75.3,1,-1,-1,-1
653,60,628.8,187.7,38.7,85.9,1,-1,-1,-1
653,61,230.1,154.9,30.2,67.6,1,-1,-1,-1
654,43,306.7,155.3,21.3,71.8,1,-1,-1,-1
654,48,324.2,363.0,53.6,141.8,1,-1,-1,-1
654,55,462.1,217.9,35.2,84.9,1,-1,-1,-1
654,57,148.5,146.0,28.8,76.5,1,-1,-1,-1
654,60,626.3,186.9,39.6,86.7,1,-1,-1,-1
654,61,234.9,154.3,26.6,67.2,1,-1,-1,-1
655,43,301.4,155.6,23.2,72.6,1,-1,-1,-1
655,48,323.0,362.1,53.9,142.6,1,-1,-1,-1
655,55,460.4,215.7,35.1,87.1,1,-1,-1,-1
655,57,152.1,146.7,26.8,76.8,1,-1,-1,-1
655,60,624.2,186.8,39.9,85.5,1,-1,-1,-1
655,61,240.0,154.0,23.4,67.1,1,-1,-1,-1
656,43,295.3,156.7,28.0,71.5,1,-1,-1,-1
656,48,322.1,361.2,53.3,141.5,1,-1,-1,-1
656,55,458.4,213.4,35.7,84.9,1,-1,-1,-1
656,57,155.5,147.8,28.4,75.6,1,-1,-1,-1
656,60,623.0,184.8,39.3,83.1,1,-1,-1,-1
656,61,245.1,153.2,22.4,67.7,1,-1,-1,-1
657,43,290.5,157.1,30.8,71.1,1,-1,-1,-1
657,48,321.2,359.5,51.0,139.0,1,-1,-1,-1
657,55,457.1,211.3,35.9,84.3,1,-1,-1,-1
657,57,158.5,148.1,28.1,75.9,1,-1,-1,-1
657,60,624.2,181.8,35.6,80.9,1,-1,-1,-1
657,61,249.4,153.6,28.4,67.2,1,-1,-1,-1
658,48,317.4,358.2,51.0,137.6,1,-1,-1,-1
658,55,456.8,210.7,35.3,84.1,1,-1,-1,-1
658,57,162.9,148.1,24.5,75.3,1,-1,-1,-1
658,60,624.2,179.3,33.8,83.1,1,-1,-1,-1
658,61,252.0,154.0,52.6,72.0,1,-1,-1,-1
658,62,721.7,306.2,45.1,114.1,1,-1,-1,-1
659,48,310.2,357.1,54.5,137.9,1,-1,-1,-1
659,55,457.6,209.4,34.4,83.3,1,-1,-1,-1
659,57,167.2,147.3,22.8,76.5,1,-1,-1,-1
659,60,623.4,178.7,31.8,83.7,1,-1,-1,-1
659,61,258.8,153.3,48.7,74.1,1,-1,-1,-1
659,62,718.5,302.1,39.4,117.5,1,-1,-1,-1
660,48,299.7,356.8,60.4,138.0,1,-1,-1,-1
660,55,458.7,205.4,34.8,83.1,1,-1,-1,-1
660,57,173.4,147.7,29.2,76.1,1,-1,-1,-1
660,60,619.5,178.1,31.2,83.2,1,-1,-1,-1
660,61,266.4,151.6,39.8,76.1,1,-1,-1,-1
660,62,695.2,299.2,49.6,119.3,1,-1,-1,-1
661,48,292.5,355.5,65.0,137.3,1,-1,-1,-1
661,55,459.8,203.0,34.2,81.6,1,-1,-1,-1
661,57,176.3,148.7,32.6,75.3,1,-1,-1,-1
661,60,615.0,176.5,31.8,81.0,1,-1,-1,-1
661,61,266.8,151.6,37.8,75.3,1,-1,-1,-1
661,62,684.0,295.7,44.3,118.4,1,-1,-1,-1
662,48,286.0,353.5,67.1,135.0,1,-1,-1,-1
662,55,460.1,201.9,34.1,81.9,1,-1,-1,-1
662,57,178.0,149.1,32.2,75.1,1,-1,-1,-1
662,60,610.0,174.5,33.3,80.3,1,-1,-1,-1
662,61,265.6,151.9,40.1,75.1,1,-1,-1,-1
662,62,675.7,291.8,38.5,117.4,1,-1,-1,-1
663,48,279.9,351.4,62.1,133.6,1,-1,-1,-1
663,55,460.1,201.1,33.3,81.3,1,-1,-1,-1
663,57,183.2,148.4,27.2,75.7,1,-1,-1,-1
663,60,604.9,173.1,35.9,81.5,1,-1,-1,-1
663,61,265.0,152.0,41.4,75.0,1,-1,-1,-1
663,62,659.0,289.9,45.1,116.4,1,-1,-1,-1
664,43,283.5,153.4,26.7,68.9,1,-1,-1,-1
664,48,272.6,348.7,56.4,136.0,1,-1,-1,-1
664,55,459.3,197.4,33.1,81.8,1,-1,-1,-1
664,57,189.6,148.7,28.4,78.0,1,-1,-1,-1
664,60,598.5,172.1,37.4,81.1,1,-1,-1,-1
664,61,262.1,153.4,28.5,74.3,1,-1,-1,-1
664,62,644.2,286.8,47.8,113.3,1,-1,-1,-1
665,43,293.2,150.8,26.9,68.3,1,-1,-1,-1
665,48,268.8,347.7,52.6,136.0,1,-1,-1,-1
665,55,459.0,195.1,33.0,80.5,1,-1,-1,-1
665,57,193.8,150.4,28.8,76.6,1,-1,-1,-1
665,60,594.2,171.8,37.8,80.3,1,-1,-1,-1
665,61,258.0,154.8,24.7,72.7,1,-1,-1,-1
665,62,636.5,286.4,39.6,110.3,1,-1,-1,-1
666,43,301.1,150.5,27.7,67.4,1,-1,-1,-1
666,48,264.7,345.6,50.1,136.0,1,-1,-1,-1
666,55,459.6,194.6,33.0,78.8,1,-1,-1,-1
666,57,198.9,151.8,26.9,76.9,1,-1,-1,-1
666,60,591.9,168.4,33.0,79.4,1,-1,-1,-1
666,61,251.7,154.5,25.6,71.5,1,-1,-1,-1
666,62,619.4,282.5,43.4,112.2,1,-1,-1,-1
667,43,307.3,150.1,25.1,66.4,1,-1,-1,-1
667,48,259.3,344.1,49.3,133.2,1,-1,-1,-1
667,55,461.4,192.7,33.0,79.6,1,-1,-1,-1
667,57,202.7,151.5,24.9,77.7,1,-1,-1,-1
667,60,590.9,166.1,29.5,79.1,1,-1,-1,-1
667,61,245.2,154.8,27.3,70.5,1,-1,-1,-1
667,62,609.1,278.0,41.0,112.1,1,-1,-1,-1
668,43,313.1,150.0,22.9,66.8,1,-1,-1,-1
668,48,253.9,343.1,44.9,131.7,1,-1,-1,-1
668,55,462.8,189.8,33.0,78.5,1,-1,-1,-1
668,57,205.7,150.4,26.4,78.6,1,-1,-1,-1
668,60,588.7,164.9,28.5,79.7,1,-1,-1,-1
668,61,239.7,155.0,31.3,70.1,1,-1,-1,-1
668,62,600.9,275.1,38.2,109.2,1,-1,-1,-1
669,43,316.9,149.3,22.3,68.3,1,-1,-1,-1
669,48,249.5,342.1,45.0,129.8,1,-1,-1,-1
669,55,463.9,187.3,33.0,77.4,1,-1,-1,-1
669,60,580.1,165.5,33.7,79.2,1,-1,-1,-1
669,61,217.9,152.2,50.7,76.3,1,-1,-1,-1
669,62,586.2,273.8,43.0,108.4,1,-1,-1,-1
670,43,322.5,149.7,27.0,68.1,1,-1,-1,-1
670,48,229.5,342.6,60.4,129.2,1,-1,-1,-1
670,55,465.6,186.0,32.3,77.8,1,-1,-1,-1
670,60,575.8,164.5,33.2,79.1,1,-1,-1,-1
670,61,211.4,152.3,48.1,78.2,1,-1,-1,-1
670,62,572.3,272.3,38.8,102.5,1,-1,-1,-1
671,43,326.7,150.0,27.7,68.0,1,-1,-1,-1
671,48,220.8,342.9,63.6,128.4,1,-1,-1,-1
671,55,466.9,184.3,31.4,78.7,1,-1,-1,-1
671,60,569.5,162.6,35.2,77.6,1,-1,-1,-1
671,61,214.1,152.8,40.3,78.8,1,-1,-1,-1
671,62,564.7,269.7,35.4,102.9,1,-1,-1,-1
672,43,332.5,150.0,23.7,68.0,1,-1,-1,-1
672,48,220.0,341.6,63.9,128.1,1,-1,-1,-1
672,55,467.2,182.4,31.1,78.2,1,-1,-1,-1
672,60,562.5,161.1,35.0,78.6,1,-1,-1,-1
672,61,220.8,153.0,32.4,78.9,1,-1,-1,-1
672,62,557.3,266.7,36.5,105.1,1,-1,-1,-1
673,43,336.0,149.3,23.2,68.7,1,-1,-1,-1
673,48,215.6,338.9,66.1,128.0,1,-1,-1,-1
673,55,467.1,181.1,31.0,76.7,1,-1,-1,-1
673,60,556.7,160.8,35.7,78.9,1,-1,-1,-1
673,61,222.1,153.0,35.6,79.7,1,-1,-1,-1
673,62,546.0,265.7,41.1,105.0,1,-1,-1,-1
674,43,342.9,149.7,28.0,68.2,1,-1,-1,-1
674,48,205.3,336.4,57.6,128.0,1,-1,-1,-1
674,55,468.4,179.4,31.0,76.2,1,-1,-1,-1
674,60,550.3,160.9,38.7,76.9,1,-1,-1,-1
674,61,215.3,153.7,47.8,79.9,1,-1,-1,-1
674,62,532.1,262.2,36.1,102.2,1,-1,-1,-1
675,43,347.0,150.0,30.8,68.1,1,-1,-1,-1
675,48,198.4,335.0,53.7,128.7,1,-1,-1,-1
675,55,469.8,178.8,31.7,75.4,1,-1,-1,-1
675,60,548.3,159.6,36.8,75.6,1,-1,-1,-1
675,61,208.3,154.0,57.7,80.7,1,-1,-1,-1
675,62,517.7,258.0,37.4,103.5,1,-1,-1,-1
676,43,350.5,149.3,28.8,67.3,1,-1,-1,-1
676,48,193.4,335.4,51.8,128.2,1,-1,-1,-1
676,55,472.3,177.4,31.2,76.5,1,-1,-1,-1
676,57,206.0,151.4,29.6,71.2,1,-1,-1,-1
676,60,549.8,157.6,29.2,75.9,1,-1,-1,-1
676,61,229.3,154.8,37.6,80.2,1,-1,-1,-1
676,62,500.7,258.6,49.7,100.3,1,-1,-1,-1
677,43,357.8,148.3,23.4,67.8,1,-1,-1,-1
677,48,188.0,335.9,52.6,128.1,1,-1,-1,-1
677,55,474.6,175.5,31.1,75.5,1,-1,-1,-1
677,57,196.2,154.1,31.3,69.0,1,-1,-1,-1
677,60,548.1,156.1,24.2,77.4,1,-1,-1,-1
677,61,246.6,155.1,26.7,80.1,1,-1,-1,-1
677,62,497.9,258.3,38.7,88.2,1,-1,-1,-1
678,43,366.2,147.9,25.2,67.9,1,-1,-1,-1
678,48,180.1,334.0,57.1,129.4,1,-1,-1,-1
678,55,477.4,173.4,36.6,144.4,1,-1,-1,-1
678,57,190.8,155.2,31.1,67.6,1,-1,-1,-1
678,60,531.6,156.5,36.0,75.7,1,-1,-1,-1
678,61,257.0,154.4,29.0,80.7,1,-1,-1,-1
679,43,370.3,148.6,30.7,67.3,1,-1,-1,-1
679,48,173.0,330.9,53.5,128.4,1,-1,-1,-1
679,55,474.1,172.8,38.3,165.8,1,-1,-1,-1
679,57,186.5,154.6,30.3,68.6,1,-1,-1,-1
679,60,522.8,157.6,40.2,74.5,1,-1,-1,-1
679,61,258.9,155.4,34.6,80.9,1,-1,-1,-1
680,43,372.3,148.3,31.6,67.1,1,-1,-1,-1
680,48,167.6,328.3,44.8,127.4,1,-1,-1,-1
680,55,467.9,172.1,43.0,175.0,1,-1,-1,-1
680,57,183.3,154.1,28.0,68.9,1,-1,-1,-1
680,60,521.3,157.4,37.3,74.2,1,-1,-1,-1
680,61,259.3,156.7,35.6,80.3,1,-1,-1,-1
681,43,382.2,147.3,24.9,68.4,1,-1,-1,-1
681,48,154.3,327.6,49.1,125.7,1,-1,-1,-1
681,57,172.0,154.6,34.3,68.3,1,-1,-1,-1
681,60,496.3,155.7,48.3,83.8,1,-1,-1,-1
681,61,269.7,156.4,31.0,81.5,1,-1,-1,-1
682,43,388.7,146.2,22.9,69.5,1,-1,-1,-1
682,48,144.8,327.8,53.2,125.2,1,-1,-1,-1
682,57,164.5,155.7,36.9,66.7,1,-1,-1,-1
682,60,486.2,154.9,48.1,85.4,1,-1,-1,-1
682,61,277.3,156.1,28.9,83.2,1,-1,-1,-1
683,43,393.6,146.6,23.0,69.2,1,-1,-1,-1
683,48,140.4,326.5,54.5,125.1,1,-1,-1,-1
683,57,162.8,155.4,34.2,67.6,1,-1,-1,-1
683,60,487.0,155.5,45.9,85.1,1,-1,-1,-1
683,61,281.2,156.7,31.1,83.8,1,-1,-1,-1
683,63,431.8,245.6,33.1,91.2,1,-1,-1,-1
684,43,401.0,146.2,22.3,59.9,1,-1,-1,-1
684,48,130.9,321.1,52.7,123.6,1,-1,-1,-1
684,57,162.6,156.5,27.8,66.5,1,-1,-1,-1
684,60,491.3,155.3,38.3,84.3,1,-1,-1,-1
684,61,286.0,159.1,31.7,82.5,1,-1,-1,-1
684,63,419.7,243.6,33.7,92.5,1,-1,-1,-1
685,43,406.5,146.0,21.4,57.9,1,-1,-1,-1
685,48,124.4,317.3,52.9,124.6,1,-1,-1,-1
685,57,161.4,157.0,25.8,66.8,1,-1,-1,-1
685,60,492.5,154.3,37.4,84.1,1,-1,-1,-1
685,61,293.1,159.4,26.3,82.9,1,-1,-1,-1
685,63,410.1,241.4,34.6,87.2,1,-1,-1,-1
686,43,410.6,146.0,18.3,57.3,1,-1,-1,-1
686,48,123.0,315.7,51.6,125.6,1,-1,-1,-1
686,57,158.1,157.8,26.6,67.0,1,-1,-1,-1
686,60,487.5,153.2,44.1,83.3,1,-1,-1,-1
686,61,299.9,158.5,24.0,83.7,1,-1,-1,-1
686,63,402.0,238.6,31.4,88.5,1,-1,-1,-1
687,43,414.4,146.7,20.2,55.7,1,-1,-1,-1
687,48,123.4,315.6,50.5,125.9,1,-1,-1,-1
687,57,154.0,158.8,27.6,66.3,1,-1,-1,-1
687,60,477.2,152.9,55.2,83.1,1,-1,-1,-1
687,61,304.7,158.0,25.4,83.9,1,-1,-1,-1
687,63,395.0,235.6,33.2,91.6,1,-1,-1,-1
688,43,423.9,144.9,23.6,62.9,1,-1,-1,-1
688,48,121.8,313.8,50.1,126.7,1,-1,-1,-1
688,57,148.4,159.1,32.1,67.5,1,-1,-1,-1
688,60,464.1,154.3,46.0,75.3,1,-1,-1,-1
688,61,307.9,160.0,34.2,83.3,1,-1,-1,-1
688,63,376.2,232.5,38.0,88.4,1,-1,-1,-1
689,43,427.7,143.3,25.3,65.8,1,-1,-1,-1
689,48,118.2,310.8,51.4,123.4,1,-1,-1,-1
689,57,146.4,159.8,32.7,66.4,1,-1,-1,-1
689,60,460.3,153.6,38.3,74.4,1,-1,-1,-1
689,61,309.9,161.0,34.8,83.1,1,-1,-1,-1
689,63,369.3,231.6,33.1,87.4,1,-1,-1,-1
690,48,116.0,307.6,49.7,121.0,1,-1,-1,-1
690,57,147.2,160.1,31.5,68.2,1,-1,-1,-1
690,60,439.1,145.4,50.7,81.8,1,-1,-1,-1
690,61,315.3,161.2,32.1,83.0,1,-1,-1,-1
690,63,364.3,229.6,34.4,89.2,1,-1,-1,-1
690,64,519.5,161.6,25.8,69.1,1,-1,-1,-1
691,48,117.0,304.5,47.1,122.4,1,-1,-1,-1
691,57,150.7,160.8,29.8,70.2,1,-1,-1,-1
691,60,434.0,141.6,41.8,84.0,1,-1,-1,-1
691,63,336.6,181.2,51.6,137.4,1,-1,-1,-1
691,64,522.4,160.2,28.7,69.7,1,-1,-1,-1
692,48,116.5,302.9,46.3,123.5,1,-1,-1,-1
692,57,152.9,161.1,31.3,70.8,1,-1,-1,-1
692,60,435.1,141.2,38.4,84.0,1,-1,-1,-1
692,63,327.2,159.5,49.8,149.7,1,-1,-1,-1
692,64,524.7,159.8,28.9,69.9,1,-1,-1,-1
693,48,114.6,301.3,48.2,123.9,1,-1,-1,-1
693,57,154.1,161.8,32.5,72.3,1,-1,-1,-1
693,60,435.2,141.0,38.1,84.0,1,-1,-1,-1
693,63,330.2,158.7,40.1,148.5,1,-1,-1,-1
693,64,526.7,159.2,29.0,70.0,1,-1,-1,-1
694,48,111.8,298.0,49.5,120.5,1,-1,-1,-1
694,57,154.9,162.8,33.5,71.4,1,-1,-1,-1
694,60,435.8,140.2,35.2,84.0,1,-1,-1,-1
694,63,331.2,162.9,35.8,146.8,1,-1,-1,-1
694,64,528.0,158.2,29.0,70.0,1,-1,-1,-1
694,65,728.5,222.0,38.3,96.2,1,-1,-1,-1
695,48,110.0,295.3,49.1,118.7,1,-1,-1,-1
695,57,157.2,163.8,33.2,71.1,1,-1,-1,-1
695,60,434.6,139.3,37.9,83.3,1,-1,-1,-1
695,63,322.2,165.1,43.7,145.5,1,-1,-1,-1
695,64,528.2,157.9,29.0,68.6,1,-1,-1,-1
695,65,722.6,221.9,43.7,96.1,1,-1,-1,-1
696,48,108.3,293.9,48.3,118.2,1,-1,-1,-1
696,57,161.7,164.1,30.2,71.0,1,-1,-1,-1
696,60,431.2,138.9,44.3,71.9,1,-1,-1,-1
696,63,317.0,165.4,50.2,141.0,1,-1,-1,-1
696,64,527.4,159.3,29.0,68.2,1,-1,-1,-1
696,65,718.3,221.3,44.6,96.7,1,-1,-1,-1
697,43,453.8,138.0,25.8,65.9,1,-1,-1,-1
697,48,107.8,293.7,48.1,118.8,1,-1,-1,-1
697,57,166.2,164.1,26.6,71.0,1,-1,-1,-1
697,60,428.4,147.3,27.3,59.4,1,-1,-1,-1
697,61,345.3,164.1,28.5,85.1,1,-1,-1,-1
697,63,310.5,203.0,41.0,101.8,1,-1,-1,-1
697,64,526.3,160.7,29.0,70.2,1,-1,-1,-1
697,65,715.2,219.6,39.3,94.8,1,-1,-1,-1
698,43,461.2,138.2,28.7,66.0,1,-1,-1,-1
698,48,106.4,291.1,48.0,116.1,1,-1,-1,-1
698,57,173.1,164.7,24.1,72.4,1,-1,-1,-1
698,60,421.3,153.4,22.2,53.5,1,-1,-1,-1
698,61,352.7,168.6,32.4,85.0,1,-1,-1,-1
698,63,299.2,218.5,37.5,91.4,1,-1,-1,-1
698,64,522.4,163.3,29.7,68.6,1,-1,-1,-1
698,65,707.5,217.5,34.2,94.2,1,-1,-1,-1
699,43,465.2,137.4,26.8,65.3,1,-1,-1,-1
699,48,103.8,287.1,45.9,113.2,1,-1,-1,-1
699,57,177.8,165.7,26.8,72.1,1,-1,-1,-1
699,60,415.0,153.5,16.5,52.5,1,-1,-1,-1
699,61,355.6,171.1,32.1,85.0,1,-1,-1,-1
699,63,290.8,219.6,37.1,88.3,1,-1,-1,-1
699,64,520.0,163.5,28.5,68.9,1,-1,-1,-1
699,65,691.8,216.8,43.2,94.1,1,-1,-1,-1
700,43,469.3,136.3,25.5,65.8,1,-1,-1,-1
700,48,102.1,284.9,45.3,112.4,1,-1,-1,-1
700,57,180.2,166.1,27.6,72.7,1,-1,-1,-1
700,60,410.4,152.5,17.5,52.8,1,-1,-1,-1
700,61,359.9,170.8,32.0,86.4,1,-1,-1,-1
700,63,284.5,211.7,35.6,88.8,1,-1,-1,-1
700,64,518.9,163.2,27.5,70.4,1,-1,-1,-1
700,65,682.9,217.5,47.9,92.6,1,-1,-1,-1
701,43,471.9,135.2,25.2,66.6,1,-1,-1,-1
701,48,100.3,283.9,44.4,112.8,1,-1,-1,-1
701,57,184.0,165.4,25.8,73.6,1,-1,-1,-1
701,60,405.1,151.3,20.7,54.4,1,-1,-1,-1
701,61,363.5,170.2,35.5,86.8,1,-1,-1,-1
701,63,278.8,209.9,32.4,86.1,1,-1,-1,-1
701,64,518.1,164.4,27.1,68.0,1,-1,-1,-1
701,65,681.4,217.3,46.6,92.2,1,-1,-1,-1
702,43,475.9,134.9,27.1,66.9,1,-1,-1,-1
702,48,97.0,281.0,42.7,114.3,1,-1,-1,-1
702,57,189.6,166.4,30.8,73.2,1,-1,-1,-1
702,61,370.8,157.4,43.6,102.3,1,-1,-1,-1
702,63,268.8,207.5,29.3,83.2,1,-1,-1,-1
702,64,515.1,167.8,28.4,70.1,1,-1,-1,-1
702,65,672.4,214.9,41.3,93.5,1,-1,-1,-1
703,48,92.9,278.4,45.0,110.6,1,-1,-1,-1
703,57,193.6,167.0,33.1,73.1,1,-1,-1,-1
703,61,375.7,152.1,41.1,107.0,1,-1,-1,-1
703,63,259.5,205.3,34.0,83.8,1,-1,-1,-1
703,64,490.0,144.7,51.9,95.2,1,-1,-1,-1
703,65,662.9,213.9,41.8,93.8,1,-1,-1,-1
704,48,89.5,276.3,47.8,110.2,1,-1,-1,-1
704,57,197.4,167.8,32.3,72.3,1,-1,-1,-1
704,61,378.9,151.8,37.5,108.4,1,-1,-1,-1
704,63,252.6,204.7,32.6,83.2,1,-1,-1,-1
704,64,481.5,132.6,54.8,103.5,1,-1,-1,-1
704,65,656.4,213.8,41.9,94.0,1,-1,-1,-1
705,48,85.0,275.0,48.6,110.1,1,-1,-1,-1
705,57,203.4,168.1,27.2,72.1,1,-1,-1,-1
705,61,379.5,151.8,36.5,109.5,1,-1,-1,-1
705,63,241.8,206.2,36.4,81.0,1,-1,-1,-1
705,64,485.9,130.0,48.6,109.4,1,-1,-1,-1
705,65,650.8,212.5,40.6,94.0,1,-1,-1,-1
706,48,82.8,273.4,48.2,110.0,1,-1,-1,-1
706,61,377.2,152.0,45.2,111.3,1,-1,-1,-1
706,63,216.3,179.7,52.9,104.8,1,-1,-1,-1
706,64,492.3,130.2,42.6,113.3,1,-1,-1,-1
706,65,647.8,210.5,34.6,92.6,1,-1,-1,-1
707,48,80.5,271.4,47.4,107.9,1,-1,-1,-1
707,61,371.8,152.7,55.6,111.8,1,-1,-1,-1
707,63,208.1,167.7,48.8,110.5,1,-1,-1,-1
707,64,496.7,131.5,37.3,113.8,1,-1,-1,-1
707,65,644.6,209.1,32.1,93.6,1,-1,-1,-1
708,48,78.3,268.7,42.9,105.9,1,-1,-1,-1
708,61,362.6,153.7,65.7,113.3,1,-1,-1,-1
708,63,210.7,167.1,44.0,111.6,1,-1,-1,-1
708,64,499.8,131.4,31.5,114.6,1,-1,-1,-1
708,65,635.9,208.8,34.8,92.5,1,-1,-1,-1
709,48,74.9,267.7,41.6,105.3,1,-1,-1,-1
709,61,355.7,155.5,42.8,86.5,1,-1,-1,-1
709,63,212.0,169.7,39.1,107.7,1,-1,-1,-1
709,64,497.7,130.4,35.3,117.7,1,-1,-1,-1
709,65,623.3,209.6,43.3,90.7,1,-1,-1,-1
710,48,71.6,267.0,40.5,104.4,1,-1,-1,-1
710,61,352.6,156.2,31.7,78.4,1,-1,-1,-1
710,63,208.0,171.0,46.0,105.8,1,-1,-1,-1
710,64,495.5,129.3,38.6,121.4,1,-1,-1,-1
710,65,618.8,209.3,42.4,90.2,1,-1,-1,-1
711,48,66.4,264.8,43.6,105.5,1,-1,-1,-1
711,61,349.5,155.5,25.6,76.7,1,-1,-1,-1
711,63,201.7,172.0,55.1,104.5,1,-1,-1,-1
711,64,493.3,128.9,43.8,123.9,1,-1,-1,-1
711,65,613.2,208.3,41.4,90.8,1,-1,-1,-1
712,48,59.6,260.3,44.6,103.8,1,-1,-1,-1
712,61,336.7,157.1,32.2,74.1,1,-1,-1,-1
712,63,193.1,173.6,65.5,98.6,1,-1,-1,-1
712,64,489.9,128.9,52.3,124.7,1,-1,-1,-1
712,65,601.6,206.5,42.5,92.3,1,-1,-1,-1
713,48,55.2,257.9,47.0,103.9,1,-1,-1,-1
713,57,232.5,172.6,27.1,74.8,1,-1,-1,-1
713,61,328.4,158.7,36.3,73.3,1,-1,-1,-1
713,63,187.3,186.7,38.6,84.2,1,-1,-1,-1
713,64,487.3,164.0,36.7,90.6,1,-1,-1,-1
713,65,594.3,205.8,42.9,92.8,1,-1,-1,-1
714,48,53.6,257.5,47.7,104.0,1,-1,-1,-1
714,57,235.8,174.9,27.0,74.9,1,-1,-1,-1
714,61,325.9,159.9,36.8,74.5,1,-1,-1,-1
714,63,182.6,193.4,31.9,78.5,1,-1,-1,-1
714,64,484.5,180.5,32.7,80.4,1,-1,-1,-1
714,65,591.4,205.8,41.6,92.2,1,-1,-1,-1
715,48,54.3,257.1,45.8,104.7,1,-1,-1,-1
715,57,237.9,175.4,27.0,77.1,1,-1,-1,-1
715,61,326.2,159.5,32.7,75.6,1,-1,-1,-1
715,63,176.4,194.3,28.5,66.2,1,-1,-1,-1
715,64,481.6,185.3,32.2,78.0,1,-1,-1,-1
715,65,590.6,205.2,39.8,92.8,1,-1,-1,-1
715,67,435.3,190.0,22.4,81.8,1,-1,-1,-1
715,68,528.9,126.0,24.3,64.9,1,-1,-1,-1
716,48,54.9,254.1,41.0,102.1,1,-1,-1,-1
716,57,242.6,177.3,27.0,78.4,1,-1,-1,-1
716,61,320.5,160.5,31.5,76.6,1,-1,-1,-1
716,63,165.2,188.7,28.8,67.5,1,-1,-1,-1
716,64,479.3,186.0,31.4,77.3,1,-1,-1,-1
716,65,587.2,202.9,32.9,92.2,1,-1,-1,-1
716,67,436.4,186.6,31.9,90.3,1,-1,-1,-1
716,68,534.5,125.9,28.3,64.3,1,-1,-1,-1
717,48,55.8,251.4,38.2,100.6,1,-1,-1,-1
717,57,246.5,178.1,29.1,78.8,1,-1,-1,-1
717,61,314.3,161.7,31.9,76.9,1,-1,-1,-1
717,63,157.5,186.5,30.4,69.9,1,-1,-1,-1
717,65,583.0,201.9,30.9,90.7,1,-1,-1,-1
717,67,437.7,184.8,60.0,97.8,1,-1,-1,-1
717,68,537.9,126.0,28.1,63.4,1,-1,-1,-1
718,48,55.4,250.7,38.8,100.2,1,-1,-1,-1
718,57,247.5,178.9,33.9,78.2,1,-1,-1,-1
718,61,306.0,163.5,35.5,77.7,1,-1,-1,-1
718,63,151.6,187.9,32.9,70.0,1,-1,-1,-1
718,65,571.8,201.8,38.0,90.2,1,-1,-1,-1
718,67,443.1,185.3,64.2,99.3,1,-1,-1,-1
718,68,541.4,125.3,27.3,63.1,1,-1,-1,-1
719,48,55.8,249.3,37.5,100.1,1,-1,-1,-1
719,57,249.5,179.8,35.4,78.8,1,-1,-1,-1
719,61,305.2,164.2,31.6,77.9,1,-1,-1,-1
719,63,143.8,186.1,30.2,73.5,1,-1,-1,-1
719,65,565.1,201.9,39.4,89.4,1,-1,-1,-1
719,67,452.3,188.0,61.3,101.2,1,-1,-1,-1
719,68,545.9,124.3,27.1,63.7,1,-1,-1,-1
720,48,56.7,247.5,37.9,100.7,1,-1,-1,-1
720,57,253.0,181.5,33.7,77.5,1,-1,-1,-1
720,61,304.9,165.6,29.8,75.9,1,-1,-1,-1
720,63,138.4,185.0,28.0,73.8,1,-1,-1,-1
720,65,553.3,147.4,46.1,142.3,1,-1,-1,-1
720,67,459.3,188.4,59.0,103.2,1,-1,-1,-1
721,48,58.5,247.5,39.4,96.0,1,-1,-1,-1
721,57,258.5,182.8,31.8,77.2,1,-1,-1,-1
721,61,301.4,166.1,31.3,77.4,1,-1,-1,-1
721,63,132.2,184.8,27.3,71.9,1,-1,-1,-1
721,65,551.0,121.7,41.8,158.2,1,-1,-1,-1
721,67,461.7,188.2,60.4,105.1,1,-1,-1,-1
722,48,61.3,246.5,41.2,93.9,1,-1,-1,-1
722,61,278.1,168.9,50.7,86.2,1,-1,-1,-1
722,63,122.6,182.1,27.8,74.1,1,-1,-1,-1
722,65,546.4,117.9,41.3,163.7,1,-1,-1,-1
722,67,468.7,188.7,61.5,105.7,1,-1,-1,-1
723,48,63.7,245.3,40.4,94.0,1,-1,-1,-1
723,61,270.5,170.2,52.3,88.9,1,-1,-1,-1
723,63,114.9,181.6,30.0,74.0,1,-1,-1,-1
723,68,560.4,122.0,26.3,63.2,1,-1,-1,-1
724,48,67.8,243.5,35.9,94.7,1,-1,-1,-1
724,61,272.9,170.3,49.3,91.8,1,-1,-1,-1
724,63,109.4,181.8,31.4,73.3,1,-1,-1,-1
724,68,564.0,121.2,26.1,63.8,1,-1,-1,-1
725,48,73.6,240.7,37.4,92.1,1,-1,-1,-1
725,61,280.4,171.5,40.0,94.0,1,-1,-1,-1
725,63,101.8,179.9,29.7,73.1,1,-1,-1,-1
725,67,481.6,189.9,79.4,110.1,1,-1,-1,-1
725,68,568.9,120.9,29.5,63.2,1,-1,-1,-1
726,48,76.3,197.0,44.1,134.0,1,-1,-1,-1
726,61,282.1,172.8,37.2,94.0,1,-1,-1,-1
726,67,484.9,190.8,79.1,110.7,1,-1,-1,-1
726,68,572.6,120.9,28.5,62.4,1,-1,-1,-1
727,48,78.0,177.6,44.0,145.9,1,-1,-1,-1
727,61,281.7,174.6,37.8,95.4,1,-1,-1,-1
727,67,491.8,191.1,72.0,110.9,1,-1,-1,-1
727,68,575.6,120.3,26.7,62.1,1,-1,-1,-1
728,48,81.1,174.3,42.6,150.2,1,-1,-1,-1
728,61,280.4,175.2,43.5,94.4,1,-1,-1,-1
728,67,501.6,191.8,66.4,112.4,1,-1,-1,-1
728,68,578.5,120.0,25.5,62.0,1,-1,-1,-1
729,48,80.2,175.5,47.1,150.8,1,-1,-1,-1
729,61,278.5,175.9,50.2,94.1,1,-1,-1,-1
729,67,507.1,191.4,62.6,115.6,1,-1,-1,-1
729,68,581.5,119.2,25.2,62.7,1,-1,-1,-1
730,48,71.5,176.7,54.0,145.3,1,-1,-1,-1
730,61,277.8,177.5,53.5,93.3,1,-1,-1,-1
730,67,501.7,189.6,75.5,118.7,1,-1,-1,-1
730,68,585.9,118.9,25.7,62.9,1,-1,-1,-1
731,48,64.8,175.7,63.8,145.1,1,-1,-1,-1
731,61,277.8,178.8,55.3,93.1,1,-1,-1,-1
731,67,493.3,188.9,89.1,119.6,1,-1,-1,-1
731,68,589.5,118.2,25.2,63.0,1,-1,-1,-1
731,69,723.0,58.0,15.8,36.6,1,-1,-1,-1
732,48,86.1,213.6,45.7,106.5,1,-1,-1,-1
732,61,276.5,180.6,59.3,90.9,1,-1,-1,-1
732,63,62.6,172.8,30.6,71.6,1,-1,-1,-1
732,67,487.4,189.5,100.9,119.2,1,-1,-1,-1
732,68,592.6,117.9,25.1,60.9,1,-1,-1,-1
732,69,723.8,58.0,16.6,36.9,1,-1,-1,-1
733,48,99.5,230.8,38.2,95.0,1,-1,-1,-1
733,61,274.5,182.6,66.8,93.1,1,-1,-1,-1
733,63,55.7,172.1,27.4,71.9,1,-1,-1,-1
733,68,594.8,117.2,25.0,61.0,1,-1,-1,-1
733,69,725.5,58.7,16.9,37.0,1,-1,-1,-1
734,48,105.0,231.3,35.3,91.5,1,-1,-1,-1
734,61,272.4,183.9,73.9,92.3,1,-1,-1,-1
734,63,49.8,174.0,30.6,69.2,1,-1,-1,-1
734,67,519.3,189.4,73.7,120.5,1,-1,-1,-1
734,68,597.4,116.2,24.3,61.7,1,-1,-1,-1
734,69,726.8,58.3,17.0,38.4,1,-1,-1,-1
735,48,106.7,227.1,35.8,87.6,1,-1,-1,-1
735,61,270.3,184.9,78.2,92.8,1,-1,-1,-1
735,63,45.4,174.3,33.0,67.6,1,-1,-1,-1
735,67,537.0,188.3,66.2,122.9,1,-1,-1,-1
735,68,599.7,115.2,25.5,62.6,1,-1,-1,-1
735,69,728.6,58.0,17.0,38.8,1,-1,-1,-1
736,48,107.9,224.2,35.2,87.2,1,-1,-1,-1
736,61,269.7,185.9,50.1,85.9,1,-1,-1,-1
736,63,40.8,172.8,30.9,68.6,1,-1,-1,-1
736,67,540.2,187.2,63.3,125.8,1,-1,-1,-1
736,68,602.4,114.9,27.2,62.9,1,-1,-1,-1
736,69,729.2,58.7,19.1,38.2,1,-1,-1,-1
736,70,470.0,189.5,34.9,84.4,1,-1,-1,-1
737,48,108.2,222.1,36.5,87.8,1,-1,-1,-1
737,61,269.1,188.2,45.1,83.2,1,-1,-1,-1
737,63,35.2,171.3,29.6,69.6,1,-1,-1,-1
737,67,541.4,186.9,58.9,126.6,1,-1,-1,-1
737,68,605.4,114.9,26.4,61.6,1,-1,-1,-1
737,69,731.3,55.5,19.7,42.3,1,-1,-1,-1
737,70,465.7,188.1,32.2,84.8,1,-1,-1,-1
738,48,110.2,221.7,36.8,87.9,1,-1,-1,-1
738,61,268.9,190.6,43.6,83.1,1,-1,-1,-1
738,63,30.6,170.1,29.9,70.6,1,-1,-1,-1
738,67,548.3,186.9,49.2,126.9,1,-1,-1,-1
738,68,608.4,115.0,24.0,60.5,1,-1,-1,-1
738,69,732.8,58.8,20.6,38.6,1,-1,-1,-1
738,70,453.9,187.8,41.2,84.2,1,-1,-1,-1
738,71,324.9,197.5,41.8,82.5,1,-1,-1,-1
739,48,116.7,219.0,33.5,85.9,1,-1,-1,-1
739,61,263.3,190.6,48.8,84.4,1,-1,-1,-1
739,63,23.8,169.8,28.6,68.1,1,-1,-1,-1
739,67,557.0,185.6,44.1,131.9,1,-1,-1,-1
739,68,613.6,114.3,22.6,60.8,1,-1,-1,-1
739,69,735.3,60.9,20.9,38.2,1,-1,-1,-1
739,70,447.0,187.9,41.7,82.7,1,-1,-1,-1
739,71,330.5,192.7,39.2,90.5,1,-1,-1,-1
740,48,122.2,216.4,31.7,85.3,1,-1,-1,-1
740,61,260.7,190.2,44.0,85.5,1,-1,-1,-1
740,63,18.5,169.2,26.8,68.0,1,-1,-1,-1
740,67,558.5,183.5,49.6,134.8,1,-1,-1,-1
740,68,618.3,114.0,22.2,61.0,1,-1,-1,-1
740,69,738.3,60.6,18.9,38.8,1,-1,-1,-1
740,70,443.7,186.6,37.7,83.6,1,-1,-1,-1
740,71,335.3,190.0,36.2,93.0,1,-1,-1,-1
741,48,125.9,215.0,33.3,85.1,1,-1,-1,-1
741,61,260.5,190.0,41.9,88.0,1,-1,-1,-1
741,63,13.7,169.6,29.0,66.6,1,-1,-1,-1
741,67,556.4,182.8,56.2,136.3,1,-1,-1,-1
741,68,622.4,114.6,24.2,60.3,1,-1,-1,-1
741,69,740.7,60.9,17.6,38.2,1,-1,-1,-1
741,70,441.9,184.6,30.2,85.3,1,-1,-1,-1
741,71,338.8,189.5,34.7,93.7,1,-1,-1,-1
742,48,128.7,215.4,35.9,85.0,1,-1,-1,-1
742,61,261.5,190.0,37.8,91.5,1,-1,-1,-1
742,63,9.6,170.0,31.8,65.5,1,-1,-1,-1
742,67,553.6,182.8,60.3,136.8,1,-1,-1,-1
742,68,624.3,115.0,26.1,60.1,1,-1,-1,-1
742,69,742.0,61.7,17.2,37.4,1,-1,-1,-1
742,70,438.1,183.8,28.0,85.8,1,-1,-1,-1
742,71,341.6,198.9,33.5,86.2,1,-1,-1,-1
743,48,133.6,213.1,33.2,85.0,1,-1,-1,-1
743,61,257.8,190.7,37.9,93.2,1,-1,-1,-1
743,63,2.1,167.9,28.4,67.2,1,-1,-1,-1
743,67,547.8,182.9,39.8,92.8,1,-1,-1,-1
743,68,630.0,114.4,23.2,59.3,1,-1,-1,-1
743,69,743.7,63.5,17.8,35.7,1,-1,-1,-1
743,70,432.5,223.0,27.3,46.7,1,-1,-1,-1
743,71,348.0,194.3,34.6,98.0,1,-1,-1,-1
744,48,141.0,211.2,30.3,82.9,1,-1,-1,-1
744,61,253.1,191.0,38.7,93.8,1,-1,-1,-1
744,63,-0.7,167.6,26.0,67.1,1,-1,-1,-1
744,67,544.1,180.9,29.4,79.7,1,-1,-1,-1
744,68,635.2,114.0,21.0,59.1,1,-1,-1,-1
744,69,744.9,62.7,17.2,37.3,1,-1,-1,-1
744,71,353.3,190.5,35.6,101.5,1,-1,-1,-1
745,48,146.5,210.0,29.4,83.0,1,-1,-1,-1
745,61,248.7,198.8,40.3,87.6,1,-1,-1,-1
745,63,-0.7,167.8,23.2,66.3,1,-1,-1,-1
745,67,541.3,178.5,26.3,73.6,1,-1,-1,-1
745,68,638.8,113.9,20.3,59.7,1,-1,-1,-1
745,69,745.2,62.1,16.4,37.1,1,-1,-1,-1
745,71,358.9,198.6,38.0,93.4,1,-1,-1,-1
745,72,597.1,217.0,41.8,104.0,1,-1,-1,-1
746,48,153.4,208.4,34.0,83.7,1,-1,-1,-1
746,61,244.6,207.3,40.8,86.5,1,-1,-1,-1
746,67,532.2,177.7,28.9,73.2,1,-1,-1,-1
746,68,642.4,114.7,24.3,59.9,1,-1,-1,-1
746,69,742.3,60.5,23.8,39.1,1,-1,-1,-1
746,71,367.0,188.3,54.1,106.4,1,-1,-1,-1
746,72,599.3,217.7,49.0,103.3,1,-1,-1,-1
747,48,157.1,207.1,34.7,83.2,1,-1,-1,-1
747,61,242.1,208.6,40.2,88.9,1,-1,-1,-1
747,67,525.6,177.8,31.8,73.1,1,-1,-1,-1
747,68,644.8,115.0,24.8,59.3,1,-1,-1,-1
747,69,736.0,59.9,30.9,39.0,1,-1,-1,-1
747,71,373.3,182.2,55.4,111.0,1,-1,-1,-1
747,72,605.8,218.0,45.5,103.1,1,-1,-1,-1
748,48,162.6,204.7,30.0,82.4,1,-1,-1,-1
748,61,241.6,207.7,38.7,89.7,1,-1,-1,-1
748,67,523.3,177.9,31.9,72.3,1,-1,-1,-1
748,68,648.9,115.1,22.8,59.1,1,-1,-1,-1
748,69,733.5,59.1,33.1,39.7,1,-1,-1,-1
748,71,377.0,181.0,53.7,113.8,1,-1,-1,-1
748,72,616.9,217.4,36.0,103.7,1,-1,-1,-1
749,48,172.9,204.5,30.0,80.0,1,-1,-1,-1
749,61,239.7,209.9,38.9,89.2,1,-1,-1,-1
749,67,517.1,176.6,27.8,73.5,1,-1,-1,-1
749,68,653.9,116.4,23.0,58.3,1,-1,-1,-1
749,69,732.0,54.7,35.1,44.1,1,-1,-1,-1
749,71,377.0,180.0,45.5,116.0,1,-1,-1,-1
749,72,630.8,216.3,34.6,104.6,1,-1,-1,-1
750,48,179.0,204.1,34.2,80.0,1,-1,-1,-1
750,61,238.2,211.7,39.0,89.8,1,-1,-1,-1
750,67,511.7,176.0,27.2,73.1,1,-1,-1,-1
750,68,656.9,115.7,26.5,59.5,1,-1,-1,-1
750,69,731.0,52.8,36.4,45.4,1,-1,-1,-1
750,71,372.1,179.8,48.7,116.7,1,-1,-1,-1
750,72,635.5,215.9,40.5,104.9,1,-1,-1,-1
751,48,181.5,203.3,36.9,80.7,1,-1,-1,-1
751,61,235.0,213.6,41.1,91.3,1,-1,-1,-1
751,67,508.2,175.9,27.1,73.7,1,-1,-1,-1
751,68,659.6,115.8,28.2,59.8,1,-1,-1,-1
751,69,730.8,52.6,36.8,45.8,1,-1,-1,-1
751,71,367.0,179.9,55.2,119.0,1,-1,-1,-1
751,72,635.3,215.9,42.9,105.0,1,-1,-1,-1
752,48,183.7,201.5,36.3,80.9,1,-1,-1,-1
752,61,231.6,214.2,43.8,91.8,1,-1,-1,-1
752,67,503.9,176.6,27.7,73.2,1,-1,-1,-1
752,68,662.5,115.9,27.4,60.7,1,-1,-1,-1
752,69,730.9,52.8,36.9,45.9,1,-1,-1,-1
752,71,362.6,180.7,64.9,120.4,1,-1,-1,-1
752,72,635.8,215.3,41.6,105.7,1,-1,-1,-1
753,61,206.8,203.0,64.9,103.8,1,-1,-1,-1
753,67,496.9,176.3,29.3,71.7,1,-1,-1,-1
753,68,666.1,116.0,27.8,60.2,1,-1,-1,-1
753,69,731.0,52.3,37.0,46.7,1,-1,-1,-1
753,71,355.1,178.9,44.0,92.8,1,-1,-1,-1
753,72,643.0,212.9,39.1,104.5,1,-1,-1,-1
754,61,198.5,196.9,67.1,111.0,1,-1,-1,-1
754,67,492.3,175.3,29.8,71.9,1,-1,-1,-1
754,68,669.5,116.7,27.2,60.1,1,-1,-1,-1
754,69,730.3,52.0,37.7,46.9,1,-1,-1,-1
754,71,349.5,177.3,37.7,85.2,1,-1,-1,-1
754,72,648.4,210.4,38.3,105.6,1,-1,-1,-1
755,61,203.6,197.3,64.2,118.0,1,-1,-1,-1
755,67,486.3,175.6,30.6,70.6,1,-1,-1,-1
755,68,672.5,117.0,27.8,62.1,1,-1,-1,-1
755,69,730.0,51.9,37.9,47.0,1,-1,-1,-1
755,71,339.1,177.5,40.0,81.6,1,-1,-1,-1
755,72,652.6,209.0,37.4,106.6,1,-1,-1,-1
755,73,414.3,238.0,43.1,67.9,1,-1,-1,-1
756,61,209.6,197.8,63.4,118.7,1,-1,-1,-1
756,67,481.6,175.9,30.9,70.2,1,-1,-1,-1
756,68,674.1,118.5,27.9,61.3,1,-1,-1,-1
756,69,729.9,52.0,38.0,47.0,1,-1,-1,-1
756,71,334.4,178.6,40.0,79.8,1,-1,-1,-1
756,72,654.3,208.0,36.4,106.2,1,-1,-1,-1
756,73,420.5,231.7,44.4,75.7,1,-1,-1,-1
757,61,213.7,197.3,62.4,119.6,1,-1,-1,-1
757,67,478.2,176.0,30.3,70.1,1,-1,-1,-1
757,68,675.0,119.1,28.0,61.1,1,-1,-1,-1
757,69,730.0,52.0,38.0,47.0,1,-1,-1,-1
757,71,331.2,178.4,40.0,78.5,1,-1,-1,-1
757,72,654.4,207.8,36.1,105.4,1,-1,-1,-1
757,73,428.9,221.0,40.6,85.7,1,-1,-1,-1
758,61,216.8,197.0,60.7,120.6,1,-1,-1,-1
758,67,475.4,175.3,27.3,72.1,1,-1,-1,-1
758,68,675.9,119.1,28.0,61.0,1,-1,-1,-1
758,69,730.0,54.1,38.0,44.9,1,-1,-1,-1
758,71,326.3,177.4,37.9,78.9,1,-1,-1,-1
758,72,654.1,206.5,36.0,103.7,1,-1,-1,-1
758,73,434.7,217.0,36.7,88.7,1,-1,-1,-1
759,61,221.0,195.6,60.9,126.5,1,-1,-1,-1
759,68,676.8,119.8,28.7,61.0,1,-1,-1,-1
759,69,730.0,54.4,38.0,45.0,1,-1,-1,-1
759,71,318.2,176.2,34.5,79.7,1,-1,-1,-1
759,72,652.6,204.5,36.0,102.5,1,-1,-1,-1
759,73,445.0,189.0,43.9,121.1,1,-1,-1,-1
760,61,225.2,194.2,59.6,131.7,1,-1,-1,-1
760,68,677.8,120.0,28.9,61.7,1,-1,-1,-1
760,69,730.0,52.8,38.0,46.4,1,-1,-1,-1
760,71,312.5,176.6,40.4,79.2,1,-1,-1,-1
760,72,651.2,203.1,34.6,102.9,1,-1,-1,-1
760,73,451.7,177.9,42.6,128.7,1,-1,-1,-1
761,61,227.9,193.8,57.8,134.0,1,-1,-1,-1
761,68,679.5,120.8,29.0,60.5,1,-1,-1,-1
761,69,730.0,52.0,38.0,46.8,1,-1,-1,-1
761,71,308.3,176.2,38.0,79.8,1,-1,-1,-1
761,72,650.8,202.8,32.1,103.0,1,-1,-1,-1
761,73,453.8,177.3,38.0,133.1,1,-1,-1,-1
762,61,232.0,194.6,50.9,134.7,1,-1,-1,-1
762,68,681.6,121.8,28.3,60.9,1,-1,-1,-1
762,69,730.0,51.8,38.0,46.9,1,-1,-1,-1
762,71,306.0,175.3,34.5,77.8,1,-1,-1,-1
762,72,650.9,202.9,29.9,102.3,1,-1,-1,-1
762,73,455.0,179.0,37.3,135.1,1,-1,-1,-1
763,61,236.2,192.9,45.4,137.0,1,-1,-1,-1
763,68,682.2,122.8,28.8,60.3,1,-1,-1,-1
763,69,730.7,51.9,37.3,47.0,1,-1,-1,-1
763,71,304.2,174.2,27.9,78.6,1,-1,-1,-1
763,72,651.7,201.6,25.8,102.1,1,-1,-1,-1
763,73,452.4,180.7,41.3,135.0,1,-1,-1,-1
764,61,240.3,190.6,45.8,139.1,1,-1,-1,-1
764,68,682.9,122.4,28.9,60.8,1,-1,-1,-1
764,69,731.0,51.3,37.1,47.0,1,-1,-1,-1
764,71,301.6,173.9,25.2,78.9,1,-1,-1,-1
764,72,650.6,200.3,23.8,99.9,1,-1,-1,-1
764,73,445.4,181.9,53.0,135.7,1,-1,-1,-1
765,61,243.6,189.8,50.8,140.4,1,-1,-1,-1
765,68,683.1,122.8,29.0,61.6,1,-1,-1,-1
765,69,731.8,51.0,36.3,47.7,1,-1,-1,-1
765,71,295.8,174.6,29.2,78.3,1,-1,-1,-1
765,72,647.2,199.1,24.6,99.3,1,-1,-1,-1
765,73,437.6,184.3,65.6,133.8,1,-1,-1,-1
766,61,250.1,179.3,60.1,154.8,1,-1,-1,-1
766,68,683.1,124.4,29.0,63.3,1,-1,-1,-1
766,69,732.1,50.2,36.1,48.6,1,-1,-1,-1
766,72,636.7,198.1,31.2,98.4,1,-1,-1,-1
766,73,431.6,185.2,40.0,91.2,1,-1,-1,-1
767,61,256.7,174.5,53.7,159.1,1,-1,-1,-1
767,68,682.3,125.1,29.7,63.8,1,-1,-1,-1
767,69,734.2,49.9,33.9,48.9,1,-1,-1,-1
767,72,628.1,198.6,36.7,97.4,1,-1,-1,-1
768,61,260.9,174.0,53.9,160.4,1,-1,-1,-1
768,68,681.3,125.2,29.2,63.2,1,-1,-1,-1
768,69,733.0,49.2,35.4,49.0,1,-1,-1,-1
768,72,625.1,198.2,39.0,97.8,1,-1,-1,-1
768,74,489.1,227.7,31.9,94.4,1,-1,-1,-1
769,61,265.9,174.6,58.2,163.6,1,-1,-1,-1
769,68,679.5,125.8,30.5,63.8,1,-1,-1,-1
769,69,732.8,48.9,35.1,49.0,1,-1,-1,-1
769,72,625.2,197.3,36.9,96.5,1,-1,-1,-1
769,74,495.9,229.5,34.1,95.5,1,-1,-1,-1
770,61,266.2,174.3,63.7,166.0,1,-1,-1,-1
770,68,678.1,126.7,31.5,63.9,1,-1,-1,-1
770,69,732.9,48.9,35.0,48.3,1,-1,-1,-1
770,72,623.6,196.9,34.2,95.5,1,-1,-1,-1
770,74,500.0,230.9,35.4,96.6,1,-1,-1,-1
771,61,263.3,173.3,68.1,169.5,1,-1,-1,-1
771,68,677.8,127.8,31.2,64.0,1,-1,-1,-1
771,69,733.0,49.0,35.0,48.8,1,-1,-1,-1
771,72,620.8,196.9,29.9,95.1,1,-1,-1,-1
771,74,504.2,231.2,33.7,97.6,1,-1,-1,-1
772,61,259.8,172.2,74.3,172.6,1,-1,-1,-1
772,68,677.9,128.8,30.3,64.7,1,-1,-1,-1
772,69,733.7,48.3,34.3,48.9,1,-1,-1,-1
772,72,613.5,196.3,30.7,96.4,1,-1,-1,-1
772,74,514.6,232.5,39.5,95.8,1,-1,-1,-1
772,75,383.2,191.8,36.3,74.1,1,-1,-1,-1
773,61,257.2,171.9,82.5,173.6,1,-1,-1,-1
773,68,677.3,129.1,30.1,64.9,1,-1,-1,-1
773,69,733.3,48.0,34.8,49.7,1,-1,-1,-1
773,72,607.7,196.7,33.7,95.4,1,-1,-1,-1
773,74,522.3,234.5,41.3,97.3,1,-1,-1,-1
773,75,375.6,194.5,37.5,74.0,1,-1,-1,-1
774,68,676.3,129.8,30.0,65.0,1,-1,-1,-1
774,69,733.0,47.9,34.9,49.9,1,-1,-1,-1
774,71,257.5,173.2,49.4,82.3,1,-1,-1,-1
774,72,606.9,196.3,33.2,96.5,1,-1,-1,-1
774,74,526.3,236.6,41.1,97.8,1,-1,-1,-1
774,75,370.3,194.6,33.6,74.7,1,-1,-1,-1
775,68,675.9,130.1,29.3,66.4,1,-1,-1,-1
775,69,734.4,48.7,33.6,49.3,1,-1,-1,-1
775,71,252.3,170.9,58.9,83.5,1,-1,-1,-1
775,72,607.5,195.3,32.4,96.9,1,-1,-1,-1
775,74,529.6,237.9,37.5,97.2,1,-1,-1,-1
775,75,364.2,194.2,26.9,73.5,1,-1,-1,-1
776,68,673.1,131.5,29.8,66.8,1,-1,-1,-1
776,69,733.6,48.3,34.6,49.1,1,-1,-1,-1
776,71,249.8,168.4,37.3,78.9,1,-1,-1,-1
776,72,608.0,194.9,30.0,97.7,1,-1,-1,-1
776,74,539.6,238.9,33.0,96.4,1,-1,-1,-1
776,76,321.8,212.7,57.0,139.8,1,-1,-1,-1
777,68,669.7,132.1,29.9,67.6,1,-1,-1,-1
777,69,732.4,48.0,35.6,49.0,1,-1,-1,-1
777,71,248.1,167.7,30.8,76.9,1,-1,-1,-1
777,72,607.4,195.6,30.0,99.3,1,-1,-1,-1
777,74,545.1,239.9,34.4,98.9,1,-1,-1,-1
777,76,328.1,195.6,52.1,151.1,1,-1,-1,-1
778,68,666.5,132.1,31.4,67.9,1,-1,-1,-1
778,69,731.9,48.0,35.9,49.0,1,-1,-1,-1
778,71,245.6,168.5,30.9,76.3,1,-1,-1,-1
778,72,607.0,196.7,30.7,99.8,1,-1,-1,-1
778,74,547.4,241.5,36.2,100.4,1,-1,-1,-1
778,76,331.2,193.5,52.7,155.9,1,-1,-1,-1
778,77,302.6,173.3,25.4,72.8,1,-1,-1,-1
779,68,664.2,132.8,31.1,68.0,1,-1,-1,-1
779,69,731.9,48.0,36.0,49.7,1,-1,-1,-1
779,71,241.3,168.3,30.3,76.1,1,-1,-1,-1
779,72,607.6,198.5,32.3,99.9,1,-1,-1,-1
779,74,557.4,242.8,31.2,99.4,1,-1,-1,-1
779,76,316.9,176.6,73.9,181.9,1,-1,-1,-1
780,68,662.2,134.4,31.0,67.3,1,-1,-1,-1
780,69,734.1,48.7,33.9,48.5,1,-1,-1,-1
780,71,238.2,168.0,25.9,76.0,1,-1,-1,-1
780,72,608.0,200.6,34.2,98.6,1,-1,-1,-1
780,74,563.0,243.9,31.7,99.1,1,-1,-1,-1
780,76,311.0,169.1,83.1,193.2,1,-1,-1,-1
781,68,661.7,135.1,30.3,68.5,1,-1,-1,-1
781,69,733.7,48.3,34.7,48.9,1,-1,-1,-1
781,71,236.8,167.3,24.6,76.7,1,-1,-1,-1
781,72,610.9,201.2,33.4,98.2,1,-1,-1,-1
781,74,566.8,245.6,34.7,101.8,1,-1,-1,-1
781,76,309.9,168.3,87.9,195.8,1,-1,-1,-1
782,68,661.1,135.9,29.4,68.1,1,-1,-1,-1
782,69,732.5,47.3,35.6,50.4,1,-1,-1,-1
782,71,234.6,166.2,25.6,77.6,1,-1,-1,-1
782,74,567.6,216.1,66.4,133.5,1,-1,-1,-1
782,76,340.6,232.3,55.8,133.7,1,-1,-1,-1
782,77,307.4,170.3,38.4,96.0,1,-1,-1,-1
783,68,658.8,136.1,30.5,68.0,1,-1,-1,-1
783,69,731.9,46.9,35.9,50.1,1,-1,-1,-1
783,71,228.9,165.9,28.7,77.9,1,-1,-1,-1
783,74,572.2,205.4,72.4,140.1,1,-1,-1,-1
783,75,332.4,176.7,25.6,72.5,1,-1,-1,-1
783,76,362.2,264.8,51.7,113.6,1,-1,-1,-1
783,77,294.0,190.2,34.6,82.7,1,-1,-1,-1
784,68,657.9,136.8,30.2,68.0,1,-1,-1,-1
784,69,731.9,46.9,36.0,50.0,1,-1,-1,-1
784,71,225.9,165.2,28.2,77.3,1,-1,-1,-1
784,74,574.3,207.3,74.9,141.4,1,-1,-1,-1
784,75,333.0,167.9,27.3,74.2,1,-1,-1,-1
784,76,368.0,270.8,53.3,107.6,1,-1,-1,-1
784,77,283.3,199.8,37.7,78.7,1,-1,-1,-1
785,68,657.1,137.7,30.0,68.0,1,-1,-1,-1
785,69,732.0,47.0,36.0,50.0,1,-1,-1,-1
785,71,224.0,164.2,29.5,76.4,1,-1,-1,-1
785,74,575.9,210.9,75.0,143.2,1,-1,-1,-1
785,75,337.3,172.0,29.9,68.5,1,-1,-1,-1
785,76,369.1,267.2,51.7,106.5,1,-1,-1,-1
785,77,275.6,196.1,40.0,81.7,1,-1,-1,-1
786,68,653.4,138.8,30.0,68.7,1,-1,-1,-1
786,69,732.0,46.3,36.0,50.7,1,-1,-1,-1
786,71,223.7,163.2,29.1,76.8,1,-1,-1,-1
786,74,580.4,212.3,72.9,147.3,1,-1,-1,-1
786,75,342.7,168.4,32.8,70.9,1,-1,-1,-1
786,76,381.9,264.4,47.0,106.8,1,-1,-1,-1
786,77,269.6,193.3,31.6,81.2,1,-1,-1,-1
787,68,650.4,139.8,30.7,68.2,1,-1,-1,-1
787,69,732.0,46.0,36.0,50.9,1,-1,-1,-1
787,71,223.8,162.9,29.0,76.2,1,-1,-1,-1
787,74,585.1,213.7,70.2,147.8,1,-1,-1,-1
787,75,350.2,164.7,30.1,71.7,1,-1,-1,-1
787,76,391.1,264.3,50.5,108.4,1,-1,-1,-1
787,77,265.3,192.6,31.2,80.4,1,-1,-1,-1
788,68,648.2,140.1,32.3,68.1,1,-1,-1,-1
788,69,731.3,45.9,36.7,51.0,1,-1,-1,-1
788,71,223.3,162.2,29.7,76.1,1,-1,-1,-1
788,74,590.1,216.3,68.0,146.5,1,-1,-1,-1
788,75,354.9,162.2,27.2,75.4,1,-1,-1,-1
788,76,396.2,266.2,53.0,104.6,1,-1,-1,-1
788,77,261.5,195.5,30.4,78.0,1,-1,-1,-1
789,68,647.7,141.5,30.7,70.8,1,-1,-1,-1
789,69,731.7,46.0,36.2,51.0,1,-1,-1,-1
789,71,222.3,159.8,49.5,99.8,1,-1,-1,-1
789,74,595.1,217.2,68.7,149.7,1,-1,-1,-1
789,75,350.9,163.0,42.5,72.3,1,-1,-1,-1
789,76,400.5,268.5,55.1,102.8,1,-1,-1,-1
790,69,732.0,46.0,36.1,51.0,1,-1,-1,-1
790,71,221.9,158.8,54.1,108.3,1,-1,-1,-1
790,74,598.0,165.4,75.9,205.2,1,-1,-1,-1
790,75,357.3,163.8,40.0,70.0,1,-1,-1,-1
790,76,406.5,270.6,48.7,99.4,1,-1,-1,-1
791,69,732.0,46.0,36.0,51.0,1,-1,-1,-1
791,71,220.5,158.8,55.4,109.5,1,-1,-1,-1
791,74,599.9,141.6,77.4,221.9,1,-1,-1,-1
791,75,366.6,163.4,33.7,70.7,1,-1,-1,-1
791,76,416.3,270.6,37.0,106.8,1,-1,-1,-1
792,69,732.0,46.0,36.0,51.0,1,-1,-1,-1
792,71,219.2,158.9,55.1,109.2,1,-1,-1,-1
792,74,603.8,138.9,75.0,226.9,1,-1,-1,-1
792,75,377.6,162.3,27.6,71.6,1,-1,-1,-1
792,76,423.4,270.2,35.6,109.7,1,-1,-1,-1
793,68,649.6,144.2,28.8,75.1,1,-1,-1,-1
793,69,732.7,46.0,35.3,51.0,1,-1,-1,-1
793,71,218.1,159.0,53.6,109.0,1,-1,-1,-1
793,74,608.8,196.5,68.0,173.8,1,-1,-1,-1
793,75,383.3,161.2,27.2,72.6,1,-1,-1,-1
793,76,430.0,270.7,41.5,109.2,1,-1,-1,-1
794,68,651.8,144.8,27.5,75.7,1,-1,-1,-1
794,69,732.3,46.0,35.8,51.0,1,-1,-1,-1
794,71,215.7,157.6,53.2,110.4,1,-1,-1,-1
794,74,614.0,227.0,63.8,156.4,1,-1,-1,-1
794,75,383.4,160.9,33.4,72.2,1,-1,-1,-1
794,76,433.3,271.7,48.8,108.4,1,-1,-1,-1
795,68,651.6,145.8,27.2,75.2,1,-1,-1,-1
795,69,732.0,46.0,35.9,51.0,1,-1,-1,-1
795,71,213.4,156.2,52.4,108.7,1,-1,-1,-1
795,74,617.0,233.2,62.5,151.2,1,-1,-1,-1
795,75,385.3,160.2,35.9,72.1,1,-1,-1,-1
795,76,435.1,273.5,51.1,107.4,1,-1,-1,-1
