1,1,0.0,320.7,115.2,582.3,1,-1,-1,-1
1,2,255.5,457.1,99.7,251.0,1,-1,-1,-1
1,3,1700.5,387.5,162.3,342.2,1,-1,-1,-1
1,4,1285.0,461.6,72.3,198.0,1,-1,-1,-1
1,5,856.5,522.2,45.6,104.3,1,-1,-1,-1
1,6,1255.8,536.7,58.1,119.9,1,-1,-1,-1
1,7,121.5,526.1,86.6,217.7,1,-1,-1,-1
1,8,1887.2,386.8,32.5,191.5,1,-1,-1,-1
1,9,47.7,519.6,69.3,229.4,1,-1,-1,-1
2,1,0.6,310.5,117.4,593.0,1,-1,-1,-1
2,2,258.2,457.9,99.6,251.0,1,-1,-1,-1
2,3,1692.3,387.9,162.2,342.1,1,-1,-1,-1
2,4,1288.8,462.7,71.7,196.7,1,-1,-1,-1
2,5,856.5,521.2,46.0,105.2,1,-1,-1,-1
2,6,1246.3,489.4,81.1,168.4,1,-1,-1,-1
2,7,116.1,509.5,93.7,236.2,1,-1,-1,-1
2,8,1882.7,377.6,34.5,202.8,1,-1,-1,-1
2,9,48.6,509.2,72.4,239.6,1,-1,-1,-1
3,1,2.4,309.1,117.8,594.3,1,-1,-1,-1
3,2,260.4,457.6,99.3,250.7,1,-1,-1,-1
3,3,1686.6,388.0,162.4,342.6,1,-1,-1,-1
3,4,1294.2,461.5,71.8,197.5,1,-1,-1,-1
3,5,856.7,519.7,46.6,106.7,1,-1,-1,-1
3,7,113.8,507.4,94.2,238.2,1,-1,-1,-1
3,8,1881.3,368.1,36.1,211.8,1,-1,-1,-1
3,9,53.1,506.0,73.3,242.8,1,-1,-1,-1
4,1,1.6,270.7,125.6,632.9,1,-1,-1,-1
4,2,260.5,457.6,99.5,251.6,1,-1,-1,-1
4,3,1683.1,388.4,162.3,343.2,1,-1,-1,-1
4,4,1296.1,461.4,71.7,198.0,1,-1,-1,-1
4,5,857.3,520.1,46.2,106.1,1,-1,-1,-1
4,7,114.4,504.1,95.2,241.1,1,-1,-1,-1
4,8,1879.8,359.3,37.8,221.0,1,-1,-1,-1
4,9,57.7,513.4,70.9,235.8,1,-1,-1,-1
4,10,1260.8,538.3,55.5,122.0,1,-1,-1,-1
5,1,6.5,244.9,131.4,658.5,1,-1,-1,-1
5,2,261.3,457.6,98.9,250.8,1,-1,-1,-1
5,3,1682.9,389.0,162.8,345.6,1,-1,-1,-1
5,4,1299.1,461.4,71.4,197.7,1,-1,-1,-1
5,5,857.8,518.8,46.5,107.0,1,-1,-1,-1
5,7,116.3,514.4,90.6,230.3,1,-1,-1,-1
5,8,1879.0,352.7,38.8,225.7,1,-1,-1,-1
5,9,70.2,547.1,61.4,202.4,1,-1,-1,-1
5,10,1262.2,538.6,55.0,121.2,1,-1,-1,-1
6,1,7.6,236.7,133.9,667.0,1,-1,-1,-1
6,2,262.9,457.8,98.2,250.0,1,-1,-1,-1
6,3,1685.9,389.0,163.4,347.6,1,-1,-1,-1
6,4,1301.7,461.2,71.9,199.4,1,-1,-1,-1
6,5,858.7,519.4,45.8,105.5,1,-1,-1,-1
6,7,117.0,518.6,88.7,226.2,1,-1,-1,-1
6,8,1878.5,349.8,39.6,229.0,1,-1,-1,-1
6,10,1266.4,538.8,54.4,120.4,1,-1,-1,-1
7,1,7.3,228.3,136.7,677.1,1,-1,-1,-1
7,2,263.3,457.5,97.6,249.4,1,-1,-1,-1
7,3,1680.5,389.5,162.3,348.3,1,-1,-1,-1
7,4,1304.6,460.3,72.7,201.7,1,-1,-1,-1
7,5,861.1,518.8,45.8,105.4,1,-1,-1,-1
7,7,118.7,528.6,84.7,216.2,1,-1,-1,-1
7,8,1877.1,347.1,40.8,234.6,1,-1,-1,-1
7,10,1269.3,538.4,54.6,122.2,1,-1,-1,-1
8,1,8.3,223.8,138.9,682.2,1,-1,-1,-1
8,2,269.1,456.8,96.2,249.2,1,-1,-1,-1
8,3,1678.1,390.6,160.8,348.5,1,-1,-1,-1
8,4,1307.6,460.3,72.4,200.2,1,-1,-1,-1
8,5,862.8,518.7,45.7,105.3,1,-1,-1,-1
8,7,117.7,523.1,86.5,221.7,1,-1,-1,-1
8,8,1875.9,346.6,41.9,239.5,1,-1,-1,-1
8,10,1271.2,537.2,54.9,124.6,1,-1,-1,-1
9,1,11.3,220.8,141.3,685.0,1,-1,-1,-1
9,2,273.8,456.5,94.3,248.4,1,-1,-1,-1
9,3,1676.8,391.7,158.9,347.4,1,-1,-1,-1
9,4,1309.7,459.8,72.5,199.3,1,-1,-1,-1
9,5,864.5,519.8,45.1,104.4,1,-1,-1,-1
9,7,115.7,513.8,89.7,231.1,1,-1,-1,-1
9,8,1875.2,347.9,42.6,242.3,1,-1,-1,-1
9,10,1273.4,537.4,53.9,124.6,1,-1,-1,-1
10,1,14.3,221.1,143.6,684.2,1,-1,-1,-1
10,2,278.2,456.4,91.3,245.5,1,-1,-1,-1
10,3,1672.7,389.6,158.1,350.4,1,-1,-1,-1
10,4,1310.6,460.4,73.2,200.7,1,-1,-1,-1
10,5,866.0,519.9,45.5,105.2,1,-1,-1,-1
10,7,115.9,509.8,90.7,235.4,1,-1,-1,-1
10,8,1873.3,348.7,44.4,250.5,1,-1,-1,-1
10,10,1276.7,537.6,53.6,125.3,1,-1,-1,-1
11,1,14.7,222.3,145.7,683.0,1,-1,-1,-1
11,2,280.9,456.1,89.5,246.0,1,-1,-1,-1
11,3,1669.4,388.0,157.8,354.4,1,-1,-1,-1
11,4,1313.3,460.4,73.1,199.2,1,-1,-1,-1
11,5,867.5,520.8,44.7,103.3,1,-1,-1,-1
11,7,114.2,504.0,91.9,241.3,1,-1,-1,-1
11,8,1870.7,348.9,47.2,265.0,1,-1,-1,-1
11,10,1279.3,538.5,52.6,124.7,1,-1,-1,-1
12,1,15.4,224.4,148.0,680.8,1,-1,-1,-1
12,2,281.5,455.3,88.3,247.3,1,-1,-1,-1
12,3,1667.5,386.9,157.1,357.2,1,-1,-1,-1
12,4,1315.6,461.2,73.4,198.9,1,-1,-1,-1
12,5,869.7,521.8,44.7,103.9,1,-1,-1,-1
12,7,112.2,500.1,92.1,245.1,1,-1,-1,-1
12,8,1868.7,349.0,49.3,275.1,1,-1,-1,-1
12,10,1280.1,538.5,52.0,125.0,1,-1,-1,-1
13,1,15.3,226.5,154.0,696.3,1,-1,-1,-1
13,2,282.9,453.9,87.7,249.6,1,-1,-1,-1
13,3,1670.1,387.2,156.2,357.1,1,-1,-1,-1
13,4,1317.4,461.7,73.8,199.0,1,-1,-1,-1
13,5,868.5,520.1,45.9,106.7,1,-1,-1,-1
13,7,111.1,495.4,92.4,250.0,1,-1,-1,-1
13,8,1866.5,348.7,52.0,289.3,1,-1,-1,-1
13,10,1282.8,538.6,51.1,124.3,1,-1,-1,-1
14,1,16.4,229.8,157.3,697.2,1,-1,-1,-1
14,2,286.7,453.9,86.9,250.2,1,-1,-1,-1
14,3,1670.9,386.4,155.8,358.7,1,-1,-1,-1
14,4,1318.3,461.3,74.4,199.9,1,-1,-1,-1
14,5,869.6,520.6,45.7,106.8,1,-1,-1,-1
14,7,110.8,494.1,91.5,251.3,1,-1,-1,-1
14,8,1864.9,349.6,54.1,300.6,1,-1,-1,-1
14,10,1284.5,539.0,50.1,123.6,1,-1,-1,-1
14,13,1805.6,442.0,54.4,181.4,1,-1,-1,-1
15,1,17.5,230.4,159.6,692.1,1,-1,-1,-1
15,2,293.9,459.2,84.6,244.8,1,-1,-1,-1
15,3,1665.2,385.2,153.8,359.4,1,-1,-1,-1
15,4,1319.4,460.4,75.0,201.1,1,-1,-1,-1
15,5,870.7,520.7,45.9,108.3,1,-1,-1,-1
15,7,114.7,518.2,82.2,226.9,1,-1,-1,-1
15,8,1862.4,349.6,57.2,317.5,1,-1,-1,-1
15,10,1286.1,538.4,49.6,123.7,1,-1,-1,-1
15,13,1806.5,442.1,54.4,181.3,1,-1,-1,-1
16,1,18.3,232.6,162.1,687.3,1,-1,-1,-1
16,2,294.6,457.7,85.8,245.5,1,-1,-1,-1
16,3,1660.9,383.6,151.5,361.0,1,-1,-1,-1
16,4,1320.7,460.5,75.0,200.9,1,-1,-1,-1
16,5,871.9,520.7,45.4,108.4,1,-1,-1,-1
16,7,115.7,526.8,78.9,218.2,1,-1,-1,-1
16,8,1860.0,340.8,60.0,335.4,1,-1,-1,-1
16,10,1288.2,538.3,50.1,125.4,1,-1,-1,-1
16,13,1808.5,442.4,54.9,183.3,1,-1,-1,-1
17,1,19.6,233.4,165.5,684.8,1,-1,-1,-1
17,2,299.3,457.4,85.7,244.1,1,-1,-1,-1
17,3,1658.1,381.9,149.4,361.9,1,-1,-1,-1
17,4,1322.8,461.6,74.7,200.0,1,-1,-1,-1
17,5,872.5,521.1,45.1,108.7,1,-1,-1,-1
17,7,116.8,528.8,77.7,215.8,1,-1,-1,-1
17,8,1858.9,341.8,61.0,339.4,1,-1,-1,-1
17,10,1290.3,538.4,49.9,125.9,1,-1,-1,-1
17,13,1809.5,442.8,56.0,187.5,1,-1,-1,-1
18,1,21.4,234.7,168.4,678.4,1,-1,-1,-1
18,2,299.8,456.4,88.2,246.0,1,-1,-1,-1
18,3,1654.0,379.6,148.4,363.5,1,-1,-1,-1
18,4,1324.0,461.5,74.8,200.9,1,-1,-1,-1
18,5,873.8,522.2,43.5,106.2,1,-1,-1,-1
18,7,121.5,535.7,74.4,208.8,1,-1,-1,-1
18,8,1854.7,332.8,65.3,391.8,1,-1,-1,-1
18,10,1292.9,539.0,48.8,123.8,1,-1,-1,-1
18,13,1812.9,444.1,53.2,178.2,1,-1,-1,-1
19,1,24.0,236.3,172.0,672.0,1,-1,-1,-1
19,2,304.5,457.6,89.1,244.9,1,-1,-1,-1
19,3,1653.2,378.3,149.0,367.5,1,-1,-1,-1
19,4,1326.4,460.9,75.1,201.6,1,-1,-1,-1
19,5,874.8,522.4,42.4,104.6,1,-1,-1,-1
19,8,1852.9,328.0,67.1,411.2,1,-1,-1,-1
19,10,1294.4,539.7,48.1,122.2,1,-1,-1,-1
19,13,1813.9,444.2,52.3,174.5,1,-1,-1,-1
19,15,1323.0,457.0,52.2,201.5,1,-1,-1,-1
20,1,27.3,238.8,176.6,667.1,1,-1,-1,-1
20,2,307.2,457.2,90.7,245.8,1,-1,-1,-1
20,3,1650.0,379.0,148.4,368.8,1,-1,-1,-1
20,4,1326.7,461.3,74.9,202.1,1,-1,-1,-1
20,5,875.7,522.2,41.4,103.7,1,-1,-1,-1
20,8,1852.3,324.9,67.7,421.1,1,-1,-1,-1
20,10,1296.2,538.4,49.1,124.4,1,-1,-1,-1
20,13,1814.3,446.4,51.8,172.5,1,-1,-1,-1
20,15,1327.2,461.3,50.0,192.6,1,-1,-1,-1
21,1,28.7,240.4,181.8,664.3,1,-1,-1,-1
21,2,310.7,462.0,90.1,241.1,1,-1,-1,-1
21,3,1648.9,379.6,148.4,370.1,1,-1,-1,-1
21,4,1328.6,461.9,74.3,201.0,1,-1,-1,-1
21,8,1852.0,322.8,68.0,429.7,1,-1,-1,-1
21,10,1296.3,539.6,48.4,123.1,1,-1,-1,-1
21,13,1813.9,447.1,51.7,171.0,1,-1,-1,-1
21,15,1329.1,463.7,50.1,192.6,1,-1,-1,-1
22,1,29.6,241.8,187.7,663.6,1,-1,-1,-1
22,2,310.9,461.7,91.1,241.9,1,-1,-1,-1
22,3,1647.5,379.7,148.4,372.5,1,-1,-1,-1
22,4,1328.3,463.6,72.9,198.8,1,-1,-1,-1
22,8,1851.5,321.7,68.5,437.0,1,-1,-1,-1
22,10,1297.1,539.9,48.3,123.2,1,-1,-1,-1
22,13,1811.7,446.0,52.3,171.9,1,-1,-1,-1
23,1,34.6,243.2,195.0,661.9,1,-1,-1,-1
23,2,307.6,457.9,93.8,245.8,1,-1,-1,-1
23,3,1645.4,380.1,148.4,374.4,1,-1,-1,-1
23,4,1329.8,463.0,73.5,200.7,1,-1,-1,-1
23,8,1850.9,321.5,69.1,441.1,1,-1,-1,-1
23,10,1299.3,539.7,47.9,123.0,1,-1,-1,-1
23,13,1811.0,445.4,52.7,172.1,1,-1,-1,-1
24,1,40.5,243.5,203.8,661.1,1,-1,-1,-1
24,2,307.5,456.2,95.0,247.3,1,-1,-1,-1
24,3,1641.2,380.6,148.3,375.9,1,-1,-1,-1
24,4,1330.9,464.2,73.1,200.1,1,-1,-1,-1
24,8,1850.1,321.5,69.9,443.1,1,-1,-1,-1
24,10,1301.1,538.7,48.0,124.1,1,-1,-1,-1
24,13,1810.9,445.7,52.6,171.9,1,-1,-1,-1
25,1,47.2,241.7,214.3,660.8,1,-1,-1,-1
25,2,308.3,455.1,95.9,248.3,1,-1,-1,-1
25,3,1640.1,381.4,149.0,377.3,1,-1,-1,-1
25,4,1331.9,464.5,73.1,200.6,1,-1,-1,-1
25,8,1846.3,322.1,73.2,443.8,1,-1,-1,-1
25,10,1303.2,538.3,48.0,125.4,1,-1,-1,-1
25,13,1811.5,449.7,51.4,168.1,1,-1,-1,-1
26,1,51.0,239.3,225.8,662.6,1,-1,-1,-1
26,2,309.4,456.4,96.1,247.8,1,-1,-1,-1
26,3,1635.6,382.0,149.2,378.5,1,-1,-1,-1
26,4,1332.3,464.8,72.8,200.5,1,-1,-1,-1
26,8,1841.9,322.4,74.7,446.4,1,-1,-1,-1
26,10,1305.2,538.0,48.1,126.5,1,-1,-1,-1
26,13,1814.0,454.2,47.6,155.5,1,-1,-1,-1
27,1,51.8,237.5,236.6,663.4,1,-1,-1,-1
27,2,311.9,456.1,95.9,247.4,1,-1,-1,-1
27,3,1631.4,381.7,149.3,380.0,1,-1,-1,-1
27,4,1332.6,464.9,72.3,200.1,1,-1,-1,-1
27,8,1840.5,321.4,75.8,448.5,1,-1,-1,-1
27,10,1306.9,537.3,48.0,127.5,1,-1,-1,-1
28,1,55.2,235.2,249.7,667.2,1,-1,-1,-1
28,2,314.5,461.5,94.1,241.9,1,-1,-1,-1
28,3,1627.3,380.5,148.8,381.7,1,-1,-1,-1
28,4,1333.0,465.1,71.8,199.1,1,-1,-1,-1
28,8,1837.1,320.5,77.4,450.1,1,-1,-1,-1
28,10,1307.8,537.0,48.0,128.9,1,-1,-1,-1
29,1,56.4,233.3,262.2,669.3,1,-1,-1,-1
29,2,317.2,477.9,89.0,226.0,1,-1,-1,-1
29,3,1626.2,379.7,148.4,382.5,1,-1,-1,-1
29,4,1334.0,465.2,71.6,198.6,1,-1,-1,-1
29,8,1833.2,319.5,79.4,452.2,1,-1,-1,-1
29,10,1308.2,536.9,47.9,129.7,1,-1,-1,-1
30,1,59.4,232.3,275.2,670.0,1,-1,-1,-1
30,2,328.5,511.3,76.8,191.6,1,-1,-1,-1
30,3,1621.9,377.8,146.8,383.9,1,-1,-1,-1
30,4,1334.0,465.2,71.3,198.3,1,-1,-1,-1
30,8,1830.4,317.6,81.5,454.6,1,-1,-1,-1
30,10,1308.7,537.1,47.6,129.6,1,-1,-1,-1
31,1,64.3,233.2,286.5,663.8,1,-1,-1,-1
31,2,331.8,512.6,77.4,189.5,1,-1,-1,-1
31,3,1619.7,376.6,145.0,385.0,1,-1,-1,-1
31,4,1334.6,465.2,71.2,197.8,1,-1,-1,-1
31,8,1828.8,315.6,83.4,456.6,1,-1,-1,-1
31,10,1310.2,538.6,46.9,127.8,1,-1,-1,-1
32,1,63.2,233.0,300.0,665.4,1,-1,-1,-1
32,2,334.2,499.4,84.1,203.1,1,-1,-1,-1
32,3,1617.8,375.0,143.1,386.3,1,-1,-1,-1
32,4,1335.4,465.5,71.3,197.5,1,-1,-1,-1
32,8,1826.4,312.9,85.5,459.3,1,-1,-1,-1
32,10,1310.9,539.5,46.2,126.3,1,-1,-1,-1
33,1,60.5,236.6,311.8,664.6,1,-1,-1,-1
33,2,336.7,480.0,92.1,222.8,1,-1,-1,-1
33,3,1616.9,373.3,141.7,388.6,1,-1,-1,-1
33,4,1336.9,465.5,71.9,197.8,1,-1,-1,-1
33,8,1822.5,309.6,88.2,462.3,1,-1,-1,-1
33,10,1312.1,539.9,45.9,125.4,1,-1,-1,-1
34,1,55.7,242.7,320.3,659.5,1,-1,-1,-1
34,2,337.5,472.7,93.9,229.6,1,-1,-1,-1
34,3,1621.3,372.0,141.6,390.6,1,-1,-1,-1
34,4,1338.2,465.1,72.3,197.4,1,-1,-1,-1
34,8,1818.7,307.8,90.8,463.9,1,-1,-1,-1
34,10,1312.9,539.9,46.0,125.6,1,-1,-1,-1
35,1,57.0,246.3,331.3,657.4,1,-1,-1,-1
35,2,338.9,475.8,92.0,227.0,1,-1,-1,-1
35,3,1623.2,371.2,142.6,394.0,1,-1,-1,-1
35,4,1339.1,465.8,72.4,196.2,1,-1,-1,-1
35,8,1813.4,306.3,94.1,466.3,1,-1,-1,-1
35,10,1313.6,539.9,46.0,125.6,1,-1,-1,-1
36,1,62.2,250.1,342.7,653.2,1,-1,-1,-1
36,2,347.0,469.8,96.2,231.9,1,-1,-1,-1
36,3,1622.8,370.8,143.1,396.7,1,-1,-1,-1
36,4,1339.3,466.1,72.6,195.8,1,-1,-1,-1
36,8,1809.0,304.6,97.2,467.2,1,-1,-1,-1
36,10,1315.9,539.8,46.7,125.8,1,-1,-1,-1
37,1,62.5,252.9,352.4,646.6,1,-1,-1,-1
37,2,355.3,474.0,91.4,212.3,1,-1,-1,-1
37,3,1620.6,370.6,143.5,399.3,1,-1,-1,-1
37,4,1340.4,466.8,73.0,195.1,1,-1,-1,-1
37,8,1806.2,303.7,100.1,467.9,1,-1,-1,-1
37,10,1316.1,539.8,46.9,125.5,1,-1,-1,-1
38,1,64.2,256.5,360.4,639.8,1,-1,-1,-1
38,3,1619.9,371.4,144.0,401.5,1,-1,-1,-1
38,4,1341.0,467.1,73.1,194.4,1,-1,-1,-1
38,8,1803.3,303.6,103.2,470.0,1,-1,-1,-1
38,10,1316.8,540.0,46.9,124.9,1,-1,-1,-1
39,1,74.7,255.8,368.3,640.7,1,-1,-1,-1
39,3,1619.1,372.6,144.2,403.6,1,-1,-1,-1
39,4,1341.6,467.2,73.4,194.2,1,-1,-1,-1
39,8,1800.8,304.0,106.3,472.3,1,-1,-1,-1
39,10,1316.6,539.9,47.2,125.3,1,-1,-1,-1
40,1,94.0,257.4,370.7,638.0,1,-1,-1,-1
40,3,1619.3,373.8,144.7,404.6,1,-1,-1,-1
40,4,1342.0,467.0,73.7,194.3,1,-1,-1,-1
40,8,1798.6,304.4,109.0,473.6,1,-1,-1,-1
40,10,1316.7,539.6,47.3,125.4,1,-1,-1,-1
40,7,112.8,490.4,86.7,254.8,1,-1,-1,-1
41,1,110.2,255.2,372.9,640.7,1,-1,-1,-1
41,3,1617.1,374.2,145.0,406.2,1,-1,-1,-1
41,4,1342.2,467.6,73.6,193.5,1,-1,-1,-1
41,8,1796.7,304.8,111.2,472.6,1,-1,-1,-1
41,10,1317.1,539.5,47.6,125.4,1,-1,-1,-1
41,7,111.0,476.7,88.1,268.6,1,-1,-1,-1
42,1,134.4,262.4,368.4,634.8,1,-1,-1,-1
42,3,1613.8,373.8,145.0,408.2,1,-1,-1,-1
42,4,1342.3,468.1,73.5,193.1,1,-1,-1,-1
42,8,1794.6,305.3,113.7,473.9,1,-1,-1,-1
42,10,1317.6,539.6,47.8,125.1,1,-1,-1,-1
42,7,111.3,473.3,86.8,272.8,1,-1,-1,-1
43,1,158.8,256.2,364.2,636.0,1,-1,-1,-1
43,3,1610.9,371.4,145.6,411.8,1,-1,-1,-1
43,4,1343.1,468.5,73.5,192.8,1,-1,-1,-1
43,8,1792.6,306.2,116.0,474.0,1,-1,-1,-1
43,10,1317.9,539.4,48.2,125.5,1,-1,-1,-1
43,7,113.5,473.0,85.5,272.9,1,-1,-1,-1
44,1,195.7,253.8,354.5,632.8,1,-1,-1,-1
44,3,1609.4,368.1,145.7,414.0,1,-1,-1,-1
44,4,1343.7,468.3,73.7,193.1,1,-1,-1,-1
44,8,1790.4,306.8,119.6,481.3,1,-1,-1,-1
44,10,1317.9,539.1,48.4,125.7,1,-1,-1,-1
44,7,112.8,471.9,84.6,273.4,1,-1,-1,-1
45,1,231.1,249.6,341.3,629.8,1,-1,-1,-1
45,3,1608.3,363.8,146.8,418.7,1,-1,-1,-1
45,4,1344.0,467.2,74.4,194.7,1,-1,-1,-1
45,8,1788.6,306.1,122.9,488.2,1,-1,-1,-1
45,10,1317.5,537.9,49.4,127.5,1,-1,-1,-1
45,7,114.8,474.1,82.2,270.3,1,-1,-1,-1
46,1,260.1,252.7,325.9,620.6,1,-1,-1,-1
46,3,1607.0,360.8,148.6,422.6,1,-1,-1,-1
46,4,1344.3,467.4,74.4,194.8,1,-1,-1,-1
46,8,1787.3,304.5,125.2,492.4,1,-1,-1,-1
46,10,1317.1,537.6,49.8,128.3,1,-1,-1,-1
46,7,117.2,482.4,78.7,261.6,1,-1,-1,-1
46,25,243.2,456.6,59.7,242.8,1,-1,-1,-1
46,26,245.0,456.3,55.7,118.3,1,-1,-1,-1
47,1,279.4,252.3,316.7,618.5,1,-1,-1,-1
47,3,1604.5,360.2,149.8,421.5,1,-1,-1,-1
47,4,1344.6,467.3,74.5,195.1,1,-1,-1,-1
47,8,1786.6,303.0,127.1,495.9,1,-1,-1,-1
47,10,1317.0,537.7,50.1,128.6,1,-1,-1,-1
47,7,118.3,484.6,77.1,259.0,1,-1,-1,-1
47,25,247.4,456.8,59.6,241.6,1,-1,-1,-1
47,26,247.3,456.9,54.0,114.2,1,-1,-1,-1
48,1,306.6,256.8,302.4,610.9,1,-1,-1,-1
48,3,1600.9,360.2,152.4,420.7,1,-1,-1,-1
48,4,1344.7,466.7,74.7,195.7,1,-1,-1,-1
48,8,1785.4,298.9,129.3,500.8,1,-1,-1,-1
48,10,1316.9,537.8,50.1,128.3,1,-1,-1,-1
48,7,118.7,493.9,74.6,249.9,1,-1,-1,-1
48,25,248.4,457.4,59.7,240.8,1,-1,-1,-1
48,26,247.2,456.7,56.4,119.0,1,-1,-1,-1
48,28,28.5,517.5,89.3,232.1,1,-1,-1,-1
49,1,326.5,257.6,296.0,606.7,1,-1,-1,-1
49,3,1597.7,359.9,155.5,421.0,1,-1,-1,-1
49,4,1344.6,466.2,74.6,195.8,1,-1,-1,-1
49,8,1784.6,295.8,130.8,503.8,1,-1,-1,-1
49,10,1317.0,537.6,50.1,128.3,1,-1,-1,-1
49,7,120.0,504.6,71.4,238.6,1,-1,-1,-1
49,25,248.9,457.5,59.9,239.7,1,-1,-1,-1
49,26,247.1,456.7,57.6,121.1,1,-1,-1,-1
49,28,30.5,517.7,88.9,231.3,1,-1,-1,-1
50,1,364.6,261.4,290.7,600.0,1,-1,-1,-1
50,3,1592.9,359.5,159.5,423.1,1,-1,-1,-1
50,4,1344.7,466.4,74.5,195.8,1,-1,-1,-1
50,8,1783.8,293.3,132.2,506.6,1,-1,-1,-1
50,10,1316.7,537.6,50.2,128.4,1,-1,-1,-1
50,7,120.8,511.0,70.0,232.2,1,-1,-1,-1
50,25,246.3,458.2,60.0,239.8,1,-1,-1,-1
50,26,246.4,456.9,57.9,121.4,1,-1,-1,-1
50,28,31.5,520.0,87.9,229.2,1,-1,-1,-1
50,29,556.0,397.0,72.6,166.0,1,-1,-1,-1
51,1,386.9,263.0,290.0,596.3,1,-1,-1,-1
51,3,1585.9,359.0,162.7,425.4,1,-1,-1,-1
51,4,1344.8,466.7,74.3,195.5,1,-1,-1,-1
51,8,1783.1,291.5,133.3,508.4,1,-1,-1,-1
51,10,1316.7,537.6,50.2,128.2,1,-1,-1,-1
51,7,121.6,517.6,68.4,226.0,1,-1,-1,-1
51,25,244.8,458.2,60.1,239.6,1,-1,-1,-1
51,26,245.3,456.8,58.3,121.9,1,-1,-1,-1
51,28,32.1,522.4,87.0,227.4,1,-1,-1,-1
51,29,558.5,395.7,71.5,164.3,1,-1,-1,-1
51,30,345.2,447.8,87.1,255.5,1,-1,-1,-1
52,1,402.3,267.0,290.9,591.5,1,-1,-1,-1
52,3,1581.1,358.6,166.0,427.8,1,-1,-1,-1
52,4,1345.1,467.1,74.3,195.3,1,-1,-1,-1
52,8,1783.0,290.3,133.8,508.1,1,-1,-1,-1
52,10,1316.8,537.6,50.3,128.4,1,-1,-1,-1
52,7,120.0,503.7,72.1,239.3,1,-1,-1,-1
52,25,244.6,458.2,60.1,239.1,1,-1,-1,-1
52,26,244.3,458.2,57.8,120.8,1,-1,-1,-1
52,28,27.4,517.3,89.1,232.8,1,-1,-1,-1
52,30,358.4,446.3,88.4,259.3,1,-1,-1,-1
53,1,412.7,272.9,292.0,584.1,1,-1,-1,-1
53,3,1576.6,358.7,169.0,428.9,1,-1,-1,-1
53,4,1345.1,467.8,74.1,194.6,1,-1,-1,-1
53,8,1781.9,288.4,134.7,508.9,1,-1,-1,-1
53,10,1317.0,538.9,49.8,126.8,1,-1,-1,-1
53,7,119.7,498.2,73.7,245.6,1,-1,-1,-1
53,25,244.6,458.4,60.0,238.9,1,-1,-1,-1
53,26,244.0,459.0,57.4,120.2,1,-1,-1,-1
53,28,27.8,511.4,90.8,238.5,1,-1,-1,-1
53,30,377.2,447.7,88.8,258.8,1,-1,-1,-1
54,1,416.7,276.4,293.8,578.5,1,-1,-1,-1
54,3,1572.7,359.6,171.2,430.0,1,-1,-1,-1
54,4,1345.2,468.0,74.0,194.4,1,-1,-1,-1
54,8,1780.2,287.2,135.8,510.0,1,-1,-1,-1
54,10,1316.8,539.4,49.6,126.2,1,-1,-1,-1
54,7,119.9,499.1,73.7,244.6,1,-1,-1,-1
54,25,243.7,458.0,60.0,239.5,1,-1,-1,-1
54,26,243.6,459.1,57.1,120.0,1,-1,-1,-1
54,28,28.4,512.4,90.0,237.4,1,-1,-1,-1
54,30,383.1,445.7,91.3,261.2,1,-1,-1,-1
55,1,421.6,278.9,295.8,574.8,1,-1,-1,-1
55,3,1575.6,360.3,173.3,431.8,1,-1,-1,-1
55,4,1345.4,468.3,73.9,194.1,1,-1,-1,-1
55,8,1778.1,285.6,137.4,512.9,1,-1,-1,-1
55,10,1316.6,539.4,49.6,126.0,1,-1,-1,-1
55,7,120.0,503.6,72.6,239.7,1,-1,-1,-1
55,25,242.6,457.1,60.0,240.5,1,-1,-1,-1
55,26,242.5,458.3,57.4,120.7,1,-1,-1,-1
55,28,25.9,505.3,92.3,244.9,1,-1,-1,-1
55,30,379.3,446.3,92.1,260.2,1,-1,-1,-1
55,2,433.3,448.1,91.5,213.2,1,-1,-1,-1
56,1,429.7,280.6,296.0,571.4,1,-1,-1,-1
56,3,1568.2,359.6,175.3,433.7,1,-1,-1,-1
56,4,1345.3,468.2,73.7,193.7,1,-1,-1,-1
56,8,1776.0,285.0,139.1,515.5,1,-1,-1,-1
56,10,1316.6,539.1,49.8,126.2,1,-1,-1,-1
56,7,121.5,522.1,67.6,220.5,1,-1,-1,-1
56,25,242.0,458.7,59.5,238.8,1,-1,-1,-1
56,26,241.8,459.3,57.0,119.9,1,-1,-1,-1
56,28,29.3,514.4,88.4,235.3,1,-1,-1,-1
56,30,376.6,445.6,94.1,261.7,1,-1,-1,-1
57,1,441.4,275.8,296.6,574.3,1,-1,-1,-1
57,3,1562.4,358.8,178.3,438.2,1,-1,-1,-1
57,4,1345.4,468.3,73.5,193.4,1,-1,-1,-1
57,8,1773.7,285.0,140.6,517.0,1,-1,-1,-1
57,10,1316.1,538.8,49.7,126.3,1,-1,-1,-1
57,7,122.0,532.4,65.4,209.6,1,-1,-1,-1
57,25,241.2,459.7,59.1,237.3,1,-1,-1,-1
57,26,242.0,460.0,56.6,119.1,1,-1,-1,-1
57,28,32.2,520.1,85.8,229.5,1,-1,-1,-1
57,30,375.7,445.9,95.7,262.0,1,-1,-1,-1
57,35,905.3,526.3,32.8,98.5,1,-1,-1,-1
58,1,462.8,272.4,290.7,572.3,1,-1,-1,-1
58,3,1554.0,359.0,180.7,440.8,1,-1,-1,-1
58,4,1345.5,468.2,73.5,193.5,1,-1,-1,-1
58,8,1770.6,286.3,142.2,516.9,1,-1,-1,-1
58,10,1316.2,538.7,49.8,126.5,1,-1,-1,-1
58,7,122.2,533.1,66.2,209.6,1,-1,-1,-1
58,25,240.4,460.0,58.4,235.5,1,-1,-1,-1
58,26,240.8,460.2,56.7,119.7,1,-1,-1,-1
58,28,32.4,522.7,84.7,226.9,1,-1,-1,-1
58,30,375.5,445.8,97.2,261.9,1,-1,-1,-1
58,35,905.0,525.3,33.9,101.5,1,-1,-1,-1
59,1,484.4,263.3,286.5,578.4,1,-1,-1,-1
59,3,1547.0,357.3,182.8,442.8,1,-1,-1,-1
59,4,1345.7,468.7,73.4,193.3,1,-1,-1,-1
59,8,1767.4,287.6,143.9,516.1,1,-1,-1,-1
59,10,1316.1,539.1,49.6,126.1,1,-1,-1,-1
59,7,121.6,536.8,65.8,205.9,1,-1,-1,-1
59,25,239.5,460.1,58.1,235.9,1,-1,-1,-1
59,26,240.3,460.5,55.9,118.5,1,-1,-1,-1
59,28,30.8,516.6,86.5,233.2,1,-1,-1,-1
59,30,375.3,444.5,99.0,262.8,1,-1,-1,-1
59,35,905.5,525.3,34.0,101.4,1,-1,-1,-1
60,1,528.8,259.3,280.6,582.9,1,-1,-1,-1
60,3,1539.3,355.6,185.1,444.8,1,-1,-1,-1
60,4,1345.5,468.7,73.3,193.1,1,-1,-1,-1
60,8,1764.9,288.3,146.0,516.9,1,-1,-1,-1
60,10,1315.9,539.2,49.4,126.0,1,-1,-1,-1
60,7,121.8,540.0,65.4,202.4,1,-1,-1,-1
60,25,240.3,467.7,56.7,230.5,1,-1,-1,-1
60,26,242.4,466.9,51.2,108.0,1,-1,-1,-1
60,28,32.1,523.8,83.9,225.9,1,-1,-1,-1
60,30,373.8,441.6,101.7,266.2,1,-1,-1,-1
60,35,905.6,524.7,34.4,101.7,1,-1,-1,-1
61,1,563.0,262.3,273.4,581.1,1,-1,-1,-1
61,3,1533.2,352.9,187.7,447.6,1,-1,-1,-1
61,4,1345.5,468.5,73.3,193.2,1,-1,-1,-1
61,8,1761.2,287.6,149.3,521.7,1,-1,-1,-1
61,10,1315.9,539.2,49.3,125.9,1,-1,-1,-1
61,7,122.5,539.4,66.2,203.0,1,-1,-1,-1
61,25,240.8,473.0,55.5,226.6,1,-1,-1,-1
61,26,244.5,473.1,45.5,94.6,1,-1,-1,-1
61,28,34.0,531.8,81.0,217.7,1,-1,-1,-1
61,30,374.4,440.3,103.2,267.0,1,-1,-1,-1
61,35,905.2,524.8,34.8,101.9,1,-1,-1,-1
62,1,584.2,264.0,268.0,578.4,1,-1,-1,-1
62,3,1526.4,351.2,189.5,449.7,1,-1,-1,-1
62,4,1345.4,467.7,73.6,194.0,1,-1,-1,-1
62,8,1758.0,285.5,152.9,527.7,1,-1,-1,-1
62,10,1315.7,539.1,49.1,125.9,1,-1,-1,-1
62,7,122.2,540.0,66.7,203.0,1,-1,-1,-1
62,25,242.3,472.1,55.8,227.8,1,-1,-1,-1
62,26,244.2,472.9,48.6,101.0,1,-1,-1,-1
62,28,35.2,525.0,82.7,224.2,1,-1,-1,-1
62,30,377.4,441.8,103.3,265.0,1,-1,-1,-1
62,35,905.4,524.7,35.3,101.9,1,-1,-1,-1
63,1,604.8,267.7,264.5,574.7,1,-1,-1,-1
63,3,1519.8,349.3,191.7,451.9,1,-1,-1,-1
63,4,1345.3,468.1,73.2,193.1,1,-1,-1,-1
63,8,1752.6,281.2,157.3,535.9,1,-1,-1,-1
63,10,1315.6,539.2,49.0,125.8,1,-1,-1,-1
63,7,122.0,540.3,67.2,202.7,1,-1,-1,-1
63,25,242.0,472.9,55.6,227.4,1,-1,-1,-1
63,26,243.1,474.0,49.8,104.2,1,-1,-1,-1
63,28,34.2,512.7,86.0,236.5,1,-1,-1,-1
63,30,383.3,441.7,102.9,264.1,1,-1,-1,-1
63,35,905.2,523.8,36.0,102.6,1,-1,-1,-1
64,1,621.7,271.0,262.1,571.2,1,-1,-1,-1
64,3,1512.6,350.3,191.9,451.2,1,-1,-1,-1
64,4,1345.2,468.0,73.4,193.7,1,-1,-1,-1
64,8,1749.1,279.7,160.4,539.5,1,-1,-1,-1
64,10,1315.3,539.1,48.9,126.0,1,-1,-1,-1
64,7,121.9,539.2,68.0,203.7,1,-1,-1,-1
64,25,242.1,473.9,55.4,227.0,1,-1,-1,-1
64,26,243.8,474.9,50.2,105.3,1,-1,-1,-1
64,28,30.3,506.5,88.0,242.7,1,-1,-1,-1
64,30,389.5,441.2,102.6,264.6,1,-1,-1,-1
64,35,905.9,523.3,36.5,103.2,1,-1,-1,-1
65,1,636.7,278.3,259.4,564.8,1,-1,-1,-1
65,3,1509.6,348.3,193.5,453.9,1,-1,-1,-1
65,4,1345.2,468.3,73.2,193.3,1,-1,-1,-1
65,8,1744.9,278.6,163.5,541.6,1,-1,-1,-1
65,10,1315.2,539.1,48.7,125.8,1,-1,-1,-1
65,7,122.2,538.3,68.7,204.5,1,-1,-1,-1
65,25,244.1,474.3,56.2,230.5,1,-1,-1,-1
65,28,28.3,503.9,88.8,245.4,1,-1,-1,-1
65,30,397.8,440.6,101.9,265.4,1,-1,-1,-1
65,35,906.2,525.1,36.5,101.9,1,-1,-1,-1
66,1,645.0,283.7,257.9,559.2,1,-1,-1,-1
66,3,1508.2,347.1,194.5,457.1,1,-1,-1,-1
66,4,1345.2,469.1,72.8,192.5,1,-1,-1,-1
66,8,1740.3,277.9,166.6,542.5,1,-1,-1,-1
66,10,1315.0,539.1,48.6,125.9,1,-1,-1,-1
66,7,121.7,536.2,69.7,206.6,1,-1,-1,-1
66,25,247.5,474.6,57.3,231.4,1,-1,-1,-1
66,28,27.5,504.7,88.6,244.8,1,-1,-1,-1
66,30,404.6,441.5,100.5,264.4,1,-1,-1,-1
66,35,906.6,525.7,36.8,101.5,1,-1,-1,-1
67,1,652.1,286.8,258.0,555.2,1,-1,-1,-1
67,3,1508.7,345.9,195.1,461.5,1,-1,-1,-1
67,4,1345.3,469.5,72.5,192.0,1,-1,-1,-1
67,8,1736.6,277.0,169.7,543.3,1,-1,-1,-1
67,10,1314.9,539.1,48.4,126.0,1,-1,-1,-1
67,7,121.4,529.9,72.7,213.8,1,-1,-1,-1
67,25,250.7,475.3,58.5,230.7,1,-1,-1,-1
67,28,27.2,506.9,88.0,242.7,1,-1,-1,-1
67,30,408.5,441.9,99.8,264.4,1,-1,-1,-1
68,1,662.2,291.1,257.5,549.3,1,-1,-1,-1
68,3,1510.0,344.8,196.0,467.7,1,-1,-1,-1
68,4,1345.4,469.6,72.5,192.0,1,-1,-1,-1
68,8,1732.1,275.2,173.0,544.7,1,-1,-1,-1
68,10,1314.8,539.0,48.3,126.0,1,-1,-1,-1
68,7,121.7,536.5,70.7,206.8,1,-1,-1,-1
68,25,254.3,476.4,60.6,230.0,1,-1,-1,-1
68,28,29.1,510.8,86.6,238.6,1,-1,-1,-1
68,30,413.4,439.3,99.9,265.5,1,-1,-1,-1
69,1,668.0,293.1,258.4,549.3,1,-1,-1,-1
69,3,1511.1,345.3,195.1,469.4,1,-1,-1,-1
69,4,1345.5,469.9,72.5,191.9,1,-1,-1,-1
69,8,1727.8,273.8,176.4,546.1,1,-1,-1,-1
69,10,1314.8,539.2,48.1,126.1,1,-1,-1,-1
69,7,122.8,539.5,70.3,203.5,1,-1,-1,-1
69,25,256.2,477.3,62.8,229.5,1,-1,-1,-1
69,28,30.4,515.4,85.1,233.9,1,-1,-1,-1
69,30,416.3,438.2,100.6,267.4,1,-1,-1,-1
70,1,684.6,292.4,255.8,546.2,1,-1,-1,-1
70,3,1508.6,346.0,195.0,472.4,1,-1,-1,-1
70,4,1345.3,469.4,72.7,192.5,1,-1,-1,-1
70,8,1721.8,271.2,180.3,549.3,1,-1,-1,-1
70,10,1314.8,539.2,48.0,126.3,1,-1,-1,-1
70,7,123.4,539.3,71.0,203.5,1,-1,-1,-1
70,25,258.1,477.9,64.7,228.4,1,-1,-1,-1
70,28,29.3,511.9,86.3,237.4,1,-1,-1,-1
70,30,419.3,439.1,100.6,265.8,1,-1,-1,-1
71,1,701.3,290.9,249.7,538.8,1,-1,-1,-1
71,3,1507.7,347.0,193.2,471.5,1,-1,-1,-1
71,4,1345.2,469.4,72.7,192.4,1,-1,-1,-1
71,8,1715.6,268.6,184.2,553.9,1,-1,-1,-1
71,10,1314.9,539.2,47.8,126.2,1,-1,-1,-1
71,7,123.1,538.9,71.8,204.0,1,-1,-1,-1
71,25,258.5,477.5,66.9,228.5,1,-1,-1,-1
71,28,32.4,519.1,83.3,229.4,1,-1,-1,-1
71,30,420.2,438.8,102.0,267.4,1,-1,-1,-1
72,1,720.2,287.1,243.4,533.4,1,-1,-1,-1
72,3,1506.9,346.8,194.1,475.7,1,-1,-1,-1
72,4,1345.1,469.6,72.4,191.9,1,-1,-1,-1
72,8,1711.4,268.5,187.2,556.9,1,-1,-1,-1
72,10,1315.0,539.1,47.7,126.3,1,-1,-1,-1
72,7,121.7,537.7,72.7,205.3,1,-1,-1,-1
72,25,258.9,477.3,69.1,228.9,1,-1,-1,-1
72,28,32.9,521.7,82.2,226.5,1,-1,-1,-1
72,30,421.1,438.8,102.9,266.6,1,-1,-1,-1
73,1,737.3,283.6,235.3,529.1,1,-1,-1,-1
73,3,1505.2,345.8,195.6,480.5,1,-1,-1,-1
73,4,1345.4,469.6,72.6,192.1,1,-1,-1,-1
73,8,1706.3,269.2,190.4,562.3,1,-1,-1,-1
73,10,1314.9,539.3,47.5,126.1,1,-1,-1,-1
73,7,121.4,538.2,72.8,204.6,1,-1,-1,-1
73,25,259.7,475.9,71.5,230.8,1,-1,-1,-1
73,28,34.8,511.4,84.6,236.6,1,-1,-1,-1
73,30,421.0,439.4,104.5,267.1,1,-1,-1,-1
74,1,750.2,281.4,229.1,528.3,1,-1,-1,-1
74,3,1503.5,343.9,196.7,484.1,1,-1,-1,-1
74,4,1345.2,469.2,72.8,192.5,1,-1,-1,-1
74,8,1701.7,268.1,193.2,568.3,1,-1,-1,-1
74,10,1314.7,539.3,47.6,126.6,1,-1,-1,-1
74,7,121.2,538.6,73.3,204.4,1,-1,-1,-1
74,25,260.9,475.3,73.5,231.9,1,-1,-1,-1
74,28,39.2,521.1,80.3,226.8,1,-1,-1,-1
74,30,420.5,438.8,106.1,267.4,1,-1,-1,-1
75,1,766.5,282.6,221.2,524.2,1,-1,-1,-1
75,3,1500.5,341.4,197.9,489.6,1,-1,-1,-1
75,4,1345.2,468.9,72.8,192.5,1,-1,-1,-1
75,8,1697.6,268.4,194.5,571.0,1,-1,-1,-1
75,10,1314.6,539.3,47.4,126.5,1,-1,-1,-1
75,7,121.0,539.1,73.5,204.0,1,-1,-1,-1
75,25,262.0,472.2,75.7,234.2,1,-1,-1,-1
75,28,39.3,530.9,76.9,217.1,1,-1,-1,-1
75,30,419.5,438.2,107.6,267.3,1,-1,-1,-1
76,1,783.9,284.4,217.7,520.8,1,-1,-1,-1
76,3,1496.3,338.4,198.0,492.8,1,-1,-1,-1
76,4,1345.3,469.3,72.8,192.3,1,-1,-1,-1
76,8,1695.1,268.5,195.2,572.7,1,-1,-1,-1
76,10,1314.6,539.3,47.3,126.5,1,-1,-1,-1
76,7,120.0,537.9,74.0,205.0,1,-1,-1,-1
76,25,260.3,470.9,77.8,235.7,1,-1,-1,-1
76,28,37.4,516.8,81.0,231.1,1,-1,-1,-1
76,30,419.2,437.3,109.7,268.9,1,-1,-1,-1
77,1,807.3,286.5,215.6,517.6,1,-1,-1,-1
77,3,1491.5,336.3,198.4,495.2,1,-1,-1,-1
77,4,1345.2,469.4,72.9,192.4,1,-1,-1,-1
77,8,1693.6,268.9,195.6,572.8,1,-1,-1,-1
77,10,1314.8,539.3,47.2,126.6,1,-1,-1,-1
77,7,119.9,535.4,75.0,207.2,1,-1,-1,-1
77,25,260.3,470.5,79.3,235.2,1,-1,-1,-1
77,28,41.5,531.8,75.5,216.4,1,-1,-1,-1
77,30,418.6,435.7,111.7,270.9,1,-1,-1,-1
78,1,831.8,293.3,215.2,510.0,1,-1,-1,-1
78,3,1487.1,334.0,198.8,495.8,1,-1,-1,-1
78,4,1345.1,469.6,72.9,192.3,1,-1,-1,-1
78,8,1691.4,269.4,196.6,574.7,1,-1,-1,-1
78,10,1314.8,539.3,47.2,126.8,1,-1,-1,-1
78,7,120.2,532.8,76.1,210.2,1,-1,-1,-1
78,25,266.4,469.3,80.8,236.1,1,-1,-1,-1
78,28,43.0,536.6,73.7,212.2,1,-1,-1,-1
78,30,418.5,434.0,112.9,272.8,1,-1,-1,-1
79,1,842.9,298.4,217.3,505.3,1,-1,-1,-1
79,3,1481.4,331.3,200.0,496.2,1,-1,-1,-1
79,4,1344.8,469.3,73.0,192.4,1,-1,-1,-1
79,8,1688.5,269.1,197.7,577.3,1,-1,-1,-1
79,10,1314.8,539.3,47.2,127.0,1,-1,-1,-1
79,7,120.5,522.9,79.8,220.4,1,-1,-1,-1
79,25,275.4,468.4,82.6,238.4,1,-1,-1,-1
79,28,44.0,535.2,73.6,213.4,1,-1,-1,-1
79,30,419.0,433.2,113.5,274.6,1,-1,-1,-1
80,1,848.1,302.8,218.4,498.5,1,-1,-1,-1
80,3,1477.1,329.5,201.4,498.0,1,-1,-1,-1
80,4,1344.8,468.9,73.3,192.8,1,-1,-1,-1
80,8,1685.1,267.6,199.5,581.9,1,-1,-1,-1
80,10,1314.7,539.3,47.0,126.5,1,-1,-1,-1
80,7,119.8,521.2,80.4,222.4,1,-1,-1,-1
80,25,284.7,470.6,83.8,236.8,1,-1,-1,-1
80,28,41.8,515.5,79.6,233.6,1,-1,-1,-1
80,30,422.7,432.8,113.1,275.8,1,-1,-1,-1
81,1,839.4,306.1,223.3,494.8,1,-1,-1,-1
81,3,1473.2,328.4,203.5,500.2,1,-1,-1,-1
81,4,1344.7,468.1,73.7,193.5,1,-1,-1,-1
81,8,1682.7,265.3,202.0,588.7,1,-1,-1,-1
81,10,1314.8,539.4,46.8,126.3,1,-1,-1,-1
81,7,119.1,522.0,79.9,221.6,1,-1,-1,-1
81,25,291.0,472.3,84.9,234.7,1,-1,-1,-1
81,28,40.2,506.0,81.9,243.2,1,-1,-1,-1
81,30,426.6,432.4,111.9,275.7,1,-1,-1,-1
82,1,851.0,307.2,224.6,492.9,1,-1,-1,-1
82,3,1464.4,326.5,208.0,503.6,1,-1,-1,-1
82,4,1344.4,468.0,73.7,193.4,1,-1,-1,-1
82,8,1681.0,262.5,204.5,595.3,1,-1,-1,-1
82,10,1315.0,539.4,46.8,126.2,1,-1,-1,-1
82,7,119.1,521.9,79.8,222.0,1,-1,-1,-1
82,25,293.8,473.7,86.1,233.6,1,-1,-1,-1
82,28,40.0,503.6,81.6,245.3,1,-1,-1,-1
82,30,430.3,431.9,110.3,275.5,1,-1,-1,-1
82,49,1342.0,469.3,55.1,191.8,1,-1,-1,-1
83,1,862.3,308.3,223.6,489.2,1,-1,-1,-1
83,3,1457.6,326.2,211.3,505.6,1,-1,-1,-1
83,4,1343.5,467.8,73.9,193.5,1,-1,-1,-1
83,8,1680.1,259.2,206.5,600.2,1,-1,-1,-1
83,10,1314.9,539.4,46.8,126.2,1,-1,-1,-1
83,7,119.1,528.8,77.1,214.6,1,-1,-1,-1
83,25,294.6,473.3,88.2,233.4,1,-1,-1,-1
83,28,43.0,528.5,73.0,220.0,1,-1,-1,-1
83,30,433.4,432.0,108.6,276.0,1,-1,-1,-1
83,49,1341.6,469.5,54.9,191.1,1,-1,-1,-1
84,1,873.0,308.7,219.3,481.0,1,-1,-1,-1
84,3,1447.0,327.1,215.0,506.1,1,-1,-1,-1
84,4,1343.3,468.1,74.2,193.5,1,-1,-1,-1
84,8,1679.7,255.4,208.0,604.2,1,-1,-1,-1
84,10,1315.0,539.4,46.8,126.2,1,-1,-1,-1
84,7,119.2,528.8,77.5,215.0,1,-1,-1,-1
84,25,295.5,472.1,90.0,235.3,1,-1,-1,-1
84,28,44.5,538.0,70.0,210.3,1,-1,-1,-1
84,30,436.1,431.5,106.7,276.2,1,-1,-1,-1
84,49,1340.6,470.6,54.6,190.2,1,-1,-1,-1
85,1,891.6,305.0,213.9,478.6,1,-1,-1,-1
85,3,1442.2,327.0,217.7,508.8,1,-1,-1,-1
85,4,1342.9,468.5,74.3,193.0,1,-1,-1,-1
85,8,1678.3,250.6,210.1,608.6,1,-1,-1,-1
85,10,1315.0,539.2,46.8,126.2,1,-1,-1,-1
85,7,119.5,530.3,77.0,212.6,1,-1,-1,-1
85,25,298.9,470.6,91.2,237.8,1,-1,-1,-1
85,28,43.3,540.7,69.7,207.7,1,-1,-1,-1
85,30,440.3,430.9,105.3,277.3,1,-1,-1,-1
85,49,1339.9,471.0,54.5,190.1,1,-1,-1,-1
86,1,913.3,302.5,209.0,477.7,1,-1,-1,-1
86,3,1433.9,327.9,221.0,511.5,1,-1,-1,-1
86,4,1342.8,468.4,74.7,193.2,1,-1,-1,-1
86,8,1676.2,246.4,212.2,613.4,1,-1,-1,-1
86,10,1314.9,539.1,47.0,126.7,1,-1,-1,-1
86,7,119.5,524.9,79.4,218.4,1,-1,-1,-1
86,25,301.4,468.8,92.1,240.3,1,-1,-1,-1
86,28,41.8,533.5,72.7,215.6,1,-1,-1,-1
86,30,445.0,430.8,104.2,277.3,1,-1,-1,-1
86,49,1339.7,470.4,54.9,191.5,1,-1,-1,-1
87,1,930.9,300.6,206.4,478.7,1,-1,-1,-1
87,3,1428.7,330.4,223.7,512.9,1,-1,-1,-1
87,4,1342.7,468.5,75.1,193.5,1,-1,-1,-1
87,8,1674.6,244.9,212.9,614.4,1,-1,-1,-1
87,10,1314.9,539.0,47.0,126.9,1,-1,-1,-1
87,7,118.8,530.0,77.8,213.2,1,-1,-1,-1
87,25,303.9,465.6,93.1,243.7,1,-1,-1,-1
87,28,38.8,521.8,76.8,227.5,1,-1,-1,-1
87,30,449.4,431.1,104.0,277.4,1,-1,-1,-1
87,49,1339.6,468.9,55.5,193.7,1,-1,-1,-1
88,1,947.8,301.0,204.5,477.4,1,-1,-1,-1
88,3,1423.0,331.2,226.0,518.4,1,-1,-1,-1
88,4,1341.7,468.7,75.2,193.6,1,-1,-1,-1
88,8,1672.8,243.0,213.0,614.0,1,-1,-1,-1
88,10,1315.3,539.1,47.0,126.5,1,-1,-1,-1
88,7,118.4,517.9,82.4,225.7,1,-1,-1,-1
88,25,309.6,465.0,93.2,243.6,1,-1,-1,-1
88,28,32.1,479.6,89.8,270.3,1,-1,-1,-1
88,30,454.8,431.3,104.4,276.5,1,-1,-1,-1
88,49,1338.9,468.6,55.6,194.6,1,-1,-1,-1
89,1,956.7,302.9,203.6,475.0,1,-1,-1,-1
89,3,1414.0,329.6,228.5,524.9,1,-1,-1,-1
89,4,1341.3,468.6,75.4,193.8,1,-1,-1,-1
89,8,1670.0,241.1,214.0,616.1,1,-1,-1,-1
89,10,1315.1,539.1,47.2,126.8,1,-1,-1,-1
89,7,116.7,509.7,85.4,234.2,1,-1,-1,-1
89,25,312.9,465.9,92.8,242.2,1,-1,-1,-1
89,28,25.7,462.4,94.9,287.6,1,-1,-1,-1
89,30,459.4,431.2,105.8,277.5,1,-1,-1,-1
89,49,1339.0,467.1,56.1,196.3,1,-1,-1,-1
89,54,248.2,521.5,46.6,159.4,1,-1,-1,-1
90,1,969.9,308.6,201.6,468.0,1,-1,-1,-1
90,3,1405.3,326.7,230.6,530.0,1,-1,-1,-1
90,4,1342.1,469.0,76.1,194.6,1,-1,-1,-1
90,8,1667.0,240.1,215.2,619.3,1,-1,-1,-1
90,10,1315.0,539.1,47.2,127.0,1,-1,-1,-1
90,7,117.3,509.7,85.2,234.2,1,-1,-1,-1
90,25,314.9,461.6,94.6,246.2,1,-1,-1,-1
90,28,19.9,455.5,97.9,294.4,1,-1,-1,-1
90,30,462.1,430.5,106.8,278.2,1,-1,-1,-1
90,49,1339.5,467.1,56.6,198.0,1,-1,-1,-1
90,54,248.1,521.5,46.8,160.2,1,-1,-1,-1
91,1,978.6,313.3,201.4,463.3,1,-1,-1,-1
91,3,1400.0,324.9,231.5,532.2,1,-1,-1,-1
91,4,1342.0,468.4,76.5,194.8,1,-1,-1,-1
91,8,1664.3,238.9,216.4,622.9,1,-1,-1,-1
91,10,1315.4,539.1,47.4,126.9,1,-1,-1,-1
91,7,117.1,508.5,86.1,235.9,1,-1,-1,-1
91,25,316.3,462.2,94.3,245.0,1,-1,-1,-1
91,28,14.2,453.6,99.7,296.4,1,-1,-1,-1
91,30,462.2,430.5,107.5,278.7,1,-1,-1,-1
91,49,1339.7,467.0,56.6,197.8,1,-1,-1,-1
91,54,248.5,520.7,46.9,160.5,1,-1,-1,-1
92,1,983.9,316.7,201.9,459.5,1,-1,-1,-1
92,3,1392.0,323.5,233.5,534.4,1,-1,-1,-1
92,4,1342.0,468.8,77.1,195.0,1,-1,-1,-1
92,8,1661.9,239.2,217.4,625.3,1,-1,-1,-1
92,10,1315.6,538.6,47.6,127.9,1,-1,-1,-1
92,7,116.8,507.3,86.4,236.1,1,-1,-1,-1
92,25,316.4,460.3,95.6,248.6,1,-1,-1,-1
92,28,13.2,454.6,100.0,295.1,1,-1,-1,-1
92,30,463.1,430.4,107.1,279.0,1,-1,-1,-1
92,49,1339.9,467.2,56.8,198.1,1,-1,-1,-1
92,54,248.5,520.8,47.1,161.2,1,-1,-1,-1
93,1,989.7,322.0,202.9,454.6,1,-1,-1,-1
93,3,1386.3,322.5,235.7,535.5,1,-1,-1,-1
93,4,1341.9,469.7,77.6,193.5,1,-1,-1,-1
93,8,1654.3,238.0,220.6,631.0,1,-1,-1,-1
93,10,1316.2,538.6,47.3,127.7,1,-1,-1,-1
93,7,114.7,510.5,85.5,232.7,1,-1,-1,-1
93,25,317.3,458.6,97.5,252.3,1,-1,-1,-1
93,28,28.4,493.7,87.4,255.1,1,-1,-1,-1
93,30,463.3,430.0,106.8,280.7,1,-1,-1,-1
93,49,1340.4,467.3,57.2,198.4,1,-1,-1,-1
93,54,247.9,519.6,47.5,162.9,1,-1,-1,-1
94,1,996.5,324.2,204.6,451.9,1,-1,-1,-1
94,3,1380.9,321.6,236.1,536.2,1,-1,-1,-1
94,4,1342.9,470.1,77.2,193.0,1,-1,-1,-1
94,8,1646.4,240.4,223.7,633.5,1,-1,-1,-1
94,10,1316.0,538.6,47.2,127.8,1,-1,-1,-1
94,7,115.2,510.3,85.7,232.7,1,-1,-1,-1
94,25,319.1,460.5,96.9,249.3,1,-1,-1,-1
94,28,35.7,505.0,83.3,244.4,1,-1,-1,-1
94,30,464.5,428.8,106.5,282.5,1,-1,-1,-1
94,49,1339.7,467.1,57.3,198.9,1,-1,-1,-1
94,54,247.3,518.7,48.5,166.4,1,-1,-1,-1
95,1,1007.1,325.0,204.9,450.2,1,-1,-1,-1
95,3,1376.4,320.5,235.5,537.1,1,-1,-1,-1
95,4,1349.7,472.6,74.6,190.3,1,-1,-1,-1
95,8,1639.7,239.3,226.0,637.6,1,-1,-1,-1
95,10,1316.1,538.6,47.2,127.9,1,-1,-1,-1
95,7,113.0,512.2,85.6,230.8,1,-1,-1,-1
95,25,322.3,462.0,95.5,246.7,1,-1,-1,-1
95,28,36.6,504.2,82.9,245.4,1,-1,-1,-1
95,30,466.8,428.2,105.5,283.3,1,-1,-1,-1
95,49,1338.7,467.1,57.1,198.9,1,-1,-1,-1
95,54,248.6,518.9,46.7,159.9,1,-1,-1,-1
96,1,1017.1,325.3,203.9,448.1,1,-1,-1,-1
96,3,1374.3,318.4,234.3,539.8,1,-1,-1,-1
96,8,1633.2,239.5,226.7,640.6,1,-1,-1,-1
96,10,1316.1,538.6,47.0,127.7,1,-1,-1,-1
96,7,113.6,518.0,83.6,225.1,1,-1,-1,-1
96,25,323.3,460.7,95.8,249.9,1,-1,-1,-1
96,28,36.5,502.9,83.0,246.9,1,-1,-1,-1
96,30,467.8,427.3,104.7,284.6,1,-1,-1,-1
96,49,1343.9,468.2,57.5,195.6,1,-1,-1,-1
96,54,248.7,520.8,45.6,155.6,1,-1,-1,-1
97,1,1028.4,323.9,199.7,441.4,1,-1,-1,-1
97,3,1373.9,317.2,233.6,541.8,1,-1,-1,-1
97,8,1628.4,240.8,226.5,642.1,1,-1,-1,-1
97,10,1315.5,538.9,46.9,127.5,1,-1,-1,-1
97,7,112.0,521.2,83.8,222.7,1,-1,-1,-1
97,25,324.5,459.2,95.8,253.0,1,-1,-1,-1
97,28,37.1,506.9,81.4,243.0,1,-1,-1,-1
97,30,469.0,426.2,104.5,286.8,1,-1,-1,-1
97,49,1346.6,468.3,58.3,194.3,1,-1,-1,-1
97,54,248.4,519.6,47.0,160.3,1,-1,-1,-1
98,1,1040.3,320.3,195.3,437.0,1,-1,-1,-1
98,3,1366.4,316.3,233.8,549.6,1,-1,-1,-1
98,8,1619.4,236.7,228.3,648.1,1,-1,-1,-1
98,10,1314.8,538.6,47.0,127.8,1,-1,-1,-1
98,7,110.7,515.5,86.8,228.8,1,-1,-1,-1
98,25,327.7,457.2,94.7,255.4,1,-1,-1,-1
98,28,36.5,503.2,82.3,246.7,1,-1,-1,-1
98,30,470.0,424.9,104.3,288.0,1,-1,-1,-1
98,49,1348.3,468.2,59.8,194.1,1,-1,-1,-1
98,54,248.4,518.3,46.6,158.6,1,-1,-1,-1
99,1,1051.0,319.0,190.9,435.8,1,-1,-1,-1
99,3,1364.2,316.3,233.8,555.1,1,-1,-1,-1
99,8,1614.6,232.4,230.1,654.6,1,-1,-1,-1
99,10,1314.5,539.7,46.5,126.2,1,-1,-1,-1
99,7,108.4,516.2,87.3,227.5,1,-1,-1,-1
99,25,328.1,456.2,93.9,256.7,1,-1,-1,-1
99,28,35.7,502.1,82.6,247.7,1,-1,-1,-1
99,30,469.5,422.2,105.0,290.6,1,-1,-1,-1
99,49,1348.9,468.2,61.5,194.5,1,-1,-1,-1
99,54,247.9,519.0,47.2,160.9,1,-1,-1,-1
100,1,1059.9,319.1,186.2,435.0,1,-1,-1,-1
100,3,1361.5,316.7,232.8,559.4,1,-1,-1,-1
100,8,1610.7,229.1,230.7,657.3,1,-1,-1,-1
100,10,1314.3,539.1,46.9,127.2,1,-1,-1,-1
100,7,106.3,517.1,88.5,227.1,1,-1,-1,-1
100,25,329.9,455.4,93.1,257.8,1,-1,-1,-1
100,28,37.4,502.3,81.7,247.4,1,-1,-1,-1
100,30,469.3,421.8,105.0,290.7,1,-1,-1,-1
100,49,1348.5,468.2,63.1,194.8,1,-1,-1,-1
100,54,247.9,518.9,46.5,158.2,1,-1,-1,-1
101,1,1068.0,319.6,181.4,432.1,1,-1,-1,-1
101,3,1358.6,317.9,230.0,558.4,1,-1,-1,-1
101,8,1605.1,225.9,232.2,661.3,1,-1,-1,-1
101,10,1314.2,538.6,47.2,128.0,1,-1,-1,-1
101,7,107.2,525.1,85.7,217.8,1,-1,-1,-1
101,25,330.9,453.8,92.8,259.6,1,-1,-1,-1
101,28,38.5,503.4,80.6,246.6,1,-1,-1,-1
101,30,468.1,420.1,106.6,294.0,1,-1,-1,-1
101,49,1347.9,468.4,64.5,194.8,1,-1,-1,-1
101,54,247.1,519.1,47.0,160.6,1,-1,-1,-1
102,1,1083.4,320.6,178.9,430.1,1,-1,-1,-1
102,3,1355.4,318.5,229.0,562.0,1,-1,-1,-1
102,8,1599.3,223.2,233.2,664.0,1,-1,-1,-1
102,10,1314.9,538.5,47.3,127.9,1,-1,-1,-1
102,7,106.8,529.0,84.8,213.8,1,-1,-1,-1
102,25,333.3,452.5,92.3,260.4,1,-1,-1,-1
102,28,37.0,501.5,80.9,248.9,1,-1,-1,-1
102,30,467.9,419.2,107.6,295.2,1,-1,-1,-1
102,49,1344.4,468.7,64.4,193.1,1,-1,-1,-1
102,54,247.7,519.5,46.1,157.1,1,-1,-1,-1
103,1,1101.0,324.1,178.5,426.3,1,-1,-1,-1
103,3,1350.5,321.0,227.8,565.4,1,-1,-1,-1
103,8,1589.7,219.3,234.2,668.5,1,-1,-1,-1
103,10,1315.8,539.3,47.1,127.7,1,-1,-1,-1
103,7,107.2,531.3,84.5,211.4,1,-1,-1,-1
103,25,335.0,452.5,91.5,259.9,1,-1,-1,-1
103,28,38.0,503.8,79.2,246.2,1,-1,-1,-1
103,30,468.8,419.0,109.1,296.6,1,-1,-1,-1
103,49,1336.4,468.2,62.9,192.6,1,-1,-1,-1
103,54,248.3,520.3,45.7,155.3,1,-1,-1,-1
104,1,1114.5,328.1,178.0,421.1,1,-1,-1,-1
104,3,1345.3,319.6,228.4,572.4,1,-1,-1,-1
104,8,1583.3,217.7,234.3,670.7,1,-1,-1,-1
104,10,1316.5,540.0,47.0,127.3,1,-1,-1,-1
104,7,104.0,531.0,86.5,212.6,1,-1,-1,-1
104,25,338.9,451.7,91.3,260.3,1,-1,-1,-1
104,28,43.0,531.3,70.4,218.6,1,-1,-1,-1
104,30,469.3,419.0,110.0,296.9,1,-1,-1,-1
104,49,1330.4,468.0,61.9,194.1,1,-1,-1,-1
104,54,247.9,518.3,46.9,159.5,1,-1,-1,-1
104,63,248.1,519.2,46.7,60.5,1,-1,-1,-1
105,1,1122.4,331.2,177.9,416.8,1,-1,-1,-1
105,3,1338.6,317.5,229.8,577.2,1,-1,-1,-1
105,8,1577.0,216.4,234.4,673.6,1,-1,-1,-1
105,10,1316.1,540.2,47.3,127.3,1,-1,-1,-1
105,7,105.7,532.7,86.2,210.3,1,-1,-1,-1
105,25,341.8,451.3,91.3,261.1,1,-1,-1,-1
105,28,41.5,522.9,72.8,227.4,1,-1,-1,-1
105,30,469.2,419.0,110.8,297.2,1,-1,-1,-1
105,54,247.7,519.1,46.8,159.4,1,-1,-1,-1
105,63,247.8,519.9,46.5,60.1,1,-1,-1,-1
106,1,1128.1,335.5,178.0,413.1,1,-1,-1,-1
106,3,1330.8,311.5,231.5,583.8,1,-1,-1,-1
106,8,1570.5,215.5,234.9,677.5,1,-1,-1,-1
106,10,1315.1,541.1,47.1,127.1,1,-1,-1,-1
106,7,104.6,533.2,86.5,209.6,1,-1,-1,-1
106,25,344.7,452.9,91.4,261.2,1,-1,-1,-1
106,28,36.4,513.2,76.1,237.1,1,-1,-1,-1
106,30,469.4,419.5,111.2,296.6,1,-1,-1,-1
106,54,247.5,519.4,46.9,160.1,1,-1,-1,-1
106,63,247.7,519.8,46.5,60.1,1,-1,-1,-1
107,1,1130.9,336.7,178.3,411.6,1,-1,-1,-1
107,3,1321.4,306.8,233.7,588.7,1,-1,-1,-1
107,8,1564.0,214.8,235.8,684.3,1,-1,-1,-1
107,10,1316.2,546.8,45.5,122.3,1,-1,-1,-1
107,7,106.0,533.0,86.6,209.9,1,-1,-1,-1
107,25,345.4,454.5,91.5,260.4,1,-1,-1,-1
107,28,33.3,504.9,79.5,245.9,1,-1,-1,-1
107,30,469.8,419.8,111.5,296.3,1,-1,-1,-1
107,54,247.6,519.9,46.0,156.5,1,-1,-1,-1
107,63,247.7,520.0,46.4,60.0,1,-1,-1,-1
108,1,1136.6,338.8,176.6,407.8,1,-1,-1,-1
108,3,1311.8,301.9,237.8,594.4,1,-1,-1,-1
108,8,1556.2,214.7,237.1,692.6,1,-1,-1,-1
108,7,105.0,532.4,87.5,210.8,1,-1,-1,-1
108,25,346.8,456.7,91.2,258.7,1,-1,-1,-1
108,28,23.9,502.8,82.4,247.8,1,-1,-1,-1
108,30,469.7,420.4,111.6,296.7,1,-1,-1,-1
108,63,247.5,519.2,47.0,60.7,1,-1,-1,-1
109,1,1144.2,338.1,173.7,403.1,1,-1,-1,-1
109,3,1303.2,298.3,242.7,598.6,1,-1,-1,-1
109,8,1551.6,215.0,237.0,695.8,1,-1,-1,-1
109,7,105.8,533.9,87.1,209.3,1,-1,-1,-1
109,25,347.7,457.7,91.2,257.9,1,-1,-1,-1
109,28,19.6,507.7,83.6,243.2,1,-1,-1,-1
109,30,469.3,421.0,111.1,297.0,1,-1,-1,-1
109,63,247.4,518.2,47.8,61.8,1,-1,-1,-1
110,1,1152.8,336.3,170.4,400.2,1,-1,-1,-1
110,3,1293.2,295.3,246.0,600.9,1,-1,-1,-1
110,8,1548.6,215.8,235.5,694.3,1,-1,-1,-1
110,7,106.4,533.0,86.9,210.0,1,-1,-1,-1
110,25,348.1,455.8,92.1,260.6,1,-1,-1,-1
110,28,17.2,513.2,85.4,238.4,1,-1,-1,-1
110,30,468.8,420.8,110.8,298.0,1,-1,-1,-1
110,63,247.8,518.0,47.2,61.0,1,-1,-1,-1
111,1,1161.5,334.1,167.8,399.1,1,-1,-1,-1
111,3,1282.2,293.0,248.3,601.7,1,-1,-1,-1
111,8,1544.5,216.0,235.3,695.8,1,-1,-1,-1
111,7,106.3,531.1,87.6,211.9,1,-1,-1,-1
111,25,348.7,453.2,93.0,263.6,1,-1,-1,-1
111,28,16.0,505.2,90.0,245.9,1,-1,-1,-1
111,30,467.5,420.0,110.9,300.6,1,-1,-1,-1
111,63,248.3,518.1,46.8,60.3,1,-1,-1,-1
112,1,1167.1,333.0,165.0,398.2,1,-1,-1,-1
112,3,1275.6,291.3,250.7,604.6,1,-1,-1,-1
112,8,1539.9,216.8,235.2,698.4,1,-1,-1,-1
112,7,107.4,531.6,87.1,211.3,1,-1,-1,-1
112,25,348.3,450.5,93.8,266.7,1,-1,-1,-1
112,28,16.0,501.9,92.5,249.3,1,-1,-1,-1
112,30,466.9,419.2,110.5,302.0,1,-1,-1,-1
112,63,248.0,518.6,47.1,60.6,1,-1,-1,-1
113,1,1171.2,333.9,162.3,397.8,1,-1,-1,-1
113,3,1269.7,291.4,253.0,611.2,1,-1,-1,-1
113,8,1533.7,216.2,236.9,705.8,1,-1,-1,-1
113,7,109.5,528.2,89.0,215.0,1,-1,-1,-1
113,25,349.0,448.7,94.7,270.1,1,-1,-1,-1
113,28,13.6,501.7,94.4,249.4,1,-1,-1,-1
113,30,465.8,417.1,110.5,304.8,1,-1,-1,-1
113,63,247.9,519.1,46.9,60.3,1,-1,-1,-1
114,1,1172.4,334.4,162.5,404.5,1,-1,-1,-1
114,3,1265.8,291.5,254.0,612.6,1,-1,-1,-1
114,8,1528.4,215.6,238.8,714.0,1,-1,-1,-1
114,7,107.8,528.5,89.5,215.3,1,-1,-1,-1
114,25,349.5,446.6,95.0,272.5,1,-1,-1,-1
114,28,11.2,500.6,96.5,248.9,1,-1,-1,-1
114,30,464.7,416.0,110.0,305.9,1,-1,-1,-1
114,63,248.9,519.8,45.6,58.6,1,-1,-1,-1
115,1,1172.7,334.9,160.3,405.2,1,-1,-1,-1
115,3,1261.1,291.5,254.7,615.4,1,-1,-1,-1
115,8,1522.8,215.9,239.9,721.4,1,-1,-1,-1
115,7,108.9,531.1,88.6,212.8,1,-1,-1,-1
115,25,350.0,445.7,94.8,273.1,1,-1,-1,-1
115,28,9.9,505.1,97.1,244.8,1,-1,-1,-1
115,30,463.0,415.1,109.4,307.0,1,-1,-1,-1
115,63,249.0,520.6,44.8,57.5,1,-1,-1,-1
116,1,1173.3,338.5,157.3,401.8,1,-1,-1,-1
116,3,1254.0,292.3,256.6,618.7,1,-1,-1,-1
116,8,1516.7,213.0,241.4,730.0,1,-1,-1,-1
116,7,108.9,528.1,89.9,215.8,1,-1,-1,-1
116,25,350.2,446.6,94.1,272.0,1,-1,-1,-1
116,28,9.5,503.6,99.5,245.8,1,-1,-1,-1
116,30,462.1,414.7,108.5,306.6,1,-1,-1,-1
116,63,249.1,520.1,45.1,57.9,1,-1,-1,-1
117,1,1175.5,343.1,153.2,395.5,1,-1,-1,-1
117,3,1249.4,293.7,258.3,622.9,1,-1,-1,-1
117,8,1511.2,209.8,242.4,737.8,1,-1,-1,-1
117,7,112.4,529.1,89.1,214.6,1,-1,-1,-1
117,25,350.1,447.5,93.9,271.9,1,-1,-1,-1
117,28,9.5,507.3,99.6,242.0,1,-1,-1,-1
117,30,461.2,414.0,107.9,306.9,1,-1,-1,-1
117,63,249.8,523.8,42.4,54.2,1,-1,-1,-1
118,3,1221.6,296.3,265.4,630.2,1,-1,-1,-1
118,8,1503.9,203.7,243.8,745.6,1,-1,-1,-1
118,7,113.9,528.7,89.7,216.6,1,-1,-1,-1
118,25,349.7,449.2,93.8,272.2,1,-1,-1,-1
118,28,19.6,510.7,96.8,238.4,1,-1,-1,-1
118,30,459.7,412.2,107.6,307.7,1,-1,-1,-1
118,63,250.1,525.9,41.2,52.4,1,-1,-1,-1
119,3,1210.4,297.7,271.5,637.9,1,-1,-1,-1
119,8,1498.5,198.5,245.1,752.3,1,-1,-1,-1
119,7,114.1,531.1,87.8,213.5,1,-1,-1,-1
119,25,350.2,450.5,93.6,271.4,1,-1,-1,-1
119,28,25.6,517.4,92.7,231.4,1,-1,-1,-1
119,30,458.6,410.7,107.7,309.0,1,-1,-1,-1
119,63,249.7,525.2,41.8,53.1,1,-1,-1,-1
120,3,1204.9,295.7,274.4,644.6,1,-1,-1,-1
120,8,1493.8,193.2,246.1,758.0,1,-1,-1,-1
120,7,112.7,532.9,86.3,211.6,1,-1,-1,-1
120,25,349.9,450.5,93.5,270.9,1,-1,-1,-1
120,28,27.9,519.5,90.7,229.3,1,-1,-1,-1
120,30,457.8,410.0,107.8,310.5,1,-1,-1,-1
120,63,250.7,528.9,39.2,49.2,1,-1,-1,-1
121,3,1193.7,292.8,276.2,649.7,1,-1,-1,-1
121,8,1488.7,185.3,248.0,766.1,1,-1,-1,-1
121,7,114.6,517.8,92.5,226.9,1,-1,-1,-1
121,25,348.8,452.3,94.0,271.0,1,-1,-1,-1
121,28,24.0,511.6,93.4,237.4,1,-1,-1,-1
121,30,456.4,409.1,108.3,312.9,1,-1,-1,-1
121,63,248.2,521.8,45.4,57.2,1,-1,-1,-1
122,3,1181.2,289.1,278.2,654.0,1,-1,-1,-1
122,8,1483.0,175.3,250.2,776.3,1,-1,-1,-1
122,7,114.4,512.3,94.2,232.6,1,-1,-1,-1
122,25,347.7,452.6,95.1,273.4,1,-1,-1,-1
122,28,25.9,517.0,90.5,231.8,1,-1,-1,-1
122,30,453.8,409.0,108.7,315.1,1,-1,-1,-1
122,63,248.9,523.6,43.6,54.9,1,-1,-1,-1
123,3,1163.7,284.1,282.3,660.5,1,-1,-1,-1
123,8,1476.7,159.8,253.8,791.4,1,-1,-1,-1
123,7,111.2,510.5,93.6,234.4,1,-1,-1,-1
123,25,345.9,451.5,96.7,278.1,1,-1,-1,-1
123,28,30.4,522.5,87.1,226.1,1,-1,-1,-1
123,30,451.3,410.1,108.8,316.5,1,-1,-1,-1
123,63,249.7,525.6,42.0,52.5,1,-1,-1,-1
124,3,1148.7,280.2,285.0,664.8,1,-1,-1,-1
124,8,1473.7,155.8,254.2,794.2,1,-1,-1,-1
124,7,109.7,507.0,93.0,237.7,1,-1,-1,-1
124,25,345.1,447.4,98.1,283.4,1,-1,-1,-1
124,28,32.5,520.4,86.5,228.0,1,-1,-1,-1
124,30,450.6,411.0,107.7,314.5,1,-1,-1,-1
124,63,249.8,525.4,42.1,52.4,1,-1,-1,-1
124,72,542.4,395.6,83.4,134.3,1,-1,-1,-1
125,3,1138.6,278.2,287.1,665.3,1,-1,-1,-1
125,8,1471.3,158.6,252.7,789.4,1,-1,-1,-1
125,7,108.4,500.3,93.5,244.0,1,-1,-1,-1
125,25,343.8,445.1,98.6,287.0,1,-1,-1,-1
125,28,36.0,526.8,83.3,222.5,1,-1,-1,-1
125,30,449.9,411.9,108.0,317.1,1,-1,-1,-1
125,63,249.9,526.4,41.8,51.7,1,-1,-1,-1
125,72,540.0,395.2,88.4,142.8,1,-1,-1,-1
126,3,1128.7,275.7,290.3,668.6,1,-1,-1,-1
126,8,1465.9,163.7,252.3,786.6,1,-1,-1,-1
126,7,110.3,493.4,94.8,251.3,1,-1,-1,-1
126,25,340.7,442.3,99.2,289.3,1,-1,-1,-1
126,28,31.5,511.0,88.7,237.7,1,-1,-1,-1
126,30,450.2,411.6,107.9,319.1,1,-1,-1,-1
126,63,248.8,521.8,45.1,55.9,1,-1,-1,-1
126,72,543.2,394.8,82.0,132.7,1,-1,-1,-1
127,3,1123.7,273.7,293.9,672.4,1,-1,-1,-1
127,8,1456.5,162.1,256.4,793.8,1,-1,-1,-1
127,7,109.9,491.2,93.6,254.1,1,-1,-1,-1
127,25,336.7,436.9,101.0,294.6,1,-1,-1,-1
127,28,28.1,503.7,91.5,244.7,1,-1,-1,-1
127,30,450.0,410.4,107.9,321.3,1,-1,-1,-1
127,72,544.2,394.2,80.0,129.8,1,-1,-1,-1
128,3,1122.2,270.8,301.1,686.8,1,-1,-1,-1
128,8,1439.6,161.6,260.9,799.9,1,-1,-1,-1
128,7,110.5,494.1,90.7,250.8,1,-1,-1,-1
128,25,332.7,431.9,103.0,299.3,1,-1,-1,-1
128,28,28.0,500.9,92.8,248.4,1,-1,-1,-1
128,30,449.3,407.5,108.0,324.3,1,-1,-1,-1
128,72,545.1,394.1,77.5,125.8,1,-1,-1,-1
129,3,1127.0,270.5,306.8,696.8,1,-1,-1,-1
129,8,1423.0,163.4,265.1,802.4,1,-1,-1,-1
129,7,111.5,486.9,92.1,257.6,1,-1,-1,-1
129,25,332.3,430.2,104.4,301.1,1,-1,-1,-1
129,28,29.4,499.2,92.9,250.3,1,-1,-1,-1
129,30,449.1,405.2,108.2,327.5,1,-1,-1,-1
129,72,545.3,394.0,77.0,125.3,1,-1,-1,-1
130,3,1126.7,269.9,308.8,703.7,1,-1,-1,-1
130,8,1410.9,164.8,268.5,801.6,1,-1,-1,-1
130,7,117.7,485.6,93.7,260.0,1,-1,-1,-1
130,25,331.2,429.7,105.8,302.6,1,-1,-1,-1
130,28,31.4,498.7,92.2,250.7,1,-1,-1,-1
130,30,448.8,403.4,108.0,329.4,1,-1,-1,-1
130,72,545.2,394.6,77.3,126.1,1,-1,-1,-1
131,3,1114.7,271.9,305.0,702.9,1,-1,-1,-1
131,8,1400.6,167.1,272.4,805.2,1,-1,-1,-1
131,7,114.9,501.5,86.7,243.3,1,-1,-1,-1
131,25,329.7,429.8,107.1,303.3,1,-1,-1,-1
131,28,33.7,498.7,91.0,250.1,1,-1,-1,-1
131,30,448.7,402.7,107.5,329.8,1,-1,-1,-1
131,72,546.4,394.7,75.3,122.8,1,-1,-1,-1
131,75,1697.2,474.8,43.7,112.8,1,-1,-1,-1
132,3,1106.5,272.8,301.8,703.7,1,-1,-1,-1
132,8,1392.1,166.3,275.3,813.0,1,-1,-1,-1
132,7,112.8,504.5,84.5,239.3,1,-1,-1,-1
132,25,330.6,430.6,107.8,303.0,1,-1,-1,-1
132,28,34.3,498.3,90.0,251.5,1,-1,-1,-1
132,30,449.0,402.2,106.9,329.9,1,-1,-1,-1
132,72,546.8,395.0,74.2,120.9,1,-1,-1,-1
132,75,1697.9,475.5,43.2,111.7,1,-1,-1,-1
132,77,1349.0,364.1,94.5,339.4,1,-1,-1,-1
133,3,1098.2,272.9,304.0,716.5,1,-1,-1,-1
133,8,1383.8,164.0,278.9,823.8,1,-1,-1,-1
133,7,106.8,482.1,91.9,262.5,1,-1,-1,-1
133,25,330.2,432.0,108.3,302.6,1,-1,-1,-1
133,28,34.6,496.8,88.7,252.3,1,-1,-1,-1
133,30,449.0,401.5,106.7,330.3,1,-1,-1,-1
133,72,546.3,395.3,75.3,123.0,1,-1,-1,-1
133,75,1697.6,475.6,43.5,112.6,1,-1,-1,-1
134,3,1091.8,271.7,306.6,730.2,1,-1,-1,-1
134,8,1376.6,160.4,281.8,833.6,1,-1,-1,-1
134,7,111.4,487.9,88.7,255.9,1,-1,-1,-1
134,25,329.4,431.2,109.4,304.9,1,-1,-1,-1
134,28,35.3,498.9,86.9,250.8,1,-1,-1,-1
134,30,449.4,401.4,106.3,329.8,1,-1,-1,-1
134,72,546.8,395.3,74.3,121.2,1,-1,-1,-1
134,75,1697.4,474.8,43.4,112.5,1,-1,-1,-1
135,3,1088.2,267.9,307.7,738.6,1,-1,-1,-1
135,8,1369.1,155.2,284.5,843.5,1,-1,-1,-1
135,7,114.7,501.6,83.5,241.9,1,-1,-1,-1
135,25,329.1,431.1,110.0,305.9,1,-1,-1,-1
135,28,0.0,446.6,133.4,425.6,1,-1,-1,-1
135,30,449.4,401.1,106.1,329.9,1,-1,-1,-1
135,72,546.1,394.8,75.3,123.0,1,-1,-1,-1
135,75,1697.4,474.8,43.3,112.6,1,-1,-1,-1
135,79,909.7,520.4,35.2,104.0,1,-1,-1,-1
136,3,1074.1,262.2,307.3,744.6,1,-1,-1,-1
136,8,1360.5,149.5,287.5,854.3,1,-1,-1,-1
136,7,120.0,506.3,82.2,237.6,1,-1,-1,-1
136,25,329.4,430.3,111.0,307.8,1,-1,-1,-1
136,28,0.0,421.6,142.8,489.2,1,-1,-1,-1
136,30,449.4,400.5,106.4,331.1,1,-1,-1,-1
136,72,544.9,394.1,78.1,128.2,1,-1,-1,-1
136,75,1696.9,474.8,42.8,111.3,1,-1,-1,-1
136,79,909.7,520.2,35.2,104.2,1,-1,-1,-1
137,3,1064.9,258.2,307.1,749.3,1,-1,-1,-1
137,8,1353.1,143.2,290.0,863.3,1,-1,-1,-1
137,7,121.0,506.0,82.8,238.8,1,-1,-1,-1
137,25,328.6,429.3,112.0,309.0,1,-1,-1,-1
137,28,0.0,412.2,158.0,515.1,1,-1,-1,-1
137,30,448.9,400.2,107.0,332.6,1,-1,-1,-1
137,72,546.3,394.2,75.2,123.3,1,-1,-1,-1
137,75,1696.3,475.0,42.4,110.6,1,-1,-1,-1
137,79,910.2,521.4,35.0,103.2,1,-1,-1,-1
138,3,1051.8,252.8,309.2,759.8,1,-1,-1,-1
138,8,1341.5,141.4,291.1,866.5,1,-1,-1,-1
138,7,118.1,502.0,83.0,241.9,1,-1,-1,-1
138,25,325.9,428.1,112.8,309.8,1,-1,-1,-1
138,28,0.0,337.0,183.5,594.8,1,-1,-1,-1
138,30,448.4,399.9,107.7,334.1,1,-1,-1,-1
138,72,543.2,394.7,81.5,135.0,1,-1,-1,-1
138,75,1696.3,475.0,42.2,110.2,1,-1,-1,-1
138,79,910.6,523.2,34.4,101.2,1,-1,-1,-1
139,3,1042.6,250.9,309.1,757.5,1,-1,-1,-1
139,8,1329.4,137.4,293.3,870.7,1,-1,-1,-1
139,7,117.8,514.0,78.4,229.6,1,-1,-1,-1
139,25,324.5,426.2,113.7,310.9,1,-1,-1,-1
139,28,0.0,301.2,195.4,630.4,1,-1,-1,-1
139,30,448.4,400.1,108.0,334.1,1,-1,-1,-1
139,72,539.1,394.6,89.4,150.8,1,-1,-1,-1
139,75,1696.5,474.8,42.1,110.4,1,-1,-1,-1
139,79,910.8,523.7,34.3,100.6,1,-1,-1,-1
140,3,1023.7,247.4,312.4,765.5,1,-1,-1,-1
140,8,1319.1,135.0,294.6,872.5,1,-1,-1,-1
140,7,117.1,518.6,77.8,226.0,1,-1,-1,-1
140,25,323.9,424.5,114.7,312.7,1,-1,-1,-1
140,28,0.0,281.3,202.5,650.1,1,-1,-1,-1
140,30,448.0,400.3,108.2,333.3,1,-1,-1,-1
140,72,537.3,394.3,93.1,160.1,1,-1,-1,-1
140,75,1696.6,474.8,42.0,110.3,1,-1,-1,-1
140,79,910.9,523.8,34.2,99.7,1,-1,-1,-1
141,3,1012.0,241.3,316.9,768.5,1,-1,-1,-1
141,8,1308.0,134.4,294.0,870.3,1,-1,-1,-1
141,7,119.7,500.6,82.2,243.1,1,-1,-1,-1
141,25,321.7,423.4,115.9,315.2,1,-1,-1,-1
141,28,0.0,272.6,205.7,664.0,1,-1,-1,-1
141,30,447.5,400.9,108.5,332.9,1,-1,-1,-1
141,72,536.6,393.8,94.7,166.5,1,-1,-1,-1
141,75,1696.8,475.0,41.6,109.9,1,-1,-1,-1
141,79,910.4,523.4,34.6,101.3,1,-1,-1,-1
142,3,996.4,236.9,320.6,769.8,1,-1,-1,-1
142,8,1296.5,134.4,294.0,868.9,1,-1,-1,-1
142,7,121.9,494.3,83.5,248.8,1,-1,-1,-1
142,25,319.8,422.5,117.0,317.8,1,-1,-1,-1
142,28,0.0,271.0,208.6,664.9,1,-1,-1,-1
142,30,446.4,401.0,109.2,333.3,1,-1,-1,-1
142,72,537.4,393.0,93.5,167.6,1,-1,-1,-1
142,75,1696.7,474.7,41.6,110.4,1,-1,-1,-1
142,79,910.5,523.2,34.8,101.3,1,-1,-1,-1
143,3,981.5,232.9,326.6,777.6,1,-1,-1,-1
143,8,1285.0,132.0,297.8,879.3,1,-1,-1,-1
143,25,318.8,421.9,118.0,319.2,1,-1,-1,-1
143,28,0.0,268.9,212.1,666.0,1,-1,-1,-1
143,30,446.7,401.8,110.1,334.2,1,-1,-1,-1
143,72,537.1,392.9,93.5,171.1,1,-1,-1,-1
143,75,1696.6,475.0,41.4,110.2,1,-1,-1,-1
143,79,910.3,523.1,35.1,101.9,1,-1,-1,-1
144,3,966.3,230.8,332.1,785.9,1,-1,-1,-1
144,8,1277.2,129.7,301.5,891.2,1,-1,-1,-1
144,25,317.8,421.7,118.9,320.5,1,-1,-1,-1
144,28,1.8,270.1,214.1,667.0,1,-1,-1,-1
144,30,446.5,401.5,111.3,336.4,1,-1,-1,-1
144,72,536.7,392.6,94.0,176.0,1,-1,-1,-1
144,75,1696.8,475.5,41.3,109.8,1,-1,-1,-1
144,79,910.1,523.0,35.2,101.6,1,-1,-1,-1
145,3,954.5,229.7,336.9,792.6,1,-1,-1,-1
145,8,1270.1,129.0,304.0,899.6,1,-1,-1,-1
145,25,317.0,420.9,120.1,322.4,1,-1,-1,-1
145,28,5.2,269.6,215.1,666.1,1,-1,-1,-1
145,30,446.5,401.4,112.6,338.7,1,-1,-1,-1
145,72,535.8,392.3,95.8,183.4,1,-1,-1,-1
145,75,1696.8,475.5,41.1,109.5,1,-1,-1,-1
145,79,909.8,522.8,35.2,101.1,1,-1,-1,-1
146,3,940.7,229.6,341.9,801.4,1,-1,-1,-1
146,8,1259.7,128.2,307.7,912.6,1,-1,-1,-1
146,25,312.6,421.1,121.3,326.1,1,-1,-1,-1
146,28,24.0,270.6,212.6,660.5,1,-1,-1,-1
146,30,446.2,400.9,114.5,342.0,1,-1,-1,-1
146,72,540.3,393.0,86.2,165.7,1,-1,-1,-1
146,75,1697.5,475.9,40.8,109.0,1,-1,-1,-1
147,3,934.5,230.2,346.1,809.4,1,-1,-1,-1
147,8,1251.6,127.9,310.1,920.1,1,-1,-1,-1
147,25,310.1,421.3,121.7,327.6,1,-1,-1,-1
147,28,40.9,273.3,210.3,655.4,1,-1,-1,-1
147,30,445.7,400.1,116.2,344.7,1,-1,-1,-1
147,72,541.6,393.4,83.5,161.7,1,-1,-1,-1
147,75,1697.4,475.7,40.9,109.7,1,-1,-1,-1
147,84,0.0,392.6,114.9,511.0,1,-1,-1,-1
148,3,929.8,233.6,347.8,812.9,1,-1,-1,-1
148,8,1241.6,126.1,311.9,926.2,1,-1,-1,-1
148,25,307.8,419.2,123.2,331.5,1,-1,-1,-1
148,28,77.2,276.2,211.9,649.8,1,-1,-1,-1
148,30,446.4,397.6,118.0,347.7,1,-1,-1,-1
148,72,540.4,393.9,87.2,171.3,1,-1,-1,-1
148,75,1698.1,476.0,40.4,109.0,1,-1,-1,-1
148,84,0.9,385.9,121.3,536.2,1,-1,-1,-1
149,3,921.4,236.3,348.1,816.1,1,-1,-1,-1
149,8,1233.4,125.3,313.5,932.1,1,-1,-1,-1
149,25,307.0,418.3,124.0,333.2,1,-1,-1,-1
149,28,106.6,281.6,217.0,640.7,1,-1,-1,-1
149,30,446.4,395.3,119.4,349.3,1,-1,-1,-1
149,72,539.7,393.5,88.7,176.9,1,-1,-1,-1
149,75,1698.8,475.9,40.1,108.7,1,-1,-1,-1
149,84,10.4,389.4,120.7,529.7,1,-1,-1,-1
149,85,9.9,377.1,193.0,541.2,1,-1,-1,-1
150,3,908.7,238.6,351.2,826.6,1,-1,-1,-1
150,8,1226.2,127.0,316.6,943.2,1,-1,-1,-1
150,25,305.9,416.5,124.9,336.0,1,-1,-1,-1
150,28,129.8,286.0,224.1,632.5,1,-1,-1,-1
150,30,446.7,394.3,120.2,349.4,1,-1,-1,-1
150,72,541.9,393.8,83.7,167.7,1,-1,-1,-1
150,75,1698.8,476.1,39.6,108.0,1,-1,-1,-1
150,85,14.6,392.0,188.7,527.3,1,-1,-1,-1
151,3,893.6,236.0,355.7,838.8,1,-1,-1,-1
151,8,1217.8,125.0,318.4,950.4,1,-1,-1,-1
151,25,304.1,415.2,125.8,337.4,1,-1,-1,-1
151,28,140.8,290.5,235.5,624.3,1,-1,-1,-1
151,30,447.1,393.0,121.2,351.2,1,-1,-1,-1
151,72,541.9,393.7,82.9,167.5,1,-1,-1,-1
151,75,1698.7,475.4,39.9,109.5,1,-1,-1,-1
151,85,19.5,390.8,188.4,523.1,1,-1,-1,-1
152,3,878.3,232.6,357.9,843.6,1,-1,-1,-1
152,8,1209.3,118.6,319.2,955.0,1,-1,-1,-1
152,25,304.4,413.8,126.0,336.2,1,-1,-1,-1
152,28,134.6,292.9,250.1,620.7,1,-1,-1,-1
152,30,447.2,392.0,122.5,354.5,1,-1,-1,-1
152,72,540.5,393.9,86.3,176.6,1,-1,-1,-1
152,75,1699.3,475.2,39.9,110.0,1,-1,-1,-1
152,85,31.0,390.9,185.9,511.7,1,-1,-1,-1
153,3,855.0,222.2,364.7,856.8,1,-1,-1,-1
153,8,1200.0,108.6,321.7,965.0,1,-1,-1,-1
153,25,314.2,414.2,123.9,334.9,1,-1,-1,-1
153,28,140.4,294.6,261.6,620.3,1,-1,-1,-1
153,30,448.9,391.5,122.8,354.9,1,-1,-1,-1
153,72,540.9,394.2,85.3,176.2,1,-1,-1,-1
153,75,1698.7,475.0,40.1,111.2,1,-1,-1,-1
153,85,53.9,391.4,183.7,512.1,1,-1,-1,-1
153,88,1490.1,400.0,81.5,280.5,1,-1,-1,-1
154,3,839.2,219.2,367.3,860.7,1,-1,-1,-1
154,8,1191.0,101.8,322.9,969.9,1,-1,-1,-1
154,25,326.4,412.9,115.1,317.4,1,-1,-1,-1
154,28,148.2,295.3,270.5,617.4,1,-1,-1,-1
154,30,451.9,390.6,123.5,356.5,1,-1,-1,-1
154,72,539.7,394.8,86.5,180.4,1,-1,-1,-1
154,75,1699.3,475.1,39.6,110.4,1,-1,-1,-1
154,85,76.6,390.4,178.4,504.3,1,-1,-1,-1
154,88,1488.5,379.6,86.9,298.1,1,-1,-1,-1
155,3,820.9,216.3,370.8,863.7,1,-1,-1,-1
155,8,1183.2,96.1,325.1,976.4,1,-1,-1,-1
155,25,338.7,411.1,107.4,302.8,1,-1,-1,-1
155,28,158.9,298.2,273.9,608.6,1,-1,-1,-1
155,30,454.4,390.7,124.1,357.3,1,-1,-1,-1
155,72,539.1,394.9,86.6,182.4,1,-1,-1,-1
155,75,1700.1,475.0,39.3,109.6,1,-1,-1,-1
155,85,94.9,389.3,179.5,513.8,1,-1,-1,-1
155,88,1483.1,375.7,89.0,302.2,1,-1,-1,-1
156,3,796.8,214.7,373.8,864.4,1,-1,-1,-1
156,8,1172.8,85.9,330.8,991.5,1,-1,-1,-1
156,28,170.0,297.7,276.4,604.0,1,-1,-1,-1
156,30,459.2,389.1,126.2,359.8,1,-1,-1,-1
156,72,537.2,396.7,91.3,196.2,1,-1,-1,-1
156,75,1700.0,474.8,39.4,109.7,1,-1,-1,-1
156,85,131.1,394.1,178.0,507.4,1,-1,-1,-1
156,88,1479.3,375.4,90.9,304.1,1,-1,-1,-1
157,3,779.4,212.4,377.5,864.9,1,-1,-1,-1
157,8,1162.9,75.7,335.9,1003.3,1,-1,-1,-1
157,28,187.8,295.9,275.8,601.9,1,-1,-1,-1
157,30,460.9,389.3,128.4,364.4,1,-1,-1,-1
157,72,540.5,394.8,84.4,182.4,1,-1,-1,-1
157,75,1700.5,474.9,39.2,109.2,1,-1,-1,-1
157,85,147.9,392.9,176.0,497.6,1,-1,-1,-1
157,88,1478.1,376.5,92.4,303.4,1,-1,-1,-1
158,3,761.7,203.6,386.1,876.4,1,-1,-1,-1
158,8,1152.4,66.0,340.2,1013.2,1,-1,-1,-1
158,28,213.4,293.4,270.4,601.2,1,-1,-1,-1
158,30,461.2,389.5,129.3,367.1,1,-1,-1,-1
158,72,550.0,395.6,76.9,169.7,1,-1,-1,-1
158,75,1700.3,474.7,39.2,109.4,1,-1,-1,-1
158,85,163.7,393.5,177.4,490.0,1,-1,-1,-1
158,88,1480.1,375.9,94.3,305.0,1,-1,-1,-1
159,3,750.1,202.0,389.0,878.0,1,-1,-1,-1
159,8,1143.6,62.2,342.3,1016.0,1,-1,-1,-1
159,28,237.3,294.9,262.4,601.4,1,-1,-1,-1
159,30,461.8,389.6,129.8,368.5,1,-1,-1,-1
159,72,555.0,395.6,73.7,166.7,1,-1,-1,-1
159,75,1699.9,474.5,39.5,110.5,1,-1,-1,-1
159,85,165.0,396.2,179.4,486.9,1,-1,-1,-1
159,88,1485.1,374.6,95.9,305.6,1,-1,-1,-1
160,3,748.5,200.2,391.5,879.8,1,-1,-1,-1
160,8,1136.7,59.4,344.0,1016.7,1,-1,-1,-1
160,28,268.6,293.7,255.2,601.4,1,-1,-1,-1
160,30,463.3,390.4,129.9,370.1,1,-1,-1,-1
160,72,553.5,395.9,73.3,168.0,1,-1,-1,-1
160,75,1700.1,474.5,39.3,110.0,1,-1,-1,-1
160,85,170.7,396.7,183.7,485.7,1,-1,-1,-1
160,88,1490.0,372.9,97.5,306.0,1,-1,-1,-1
160,7,118.2,525.5,72.4,218.1,1,-1,-1,-1
161,3,753.4,195.0,391.0,885.0,1,-1,-1,-1
161,8,1124.4,56.0,347.0,1021.2,1,-1,-1,-1
161,28,305.5,292.6,250.2,601.3,1,-1,-1,-1
161,30,468.3,392.5,128.9,371.5,1,-1,-1,-1
161,72,553.9,395.4,73.8,172.8,1,-1,-1,-1
161,75,1699.8,474.6,39.1,109.6,1,-1,-1,-1
161,85,175.7,395.7,187.8,485.5,1,-1,-1,-1
161,88,1497.3,372.6,98.7,305.1,1,-1,-1,-1
161,7,119.1,527.2,72.4,216.9,1,-1,-1,-1
162,3,755.0,187.3,389.5,892.7,1,-1,-1,-1
162,8,1116.6,54.9,348.7,1021.5,1,-1,-1,-1
162,28,335.2,294.4,246.1,597.0,1,-1,-1,-1
162,30,476.5,393.0,126.8,371.9,1,-1,-1,-1
162,75,1699.9,474.7,38.9,109.4,1,-1,-1,-1
162,85,208.5,394.6,196.0,484.4,1,-1,-1,-1
162,88,1505.2,371.9,100.3,305.4,1,-1,-1,-1
162,7,119.5,528.2,72.5,216.2,1,-1,-1,-1
163,3,747.8,187.6,385.1,892.4,1,-1,-1,-1
163,8,1106.2,53.8,350.8,1022.6,1,-1,-1,-1
163,28,360.0,297.8,241.5,586.6,1,-1,-1,-1
163,30,490.4,393.3,123.4,365.7,1,-1,-1,-1
163,75,1699.4,474.5,39.6,111.1,1,-1,-1,-1
163,85,235.6,389.7,203.5,490.7,1,-1,-1,-1
163,88,1510.1,372.5,101.7,304.4,1,-1,-1,-1
163,7,120.2,529.4,71.6,214.6,1,-1,-1,-1
164,3,739.4,189.3,381.1,890.7,1,-1,-1,-1
164,8,1096.3,52.2,353.0,1024.4,1,-1,-1,-1
164,28,376.4,301.6,240.0,576.6,1,-1,-1,-1
164,30,503.2,393.0,122.8,365.3,1,-1,-1,-1
164,75,1700.1,474.7,39.0,109.7,1,-1,-1,-1
164,85,255.6,387.6,206.6,493.3,1,-1,-1,-1
164,88,1510.9,373.2,103.2,303.5,1,-1,-1,-1
164,7,120.7,529.5,71.7,215.7,1,-1,-1,-1
164,72,562.3,395.1,66.0,159.6,1,-1,-1,-1
165,3,730.3,195.8,376.0,884.2,1,-1,-1,-1
165,8,1084.1,49.2,355.7,1026.7,1,-1,-1,-1
165,28,385.7,307.0,243.5,574.5,1,-1,-1,-1
165,30,518.6,391.6,122.7,364.2,1,-1,-1,-1
165,75,1699.8,475.0,38.7,109.0,1,-1,-1,-1
165,85,264.7,386.5,197.2,480.9,1,-1,-1,-1
165,88,1513.7,376.5,104.6,300.0,1,-1,-1,-1
165,7,120.4,529.7,72.0,216.6,1,-1,-1,-1
165,72,564.4,395.7,57.2,137.4,1,-1,-1,-1
166,3,717.1,197.3,373.2,882.7,1,-1,-1,-1
166,8,1067.6,46.7,359.9,1030.2,1,-1,-1,-1
166,28,396.6,312.0,247.4,569.2,1,-1,-1,-1
166,30,543.2,391.8,118.2,350.8,1,-1,-1,-1
166,75,1699.0,474.7,39.0,110.4,1,-1,-1,-1
166,85,292.7,388.5,188.2,475.7,1,-1,-1,-1
166,88,1515.5,379.7,105.7,295.4,1,-1,-1,-1
166,7,122.6,527.4,71.9,218.2,1,-1,-1,-1
166,93,32.6,500.7,82.2,247.7,1,-1,-1,-1
167,3,701.4,193.5,372.8,886.5,1,-1,-1,-1
167,8,1054.8,45.1,363.6,1032.5,1,-1,-1,-1
167,28,409.0,314.0,252.6,569.4,1,-1,-1,-1
167,30,557.8,391.9,114.9,343.2,1,-1,-1,-1
167,75,1699.1,474.8,38.6,110.0,1,-1,-1,-1
167,85,307.9,387.1,185.6,480.8,1,-1,-1,-1
167,88,1523.2,382.7,106.1,294.4,1,-1,-1,-1
167,7,122.9,524.5,72.2,220.8,1,-1,-1,-1
167,93,31.5,500.3,82.3,248.1,1,-1,-1,-1
168,3,680.3,182.5,375.0,897.5,1,-1,-1,-1
168,8,1039.9,40.6,368.4,1037.1,1,-1,-1,-1
168,28,424.7,315.9,250.8,557.4,1,-1,-1,-1
168,75,1699.4,474.7,38.7,110.5,1,-1,-1,-1
168,85,330.3,389.7,179.8,476.9,1,-1,-1,-1
168,88,1519.9,385.2,106.9,288.1,1,-1,-1,-1
168,7,121.7,512.1,75.3,232.8,1,-1,-1,-1
168,93,33.3,500.8,82.4,248.7,1,-1,-1,-1
168,95,1403.5,460.9,59.4,217.2,1,-1,-1,-1
169,3,652.6,170.8,378.1,908.3,1,-1,-1,-1
169,8,1027.1,34.7,373.8,1043.4,1,-1,-1,-1
169,28,427.6,313.9,248.4,552.7,1,-1,-1,-1
169,75,1699.5,474.8,37.9,109.3,1,-1,-1,-1
169,85,343.2,392.3,175.4,471.6,1,-1,-1,-1
169,88,1520.0,386.2,108.8,284.5,1,-1,-1,-1
169,7,121.6,509.7,75.7,235.6,1,-1,-1,-1
169,93,33.7,501.4,82.2,248.6,1,-1,-1,-1
169,95,1400.3,457.4,60.6,219.9,1,-1,-1,-1
170,3,623.3,164.4,381.4,915.5,1,-1,-1,-1
170,8,1014.3,27.9,378.9,1049.4,1,-1,-1,-1
170,28,442.1,316.8,240.8,543.7,1,-1,-1,-1
170,75,1699.7,474.8,37.9,110.0,1,-1,-1,-1
170,85,357.5,392.8,173.0,467.9,1,-1,-1,-1
170,88,1524.5,387.1,110.1,284.0,1,-1,-1,-1
170,7,123.3,510.2,75.1,235.5,1,-1,-1,-1
170,93,35.9,505.7,80.7,244.7,1,-1,-1,-1
170,95,1396.8,456.2,61.6,220.6,1,-1,-1,-1
171,3,588.1,159.7,383.4,914.4,1,-1,-1,-1
171,8,1002.8,20.5,385.4,1056.8,1,-1,-1,-1
171,28,470.6,314.6,230.5,541.3,1,-1,-1,-1
171,75,1699.1,474.8,38.0,110.7,1,-1,-1,-1
171,85,381.2,398.4,175.2,460.6,1,-1,-1,-1
171,88,1526.7,387.8,110.7,281.0,1,-1,-1,-1
171,7,126.1,512.1,74.0,233.2,1,-1,-1,-1
171,93,36.6,504.9,80.6,245.4,1,-1,-1,-1
171,95,1397.1,450.0,64.1,226.1,1,-1,-1,-1
172,3,566.3,152.2,385.9,916.2,1,-1,-1,-1
172,8,993.3,8.0,393.7,1069.2,1,-1,-1,-1
172,28,486.4,312.6,215.5,528.6,1,-1,-1,-1
172,75,1699.0,474.9,37.9,111.2,1,-1,-1,-1
172,85,409.9,400.2,186.1,459.2,1,-1,-1,-1
172,88,1528.5,385.3,112.4,281.9,1,-1,-1,-1
172,7,127.8,513.7,73.5,230.6,1,-1,-1,-1
172,93,37.2,503.9,80.5,246.0,1,-1,-1,-1
172,95,1394.3,437.7,69.0,240.0,1,-1,-1,-1
172,99,1339.2,545.4,43.2,137.5,1,-1,-1,-1
172,25,339.2,413.1,120.0,350.4,1,-1,-1,-1
173,3,556.1,144.4,385.7,914.9,1,-1,-1,-1
173,8,976.1,1.0,399.7,1077.2,1,-1,-1,-1
173,28,495.4,313.6,208.2,535.3,1,-1,-1,-1
173,75,1699.1,474.6,38.0,112.2,1,-1,-1,-1
173,85,397.8,394.2,189.4,463.9,1,-1,-1,-1
173,88,1531.8,382.4,114.1,284.1,1,-1,-1,-1
173,7,128.8,523.8,70.6,220.5,1,-1,-1,-1
173,93,36.5,503.5,80.4,246.1,1,-1,-1,-1
173,95,1395.5,445.8,67.3,231.2,1,-1,-1,-1
173,99,1339.2,545.8,43.3,136.9,1,-1,-1,-1
173,25,343.5,411.0,123.7,363.9,1,-1,-1,-1
174,3,554.7,141.8,357.6,834.3,1,-1,-1,-1
174,8,967.3,0.0,403.5,1076.2,1,-1,-1,-1
174,28,504.1,313.1,200.6,538.4,1,-1,-1,-1
174,75,1699.3,474.6,37.9,112.4,1,-1,-1,-1
174,85,404.1,393.4,188.5,461.9,1,-1,-1,-1
174,88,1535.1,382.0,114.2,283.5,1,-1,-1,-1
174,7,128.3,525.2,70.4,219.2,1,-1,-1,-1
174,93,35.4,502.1,80.7,247.6,1,-1,-1,-1
174,95,1395.0,444.4,68.4,232.6,1,-1,-1,-1
174,99,1340.6,546.8,43.1,135.3,1,-1,-1,-1
174,25,347.4,409.6,124.8,368.5,1,-1,-1,-1
174,101,1390.5,458.5,52.8,211.2,1,-1,-1,-1
175,3,528.8,137.2,382.0,893.2,1,-1,-1,-1
175,8,955.3,0.0,405.7,1076.0,1,-1,-1,-1
175,75,1699.3,475.0,37.7,112.4,1,-1,-1,-1
175,85,418.4,388.9,184.5,456.3,1,-1,-1,-1
175,88,1539.4,381.4,114.0,284.5,1,-1,-1,-1
175,7,128.0,522.1,71.5,222.1,1,-1,-1,-1
175,93,33.6,501.9,80.8,247.6,1,-1,-1,-1
175,95,1394.4,444.1,69.7,233.5,1,-1,-1,-1
175,99,1341.4,547.0,43.6,135.4,1,-1,-1,-1
175,25,357.8,410.6,122.8,365.2,1,-1,-1,-1
175,101,1391.0,453.4,54.2,217.0,1,-1,-1,-1
176,3,511.8,132.0,392.0,920.3,1,-1,-1,-1
176,8,928.5,0.0,401.0,1072.9,1,-1,-1,-1
176,75,1699.7,475.2,37.0,109.9,1,-1,-1,-1
176,85,438.0,391.5,174.4,443.5,1,-1,-1,-1
176,88,1545.1,383.3,112.6,282.2,1,-1,-1,-1
176,7,129.8,525.0,71.0,219.3,1,-1,-1,-1
176,93,20.7,508.2,81.5,241.9,1,-1,-1,-1
176,95,1393.0,448.3,70.2,230.0,1,-1,-1,-1
176,99,1343.6,547.0,45.1,138.4,1,-1,-1,-1
176,25,365.8,409.8,128.3,383.6,1,-1,-1,-1
176,101,1387.6,446.8,56.8,226.1,1,-1,-1,-1
177,3,498.1,131.0,394.7,929.1,1,-1,-1,-1
177,8,912.3,0.0,396.7,1069.6,1,-1,-1,-1
177,75,1699.2,474.7,37.4,112.0,1,-1,-1,-1
177,88,1552.1,386.1,111.1,279.0,1,-1,-1,-1
177,7,130.4,525.5,71.1,218.8,1,-1,-1,-1
177,93,16.2,512.4,82.8,238.1,1,-1,-1,-1
177,95,1394.7,450.9,71.5,229.3,1,-1,-1,-1
177,99,1345.6,547.0,46.0,138.9,1,-1,-1,-1
177,25,369.0,409.1,130.3,388.9,1,-1,-1,-1
177,101,1388.6,444.3,52.3,206.5,1,-1,-1,-1
178,3,477.7,127.5,399.2,938.7,1,-1,-1,-1
178,8,902.2,0.0,394.2,1070.4,1,-1,-1,-1
178,75,1699.8,474.7,37.0,110.2,1,-1,-1,-1
178,88,1556.5,387.6,111.3,276.5,1,-1,-1,-1
178,7,129.5,518.1,73.5,226.2,1,-1,-1,-1
178,93,14.8,506.4,86.8,244.2,1,-1,-1,-1
178,95,1397.6,451.0,72.7,228.7,1,-1,-1,-1
178,99,1347.0,545.1,46.8,139.9,1,-1,-1,-1
178,25,372.3,406.9,131.2,392.8,1,-1,-1,-1
178,101,1391.1,444.2,51.6,202.3,1,-1,-1,-1
178,108,0.0,502.3,97.7,504.6,1,-1,-1,-1
179,3,458.1,139.0,397.6,925.7,1,-1,-1,-1
179,8,893.7,0.0,389.9,1064.1,1,-1,-1,-1
179,75,1699.6,474.6,37.0,109.8,1,-1,-1,-1
179,88,1563.3,389.4,111.2,273.4,1,-1,-1,-1
179,7,129.2,514.9,74.5,229.6,1,-1,-1,-1
179,93,23.2,502.6,87.7,247.9,1,-1,-1,-1
179,95,1394.3,449.8,72.9,229.8,1,-1,-1,-1
179,99,1348.1,544.5,47.5,140.2,1,-1,-1,-1
179,25,377.4,405.2,131.3,395.5,1,-1,-1,-1
179,101,1394.8,454.1,50.2,194.7,1,-1,-1,-1
179,108,0.4,497.8,98.7,509.3,1,-1,-1,-1
179,109,1425.8,447.8,58.0,225.4,1,-1,-1,-1
180,3,446.3,150.9,398.2,913.6,1,-1,-1,-1
180,8,886.3,0.0,388.4,1064.1,1,-1,-1,-1
180,75,1699.5,474.6,37.1,109.8,1,-1,-1,-1
180,88,1567.0,391.2,111.1,270.8,1,-1,-1,-1
180,7,129.2,514.4,74.6,230.2,1,-1,-1,-1
180,93,29.9,501.0,87.2,249.4,1,-1,-1,-1
180,95,1393.2,449.7,72.9,229.9,1,-1,-1,-1
180,99,1349.2,544.2,48.2,140.4,1,-1,-1,-1
180,25,380.3,401.2,129.4,397.1,1,-1,-1,-1
180,108,0.0,422.7,99.1,573.9,1,-1,-1,-1
180,109,1428.0,449.0,57.7,224.9,1,-1,-1,-1
181,3,426.9,142.5,406.9,921.4,1,-1,-1,-1
181,8,875.3,0.0,387.0,1063.2,1,-1,-1,-1
181,75,1698.9,474.9,37.2,110.6,1,-1,-1,-1
181,88,1569.0,391.3,110.7,269.6,1,-1,-1,-1
181,7,130.3,523.4,71.9,221.5,1,-1,-1,-1
181,93,40.5,501.3,80.0,233.4,1,-1,-1,-1
181,95,1394.4,451.2,72.0,228.1,1,-1,-1,-1
181,99,1350.5,544.1,48.8,140.6,1,-1,-1,-1
181,108,0.0,245.8,132.6,770.0,1,-1,-1,-1
181,109,1429.0,450.7,57.0,222.5,1,-1,-1,-1
182,3,411.7,142.9,410.9,918.3,1,-1,-1,-1
182,8,865.7,0.0,386.0,1062.5,1,-1,-1,-1
182,75,1698.6,474.9,37.7,112.3,1,-1,-1,-1
182,88,1570.0,392.4,110.5,268.3,1,-1,-1,-1
182,7,128.6,518.5,73.8,228.1,1,-1,-1,-1
182,95,1396.1,450.8,71.8,228.2,1,-1,-1,-1
182,99,1352.0,544.1,49.1,140.0,1,-1,-1,-1
182,108,0.0,181.5,144.0,833.0,1,-1,-1,-1
182,109,1430.3,452.2,56.6,220.9,1,-1,-1,-1
182,28,695.5,319.3,183.9,510.0,1,-1,-1,-1
183,3,396.8,135.8,420.5,925.7,1,-1,-1,-1
183,8,856.2,0.0,384.6,1058.4,1,-1,-1,-1
183,75,1697.8,474.1,38.2,112.8,1,-1,-1,-1
183,88,1573.3,392.2,110.6,268.8,1,-1,-1,-1
183,7,128.4,515.1,74.6,230.8,1,-1,-1,-1
183,95,1399.0,454.3,70.6,225.2,1,-1,-1,-1
183,99,1353.4,544.1,49.5,139.7,1,-1,-1,-1
183,108,7.0,161.1,163.7,849.4,1,-1,-1,-1
183,109,1432.6,452.6,56.1,219.0,1,-1,-1,-1
183,28,701.7,322.1,179.7,504.7,1,-1,-1,-1
184,3,376.5,129.2,432.7,935.7,1,-1,-1,-1
184,8,844.8,0.5,385.3,1060.1,1,-1,-1,-1
184,75,1696.9,473.9,38.7,112.6,1,-1,-1,-1
184,88,1577.4,391.9,109.3,265.3,1,-1,-1,-1
184,7,127.0,516.9,74.4,227.3,1,-1,-1,-1
184,95,1401.2,454.5,71.0,226.0,1,-1,-1,-1
184,99,1354.6,545.0,49.6,139.2,1,-1,-1,-1
184,108,41.4,158.1,169.7,837.2,1,-1,-1,-1
184,109,1429.7,453.0,56.2,217.6,1,-1,-1,-1
184,28,696.9,319.9,181.4,507.3,1,-1,-1,-1
184,115,1447.9,430.1,51.1,222.0,1,-1,-1,-1
185,3,349.1,123.6,442.5,942.0,1,-1,-1,-1
185,8,835.5,0.2,386.5,1062.6,1,-1,-1,-1
185,75,1697.5,474.8,38.7,112.7,1,-1,-1,-1
185,88,1582.9,390.8,109.7,264.7,1,-1,-1,-1
185,7,131.1,510.1,74.7,230.8,1,-1,-1,-1
185,95,1402.6,453.2,71.6,228.2,1,-1,-1,-1
185,99,1354.8,544.6,49.9,139.6,1,-1,-1,-1
185,108,63.4,159.9,178.1,824.8,1,-1,-1,-1
185,28,716.4,323.5,176.5,502.2,1,-1,-1,-1
185,115,1448.6,427.8,51.6,224.5,1,-1,-1,-1
185,85,619.0,357.3,174.5,459.8,1,-1,-1,-1
186,3,310.4,122.4,446.0,940.5,1,-1,-1,-1
186,8,818.9,0.0,387.4,1063.9,1,-1,-1,-1
186,75,1698.1,474.5,38.8,112.7,1,-1,-1,-1
186,88,1587.7,388.8,111.1,266.3,1,-1,-1,-1
186,95,1403.5,452.9,71.4,228.7,1,-1,-1,-1
186,99,1357.2,545.6,49.7,138.7,1,-1,-1,-1
186,108,64.5,171.1,184.4,808.0,1,-1,-1,-1
186,28,729.5,321.2,171.0,505.7,1,-1,-1,-1
186,115,1451.2,426.4,51.2,222.6,1,-1,-1,-1
186,85,621.0,378.0,169.8,439.6,1,-1,-1,-1
187,3,244.7,112.1,441.1,947.7,1,-1,-1,-1
187,8,805.5,0.0,389.7,1069.6,1,-1,-1,-1
187,75,1699.1,474.0,38.9,112.6,1,-1,-1,-1
187,88,1591.3,387.7,112.1,268.1,1,-1,-1,-1
187,95,1403.6,451.1,71.5,231.1,1,-1,-1,-1
187,99,1359.4,548.4,49.7,138.2,1,-1,-1,-1
187,108,59.5,182.5,191.8,800.4,1,-1,-1,-1
187,28,742.9,332.0,160.4,491.9,1,-1,-1,-1
187,115,1453.3,426.7,51.1,221.7,1,-1,-1,-1
187,85,628.2,384.6,166.3,431.4,1,-1,-1,-1
187,117,1458.9,430.7,71.2,218.4,1,-1,-1,-1
188,3,203.2,106.4,434.6,947.3,1,-1,-1,-1
188,8,792.4,0.0,389.6,1068.7,1,-1,-1,-1
188,75,1699.1,473.9,39.2,112.7,1,-1,-1,-1
188,88,1594.3,388.3,112.6,266.9,1,-1,-1,-1
188,95,1403.7,448.2,71.8,232.7,1,-1,-1,-1
188,99,1361.5,548.8,49.9,138.5,1,-1,-1,-1
188,108,53.9,192.5,197.7,790.3,1,-1,-1,-1
188,28,770.7,391.8,140.6,429.2,1,-1,-1,-1
188,115,1460.1,427.6,51.2,222.3,1,-1,-1,-1
188,85,643.0,389.5,161.3,426.5,1,-1,-1,-1
188,117,1461.1,429.6,71.5,218.6,1,-1,-1,-1
188,118,568.7,377.5,93.8,405.6,1,-1,-1,-1
189,3,166.7,89.6,434.1,956.7,1,-1,-1,-1
189,8,769.5,0.0,391.0,1068.9,1,-1,-1,-1
189,88,1596.5,389.3,113.5,265.9,1,-1,-1,-1
189,95,1407.8,446.1,73.3,235.1,1,-1,-1,-1
189,99,1364.5,548.8,50.3,139.8,1,-1,-1,-1
189,108,35.1,196.4,199.8,783.5,1,-1,-1,-1
189,115,1468.8,428.8,51.0,220.9,1,-1,-1,-1
189,85,663.8,393.6,152.5,419.9,1,-1,-1,-1
189,117,1471.9,428.6,72.7,221.2,1,-1,-1,-1
189,118,575.5,377.2,96.8,414.0,1,-1,-1,-1
189,120,0.0,231.8,122.1,751.9,1,-1,-1,-1
190,3,130.1,78.6,433.2,963.0,1,-1,-1,-1
190,8,758.6,0.0,390.6,1068.0,1,-1,-1,-1
190,88,1599.3,391.6,115.0,265.6,1,-1,-1,-1
190,95,1410.1,445.6,74.6,235.7,1,-1,-1,-1
190,99,1367.0,548.0,50.7,141.4,1,-1,-1,-1
190,108,48.3,200.7,200.6,782.5,1,-1,-1,-1
190,115,1475.4,428.6,51.6,220.8,1,-1,-1,-1
190,85,676.5,397.4,147.4,421.9,1,-1,-1,-1
190,117,1477.3,427.9,74.2,224.0,1,-1,-1,-1
190,118,588.8,383.6,96.2,402.7,1,-1,-1,-1
190,120,0.0,237.7,129.9,758.6,1,-1,-1,-1
191,3,53.2,76.3,443.7,972.2,1,-1,-1,-1
191,8,740.5,0.0,391.9,1071.2,1,-1,-1,-1
191,88,1604.0,394.8,115.0,260.3,1,-1,-1,-1
191,95,1411.8,446.1,76.2,236.1,1,-1,-1,-1
191,99,1368.9,544.6,51.6,144.9,1,-1,-1,-1
191,115,1479.8,428.3,51.8,219.9,1,-1,-1,-1
191,85,692.5,393.1,143.8,419.7,1,-1,-1,-1
191,117,1483.1,428.3,75.6,225.2,1,-1,-1,-1
191,118,594.9,382.6,99.0,405.1,1,-1,-1,-1
191,120,0.0,241.3,135.7,742.0,1,-1,-1,-1
191,25,460.3,392.7,132.4,411.4,1,-1,-1,-1
192,3,22.5,76.3,447.2,969.9,1,-1,-1,-1
192,8,724.7,0.0,392.2,1069.9,1,-1,-1,-1
192,88,1605.9,397.4,115.9,258.0,1,-1,-1,-1
192,95,1412.6,445.0,78.4,237.7,1,-1,-1,-1
192,99,1371.2,542.1,52.2,147.5,1,-1,-1,-1
192,115,1487.7,428.7,53.1,221.4,1,-1,-1,-1
192,85,686.9,392.7,138.5,426.6,1,-1,-1,-1
192,117,1486.5,428.7,76.7,225.7,1,-1,-1,-1
192,118,598.2,379.7,102.1,406.9,1,-1,-1,-1
192,120,6.6,247.2,132.8,721.5,1,-1,-1,-1
192,25,469.4,391.9,130.3,413.2,1,-1,-1,-1
193,3,6.4,87.9,447.7,966.0,1,-1,-1,-1
193,8,713.2,0.0,389.2,1058.5,1,-1,-1,-1
193,88,1607.1,399.7,116.0,254.4,1,-1,-1,-1
193,95,1412.8,443.7,80.6,239.7,1,-1,-1,-1
193,99,1373.2,541.1,51.9,148.3,1,-1,-1,-1
193,115,1491.0,430.0,53.8,222.1,1,-1,-1,-1
193,117,1488.0,430.3,77.4,224.7,1,-1,-1,-1
193,118,604.1,377.6,105.5,407.0,1,-1,-1,-1
193,120,16.8,255.1,131.3,704.1,1,-1,-1,-1
193,25,483.3,391.5,127.1,411.9,1,-1,-1,-1
194,3,0.0,79.7,436.4,986.2,1,-1,-1,-1
194,8,695.0,0.0,390.7,1059.5,1,-1,-1,-1
194,88,1609.0,401.4,116.3,252.4,1,-1,-1,-1
194,95,1412.4,443.1,82.1,241.1,1,-1,-1,-1
194,99,1377.1,539.4,52.6,150.5,1,-1,-1,-1
194,117,1489.4,430.2,78.1,224.9,1,-1,-1,-1
194,118,595.0,379.7,106.2,405.8,1,-1,-1,-1
194,25,493.2,389.8,129.5,414.8,1,-1,-1,-1
195,3,0.0,75.5,430.5,994.3,1,-1,-1,-1
195,8,674.4,0.0,394.4,1063.7,1,-1,-1,-1
195,88,1611.4,400.9,117.0,252.5,1,-1,-1,-1
195,95,1412.5,443.4,83.3,240.9,1,-1,-1,-1
195,99,1379.6,537.9,53.5,152.0,1,-1,-1,-1
195,117,1489.8,429.2,78.9,226.0,1,-1,-1,-1
195,118,594.4,380.1,100.4,384.0,1,-1,-1,-1
195,25,501.9,389.0,130.6,416.4,1,-1,-1,-1
196,3,0.0,81.0,404.0,993.4,1,-1,-1,-1
196,8,643.2,0.0,401.5,1062.1,1,-1,-1,-1
196,88,1616.9,400.7,115.5,249.8,1,-1,-1,-1
196,95,1412.9,443.7,83.5,237.7,1,-1,-1,-1
196,99,1383.3,538.0,54.8,152.3,1,-1,-1,-1
196,117,1494.2,428.8,78.1,225.4,1,-1,-1,-1
196,118,589.4,379.4,106.2,416.8,1,-1,-1,-1
196,25,511.4,385.3,130.4,419.1,1,-1,-1,-1
197,3,0.0,73.7,378.9,994.5,1,-1,-1,-1
197,8,614.7,0.0,412.5,1065.4,1,-1,-1,-1
197,88,1621.3,399.1,115.1,250.8,1,-1,-1,-1
197,95,1413.3,443.7,85.8,240.8,1,-1,-1,-1
197,99,1385.7,538.4,56.2,151.9,1,-1,-1,-1
197,117,1496.0,427.8,77.7,225.6,1,-1,-1,-1
197,25,516.7,385.5,128.8,416.1,1,-1,-1,-1
197,131,285.7,217.7,232.9,741.2,1,-1,-1,-1
197,133,1417.8,460.7,53.7,219.2,1,-1,-1,-1
198,3,0.0,67.6,358.9,1000.5,1,-1,-1,-1
198,8,584.9,0.0,425.8,1070.0,1,-1,-1,-1
198,88,1622.4,397.2,114.8,252.3,1,-1,-1,-1
198,95,1412.9,443.5,87.9,242.6,1,-1,-1,-1
198,99,1389.0,538.7,57.3,151.5,1,-1,-1,-1
198,117,1496.5,427.0,77.5,226.7,1,-1,-1,-1
198,25,519.2,387.7,127.0,413.1,1,-1,-1,-1
198,131,297.1,224.0,234.3,740.8,1,-1,-1,-1
198,133,1418.4,461.6,54.0,221.1,1,-1,-1,-1
198,28,916.1,358.9,148.0,447.2,1,-1,-1,-1
199,3,0.0,54.0,326.3,1015.5,1,-1,-1,-1
199,8,545.1,0.0,438.5,1073.8,1,-1,-1,-1
199,88,1624.8,395.7,113.9,252.4,1,-1,-1,-1
199,95,1413.6,443.4,90.2,244.1,1,-1,-1,-1
199,99,1392.2,542.5,56.9,148.6,1,-1,-1,-1
199,117,1499.2,426.1,77.6,228.2,1,-1,-1,-1
199,131,307.7,233.1,235.4,735.3,1,-1,-1,-1
199,133,1420.4,457.2,55.0,225.7,1,-1,-1,-1
199,28,938.2,454.3,122.6,349.6,1,-1,-1,-1
199,108,168.3,258.0,156.1,606.0,1,-1,-1,-1
200,3,0.0,53.5,299.4,1004.6,1,-1,-1,-1
200,8,515.1,0.0,449.8,1073.4,1,-1,-1,-1
200,88,1625.3,395.4,113.1,252.7,1,-1,-1,-1
200,95,1414.4,443.8,91.7,244.2,1,-1,-1,-1
200,99,1395.3,541.8,57.7,149.6,1,-1,-1,-1
200,117,1501.8,425.2,77.7,229.8,1,-1,-1,-1
200,131,298.5,232.7,238.2,735.0,1,-1,-1,-1
200,133,1428.6,460.6,43.0,174.4,1,-1,-1,-1
200,28,959.7,472.3,122.1,329.5,1,-1,-1,-1
200,108,164.3,260.7,170.2,643.2,1,-1,-1,-1
201,3,0.0,62.7,272.6,978.8,1,-1,-1,-1
201,8,490.9,0.0,456.7,1074.4,1,-1,-1,-1
201,88,1628.2,396.4,111.4,251.2,1,-1,-1,-1
201,95,1417.2,443.5,93.1,244.9,1,-1,-1,-1
201,99,1400.2,539.3,58.4,151.8,1,-1,-1,-1
201,117,1508.7,424.5,76.6,228.3,1,-1,-1,-1
201,131,296.1,242.6,235.3,717.5,1,-1,-1,-1
201,28,963.2,371.9,162.3,429.6,1,-1,-1,-1
201,108,184.9,264.6,173.8,651.3,1,-1,-1,-1
202,8,437.5,0.1,470.9,1076.7,1,-1,-1,-1
202,88,1632.2,398.4,109.8,248.7,1,-1,-1,-1
202,95,1420.1,443.2,94.0,245.4,1,-1,-1,-1
202,99,1403.4,536.5,59.0,153.9,1,-1,-1,-1
202,117,1512.0,424.1,75.8,226.4,1,-1,-1,-1
202,131,289.4,241.4,236.9,718.4,1,-1,-1,-1
202,28,972.1,342.5,177.5,458.6,1,-1,-1,-1
202,108,209.4,266.1,170.1,631.5,1,-1,-1,-1
202,139,836.8,319.1,189.4,473.1,1,-1,-1,-1
202,120,5.6,193.1,152.7,813.2,1,-1,-1,-1
203,8,445.5,0.0,471.8,1070.5,1,-1,-1,-1
203,88,1637.0,400.0,109.4,247.1,1,-1,-1,-1
203,95,1422.7,443.8,94.3,245.3,1,-1,-1,-1
203,99,1405.5,533.4,59.9,157.1,1,-1,-1,-1
203,117,1517.6,424.6,75.4,226.9,1,-1,-1,-1
203,131,288.1,242.5,234.2,709.9,1,-1,-1,-1
203,28,976.3,331.3,185.4,468.4,1,-1,-1,-1
203,108,230.3,265.0,168.4,616.2,1,-1,-1,-1
203,139,818.7,320.7,189.2,472.9,1,-1,-1,-1
203,120,1.3,213.3,138.4,739.3,1,-1,-1,-1
203,101,1410.7,467.9,56.0,220.2,1,-1,-1,-1
204,8,418.1,0.0,471.8,1069.9,1,-1,-1,-1
204,88,1642.8,402.1,109.4,245.1,1,-1,-1,-1
204,95,1426.9,444.1,95.2,246.3,1,-1,-1,-1
204,99,1406.5,526.0,62.8,166.2,1,-1,-1,-1
204,117,1524.3,425.5,75.8,226.9,1,-1,-1,-1
204,28,980.3,330.8,188.2,466.2,1,-1,-1,-1
204,108,245.8,265.0,176.3,637.4,1,-1,-1,-1
204,139,821.2,314.0,191.6,479.9,1,-1,-1,-1
204,120,0.0,274.2,110.1,641.9,1,-1,-1,-1
204,85,867.1,474.3,109.5,321.1,1,-1,-1,-1
205,8,396.7,0.0,477.5,1072.1,1,-1,-1,-1
205,88,1646.5,401.6,109.7,245.4,1,-1,-1,-1
205,95,1429.2,443.8,96.4,248.0,1,-1,-1,-1
205,99,1409.9,525.9,62.3,166.1,1,-1,-1,-1
205,117,1533.8,425.8,78.3,227.5,1,-1,-1,-1
205,28,979.8,330.8,191.7,466.3,1,-1,-1,-1
205,108,253.5,268.0,174.9,632.7,1,-1,-1,-1
205,120,12.6,354.9,86.9,451.7,1,-1,-1,-1
205,85,866.5,427.3,127.0,366.5,1,-1,-1,-1
206,8,343.5,0.0,485.0,1068.9,1,-1,-1,-1
206,88,1649.4,403.9,108.1,242.7,1,-1,-1,-1
206,95,1431.0,443.2,97.6,249.7,1,-1,-1,-1
206,99,1412.6,528.5,61.5,164.5,1,-1,-1,-1
206,117,1538.1,424.7,81.2,228.9,1,-1,-1,-1
206,28,988.3,328.0,190.8,462.2,1,-1,-1,-1
206,108,251.1,273.7,169.2,628.8,1,-1,-1,-1
206,120,0.0,401.4,88.7,588.4,1,-1,-1,-1
206,85,874.0,420.6,135.1,374.2,1,-1,-1,-1
207,8,304.4,0.0,488.1,1062.4,1,-1,-1,-1
207,88,1652.3,405.3,106.7,240.8,1,-1,-1,-1
207,95,1432.4,442.6,98.1,249.0,1,-1,-1,-1
207,99,1415.4,531.7,60.5,162.8,1,-1,-1,-1
207,117,1540.4,425.8,83.4,227.4,1,-1,-1,-1
207,28,998.6,329.7,187.7,457.8,1,-1,-1,-1
207,120,0.0,316.7,108.2,703.7,1,-1,-1,-1
207,85,876.7,414.4,141.5,380.7,1,-1,-1,-1
207,7,103.6,464.9,95.8,282.9,1,-1,-1,-1
208,8,268.1,0.0,494.8,1064.7,1,-1,-1,-1
208,88,1654.7,405.3,105.5,240.0,1,-1,-1,-1
208,95,1434.3,441.4,98.6,249.2,1,-1,-1,-1
208,99,1417.1,534.0,59.7,160.8,1,-1,-1,-1
208,117,1545.1,427.7,85.8,224.0,1,-1,-1,-1
208,28,1005.0,330.8,185.1,455.8,1,-1,-1,-1
208,120,3.2,276.7,138.0,752.5,1,-1,-1,-1
208,85,883.3,412.8,144.0,376.2,1,-1,-1,-1
208,145,694.9,543.2,138.3,245.1,1,-1,-1,-1
209,8,207.5,0.0,498.4,1063.9,1,-1,-1,-1
209,88,1659.6,403.8,104.8,239.5,1,-1,-1,-1
209,95,1436.1,439.2,100.6,252.5,1,-1,-1,-1
209,99,1420.0,536.3,59.4,159.7,1,-1,-1,-1
209,117,1550.3,429.0,89.0,223.8,1,-1,-1,-1
209,28,1019.4,331.2,181.1,453.1,1,-1,-1,-1
209,120,16.3,259.8,146.0,764.5,1,-1,-1,-1
209,85,893.4,411.3,142.8,369.9,1,-1,-1,-1
209,145,662.2,417.6,211.4,375.8,1,-1,-1,-1
209,25,545.6,369.5,163.2,528.5,1,-1,-1,-1
210,8,155.9,0.0,506.2,1073.0,1,-1,-1,-1
210,88,1663.0,402.4,105.0,240.8,1,-1,-1,-1
210,95,1438.0,439.7,100.8,251.3,1,-1,-1,-1
210,99,1422.2,535.6,60.2,161.4,1,-1,-1,-1
210,117,1552.0,429.6,91.8,223.5,1,-1,-1,-1
210,28,1038.5,329.4,179.8,454.7,1,-1,-1,-1
210,120,15.5,260.5,147.3,753.2,1,-1,-1,-1
210,85,905.2,409.0,141.6,367.4,1,-1,-1,-1
210,145,644.8,370.3,236.7,424.8,1,-1,-1,-1
210,25,527.0,294.2,192.0,608.9,1,-1,-1,-1
211,8,98.7,0.0,510.4,1077.6,1,-1,-1,-1
211,88,1668.9,401.1,105.9,240.8,1,-1,-1,-1
211,95,1439.0,439.3,101.7,251.8,1,-1,-1,-1
211,99,1424.6,534.4,61.3,164.5,1,-1,-1,-1
211,117,1554.0,428.8,93.9,224.0,1,-1,-1,-1
211,28,1061.1,330.5,179.2,452.7,1,-1,-1,-1
211,120,7.3,269.2,141.2,718.7,1,-1,-1,-1
211,85,919.0,407.5,139.1,365.0,1,-1,-1,-1
211,145,655.4,354.4,243.0,438.8,1,-1,-1,-1
211,25,535.1,262.6,213.2,645.7,1,-1,-1,-1
212,8,55.8,0.0,516.4,1079.5,1,-1,-1,-1
212,88,1670.1,399.5,107.1,242.6,1,-1,-1,-1
212,95,1440.0,440.7,101.9,251.6,1,-1,-1,-1
212,99,1426.8,534.0,61.6,165.3,1,-1,-1,-1
212,117,1559.7,427.6,94.4,224.1,1,-1,-1,-1
212,28,1076.9,330.6,179.9,451.5,1,-1,-1,-1
212,120,0.0,275.4,126.1,684.9,1,-1,-1,-1
212,85,931.1,404.1,137.3,365.3,1,-1,-1,-1
212,145,666.9,352.4,242.1,440.9,1,-1,-1,-1
212,25,541.2,253.3,227.1,656.0,1,-1,-1,-1
213,8,26.8,0.0,521.7,1079.4,1,-1,-1,-1
213,88,1671.6,399.9,107.0,241.5,1,-1,-1,-1
213,95,1440.2,441.6,101.4,249.9,1,-1,-1,-1
213,99,1429.3,534.0,61.0,164.2,1,-1,-1,-1
213,117,1563.7,428.1,94.0,223.4,1,-1,-1,-1
213,28,1088.6,332.8,180.1,448.5,1,-1,-1,-1
213,85,943.0,404.4,134.9,363.9,1,-1,-1,-1
213,145,679.4,352.9,238.0,438.7,1,-1,-1,-1
213,25,545.3,250.3,238.5,657.8,1,-1,-1,-1
214,8,9.7,0.0,523.0,1073.7,1,-1,-1,-1
214,88,1674.4,399.9,107.7,240.9,1,-1,-1,-1
214,95,1443.9,440.7,101.0,249.9,1,-1,-1,-1
214,99,1433.8,533.5,61.3,163.6,1,-1,-1,-1
214,117,1570.9,427.4,92.1,223.0,1,-1,-1,-1
214,28,1101.8,335.8,180.3,444.2,1,-1,-1,-1
214,85,957.3,407.3,132.3,360.6,1,-1,-1,-1
214,145,688.8,352.8,233.8,437.9,1,-1,-1,-1
214,25,549.3,255.0,246.1,649.8,1,-1,-1,-1
214,108,404.7,336.1,162.0,558.2,1,-1,-1,-1
215,8,0.0,0.1,520.9,1071.9,1,-1,-1,-1
215,88,1677.4,400.9,107.9,239.6,1,-1,-1,-1
215,95,1442.8,440.6,102.0,250.0,1,-1,-1,-1
215,99,1435.9,533.2,61.7,163.8,1,-1,-1,-1
215,117,1576.2,425.9,91.3,225.0,1,-1,-1,-1
215,28,1110.0,339.3,181.3,442.2,1,-1,-1,-1
215,85,969.9,409.1,130.5,359.6,1,-1,-1,-1
215,145,699.9,353.5,227.7,435.8,1,-1,-1,-1
215,25,549.4,254.0,254.3,649.5,1,-1,-1,-1
215,108,414.3,298.9,167.0,573.8,1,-1,-1,-1
216,8,0.0,0.0,507.9,1073.3,1,-1,-1,-1
216,88,1680.6,402.9,107.5,236.7,1,-1,-1,-1
216,95,1453.9,440.0,101.9,251.5,1,-1,-1,-1
216,99,1438.2,534.9,61.7,163.6,1,-1,-1,-1
216,117,1583.7,424.8,90.0,225.6,1,-1,-1,-1
216,28,1117.5,342.4,180.7,438.2,1,-1,-1,-1
216,85,982.7,411.3,128.8,356.6,1,-1,-1,-1
216,145,711.8,356.1,221.4,435.0,1,-1,-1,-1
216,25,560.4,259.2,253.2,632.7,1,-1,-1,-1
216,108,439.1,286.4,169.2,591.8,1,-1,-1,-1
217,8,0.0,0.0,498.6,1071.6,1,-1,-1,-1
217,88,1682.9,404.8,106.9,233.4,1,-1,-1,-1
217,95,1460.2,439.6,102.1,254.5,1,-1,-1,-1
217,99,1439.4,537.1,61.5,162.8,1,-1,-1,-1
217,117,1591.9,424.0,89.6,225.4,1,-1,-1,-1
217,28,1123.2,345.7,180.2,435.1,1,-1,-1,-1
217,85,991.6,413.9,127.7,353.4,1,-1,-1,-1
217,145,720.1,356.9,214.9,435.2,1,-1,-1,-1
217,25,567.1,262.7,254.6,629.9,1,-1,-1,-1
217,108,463.1,284.0,164.9,584.0,1,-1,-1,-1
218,8,0.0,0.0,488.4,1068.0,1,-1,-1,-1
218,88,1684.4,406.0,106.8,231.4,1,-1,-1,-1
218,95,1462.2,439.1,101.7,255.7,1,-1,-1,-1
218,99,1441.8,539.5,61.1,161.3,1,-1,-1,-1
218,117,1601.4,424.2,90.1,224.6,1,-1,-1,-1
218,28,1129.2,345.2,180.3,433.0,1,-1,-1,-1
218,85,998.8,417.9,126.7,348.9,1,-1,-1,-1
218,25,583.7,262.5,251.9,625.3,1,-1,-1,-1
218,108,481.3,283.1,163.9,584.5,1,-1,-1,-1
218,139,754.9,375.6,159.8,415.2,1,-1,-1,-1
219,8,0.0,0.0,469.8,1058.2,1,-1,-1,-1
219,88,1686.4,407.5,107.1,230.0,1,-1,-1,-1
219,95,1463.6,438.9,101.4,256.9,1,-1,-1,-1
219,99,1443.9,540.2,61.0,158.9,1,-1,-1,-1
219,117,1612.6,424.8,91.9,224.7,1,-1,-1,-1
219,28,1138.0,346.6,179.6,430.9,1,-1,-1,-1
219,85,1005.3,420.2,127.2,347.1,1,-1,-1,-1
219,25,608.1,263.1,244.3,618.1,1,-1,-1,-1
219,108,494.2,286.2,161.8,576.9,1,-1,-1,-1
219,139,760.6,371.6,151.1,414.6,1,-1,-1,-1
219,131,209.5,494.9,189.5,504.8,1,-1,-1,-1
220,8,0.0,0.0,449.4,1042.6,1,-1,-1,-1
220,88,1689.1,407.7,107.7,230.4,1,-1,-1,-1
220,95,1462.7,436.6,102.0,260.1,1,-1,-1,-1
220,99,1451.4,540.5,60.6,159.1,1,-1,-1,-1
220,117,1620.2,425.8,92.9,223.1,1,-1,-1,-1
220,28,1145.3,347.4,177.1,424.7,1,-1,-1,-1
220,85,1011.3,420.0,127.8,346.9,1,-1,-1,-1
220,25,631.3,261.4,235.2,612.8,1,-1,-1,-1
220,108,512.1,286.8,162.1,575.9,1,-1,-1,-1
220,139,768.8,370.0,145.6,417.5,1,-1,-1,-1
220,131,211.7,488.1,218.4,512.1,1,-1,-1,-1
221,8,0.0,6.7,415.4,1009.8,1,-1,-1,-1
221,88,1691.2,406.1,109.0,233.9,1,-1,-1,-1
221,95,1469.5,436.9,100.7,260.1,1,-1,-1,-1
221,99,1457.5,539.3,60.3,159.4,1,-1,-1,-1
221,117,1626.7,433.3,91.4,215.1,1,-1,-1,-1
221,28,1154.8,347.9,173.4,418.1,1,-1,-1,-1
221,85,1025.0,421.3,124.7,340.1,1,-1,-1,-1
221,25,659.3,262.5,227.6,611.0,1,-1,-1,-1
221,108,542.6,287.0,167.9,575.5,1,-1,-1,-1
221,139,784.8,370.0,141.7,417.9,1,-1,-1,-1
221,131,193.7,349.8,287.5,639.3,1,-1,-1,-1
222,8,0.0,16.7,389.7,1040.7,1,-1,-1,-1
222,88,1694.3,405.3,107.5,231.3,1,-1,-1,-1
222,95,1473.4,435.5,99.3,261.3,1,-1,-1,-1
222,99,1461.9,536.8,60.3,160.8,1,-1,-1,-1
222,117,1631.6,431.0,95.3,217.9,1,-1,-1,-1
222,28,1159.3,347.5,170.8,415.3,1,-1,-1,-1
222,85,1036.4,418.9,123.8,339.3,1,-1,-1,-1
222,25,690.0,262.4,227.9,616.8,1,-1,-1,-1
222,108,557.8,291.4,172.5,569.7,1,-1,-1,-1
222,139,802.9,369.0,141.8,419.4,1,-1,-1,-1
222,131,195.2,306.0,320.2,686.9,1,-1,-1,-1
222,158,134.2,529.0,108.8,432.4,1,-1,-1,-1
223,88,1696.2,404.1,107.6,232.1,1,-1,-1,-1
223,95,1474.2,435.9,97.2,261.1,1,-1,-1,-1
223,99,1464.2,537.2,60.6,160.5,1,-1,-1,-1
223,117,1630.9,427.7,98.1,220.5,1,-1,-1,-1
223,28,1161.4,347.7,168.5,414.4,1,-1,-1,-1
223,85,1044.2,416.2,122.0,337.3,1,-1,-1,-1
223,25,706.7,265.1,223.3,611.4,1,-1,-1,-1
223,108,562.3,296.9,176.2,563.3,1,-1,-1,-1
223,139,827.9,373.0,138.8,408.4,1,-1,-1,-1
223,131,198.9,290.8,337.2,701.5,1,-1,-1,-1
223,158,135.1,362.2,149.1,592.5,1,-1,-1,-1
224,88,1697.5,404.4,107.4,233.0,1,-1,-1,-1
224,95,1474.3,433.5,95.1,260.6,1,-1,-1,-1
224,99,1467.3,538.4,61.1,161.9,1,-1,-1,-1
224,117,1631.2,427.6,99.9,220.2,1,-1,-1,-1
224,28,1164.6,348.8,165.9,414.3,1,-1,-1,-1
224,85,1054.2,414.0,122.5,339.6,1,-1,-1,-1
224,25,730.5,270.1,221.1,605.8,1,-1,-1,-1
224,108,564.9,299.1,180.7,560.6,1,-1,-1,-1
224,139,855.7,400.8,128.9,371.8,1,-1,-1,-1
224,131,206.4,285.9,347.8,707.0,1,-1,-1,-1
224,158,144.4,304.8,162.1,641.1,1,-1,-1,-1
224,163,1511.4,433.2,76.7,234.6,1,-1,-1,-1
224,145,790.0,281.4,249.1,532.6,1,-1,-1,-1
225,88,1700.4,406.3,107.0,233.6,1,-1,-1,-1
225,95,1476.7,431.5,95.0,264.4,1,-1,-1,-1
225,99,1470.0,538.5,61.9,163.4,1,-1,-1,-1
225,117,1632.1,429.0,101.2,219.6,1,-1,-1,-1
225,28,1171.9,349.7,164.3,413.0,1,-1,-1,-1
225,85,1061.9,414.5,122.3,340.0,1,-1,-1,-1
225,25,750.9,271.9,223.1,606.2,1,-1,-1,-1
225,108,565.8,301.5,183.8,556.6,1,-1,-1,-1
225,139,874.3,438.0,120.3,336.2,1,-1,-1,-1
225,131,216.7,282.8,349.0,702.7,1,-1,-1,-1
225,158,158.3,287.0,169.8,664.0,1,-1,-1,-1
225,163,1505.3,431.5,83.0,254.1,1,-1,-1,-1
226,88,1706.1,405.8,105.2,232.1,1,-1,-1,-1
226,95,1481.2,429.6,89.5,254.0,1,-1,-1,-1
226,99,1472.5,540.1,61.7,163.1,1,-1,-1,-1
226,117,1640.1,428.4,102.5,219.6,1,-1,-1,-1
226,28,1185.7,348.6,164.8,414.1,1,-1,-1,-1
226,85,1075.0,417.0,122.3,337.4,1,-1,-1,-1
226,25,765.2,274.6,225.1,603.1,1,-1,-1,-1
226,108,570.5,303.7,185.0,552.0,1,-1,-1,-1
226,139,889.0,463.6,114.0,311.0,1,-1,-1,-1
226,131,241.9,285.8,339.4,686.6,1,-1,-1,-1
226,158,173.1,283.2,170.3,652.2,1,-1,-1,-1
226,163,1505.1,431.3,85.8,263.8,1,-1,-1,-1
227,88,1712.7,405.2,101.3,224.7,1,-1,-1,-1
227,95,1486.3,428.3,89.5,257.5,1,-1,-1,-1
227,99,1474.8,539.8,62.2,164.3,1,-1,-1,-1
227,117,1646.9,425.6,104.8,223.2,1,-1,-1,-1
227,28,1196.2,354.6,162.8,408.2,1,-1,-1,-1
227,85,1081.9,418.5,122.9,336.9,1,-1,-1,-1
227,25,772.3,277.7,226.9,597.3,1,-1,-1,-1
227,108,579.4,302.9,184.6,548.8,1,-1,-1,-1
227,139,899.5,465.5,114.2,308.6,1,-1,-1,-1
227,131,266.1,284.3,330.1,678.7,1,-1,-1,-1
227,158,188.0,290.6,171.7,640.6,1,-1,-1,-1
227,163,1505.6,429.7,87.0,268.3,1,-1,-1,-1
228,88,1720.1,406.6,99.6,221.5,1,-1,-1,-1
228,95,1488.0,427.5,86.2,253.7,1,-1,-1,-1
228,99,1477.7,539.2,63.0,165.2,1,-1,-1,-1
228,117,1653.5,424.1,104.6,223.5,1,-1,-1,-1
228,28,1203.6,358.2,160.9,402.9,1,-1,-1,-1
228,85,1086.5,421.1,122.2,334.0,1,-1,-1,-1
228,25,776.9,280.3,229.3,592.7,1,-1,-1,-1
228,108,593.6,302.9,182.3,545.7,1,-1,-1,-1
228,139,909.4,467.4,113.8,306.6,1,-1,-1,-1
228,131,294.0,282.1,319.5,673.9,1,-1,-1,-1
228,158,214.8,289.0,177.4,639.6,1,-1,-1,-1
228,163,1505.9,428.5,87.5,269.8,1,-1,-1,-1
229,88,1727.5,408.1,98.8,220.1,1,-1,-1,-1
229,95,1494.8,428.5,86.3,255.6,1,-1,-1,-1
229,99,1481.2,541.1,62.3,163.8,1,-1,-1,-1
229,117,1663.0,421.5,103.1,224.6,1,-1,-1,-1
229,28,1208.7,360.7,158.8,399.3,1,-1,-1,-1
229,85,1094.2,424.6,120.3,326.0,1,-1,-1,-1
229,25,782.5,280.6,232.2,589.6,1,-1,-1,-1
229,108,614.6,301.4,177.6,539.9,1,-1,-1,-1
229,139,923.6,484.6,107.7,292.0,1,-1,-1,-1
229,131,336.9,285.0,308.4,669.1,1,-1,-1,-1
229,158,239.3,295.5,177.3,622.3,1,-1,-1,-1
229,163,1509.4,428.4,88.8,271.5,1,-1,-1,-1
229,174,121.1,534.7,78.4,210.0,1,-1,-1,-1
230,88,1734.3,408.7,97.4,220.0,1,-1,-1,-1
230,99,1486.0,541.7,62.0,162.9,1,-1,-1,-1
230,117,1670.5,421.1,100.5,225.0,1,-1,-1,-1
230,28,1214.5,361.8,157.5,398.8,1,-1,-1,-1
230,85,1099.4,426.1,120.3,322.6,1,-1,-1,-1
230,25,789.4,279.5,234.7,588.7,1,-1,-1,-1
230,108,632.1,301.8,172.6,532.6,1,-1,-1,-1
230,139,934.0,484.6,106.1,290.1,1,-1,-1,-1
230,131,370.3,284.7,300.3,669.5,1,-1,-1,-1
230,158,267.8,297.6,177.1,608.1,1,-1,-1,-1
230,163,1515.4,429.8,89.4,271.1,1,-1,-1,-1
230,174,120.5,533.4,79.0,211.4,1,-1,-1,-1
231,88,1739.4,409.1,95.5,218.9,1,-1,-1,-1
231,99,1491.8,541.2,61.9,162.4,1,-1,-1,-1
231,117,1676.5,420.8,97.9,225.0,1,-1,-1,-1
231,28,1217.8,361.0,156.0,399.6,1,-1,-1,-1
231,85,1104.6,424.7,120.8,322.3,1,-1,-1,-1
231,25,804.6,279.3,230.8,579.5,1,-1,-1,-1
231,108,650.7,303.5,169.5,528.5,1,-1,-1,-1
231,139,944.0,508.8,95.6,268.7,1,-1,-1,-1
231,131,402.8,287.4,291.4,663.2,1,-1,-1,-1
231,158,301.3,298.2,175.5,601.7,1,-1,-1,-1
231,163,1522.3,431.0,89.7,270.6,1,-1,-1,-1
231,174,119.2,534.4,78.6,210.2,1,-1,-1,-1
232,88,1743.0,408.8,93.9,218.8,1,-1,-1,-1
232,99,1496.3,540.3,62.6,165.0,1,-1,-1,-1
232,117,1682.0,420.5,95.9,226.6,1,-1,-1,-1
232,28,1221.9,360.3,153.2,398.1,1,-1,-1,-1
232,85,1112.6,423.7,120.8,320.5,1,-1,-1,-1
232,25,820.6,278.5,225.5,573.7,1,-1,-1,-1
232,108,666.3,302.9,168.2,527.9,1,-1,-1,-1
232,131,428.9,291.5,284.5,659.2,1,-1,-1,-1
232,158,329.6,298.8,173.2,601.7,1,-1,-1,-1
232,163,1518.2,430.1,91.1,271.3,1,-1,-1,-1
232,174,117.6,535.0,79.1,210.7,1,-1,-1,-1
232,177,10.4,497.9,98.3,254.6,1,-1,-1,-1
233,88,1745.5,409.1,91.3,217.1,1,-1,-1,-1
233,99,1499.9,537.4,63.7,168.9,1,-1,-1,-1
233,117,1688.5,420.9,93.1,225.1,1,-1,-1,-1
233,28,1227.6,360.3,148.9,393.8,1,-1,-1,-1
233,85,1121.5,428.9,117.4,312.5,1,-1,-1,-1
233,25,836.0,276.6,218.5,568.2,1,-1,-1,-1
233,108,683.9,304.1,167.7,524.0,1,-1,-1,-1
233,131,448.0,295.9,278.5,653.8,1,-1,-1,-1
233,158,353.5,299.7,170.4,602.3,1,-1,-1,-1
233,163,1520.3,429.6,91.8,271.7,1,-1,-1,-1
233,174,119.5,535.9,78.5,209.0,1,-1,-1,-1
233,177,9.2,500.9,97.7,252.2,1,-1,-1,-1
234,88,1753.6,409.7,90.0,217.6,1,-1,-1,-1
234,99,1508.4,537.2,64.7,169.1,1,-1,-1,-1
234,117,1698.7,421.9,91.6,223.8,1,-1,-1,-1
234,28,1236.2,357.7,147.0,390.9,1,-1,-1,-1
234,85,1132.1,426.2,116.3,313.8,1,-1,-1,-1
234,25,849.4,274.5,212.1,567.3,1,-1,-1,-1
234,108,708.5,307.9,171.2,521.1,1,-1,-1,-1
234,131,464.6,303.7,274.6,646.8,1,-1,-1,-1
234,158,376.8,303.8,166.4,596.3,1,-1,-1,-1
234,163,1525.3,428.8,92.5,273.3,1,-1,-1,-1
234,174,118.3,534.7,79.6,211.5,1,-1,-1,-1
234,177,12.0,488.9,101.6,262.8,1,-1,-1,-1
235,88,1758.9,410.7,88.2,216.7,1,-1,-1,-1
235,99,1514.3,536.6,66.6,169.8,1,-1,-1,-1
235,117,1707.1,421.0,91.3,224.8,1,-1,-1,-1
235,28,1246.5,355.1,146.3,391.3,1,-1,-1,-1
235,85,1139.5,418.7,116.9,318.7,1,-1,-1,-1
235,25,860.3,272.9,206.9,567.7,1,-1,-1,-1
235,108,724.3,301.5,178.2,528.0,1,-1,-1,-1
235,131,477.1,306.7,271.5,638.9,1,-1,-1,-1
235,158,395.5,308.7,164.2,591.5,1,-1,-1,-1
235,163,1531.1,427.6,92.1,273.7,1,-1,-1,-1
235,174,117.6,533.2,80.5,213.2,1,-1,-1,-1
235,177,15.2,484.6,102.6,266.5,1,-1,-1,-1
235,180,1203.8,439.7,63.4,221.9,1,-1,-1,-1
236,88,1764.1,409.6,87.1,216.8,1,-1,-1,-1
236,99,1517.3,537.6,68.3,169.1,1,-1,-1,-1
236,117,1713.9,422.1,91.5,224.9,1,-1,-1,-1
236,28,1258.9,353.3,147.6,391.0,1,-1,-1,-1
236,85,1153.5,422.3,114.4,315.9,1,-1,-1,-1
236,25,882.5,278.6,203.1,559.7,1,-1,-1,-1
236,108,731.7,306.5,179.8,520.7,1,-1,-1,-1
236,131,493.8,312.0,270.2,632.7,1,-1,-1,-1
236,158,411.8,314.3,163.7,583.7,1,-1,-1,-1
236,163,1531.9,426.7,93.0,276.4,1,-1,-1,-1
236,174,117.0,529.8,81.2,215.6,1,-1,-1,-1
236,177,21.7,488.5,99.6,260.4,1,-1,-1,-1
236,180,1204.8,438.0,63.3,221.4,1,-1,-1,-1
236,7,100.3,467.5,97.2,278.7,1,-1,-1,-1
236,95,1516.6,427.0,88.3,267.1,1,-1,-1,-1
237,88,1768.9,408.8,84.4,211.5,1,-1,-1,-1
237,99,1520.4,537.8,71.0,169.7,1,-1,-1,-1
237,117,1716.9,420.7,92.5,226.3,1,-1,-1,-1
237,28,1265.2,351.9,150.1,393.4,1,-1,-1,-1
237,85,1164.0,426.2,111.5,312.4,1,-1,-1,-1
237,25,903.6,279.0,202.6,556.8,1,-1,-1,-1
237,108,736.2,311.2,181.6,513.3,1,-1,-1,-1
237,131,509.2,315.2,267.9,627.6,1,-1,-1,-1
237,158,421.6,318.3,165.6,577.7,1,-1,-1,-1
237,163,1532.0,426.4,92.5,273.1,1,-1,-1,-1
237,174,117.3,530.2,80.7,214.8,1,-1,-1,-1
237,177,25.4,499.0,94.7,249.0,1,-1,-1,-1
237,180,1201.0,435.3,63.9,222.4,1,-1,-1,-1
237,7,102.9,470.4,95.8,275.5,1,-1,-1,-1
238,88,1773.0,408.3,83.5,210.6,1,-1,-1,-1
238,99,1521.3,536.1,73.5,170.9,1,-1,-1,-1
238,117,1720.9,419.4,93.0,227.1,1,-1,-1,-1
238,28,1273.7,353.3,150.8,391.7,1,-1,-1,-1
238,85,1171.3,428.5,109.2,310.5,1,-1,-1,-1
238,25,923.8,281.7,202.9,551.8,1,-1,-1,-1
238,108,737.5,314.9,183.4,508.9,1,-1,-1,-1
238,131,527.4,312.9,263.9,617.5,1,-1,-1,-1
238,158,433.7,321.6,169.3,572.2,1,-1,-1,-1
238,163,1534.0,426.1,92.2,270.1,1,-1,-1,-1
238,174,117.0,522.9,82.8,221.6,1,-1,-1,-1
238,177,25.2,500.5,93.6,248.0,1,-1,-1,-1
238,180,1203.7,432.3,65.7,227.7,1,-1,-1,-1
238,7,102.7,460.8,98.1,284.4,1,-1,-1,-1
239,88,1777.9,408.9,81.6,207.5,1,-1,-1,-1
239,99,1527.9,537.1,75.0,169.0,1,-1,-1,-1
239,117,1726.7,420.6,91.3,224.0,1,-1,-1,-1
239,28,1282.8,357.1,150.5,387.0,1,-1,-1,-1
239,85,1177.5,427.5,108.2,309.5,1,-1,-1,-1
239,25,940.0,286.1,205.5,548.2,1,-1,-1,-1
239,108,741.7,317.2,186.0,507.0,1,-1,-1,-1
239,131,558.0,313.2,254.0,601.5,1,-1,-1,-1
239,158,445.0,322.9,174.8,571.7,1,-1,-1,-1
239,163,1540.5,425.7,83.0,235.7,1,-1,-1,-1
239,174,115.9,512.4,86.1,232.2,1,-1,-1,-1
239,177,24.0,498.5,93.8,250.2,1,-1,-1,-1
239,7,100.2,462.8,99.6,286.2,1,-1,-1,-1
240,88,1781.1,409.7,79.4,203.6,1,-1,-1,-1
240,99,1537.0,537.6,74.4,167.3,1,-1,-1,-1
240,117,1734.5,420.9,89.8,221.9,1,-1,-1,-1
240,28,1289.0,359.7,150.3,383.8,1,-1,-1,-1
240,85,1181.5,428.0,107.8,307.8,1,-1,-1,-1
240,25,947.4,290.3,209.1,547.6,1,-1,-1,-1
240,108,745.2,317.7,188.1,506.6,1,-1,-1,-1
240,131,582.6,313.3,245.4,590.7,1,-1,-1,-1
240,158,456.3,327.5,177.8,567.5,1,-1,-1,-1
240,163,1544.0,424.3,78.6,216.6,1,-1,-1,-1
240,174,117.5,518.1,83.6,226.2,1,-1,-1,-1
240,177,24.1,498.7,92.9,249.8,1,-1,-1,-1
240,7,105.9,462.9,98.3,287.3,1,-1,-1,-1
240,182,910.5,377.6,58.2,365.8,1,-1,-1,-1
241,88,1786.4,411.0,79.3,204.9,1,-1,-1,-1
241,99,1543.9,538.8,73.9,165.6,1,-1,-1,-1
241,117,1738.4,420.2,87.9,219.7,1,-1,-1,-1
241,28,1292.9,363.5,150.0,380.2,1,-1,-1,-1
241,85,1186.7,428.7,107.4,306.3,1,-1,-1,-1
241,25,948.4,294.3,210.7,542.9,1,-1,-1,-1
241,108,759.5,315.9,186.6,505.1,1,-1,-1,-1
241,131,605.3,315.2,239.4,585.8,1,-1,-1,-1
241,158,475.4,326.4,176.5,559.6,1,-1,-1,-1
241,163,1546.1,423.4,77.5,208.0,1,-1,-1,-1
241,174,119.2,529.0,79.5,214.3,1,-1,-1,-1
241,177,26.2,503.2,91.0,246.0,1,-1,-1,-1
241,182,917.7,379.3,57.8,362.4,1,-1,-1,-1
242,88,1789.4,412.3,75.7,197.4,1,-1,-1,-1
242,99,1549.2,540.5,73.4,164.9,1,-1,-1,-1
242,117,1741.8,419.1,86.4,219.6,1,-1,-1,-1
242,28,1299.5,366.6,149.8,376.8,1,-1,-1,-1
242,85,1191.3,428.4,107.0,304.8,1,-1,-1,-1
242,25,949.8,293.4,212.4,539.5,1,-1,-1,-1
242,108,779.5,315.0,181.0,497.1,1,-1,-1,-1
242,131,621.0,316.4,234.9,583.7,1,-1,-1,-1
242,158,495.9,326.2,173.1,552.3,1,-1,-1,-1
242,163,1545.8,423.0,72.5,190.5,1,-1,-1,-1
242,174,119.0,533.1,78.5,210.5,1,-1,-1,-1
242,177,26.8,504.9,90.0,244.6,1,-1,-1,-1
242,182,924.1,381.6,58.6,363.7,1,-1,-1,-1
243,88,1790.4,413.6,75.0,196.4,1,-1,-1,-1
243,99,1556.6,540.5,73.0,164.5,1,-1,-1,-1
243,117,1746.4,417.3,85.9,221.5,1,-1,-1,-1
243,28,1305.0,369.4,148.9,370.2,1,-1,-1,-1
243,85,1197.0,429.1,106.1,303.7,1,-1,-1,-1
243,25,950.1,292.0,215.0,540.1,1,-1,-1,-1
243,108,792.7,313.0,176.6,493.7,1,-1,-1,-1
243,131,635.4,317.3,232.3,580.1,1,-1,-1,-1
243,158,517.1,326.6,169.3,547.1,1,-1,-1,-1
243,163,1540.6,423.8,69.4,182.7,1,-1,-1,-1
243,174,119.4,533.3,78.4,209.9,1,-1,-1,-1
243,177,27.4,507.3,88.9,242.4,1,-1,-1,-1
243,182,932.9,382.9,59.6,362.9,1,-1,-1,-1
244,88,1794.3,414.9,73.1,193.1,1,-1,-1,-1
244,99,1561.5,531.1,76.8,174.9,1,-1,-1,-1
244,117,1755.2,418.0,85.1,220.9,1,-1,-1,-1
244,28,1309.4,370.0,147.9,366.1,1,-1,-1,-1
244,85,1202.5,426.3,105.9,302.0,1,-1,-1,-1
244,25,958.4,292.8,213.7,536.8,1,-1,-1,-1
244,108,807.7,311.5,173.6,497.4,1,-1,-1,-1
244,131,660.8,322.6,234.1,571.4,1,-1,-1,-1
244,158,543.1,325.3,164.4,543.8,1,-1,-1,-1
244,163,1539.6,423.9,71.9,189.4,1,-1,-1,-1
244,177,27.2,504.3,89.7,245.5,1,-1,-1,-1
244,182,946.6,386.4,59.6,351.6,1,-1,-1,-1
244,7,115.4,474.3,90.5,271.9,1,-1,-1,-1
245,88,1796.6,416.0,76.5,204.3,1,-1,-1,-1
245,99,1566.9,535.9,74.8,170.5,1,-1,-1,-1
245,117,1761.0,418.7,84.5,219.7,1,-1,-1,-1
245,28,1315.1,368.7,149.0,365.6,1,-1,-1,-1
245,85,1206.0,422.5,106.8,303.6,1,-1,-1,-1
245,25,970.1,293.0,210.3,533.6,1,-1,-1,-1
245,108,817.3,312.3,168.7,494.7,1,-1,-1,-1
245,131,674.7,325.4,238.8,566.8,1,-1,-1,-1
245,158,562.8,325.0,160.8,547.4,1,-1,-1,-1
245,163,1538.1,423.8,75.5,200.3,1,-1,-1,-1
245,177,26.1,502.2,90.3,247.7,1,-1,-1,-1
245,182,955.3,387.7,62.5,355.2,1,-1,-1,-1
245,7,118.8,485.1,85.0,259.9,1,-1,-1,-1
246,88,1798.8,415.4,77.6,209.1,1,-1,-1,-1
246,99,1579.1,539.7,75.6,167.7,1,-1,-1,-1
246,117,1764.3,418.3,84.0,219.7,1,-1,-1,-1
246,28,1321.9,367.0,149.3,364.1,1,-1,-1,-1
246,85,1209.3,420.1,107.2,304.7,1,-1,-1,-1
246,25,989.1,292.3,204.4,528.4,1,-1,-1,-1
246,108,829.7,312.4,163.1,492.0,1,-1,-1,-1
246,131,682.9,329.1,242.9,560.9,1,-1,-1,-1
246,158,583.7,325.3,156.3,547.1,1,-1,-1,-1
246,177,24.4,501.8,90.5,248.2,1,-1,-1,-1
246,182,960.5,385.9,67.0,362.8,1,-1,-1,-1
246,95,1537.9,423.3,87.8,270.4,1,-1,-1,-1
247,88,1799.0,412.5,80.0,217.8,1,-1,-1,-1
247,99,1584.1,541.1,76.5,167.4,1,-1,-1,-1
247,117,1765.1,419.0,83.1,220.2,1,-1,-1,-1
247,28,1320.1,365.4,148.3,364.6,1,-1,-1,-1
247,85,1209.5,420.2,108.0,305.6,1,-1,-1,-1
247,25,1008.9,292.0,200.2,524.6,1,-1,-1,-1
247,108,846.3,314.3,156.5,485.1,1,-1,-1,-1
247,131,686.0,329.7,247.3,557.1,1,-1,-1,-1
247,158,600.7,328.0,150.8,539.8,1,-1,-1,-1
247,177,22.6,501.4,91.1,248.8,1,-1,-1,-1
247,182,971.8,386.4,70.2,364.2,1,-1,-1,-1
247,95,1538.7,422.0,88.1,277.3,1,-1,-1,-1
247,7,122.3,504.6,78.7,241.0,1,-1,-1,-1
248,88,1801.7,409.8,79.6,219.9,1,-1,-1,-1
248,99,1589.5,543.1,77.0,168.3,1,-1,-1,-1
248,117,1771.6,420.0,82.5,219.7,1,-1,-1,-1
248,28,1321.2,364.5,145.8,363.8,1,-1,-1,-1
248,85,1214.0,419.5,109.5,305.9,1,-1,-1,-1
248,25,1025.3,293.0,197.5,521.8,1,-1,-1,-1
248,108,860.3,314.9,154.2,485.6,1,-1,-1,-1
248,131,690.0,328.3,252.1,558.4,1,-1,-1,-1
248,158,617.1,333.6,146.0,530.0,1,-1,-1,-1
248,177,22.0,501.1,91.4,248.9,1,-1,-1,-1
248,182,982.0,383.5,72.4,361.0,1,-1,-1,-1
248,95,1539.8,422.4,88.0,280.7,1,-1,-1,-1
248,7,122.5,510.0,76.6,234.9,1,-1,-1,-1
249,88,1795.0,413.9,82.8,222.9,1,-1,-1,-1
249,99,1592.2,541.1,78.4,172.5,1,-1,-1,-1
249,117,1776.3,420.6,81.6,219.5,1,-1,-1,-1
249,28,1320.6,364.3,142.6,362.1,1,-1,-1,-1
249,85,1223.5,421.2,111.4,303.3,1,-1,-1,-1
249,25,1043.2,293.4,198.4,523.3,1,-1,-1,-1
249,108,877.4,317.1,151.5,476.0,1,-1,-1,-1
249,131,702.8,328.6,251.8,554.2,1,-1,-1,-1
249,158,639.5,338.4,147.6,526.4,1,-1,-1,-1
249,177,21.8,500.3,91.8,249.5,1,-1,-1,-1
249,182,991.7,381.9,76.3,368.3,1,-1,-1,-1
249,95,1540.4,422.1,87.1,281.4,1,-1,-1,-1
249,7,123.9,525.6,72.4,219.0,1,-1,-1,-1
250,88,1793.5,414.8,85.8,225.0,1,-1,-1,-1
250,99,1595.3,540.0,77.7,173.5,1,-1,-1,-1
250,117,1778.2,420.9,78.7,213.7,1,-1,-1,-1
250,28,1322.4,365.5,140.2,361.9,1,-1,-1,-1
250,85,1232.9,425.3,111.0,298.7,1,-1,-1,-1
250,25,1057.1,293.8,198.7,521.2,1,-1,-1,-1
250,108,895.2,324.1,147.5,463.8,1,-1,-1,-1
250,131,718.0,327.9,249.5,551.0,1,-1,-1,-1
250,158,649.8,342.4,150.0,518.8,1,-1,-1,-1
250,177,22.8,500.8,91.6,248.8,1,-1,-1,-1
250,182,995.3,382.2,80.0,377.7,1,-1,-1,-1
250,95,1540.2,421.0,86.0,281.5,1,-1,-1,-1
250,7,124.3,534.9,70.4,209.6,1,-1,-1,-1
251,88,1792.9,417.1,87.6,224.0,1,-1,-1,-1
251,99,1600.7,536.7,77.5,177.0,1,-1,-1,-1
251,28,1331.3,367.2,138.1,360.6,1,-1,-1,-1
251,85,1242.2,426.1,110.6,296.9,1,-1,-1,-1
251,25,1072.1,297.3,200.6,521.0,1,-1,-1,-1
251,108,903.4,325.1,147.2,471.9,1,-1,-1,-1
251,131,745.9,325.0,244.6,550.9,1,-1,-1,-1
251,158,657.0,338.4,155.4,518.6,1,-1,-1,-1
251,177,29.4,522.1,83.7,227.1,1,-1,-1,-1
251,182,998.2,381.9,80.7,379.0,1,-1,-1,-1
251,95,1540.4,421.1,85.1,281.8,1,-1,-1,-1
251,7,124.1,538.2,70.1,206.0,1,-1,-1,-1
252,88,1793.7,416.4,89.9,225.2,1,-1,-1,-1
252,99,1607.3,534.3,76.6,179.3,1,-1,-1,-1
252,28,1340.3,368.4,136.4,359.1,1,-1,-1,-1
252,85,1247.9,424.2,111.3,298.3,1,-1,-1,-1
252,25,1081.9,300.9,200.8,516.9,1,-1,-1,-1
252,108,902.9,327.8,144.8,471.9,1,-1,-1,-1
252,131,773.7,323.1,240.3,555.7,1,-1,-1,-1
252,158,664.6,342.4,159.6,512.8,1,-1,-1,-1
252,177,30.0,511.3,86.7,238.2,1,-1,-1,-1
252,182,1002.6,381.5,80.8,378.9,1,-1,-1,-1
252,95,1540.4,421.3,84.8,282.5,1,-1,-1,-1
252,7,123.9,538.7,70.7,204.8,1,-1,-1,-1
253,88,1794.9,415.9,90.8,224.6,1,-1,-1,-1
253,99,1613.9,532.4,75.2,180.2,1,-1,-1,-1
253,28,1347.5,371.4,134.2,355.0,1,-1,-1,-1
253,85,1247.2,395.1,119.7,325.3,1,-1,-1,-1
253,25,1090.7,304.9,200.7,510.6,1,-1,-1,-1
253,108,914.8,328.5,142.1,468.1,1,-1,-1,-1
253,131,795.5,323.7,233.5,554.6,1,-1,-1,-1
253,158,676.2,343.2,165.1,509.2,1,-1,-1,-1
253,177,30.5,507.6,87.2,241.6,1,-1,-1,-1
253,182,1002.8,385.1,83.7,384.2,1,-1,-1,-1
253,95,1540.7,421.4,84.7,282.7,1,-1,-1,-1
253,7,123.7,538.8,71.5,205.1,1,-1,-1,-1
254,88,1799.1,417.3,90.2,221.3,1,-1,-1,-1
254,99,1623.1,531.3,75.5,181.6,1,-1,-1,-1
254,28,1353.6,375.2,132.2,351.0,1,-1,-1,-1
254,85,1251.0,378.2,123.2,340.5,1,-1,-1,-1
254,25,1098.7,308.9,199.8,503.8,1,-1,-1,-1
254,108,926.0,329.5,138.1,463.6,1,-1,-1,-1
254,131,816.8,322.5,227.6,553.4,1,-1,-1,-1
254,158,688.3,339.5,168.7,507.6,1,-1,-1,-1
254,177,29.0,507.9,86.8,241.1,1,-1,-1,-1
254,182,1016.2,383.3,82.1,372.7,1,-1,-1,-1
254,95,1540.4,421.5,84.3,282.0,1,-1,-1,-1
254,7,123.4,538.2,72.4,205.9,1,-1,-1,-1
254,180,1230.8,424.5,69.8,239.2,1,-1,-1,-1
255,88,1802.5,416.6,89.9,220.5,1,-1,-1,-1
255,99,1630.2,526.1,78.4,187.4,1,-1,-1,-1
255,28,1358.1,375.6,130.8,348.8,1,-1,-1,-1
255,85,1256.3,370.3,123.0,346.2,1,-1,-1,-1
255,25,1106.0,309.4,201.0,502.5,1,-1,-1,-1
255,108,938.2,329.2,131.8,455.2,1,-1,-1,-1
255,131,837.7,324.6,222.4,549.7,1,-1,-1,-1
255,158,700.0,338.9,168.8,502.3,1,-1,-1,-1
255,177,29.9,507.0,86.8,242.4,1,-1,-1,-1
255,182,1023.2,382.0,82.6,370.8,1,-1,-1,-1
255,95,1540.2,421.6,84.1,281.8,1,-1,-1,-1
255,7,123.5,536.9,73.6,206.8,1,-1,-1,-1
255,180,1229.7,423.5,72.8,242.8,1,-1,-1,-1
256,88,1807.0,416.0,90.0,219.6,1,-1,-1,-1
256,99,1639.8,530.9,78.6,182.9,1,-1,-1,-1
256,28,1362.0,374.1,129.7,349.6,1,-1,-1,-1
256,85,1262.6,365.9,121.2,349.0,1,-1,-1,-1
256,25,1108.4,308.8,202.8,503.4,1,-1,-1,-1
256,108,947.5,329.0,131.0,465.7,1,-1,-1,-1
256,131,856.4,327.4,220.0,549.6,1,-1,-1,-1
256,158,719.0,339.1,166.1,498.3,1,-1,-1,-1
256,177,30.3,505.5,86.9,244.0,1,-1,-1,-1
256,182,1029.5,383.8,82.8,370.7,1,-1,-1,-1
256,95,1540.6,421.7,83.9,281.3,1,-1,-1,-1
256,7,123.6,536.2,74.4,207.2,1,-1,-1,-1
256,180,1229.9,395.6,81.9,274.0,1,-1,-1,-1
257,88,1813.1,417.2,88.3,216.3,1,-1,-1,-1
257,99,1643.3,532.5,79.9,182.2,1,-1,-1,-1
257,28,1364.2,372.5,128.6,350.4,1,-1,-1,-1
257,85,1267.7,364.9,118.6,349.8,1,-1,-1,-1
257,25,1113.7,307.5,203.2,504.1,1,-1,-1,-1
257,108,985.6,366.4,114.3,392.7,1,-1,-1,-1
257,131,870.8,328.3,218.3,546.8,1,-1,-1,-1
257,158,738.3,339.3,162.4,496.3,1,-1,-1,-1
257,177,30.6,505.7,86.6,243.7,1,-1,-1,-1
257,182,1037.3,387.4,81.9,363.0,1,-1,-1,-1
257,95,1540.4,421.6,83.7,281.2,1,-1,-1,-1
257,7,122.8,536.1,75.0,207.3,1,-1,-1,-1
258,88,1814.8,415.4,87.2,216.1,1,-1,-1,-1
258,99,1645.7,532.4,81.7,183.7,1,-1,-1,-1
258,28,1368.3,373.0,125.4,346.7,1,-1,-1,-1
258,85,1280.4,401.0,104.9,313.6,1,-1,-1,-1
258,25,1119.5,306.3,201.4,501.8,1,-1,-1,-1
258,108,981.9,338.4,117.8,411.4,1,-1,-1,-1
258,131,879.9,329.4,218.1,545.9,1,-1,-1,-1
258,158,751.2,337.4,160.8,497.6,1,-1,-1,-1
258,177,28.6,506.2,86.8,243.2,1,-1,-1,-1
258,182,1042.9,389.0,82.7,357.7,1,-1,-1,-1
258,95,1540.2,421.2,83.4,281.3,1,-1,-1,-1
258,7,122.3,535.1,75.7,208.4,1,-1,-1,-1
259,88,1817.4,414.3,88.0,217.4,1,-1,-1,-1
259,99,1651.6,531.7,81.8,184.3,1,-1,-1,-1
259,28,1376.0,374.1,122.8,342.5,1,-1,-1,-1
259,85,1286.6,404.2,102.6,310.0,1,-1,-1,-1
259,25,1126.5,305.1,197.7,496.1,1,-1,-1,-1
259,108,993.4,329.9,112.5,396.2,1,-1,-1,-1
259,131,889.7,332.3,216.6,540.0,1,-1,-1,-1
259,158,766.0,339.4,159.5,494.6,1,-1,-1,-1
259,177,29.1,506.2,86.5,243.0,1,-1,-1,-1
259,182,1048.6,393.1,83.4,351.5,1,-1,-1,-1
259,95,1540.3,421.2,83.1,281.0,1,-1,-1,-1
259,7,122.0,533.8,76.3,209.7,1,-1,-1,-1
260,88,1821.7,415.7,87.5,215.6,1,-1,-1,-1
260,99,1660.3,529.9,81.5,187.0,1,-1,-1,-1
260,28,1385.9,373.3,122.5,342.1,1,-1,-1,-1
260,85,1292.4,398.2,103.2,316.0,1,-1,-1,-1
260,25,1131.7,304.1,194.7,493.0,1,-1,-1,-1
260,131,899.4,333.6,216.5,538.7,1,-1,-1,-1
260,158,784.1,340.7,158.2,494.7,1,-1,-1,-1
260,177,29.0,504.4,86.8,244.0,1,-1,-1,-1
260,182,1052.3,393.6,84.1,350.9,1,-1,-1,-1
260,95,1540.8,421.4,83.0,280.8,1,-1,-1,-1
260,7,122.1,534.6,76.1,208.9,1,-1,-1,-1
261,88,1820.4,417.9,87.6,215.8,1,-1,-1,-1
261,99,1666.0,529.6,80.8,187.2,1,-1,-1,-1
261,28,1394.0,372.7,123.2,342.1,1,-1,-1,-1
261,85,1300.8,416.8,97.4,297.1,1,-1,-1,-1
261,25,1136.1,303.5,192.0,491.5,1,-1,-1,-1
261,131,914.1,332.5,214.2,536.4,1,-1,-1,-1
261,158,800.5,343.1,156.3,491.2,1,-1,-1,-1
261,177,29.7,504.3,86.8,244.7,1,-1,-1,-1
261,182,1055.4,393.1,85.6,362.0,1,-1,-1,-1
261,95,1541.0,421.1,83.0,281.4,1,-1,-1,-1
261,7,122.1,535.7,76.1,208.4,1,-1,-1,-1
262,88,1821.6,420.0,87.2,214.1,1,-1,-1,-1
262,99,1673.8,530.0,79.9,187.1,1,-1,-1,-1
262,28,1399.4,372.9,124.3,341.3,1,-1,-1,-1
262,85,1306.8,424.8,94.8,291.4,1,-1,-1,-1
262,25,1141.6,305.8,187.2,486.7,1,-1,-1,-1
262,131,936.6,331.1,208.6,527.0,1,-1,-1,-1
262,158,818.3,343.8,157.9,494.0,1,-1,-1,-1
262,177,26.1,502.3,88.0,245.7,1,-1,-1,-1
262,182,1070.3,391.7,88.4,369.7,1,-1,-1,-1
262,95,1541.6,421.1,82.7,281.3,1,-1,-1,-1
262,7,122.0,533.9,76.6,209.8,1,-1,-1,-1
263,88,1824.2,420.6,87.7,213.4,1,-1,-1,-1
263,99,1678.7,529.2,80.0,189.0,1,-1,-1,-1
263,28,1403.3,372.8,126.0,341.5,1,-1,-1,-1
263,85,1311.4,427.6,92.4,286.0,1,-1,-1,-1
263,25,1147.1,306.0,184.5,485.8,1,-1,-1,-1
263,131,955.0,330.3,205.7,523.7,1,-1,-1,-1
263,158,829.1,345.4,157.2,487.3,1,-1,-1,-1
263,177,27.1,502.9,88.0,245.9,1,-1,-1,-1
263,182,1078.5,390.8,87.6,366.4,1,-1,-1,-1
263,95,1542.7,421.1,82.8,281.7,1,-1,-1,-1
263,7,121.6,529.7,78.4,215.1,1,-1,-1,-1
264,88,1825.7,419.4,89.0,214.9,1,-1,-1,-1
264,99,1683.9,528.0,80.0,191.4,1,-1,-1,-1
264,28,1409.1,375.0,127.2,341.6,1,-1,-1,-1
264,85,1316.0,430.7,90.2,280.5,1,-1,-1,-1
264,25,1160.3,307.5,183.1,483.4,1,-1,-1,-1
264,131,969.7,330.4,201.7,517.6,1,-1,-1,-1
264,158,839.5,347.5,159.1,481.9,1,-1,-1,-1
264,177,23.1,501.8,89.3,247.6,1,-1,-1,-1
264,182,1082.4,389.7,87.2,365.4,1,-1,-1,-1
264,95,1544.1,421.4,83.0,281.5,1,-1,-1,-1
264,7,121.2,525.4,79.7,219.5,1,-1,-1,-1
265,88,1826.3,419.2,90.0,215.2,1,-1,-1,-1
265,99,1689.1,527.7,79.5,192.6,1,-1,-1,-1
265,28,1411.4,376.3,127.7,339.9,1,-1,-1,-1
265,85,1319.1,430.2,90.3,281.1,1,-1,-1,-1
265,25,1171.1,309.6,182.9,481.3,1,-1,-1,-1
265,131,983.4,330.7,197.5,514.4,1,-1,-1,-1
265,158,843.1,350.9,161.3,481.2,1,-1,-1,-1
265,177,23.8,501.7,89.6,248.0,1,-1,-1,-1
265,182,1087.1,388.4,88.1,371.3,1,-1,-1,-1
265,95,1545.3,421.4,83.3,281.2,1,-1,-1,-1
265,7,121.6,525.7,79.3,219.1,1,-1,-1,-1
266,88,1826.6,419.4,90.4,214.9,1,-1,-1,-1
266,99,1693.7,528.0,79.0,193.3,1,-1,-1,-1
266,28,1414.6,377.8,128.1,339.0,1,-1,-1,-1
266,85,1323.2,430.5,89.8,279.1,1,-1,-1,-1
266,25,1180.6,312.2,182.5,478.3,1,-1,-1,-1
266,131,997.5,328.8,194.7,514.2,1,-1,-1,-1
266,158,850.3,353.6,162.6,479.4,1,-1,-1,-1
266,177,28.4,501.9,88.9,247.8,1,-1,-1,-1
266,182,1092.2,385.0,90.1,381.7,1,-1,-1,-1
266,95,1545.4,421.3,83.4,281.3,1,-1,-1,-1
266,7,121.7,530.2,78.1,215.2,1,-1,-1,-1
267,88,1828.0,421.7,89.3,210.8,1,-1,-1,-1
267,99,1699.0,531.6,77.9,191.5,1,-1,-1,-1
267,28,1418.3,379.1,127.6,336.0,1,-1,-1,-1
267,85,1328.8,431.2,87.9,274.7,1,-1,-1,-1
267,25,1183.9,314.0,181.8,472.9,1,-1,-1,-1
267,131,1020.2,330.1,194.5,512.1,1,-1,-1,-1
267,158,864.8,356.1,159.9,470.0,1,-1,-1,-1
267,177,30.1,501.4,88.5,248.2,1,-1,-1,-1
267,95,1547.1,421.0,83.6,282.1,1,-1,-1,-1
267,7,121.7,531.6,77.8,213.8,1,-1,-1,-1
268,88,1828.9,422.6,89.0,209.0,1,-1,-1,-1
268,99,1704.0,532.5,77.4,191.4,1,-1,-1,-1
268,28,1422.9,382.6,126.1,331.5,1,-1,-1,-1
268,85,1333.1,430.4,86.4,273.1,1,-1,-1,-1
268,25,1193.6,318.2,177.6,464.0,1,-1,-1,-1
268,131,1038.3,334.5,196.2,508.0,1,-1,-1,-1
268,158,881.6,355.4,157.2,463.8,1,-1,-1,-1
268,177,30.0,501.2,88.0,248.2,1,-1,-1,-1
268,95,1547.1,421.3,83.7,281.6,1,-1,-1,-1
268,7,121.7,533.7,77.4,211.9,1,-1,-1,-1
268,210,1689.0,470.4,45.3,114.1,1,-1,-1,-1
269,88,1832.6,424.1,87.3,206.3,1,-1,-1,-1
269,99,1708.8,530.3,77.5,193.2,1,-1,-1,-1
269,28,1426.5,385.3,124.7,327.7,1,-1,-1,-1
269,85,1340.9,429.3,85.7,272.5,1,-1,-1,-1
269,25,1201.6,319.4,173.3,456.8,1,-1,-1,-1
269,131,1050.7,337.5,199.2,505.0,1,-1,-1,-1
269,158,897.3,353.5,155.3,462.3,1,-1,-1,-1
269,177,31.3,501.4,87.3,247.8,1,-1,-1,-1
269,95,1549.0,422.3,83.4,280.4,1,-1,-1,-1
269,7,121.8,534.4,77.4,211.3,1,-1,-1,-1
269,210,1689.6,471.1,45.1,113.8,1,-1,-1,-1
270,88,1835.5,423.9,84.5,205.3,1,-1,-1,-1
270,99,1712.7,527.0,77.4,195.9,1,-1,-1,-1
270,28,1429.6,385.9,123.9,325.5,1,-1,-1,-1
270,85,1346.8,429.4,85.0,272.3,1,-1,-1,-1
270,25,1208.1,320.2,170.6,454.1,1,-1,-1,-1
270,131,1055.6,338.4,201.8,501.5,1,-1,-1,-1
270,158,905.4,353.3,151.8,458.4,1,-1,-1,-1
270,177,30.9,500.4,87.0,249.2,1,-1,-1,-1
270,95,1551.2,423.0,83.1,279.4,1,-1,-1,-1
270,7,121.3,534.9,77.5,210.7,1,-1,-1,-1
270,210,1689.4,472.5,44.1,111.7,1,-1,-1,-1
271,88,1836.4,422.6,83.6,206.5,1,-1,-1,-1
271,99,1717.2,525.0,77.2,197.0,1,-1,-1,-1
271,28,1431.1,386.7,123.2,324.1,1,-1,-1,-1
271,85,1354.5,429.5,84.8,271.8,1,-1,-1,-1
271,25,1215.6,319.7,169.6,455.5,1,-1,-1,-1
271,131,1057.8,338.2,204.8,500.3,1,-1,-1,-1
271,158,912.1,351.5,149.7,458.8,1,-1,-1,-1
271,177,32.4,502.0,85.6,247.5,1,-1,-1,-1
271,95,1552.8,423.2,82.5,277.7,1,-1,-1,-1
271,7,120.9,535.0,77.6,210.4,1,-1,-1,-1
271,210,1689.6,471.5,44.3,112.8,1,-1,-1,-1
272,88,1838.4,421.3,81.6,207.8,1,-1,-1,-1
272,99,1724.8,523.7,79.6,200.1,1,-1,-1,-1
272,28,1432.7,388.4,120.3,317.7,1,-1,-1,-1
272,85,1360.1,431.8,84.5,270.8,1,-1,-1,-1
272,25,1224.3,318.1,168.4,454.7,1,-1,-1,-1
272,131,1066.4,338.2,205.8,499.9,1,-1,-1,-1
272,158,920.0,351.8,147.3,459.0,1,-1,-1,-1
272,177,31.2,500.7,85.7,249.0,1,-1,-1,-1
272,95,1555.1,424.5,81.9,276.4,1,-1,-1,-1
272,7,120.9,536.8,76.6,206.8,1,-1,-1,-1
272,210,1689.8,471.4,44.5,113.5,1,-1,-1,-1
272,213,1870.6,421.9,48.0,210.3,1,-1,-1,-1
273,88,1839.2,421.3,80.8,207.9,1,-1,-1,-1
273,99,1729.6,524.1,80.9,200.2,1,-1,-1,-1
273,28,1433.9,388.8,117.7,314.6,1,-1,-1,-1
273,85,1368.0,435.5,84.0,266.7,1,-1,-1,-1
273,25,1232.8,318.1,167.5,453.7,1,-1,-1,-1
273,131,1074.4,339.2,204.0,495.3,1,-1,-1,-1
273,158,923.9,353.0,144.2,457.3,1,-1,-1,-1
273,177,30.6,500.5,85.4,249.5,1,-1,-1,-1
273,95,1556.4,425.2,81.2,275.1,1,-1,-1,-1
273,7,120.7,537.2,76.5,205.9,1,-1,-1,-1
273,210,1689.1,471.6,44.7,114.6,1,-1,-1,-1
273,213,1868.8,420.5,48.0,209.6,1,-1,-1,-1
274,88,1841.0,422.0,79.0,207.3,1,-1,-1,-1
274,99,1732.7,527.9,80.8,196.8,1,-1,-1,-1
274,28,1434.1,388.0,114.8,312.8,1,-1,-1,-1
274,85,1371.2,438.1,83.9,263.1,1,-1,-1,-1
274,25,1244.6,318.9,166.7,451.9,1,-1,-1,-1
274,131,1089.8,338.0,200.2,492.2,1,-1,-1,-1
274,158,949.1,355.2,145.5,453.7,1,-1,-1,-1
274,177,30.8,502.2,84.3,247.6,1,-1,-1,-1
274,95,1559.3,426.4,80.6,273.1,1,-1,-1,-1
274,7,120.9,537.5,76.4,205.4,1,-1,-1,-1
274,210,1689.0,471.4,44.5,114.5,1,-1,-1,-1
274,213,1869.7,431.6,45.7,198.7,1,-1,-1,-1
275,88,1842.5,421.0,77.5,207.9,1,-1,-1,-1
275,99,1734.1,530.6,80.8,195.3,1,-1,-1,-1
275,28,1437.3,387.6,112.1,312.4,1,-1,-1,-1
275,85,1372.9,438.0,84.4,261.0,1,-1,-1,-1
275,25,1253.2,319.7,167.3,450.3,1,-1,-1,-1
275,131,1104.1,335.2,196.4,492.8,1,-1,-1,-1
275,158,965.1,355.5,148.0,451.9,1,-1,-1,-1
275,177,29.1,501.5,84.4,248.4,1,-1,-1,-1
275,95,1562.3,427.3,80.6,271.5,1,-1,-1,-1
275,7,120.8,537.1,77.3,207.2,1,-1,-1,-1
275,210,1689.9,471.2,44.5,114.4,1,-1,-1,-1
275,213,1876.3,425.7,43.7,197.0,1,-1,-1,-1
276,88,1843.9,421.5,76.1,207.7,1,-1,-1,-1
276,99,1737.6,532.0,80.2,193.2,1,-1,-1,-1
276,28,1440.5,387.1,110.0,312.2,1,-1,-1,-1
276,85,1373.3,438.4,84.9,259.9,1,-1,-1,-1
276,25,1260.9,321.0,168.1,449.5,1,-1,-1,-1
276,131,1118.1,335.3,192.6,490.2,1,-1,-1,-1
276,158,980.1,357.3,150.6,448.6,1,-1,-1,-1
276,95,1565.4,428.4,81.0,270.3,1,-1,-1,-1
276,7,120.6,537.1,77.1,206.5,1,-1,-1,-1
276,210,1689.4,471.6,44.3,114.4,1,-1,-1,-1
276,213,1879.3,422.0,40.7,197.0,1,-1,-1,-1
276,217,1115.1,336.2,65.1,392.3,1,-1,-1,-1
276,218,1819.4,427.8,37.7,112.2,1,-1,-1,-1
277,88,1845.3,422.7,74.7,207.3,1,-1,-1,-1
277,99,1740.1,531.4,80.8,195.6,1,-1,-1,-1
277,28,1446.4,387.5,108.7,313.5,1,-1,-1,-1
277,85,1377.3,439.1,84.8,259.0,1,-1,-1,-1
277,25,1264.0,323.8,167.6,448.4,1,-1,-1,-1
277,131,1131.1,335.2,189.9,486.4,1,-1,-1,-1
277,158,988.7,358.9,152.7,445.5,1,-1,-1,-1
277,95,1573.1,428.7,83.5,270.6,1,-1,-1,-1
277,7,120.8,536.8,77.1,206.6,1,-1,-1,-1
277,210,1688.5,472.4,44.0,114.3,1,-1,-1,-1
277,213,1874.5,422.3,45.5,202.0,1,-1,-1,-1
277,217,1122.2,339.6,66.9,403.2,1,-1,-1,-1
278,88,1847.3,424.0,72.7,206.4,1,-1,-1,-1
278,99,1740.2,531.0,80.9,196.9,1,-1,-1,-1
278,28,1451.7,388.0,108.1,314.1,1,-1,-1,-1
278,85,1379.7,437.5,84.4,258.2,1,-1,-1,-1
278,25,1276.4,325.0,167.8,445.1,1,-1,-1,-1
278,131,1140.3,333.4,189.2,488.7,1,-1,-1,-1
278,158,991.3,360.6,154.6,442.6,1,-1,-1,-1
278,95,1578.4,431.8,85.2,268.7,1,-1,-1,-1
278,7,120.8,536.9,77.0,206.5,1,-1,-1,-1
278,210,1688.2,472.6,43.9,114.3,1,-1,-1,-1
278,217,1129.6,341.9,68.3,411.3,1,-1,-1,-1
279,88,1849.4,423.9,70.6,206.5,1,-1,-1,-1
279,99,1739.3,530.8,81.1,198.0,1,-1,-1,-1
279,28,1460.0,388.5,107.3,312.9,1,-1,-1,-1
279,85,1389.6,434.7,82.4,257.0,1,-1,-1,-1
279,25,1291.3,327.8,166.8,441.2,1,-1,-1,-1
279,131,1155.9,337.4,187.5,487.4,1,-1,-1,-1
279,158,996.1,361.1,155.6,441.8,1,-1,-1,-1
279,95,1581.8,436.6,85.8,264.2,1,-1,-1,-1
279,7,120.6,536.8,77.2,206.8,1,-1,-1,-1
279,210,1687.7,472.3,43.8,114.6,1,-1,-1,-1
279,217,1140.1,342.8,72.7,437.9,1,-1,-1,-1
280,88,1851.6,424.7,68.4,204.6,1,-1,-1,-1
280,99,1738.0,530.1,81.4,198.9,1,-1,-1,-1
280,28,1466.8,388.1,107.3,313.1,1,-1,-1,-1
280,85,1394.9,431.9,82.1,260.7,1,-1,-1,-1
280,25,1297.2,331.8,163.5,432.7,1,-1,-1,-1
280,131,1166.4,338.6,186.9,485.3,1,-1,-1,-1
280,158,999.4,361.0,155.8,440.6,1,-1,-1,-1
280,95,1583.5,441.4,86.5,260.1,1,-1,-1,-1
280,7,120.4,536.8,77.3,207.1,1,-1,-1,-1
280,210,1687.1,471.7,43.8,115.1,1,-1,-1,-1
280,217,1149.1,344.5,74.6,449.0,1,-1,-1,-1
281,88,1853.8,426.2,66.2,201.7,1,-1,-1,-1
281,99,1733.7,529.5,81.3,200.0,1,-1,-1,-1
281,28,1471.0,389.9,107.1,311.4,1,-1,-1,-1
281,85,1399.1,428.1,81.6,265.3,1,-1,-1,-1
281,25,1303.3,334.3,160.9,426.6,1,-1,-1,-1
281,131,1174.6,341.8,186.2,481.0,1,-1,-1,-1
281,158,1005.7,360.4,153.8,435.0,1,-1,-1,-1
281,95,1584.7,445.4,87.0,256.3,1,-1,-1,-1
281,7,120.3,537.0,77.1,206.4,1,-1,-1,-1
281,210,1687.4,471.5,43.8,115.2,1,-1,-1,-1
281,217,1154.7,344.4,72.3,432.5,1,-1,-1,-1
282,88,1856.3,425.8,63.7,198.9,1,-1,-1,-1
282,99,1729.6,528.4,81.6,201.9,1,-1,-1,-1
282,28,1475.8,389.6,107.1,310.6,1,-1,-1,-1
282,85,1405.5,426.0,81.0,267.7,1,-1,-1,-1
282,25,1306.5,335.1,159.7,427.0,1,-1,-1,-1
282,131,1191.8,348.3,183.2,473.6,1,-1,-1,-1
282,158,1015.8,359.1,150.7,430.3,1,-1,-1,-1
282,95,1585.9,451.9,86.4,249.8,1,-1,-1,-1
282,7,120.5,536.6,77.3,207.1,1,-1,-1,-1
282,210,1687.5,471.1,43.9,115.9,1,-1,-1,-1
282,217,1161.4,344.2,71.7,423.8,1,-1,-1,-1
282,177,22.4,501.1,86.8,249.1,1,-1,-1,-1
283,99,1727.3,527.5,82.1,203.5,1,-1,-1,-1
283,28,1479.5,391.6,106.1,307.2,1,-1,-1,-1
283,85,1411.7,426.2,79.1,266.0,1,-1,-1,-1
283,25,1309.2,335.3,157.8,425.2,1,-1,-1,-1
283,131,1201.8,350.3,182.0,471.1,1,-1,-1,-1
283,158,1026.0,359.4,148.7,427.2,1,-1,-1,-1
283,95,1588.6,457.6,85.7,243.2,1,-1,-1,-1
283,7,120.8,536.9,77.2,207.0,1,-1,-1,-1
283,210,1687.3,471.7,43.5,115.3,1,-1,-1,-1
283,217,1167.7,345.1,72.3,419.0,1,-1,-1,-1
283,177,22.8,501.6,87.6,248.6,1,-1,-1,-1
283,213,1871.8,424.3,45.4,197.3,1,-1,-1,-1
284,99,1723.8,527.0,83.5,204.3,1,-1,-1,-1
284,28,1481.0,391.3,105.6,306.0,1,-1,-1,-1
284,85,1416.1,427.8,77.3,263.8,1,-1,-1,-1
284,25,1315.4,336.0,153.2,416.5,1,-1,-1,-1
284,131,1214.0,351.3,179.5,468.3,1,-1,-1,-1
284,158,1040.6,358.6,149.0,427.3,1,-1,-1,-1
284,95,1593.1,464.3,84.6,235.4,1,-1,-1,-1
284,7,120.9,536.4,77.3,207.4,1,-1,-1,-1
284,210,1687.6,471.9,43.1,114.4,1,-1,-1,-1
284,217,1176.8,347.4,73.7,413.8,1,-1,-1,-1
284,177,22.7,501.8,88.5,248.2,1,-1,-1,-1
284,213,1872.9,423.6,45.4,196.6,1,-1,-1,-1
285,99,1721.0,526.0,85.4,204.6,1,-1,-1,-1
285,28,1482.9,391.3,105.1,305.9,1,-1,-1,-1
285,85,1422.7,427.5,75.9,262.5,1,-1,-1,-1
285,25,1318.3,334.5,151.2,416.6,1,-1,-1,-1
285,131,1227.0,350.2,178.1,466.8,1,-1,-1,-1
285,158,1052.5,357.4,150.4,428.8,1,-1,-1,-1
285,95,1595.0,467.2,84.8,231.4,1,-1,-1,-1
285,7,120.7,536.7,77.2,207.2,1,-1,-1,-1
285,210,1687.9,472.4,42.7,113.5,1,-1,-1,-1
285,217,1183.0,346.2,76.4,416.9,1,-1,-1,-1
285,177,21.8,501.8,89.0,248.1,1,-1,-1,-1
285,213,1874.7,422.0,45.3,196.9,1,-1,-1,-1
286,99,1718.7,525.9,87.7,204.1,1,-1,-1,-1
286,28,1487.1,390.7,104.3,304.9,1,-1,-1,-1
286,85,1427.9,432.6,74.4,258.6,1,-1,-1,-1
286,25,1325.2,333.7,149.2,415.5,1,-1,-1,-1
286,131,1235.9,349.4,174.5,459.8,1,-1,-1,-1
286,158,1062.2,357.0,152.1,429.9,1,-1,-1,-1
286,95,1596.8,472.3,84.2,225.1,1,-1,-1,-1
286,7,120.5,536.8,77.1,207.0,1,-1,-1,-1
286,210,1687.7,472.7,42.6,113.4,1,-1,-1,-1
286,217,1189.9,347.5,77.5,411.6,1,-1,-1,-1
286,177,20.6,501.3,90.1,247.6,1,-1,-1,-1
286,213,1875.8,420.9,44.2,198.8,1,-1,-1,-1
287,99,1715.1,525.8,90.6,204.5,1,-1,-1,-1
287,28,1493.5,390.3,102.4,302.0,1,-1,-1,-1
287,85,1432.4,438.9,72.5,250.4,1,-1,-1,-1
287,25,1333.9,333.4,147.6,417.4,1,-1,-1,-1
287,131,1248.6,347.2,172.1,455.2,1,-1,-1,-1
287,158,1071.4,357.1,154.0,428.4,1,-1,-1,-1
287,95,1598.4,477.6,83.7,219.3,1,-1,-1,-1
287,7,120.3,536.9,77.1,207.1,1,-1,-1,-1
287,210,1687.7,472.3,42.9,114.0,1,-1,-1,-1
287,217,1195.3,347.6,78.6,406.6,1,-1,-1,-1
287,213,1876.0,420.1,44.0,199.3,1,-1,-1,-1
288,99,1712.9,525.5,92.9,204.1,1,-1,-1,-1
288,28,1500.3,391.0,101.5,300.1,1,-1,-1,-1
288,85,1435.7,441.5,71.5,246.7,1,-1,-1,-1
288,25,1339.7,333.0,146.3,420.5,1,-1,-1,-1
288,131,1258.3,346.6,171.3,455.0,1,-1,-1,-1
288,158,1078.1,358.3,155.2,425.5,1,-1,-1,-1
288,95,1596.1,482.0,81.3,212.7,1,-1,-1,-1
288,7,120.4,535.7,77.4,208.3,1,-1,-1,-1
288,210,1687.8,472.4,43.0,114.9,1,-1,-1,-1
288,217,1200.0,347.5,79.8,399.6,1,-1,-1,-1
288,213,1876.9,421.4,43.1,192.7,1,-1,-1,-1
289,99,1709.6,525.3,94.9,203.7,1,-1,-1,-1
289,28,1510.6,389.6,102.1,301.8,1,-1,-1,-1
289,85,1442.6,439.9,70.5,247.5,1,-1,-1,-1
289,25,1348.5,333.8,142.5,415.1,1,-1,-1,-1
289,131,1270.0,351.0,168.6,449.4,1,-1,-1,-1
289,158,1085.9,364.3,154.6,418.0,1,-1,-1,-1
289,95,1594.4,488.3,77.0,201.9,1,-1,-1,-1
289,7,120.3,532.5,78.3,211.2,1,-1,-1,-1
289,210,1687.2,472.0,43.5,116.7,1,-1,-1,-1
289,217,1202.6,346.6,81.1,399.4,1,-1,-1,-1
289,213,1877.5,421.9,42.3,186.8,1,-1,-1,-1
290,99,1707.0,525.5,96.4,203.8,1,-1,-1,-1
290,28,1518.1,390.4,101.6,299.7,1,-1,-1,-1
290,85,1448.2,438.9,69.4,246.9,1,-1,-1,-1
290,25,1354.8,334.7,139.1,411.8,1,-1,-1,-1
290,131,1277.3,350.9,167.8,448.3,1,-1,-1,-1
290,158,1090.8,368.2,154.6,413.9,1,-1,-1,-1
290,95,1594.2,493.9,76.7,200.0,1,-1,-1,-1
290,7,120.0,528.7,79.2,214.9,1,-1,-1,-1
290,210,1687.2,472.3,43.6,117.2,1,-1,-1,-1
290,217,1206.7,346.7,83.1,401.3,1,-1,-1,-1
290,213,1879.5,425.5,40.1,176.9,1,-1,-1,-1
291,99,1703.6,525.5,97.6,204.2,1,-1,-1,-1
291,28,1522.9,391.4,101.6,298.4,1,-1,-1,-1
291,85,1454.4,438.2,68.8,249.2,1,-1,-1,-1
291,25,1359.3,336.2,136.6,412.1,1,-1,-1,-1
291,131,1286.1,348.4,168.0,448.6,1,-1,-1,-1
291,158,1094.3,369.9,155.1,412.8,1,-1,-1,-1
291,95,1596.0,492.8,76.9,200.4,1,-1,-1,-1
291,7,120.2,528.4,79.0,215.3,1,-1,-1,-1
291,210,1687.2,472.2,43.9,118.1,1,-1,-1,-1
291,217,1211.2,348.0,85.5,402.4,1,-1,-1,-1
291,213,1881.5,426.8,37.9,166.8,1,-1,-1,-1
292,99,1700.1,525.1,98.8,205.4,1,-1,-1,-1
292,28,1529.5,390.2,103.8,303.4,1,-1,-1,-1
292,85,1459.0,436.8,68.2,251.2,1,-1,-1,-1
292,25,1369.3,337.7,133.3,406.6,1,-1,-1,-1
292,131,1299.6,348.0,169.6,446.8,1,-1,-1,-1
292,158,1099.6,371.6,155.2,411.5,1,-1,-1,-1
292,95,1599.3,504.9,74.5,192.0,1,-1,-1,-1
292,7,121.1,533.6,77.0,210.0,1,-1,-1,-1
292,210,1687.2,472.3,43.5,116.5,1,-1,-1,-1
292,217,1216.2,350.3,87.6,402.8,1,-1,-1,-1
292,213,1883.5,428.9,35.8,156.9,1,-1,-1,-1
293,99,1697.6,525.6,99.1,205.2,1,-1,-1,-1
293,28,1536.6,389.2,105.8,306.0,1,-1,-1,-1
293,85,1462.7,437.3,66.6,249.5,1,-1,-1,-1
293,25,1380.4,339.7,125.9,387.5,1,-1,-1,-1
293,131,1309.5,351.6,170.0,440.9,1,-1,-1,-1
293,158,1103.4,372.3,155.0,408.5,1,-1,-1,-1
293,95,1599.9,510.4,74.4,189.2,1,-1,-1,-1
293,7,121.3,535.5,76.3,208.2,1,-1,-1,-1
293,210,1687.4,471.9,43.3,115.8,1,-1,-1,-1
293,217,1222.2,352.0,89.7,402.5,1,-1,-1,-1
293,213,1885.5,429.7,34.4,151.2,1,-1,-1,-1
294,99,1694.0,525.6,99.2,204.7,1,-1,-1,-1
294,28,1550.2,390.7,107.9,303.0,1,-1,-1,-1
294,85,1475.1,442.7,62.4,240.9,1,-1,-1,-1
294,25,1387.7,344.4,122.8,384.4,1,-1,-1,-1
294,131,1318.3,356.4,169.5,436.2,1,-1,-1,-1
294,158,1107.6,373.0,152.6,400.5,1,-1,-1,-1
294,95,1599.7,511.1,75.5,189.2,1,-1,-1,-1
294,7,121.5,536.0,76.1,207.6,1,-1,-1,-1
294,210,1687.4,472.2,42.9,114.6,1,-1,-1,-1
294,217,1232.2,354.6,88.0,381.5,1,-1,-1,-1
294,213,1886.4,429.9,33.6,148.7,1,-1,-1,-1
295,99,1694.8,526.6,99.7,203.1,1,-1,-1,-1
295,28,1556.3,392.2,110.9,303.1,1,-1,-1,-1
295,85,1482.6,450.5,58.8,229.3,1,-1,-1,-1
295,25,1398.0,345.8,113.2,357.0,1,-1,-1,-1
295,131,1324.0,359.6,168.7,431.2,1,-1,-1,-1
295,158,1108.3,372.6,150.7,395.9,1,-1,-1,-1
295,95,1597.7,505.0,79.3,196.5,1,-1,-1,-1
295,7,121.2,534.6,76.6,209.0,1,-1,-1,-1
295,210,1686.9,471.8,43.3,115.1,1,-1,-1,-1
295,217,1237.3,354.8,89.1,371.7,1,-1,-1,-1
295,213,1886.3,429.8,33.7,149.0,1,-1,-1,-1
296,99,1693.9,526.7,100.6,202.8,1,-1,-1,-1
296,28,1561.5,393.8,112.7,297.7,1,-1,-1,-1
296,85,1484.8,448.6,58.5,230.4,1,-1,-1,-1
296,25,1411.8,347.6,112.0,350.1,1,-1,-1,-1
296,131,1329.0,359.9,169.6,431.5,1,-1,-1,-1
296,158,1107.9,373.4,148.7,393.6,1,-1,-1,-1
296,95,1599.3,513.7,77.3,188.2,1,-1,-1,-1
296,7,121.2,531.6,77.5,212.0,1,-1,-1,-1
296,210,1686.4,471.6,43.0,113.1,1,-1,-1,-1
296,217,1239.8,356.5,93.0,375.3,1,-1,-1,-1
296,213,1886.3,429.5,33.7,151.0,1,-1,-1,-1
297,99,1690.8,526.6,101.3,203.0,1,-1,-1,-1
297,28,1563.1,393.9,116.4,300.7,1,-1,-1,-1
297,85,1490.1,455.6,57.1,221.9,1,-1,-1,-1
297,25,1415.2,347.5,106.1,337.0,1,-1,-1,-1
297,131,1337.4,356.9,170.7,435.9,1,-1,-1,-1
297,158,1107.4,371.4,146.1,393.4,1,-1,-1,-1
297,95,1603.0,519.5,76.3,182.7,1,-1,-1,-1
297,7,119.8,521.0,80.8,222.5,1,-1,-1,-1
297,210,1685.7,471.7,42.9,111.9,1,-1,-1,-1
297,217,1241.6,362.4,97.9,381.8,1,-1,-1,-1
297,213,1886.2,429.3,33.8,153.6,1,-1,-1,-1
298,99,1688.5,528.0,100.5,200.8,1,-1,-1,-1
298,28,1567.1,394.2,117.4,298.4,1,-1,-1,-1
298,85,1492.1,453.7,58.5,223.3,1,-1,-1,-1
298,25,1422.9,348.7,102.2,329.2,1,-1,-1,-1
298,131,1344.8,351.3,169.5,435.1,1,-1,-1,-1
298,158,1108.6,369.8,143.7,395.1,1,-1,-1,-1
298,95,1598.7,525.5,75.9,176.8,1,-1,-1,-1
298,7,120.2,524.0,79.3,219.4,1,-1,-1,-1
298,210,1685.6,471.9,43.1,111.7,1,-1,-1,-1
298,217,1247.7,362.8,102.9,388.7,1,-1,-1,-1
298,213,1886.0,428.5,34.0,157.2,1,-1,-1,-1
299,99,1686.3,528.4,99.9,200.7,1,-1,-1,-1
299,28,1568.4,393.2,119.8,302.9,1,-1,-1,-1
299,85,1498.3,452.7,57.8,223.1,1,-1,-1,-1
299,131,1355.4,349.5,167.4,431.5,1,-1,-1,-1
299,158,1113.9,369.5,141.4,395.3,1,-1,-1,-1
299,95,1599.6,526.0,76.6,176.2,1,-1,-1,-1
299,7,120.9,530.9,77.0,212.6,1,-1,-1,-1
299,210,1684.2,470.7,44.7,115.0,1,-1,-1,-1
299,217,1249.4,359.4,107.3,395.9,1,-1,-1,-1
299,213,1886.1,428.2,33.9,158.9,1,-1,-1,-1
300,99,1686.0,529.0,98.7,199.9,1,-1,-1,-1
300,28,1568.5,391.9,121.8,307.5,1,-1,-1,-1
300,85,1502.3,445.9,58.9,231.4,1,-1,-1,-1
300,131,1361.6,348.3,166.1,429.6,1,-1,-1,-1
300,158,1120.2,370.5,139.2,393.3,1,-1,-1,-1
300,95,1600.9,529.4,76.0,172.4,1,-1,-1,-1
300,7,121.4,534.1,75.7,208.6,1,-1,-1,-1
300,210,1685.8,470.2,43.9,112.4,1,-1,-1,-1
300,217,1256.1,354.7,110.5,394.5,1,-1,-1,-1
300,213,1886.7,428.3,33.3,156.0,1,-1,-1,-1
301,99,1687.0,530.1,97.6,199.1,1,-1,-1,-1
301,28,1568.9,391.0,121.7,309.7,1,-1,-1,-1
301,85,1504.1,443.1,59.7,235.0,1,-1,-1,-1
301,131,1368.1,347.9,166.8,429.3,1,-1,-1,-1
301,158,1132.1,371.6,139.8,392.7,1,-1,-1,-1
301,95,1600.9,527.2,77.6,174.5,1,-1,-1,-1
301,7,121.3,535.0,75.6,208.2,1,-1,-1,-1
301,210,1686.3,469.6,43.5,111.1,1,-1,-1,-1
301,217,1262.7,352.5,112.7,394.8,1,-1,-1,-1
301,213,1886.6,428.8,33.4,152.9,1,-1,-1,-1
302,99,1689.5,530.0,96.8,199.2,1,-1,-1,-1
302,28,1570.3,390.3,119.4,309.8,1,-1,-1,-1
302,85,1505.2,438.7,61.2,238.6,1,-1,-1,-1
302,131,1373.2,348.3,167.6,428.8,1,-1,-1,-1
302,158,1139.4,372.9,139.8,391.2,1,-1,-1,-1
302,95,1597.9,523.1,79.9,178.5,1,-1,-1,-1
302,7,121.2,534.2,76.0,209.0,1,-1,-1,-1
302,210,1685.4,471.7,43.1,109.9,1,-1,-1,-1
302,217,1267.8,350.8,111.9,392.0,1,-1,-1,-1
302,213,1887.8,430.1,31.6,143.9,1,-1,-1,-1
303,99,1692.4,530.0,95.7,199.0,1,-1,-1,-1
303,28,1571.4,390.9,117.3,310.0,1,-1,-1,-1
303,85,1501.7,435.6,63.5,242.4,1,-1,-1,-1
303,131,1376.4,349.2,169.0,428.7,1,-1,-1,-1
303,158,1143.9,372.0,140.5,392.9,1,-1,-1,-1
303,95,1596.4,520.6,81.5,180.9,1,-1,-1,-1
303,7,121.6,536.2,75.5,207.2,1,-1,-1,-1
303,210,1684.9,472.2,43.0,109.2,1,-1,-1,-1
303,217,1269.1,350.6,110.0,387.4,1,-1,-1,-1
303,213,1887.5,431.4,31.7,143.6,1,-1,-1,-1
304,99,1696.1,529.7,94.9,198.9,1,-1,-1,-1
304,28,1574.8,392.2,108.2,291.2,1,-1,-1,-1
304,85,1508.0,435.0,63.8,243.5,1,-1,-1,-1
304,131,1380.7,352.3,169.2,426.0,1,-1,-1,-1
304,158,1148.4,375.9,138.6,388.8,1,-1,-1,-1
304,95,1594.3,515.1,84.2,186.1,1,-1,-1,-1
304,7,121.5,536.1,75.6,207.0,1,-1,-1,-1
304,210,1686.0,470.9,43.5,111.4,1,-1,-1,-1
304,217,1276.1,353.5,108.6,382.9,1,-1,-1,-1
304,213,1887.5,432.8,31.8,143.9,1,-1,-1,-1
304,229,1236.1,422.5,55.7,289.1,1,-1,-1,-1
304,177,25.0,502.0,90.2,247.4,1,-1,-1,-1
305,99,1698.6,529.6,93.9,198.3,1,-1,-1,-1
305,28,1583.0,392.5,96.1,259.4,1,-1,-1,-1
305,85,1509.3,432.1,64.6,245.9,1,-1,-1,-1
305,131,1384.2,354.7,169.3,422.9,1,-1,-1,-1
305,158,1154.4,379.1,135.8,383.9,1,-1,-1,-1
305,95,1594.9,513.7,84.5,186.3,1,-1,-1,-1
305,7,121.4,535.9,75.8,207.1,1,-1,-1,-1
305,210,1685.5,472.1,43.1,110.5,1,-1,-1,-1
305,217,1279.7,353.9,108.3,382.3,1,-1,-1,-1
305,213,1887.0,433.2,32.3,145.7,1,-1,-1,-1
305,229,1228.3,399.1,58.2,300.1,1,-1,-1,-1
305,177,26.8,503.1,89.0,246.1,1,-1,-1,-1
306,99,1700.1,529.5,92.6,197.1,1,-1,-1,-1
306,28,1588.2,392.4,90.9,246.1,1,-1,-1,-1
306,85,1514.1,433.5,63.7,243.0,1,-1,-1,-1
306,131,1387.3,356.5,169.4,419.3,1,-1,-1,-1
306,158,1158.9,380.5,134.0,382.3,1,-1,-1,-1
306,95,1595.3,512.0,84.5,185.5,1,-1,-1,-1
306,7,121.2,535.5,76.1,207.5,1,-1,-1,-1
306,210,1685.1,471.0,43.6,112.0,1,-1,-1,-1
306,217,1282.1,355.4,107.7,379.8,1,-1,-1,-1
306,213,1887.5,434.0,32.2,145.2,1,-1,-1,-1
306,229,1221.4,380.3,64.1,329.3,1,-1,-1,-1
306,177,26.6,503.1,88.9,245.8,1,-1,-1,-1
307,99,1700.6,529.0,91.8,196.5,1,-1,-1,-1
307,28,1603.8,395.2,73.5,190.8,1,-1,-1,-1
307,85,1518.2,433.9,63.1,241.6,1,-1,-1,-1
307,131,1391.8,358.9,169.5,415.6,1,-1,-1,-1
307,158,1161.1,380.1,132.4,382.3,1,-1,-1,-1
307,95,1594.4,506.1,86.3,188.6,1,-1,-1,-1
307,7,121.0,535.4,76.4,208.3,1,-1,-1,-1
307,210,1685.6,472.1,43.6,112.7,1,-1,-1,-1
307,217,1285.6,357.0,107.2,378.9,1,-1,-1,-1
307,213,1887.4,435.2,32.2,145.2,1,-1,-1,-1
307,177,30.3,502.7,87.6,246.4,1,-1,-1,-1
308,99,1700.8,528.7,91.5,196.5,1,-1,-1,-1
308,28,1611.4,396.8,64.9,164.0,1,-1,-1,-1
308,85,1520.6,433.0,62.9,241.4,1,-1,-1,-1
308,131,1396.3,360.6,169.4,414.5,1,-1,-1,-1
308,158,1164.1,378.6,131.1,383.0,1,-1,-1,-1
308,95,1593.9,500.7,89.5,194.4,1,-1,-1,-1
308,7,120.9,535.7,76.5,208.2,1,-1,-1,-1
308,210,1685.5,472.8,42.7,111.6,1,-1,-1,-1
308,217,1288.6,358.3,106.6,377.0,1,-1,-1,-1
308,213,1887.5,435.7,32.1,144.9,1,-1,-1,-1
308,232,1597.7,397.4,96.6,246.6,1,-1,-1,-1
309,99,1699.4,528.0,92.4,198.6,1,-1,-1,-1
309,85,1524.5,433.3,62.8,239.4,1,-1,-1,-1
309,131,1402.8,361.8,169.5,413.4,1,-1,-1,-1
309,158,1172.0,377.5,129.2,378.7,1,-1,-1,-1
309,95,1595.0,493.8,94.6,202.8,1,-1,-1,-1
309,7,121.1,536.3,76.2,207.6,1,-1,-1,-1
309,210,1686.9,471.0,42.2,112.6,1,-1,-1,-1
309,217,1293.7,361.5,105.0,372.4,1,-1,-1,-1
309,213,1887.2,435.6,32.6,147.4,1,-1,-1,-1
309,232,1603.2,397.9,96.4,246.4,1,-1,-1,-1
310,99,1698.8,528.0,92.6,199.5,1,-1,-1,-1
310,85,1529.0,434.8,61.8,235.6,1,-1,-1,-1
310,131,1410.0,362.0,168.4,408.9,1,-1,-1,-1
310,158,1179.8,376.9,128.9,376.9,1,-1,-1,-1
310,95,1593.4,489.4,98.0,208.0,1,-1,-1,-1
310,7,121.3,535.8,76.4,207.8,1,-1,-1,-1
310,210,1688.0,470.6,44.6,123.1,1,-1,-1,-1
310,217,1298.8,362.8,103.4,368.5,1,-1,-1,-1
310,213,1886.9,435.1,33.1,150.0,1,-1,-1,-1
310,232,1610.8,396.7,93.9,240.6,1,-1,-1,-1
310,233,1369.1,395.6,63.2,304.7,1,-1,-1,-1
311,99,1698.6,527.3,92.7,200.6,1,-1,-1,-1
311,85,1533.0,436.4,60.9,233.5,1,-1,-1,-1
311,131,1414.3,361.6,167.2,405.9,1,-1,-1,-1
311,158,1186.0,376.7,129.5,375.1,1,-1,-1,-1
311,95,1591.3,484.8,101.1,212.9,1,-1,-1,-1
311,7,121.3,535.2,76.5,207.9,1,-1,-1,-1
311,210,1686.8,470.1,48.0,137.2,1,-1,-1,-1
311,217,1302.3,363.6,102.4,366.6,1,-1,-1,-1
311,213,1887.1,434.8,32.9,150.9,1,-1,-1,-1
311,232,1614.1,396.2,95.7,245.9,1,-1,-1,-1
311,233,1370.2,396.8,62.7,303.6,1,-1,-1,-1
312,99,1698.6,526.7,91.6,200.6,1,-1,-1,-1
312,85,1539.5,439.0,59.5,228.9,1,-1,-1,-1
312,131,1418.5,360.7,167.3,406.5,1,-1,-1,-1
312,158,1194.1,380.2,130.3,371.6,1,-1,-1,-1
312,95,1588.3,481.0,103.3,217.3,1,-1,-1,-1
312,7,121.2,535.8,76.3,207.3,1,-1,-1,-1
312,217,1303.6,364.4,102.3,367.8,1,-1,-1,-1
312,213,1886.9,434.2,33.1,151.9,1,-1,-1,-1
312,232,1623.5,396.8,97.4,251.1,1,-1,-1,-1
312,233,1373.9,397.9,61.6,299.0,1,-1,-1,-1
313,99,1697.5,525.8,90.9,201.2,1,-1,-1,-1
313,85,1544.4,438.8,59.1,229.5,1,-1,-1,-1
313,131,1422.0,360.5,166.7,405.2,1,-1,-1,-1
313,158,1197.9,386.2,130.9,365.2,1,-1,-1,-1
313,95,1586.6,478.0,105.0,220.4,1,-1,-1,-1
313,7,121.5,536.2,76.3,207.4,1,-1,-1,-1
313,217,1305.3,365.1,102.2,367.1,1,-1,-1,-1
313,213,1887.0,433.8,33.0,154.6,1,-1,-1,-1
313,232,1630.6,397.1,97.0,250.2,1,-1,-1,-1
313,233,1379.2,400.4,59.6,290.8,1,-1,-1,-1
314,99,1697.7,524.9,89.9,201.7,1,-1,-1,-1
314,85,1547.9,437.2,58.3,229.8,1,-1,-1,-1
314,131,1426.8,359.6,166.3,403.3,1,-1,-1,-1
314,158,1207.7,382.0,133.6,370.2,1,-1,-1,-1
314,95,1585.9,474.9,106.4,223.3,1,-1,-1,-1
314,7,121.5,536.5,76.4,207.1,1,-1,-1,-1
314,217,1308.1,365.6,102.5,368.7,1,-1,-1,-1
314,213,1887.2,433.7,32.8,155.5,1,-1,-1,-1
314,232,1640.1,396.5,98.5,252.6,1,-1,-1,-1
314,233,1387.9,402.4,59.2,289.7,1,-1,-1,-1
314,177,32.8,502.5,86.1,247.0,1,-1,-1,-1
315,99,1697.4,521.0,90.3,205.6,1,-1,-1,-1
315,85,1552.2,435.1,55.3,217.4,1,-1,-1,-1
315,131,1430.8,359.5,166.0,402.2,1,-1,-1,-1
315,158,1213.4,385.3,134.1,367.2,1,-1,-1,-1
315,95,1584.3,470.5,109.1,229.8,1,-1,-1,-1
315,7,122.2,535.6,77.0,208.5,1,-1,-1,-1
315,217,1309.2,366.0,102.9,369.9,1,-1,-1,-1
315,213,1887.2,433.6,32.8,156.8,1,-1,-1,-1
315,232,1649.3,395.9,100.4,255.5,1,-1,-1,-1
315,233,1393.5,403.6,58.6,286.6,1,-1,-1,-1
315,177,33.5,503.2,84.7,246.3,1,-1,-1,-1
316,99,1697.4,520.9,89.1,205.6,1,-1,-1,-1
316,131,1433.9,360.2,165.5,401.4,1,-1,-1,-1
316,158,1217.1,390.0,134.4,363.7,1,-1,-1,-1
316,95,1584.6,467.4,110.0,233.2,1,-1,-1,-1
316,7,121.8,535.8,77.2,208.6,1,-1,-1,-1
316,217,1310.4,366.2,102.7,368.8,1,-1,-1,-1
316,213,1886.3,433.8,33.7,162.4,1,-1,-1,-1
316,232,1655.6,395.8,101.4,255.5,1,-1,-1,-1
316,233,1398.9,408.6,57.2,277.2,1,-1,-1,-1
316,177,32.2,503.0,84.5,246.4,1,-1,-1,-1
317,99,1697.3,522.5,87.5,203.6,1,-1,-1,-1
317,131,1437.9,361.7,164.1,399.2,1,-1,-1,-1
317,158,1220.2,386.2,136.6,367.4,1,-1,-1,-1
317,95,1584.6,467.5,108.8,232.3,1,-1,-1,-1
317,7,121.2,534.4,77.2,208.9,1,-1,-1,-1
317,217,1313.9,366.8,101.1,362.3,1,-1,-1,-1
317,213,1886.5,434.3,33.5,158.9,1,-1,-1,-1
317,232,1663.7,396.1,106.8,265.4,1,-1,-1,-1
317,233,1403.6,403.6,60.6,287.7,1,-1,-1,-1
317,177,29.0,502.2,85.5,247.3,1,-1,-1,-1
317,229,1196.7,407.5,60.6,301.1,1,-1,-1,-1
318,99,1697.4,525.1,86.2,201.8,1,-1,-1,-1
318,131,1440.1,363.2,162.5,397.3,1,-1,-1,-1
318,158,1228.1,384.8,135.2,364.1,1,-1,-1,-1
318,95,1583.2,466.4,108.4,233.0,1,-1,-1,-1
318,7,121.1,536.1,76.6,207.1,1,-1,-1,-1
318,217,1315.7,366.7,100.0,357.4,1,-1,-1,-1
318,213,1886.5,435.6,33.5,159.4,1,-1,-1,-1
318,232,1666.3,396.7,109.5,268.0,1,-1,-1,-1
318,233,1406.4,403.3,62.6,289.2,1,-1,-1,-1
318,177,26.3,503.0,86.3,247.0,1,-1,-1,-1
318,237,1403.0,411.7,57.2,279.2,1,-1,-1,-1
318,229,1193.2,408.6,61.5,295.2,1,-1,-1,-1
319,99,1695.0,527.0,85.8,200.9,1,-1,-1,-1
319,131,1443.2,365.9,160.7,394.1,1,-1,-1,-1
319,158,1233.6,383.6,134.4,362.6,1,-1,-1,-1
319,95,1581.1,458.1,110.5,241.1,1,-1,-1,-1
319,7,121.3,536.7,76.4,206.8,1,-1,-1,-1
319,217,1317.8,365.9,100.1,357.7,1,-1,-1,-1
319,213,1886.6,437.1,33.4,160.4,1,-1,-1,-1
319,232,1667.9,397.6,111.4,270.4,1,-1,-1,-1
319,233,1410.0,395.1,65.8,297.6,1,-1,-1,-1
319,177,26.4,504.7,86.1,245.1,1,-1,-1,-1
319,237,1403.7,407.3,57.8,282.6,1,-1,-1,-1
319,229,1189.3,406.7,64.6,299.3,1,-1,-1,-1
320,99,1692.6,528.1,85.9,200.3,1,-1,-1,-1
320,131,1446.7,369.7,158.5,389.4,1,-1,-1,-1
320,158,1235.5,383.7,134.2,363.6,1,-1,-1,-1
320,95,1580.2,452.7,111.3,246.3,1,-1,-1,-1
320,7,121.4,536.6,76.3,206.8,1,-1,-1,-1
320,217,1321.0,365.2,99.3,355.0,1,-1,-1,-1
320,213,1885.9,438.0,34.1,164.3,1,-1,-1,-1
320,232,1679.0,398.5,94.0,219.4,1,-1,-1,-1
320,233,1415.4,379.4,70.2,312.3,1,-1,-1,-1
320,177,31.2,509.0,84.0,240.5,1,-1,-1,-1
320,237,1404.4,407.7,58.5,286.2,1,-1,-1,-1
320,229,1187.9,405.7,66.7,301.9,1,-1,-1,-1
321,99,1691.5,527.7,86.3,200.6,1,-1,-1,-1
321,131,1449.4,371.8,157.1,387.3,1,-1,-1,-1
321,158,1238.2,383.3,133.7,364.7,1,-1,-1,-1
321,95,1580.3,449.4,111.1,250.2,1,-1,-1,-1
321,7,122.2,536.9,76.4,207.5,1,-1,-1,-1
321,217,1324.6,364.8,99.0,354.4,1,-1,-1,-1
321,213,1886.6,438.3,33.4,160.4,1,-1,-1,-1
321,232,1684.5,399.6,88.7,198.9,1,-1,-1,-1
321,233,1425.5,372.9,70.9,316.1,1,-1,-1,-1
321,177,37.1,528.4,77.2,221.0,1,-1,-1,-1
321,237,1414.8,411.5,57.2,276.9,1,-1,-1,-1
321,229,1188.5,406.5,68.9,302.4,1,-1,-1,-1
322,99,1689.8,529.6,86.1,199.9,1,-1,-1,-1
322,131,1453.0,374.0,155.3,383.0,1,-1,-1,-1
322,158,1241.0,383.3,132.5,364.9,1,-1,-1,-1
322,95,1579.7,443.8,112.0,256.2,1,-1,-1,-1
322,7,121.8,536.6,76.1,207.0,1,-1,-1,-1
322,217,1330.2,365.2,99.9,355.2,1,-1,-1,-1
322,213,1887.7,438.6,32.3,154.2,1,-1,-1,-1
322,232,1687.7,399.5,89.1,193.5,1,-1,-1,-1
322,233,1429.0,374.8,70.6,314.5,1,-1,-1,-1
322,177,37.8,556.3,69.9,192.9,1,-1,-1,-1
322,237,1418.8,410.7,58.5,281.0,1,-1,-1,-1
322,229,1186.5,407.1,72.2,305.2,1,-1,-1,-1
323,99,1687.5,529.6,86.6,200.2,1,-1,-1,-1
323,131,1454.3,375.1,153.8,378.0,1,-1,-1,-1
323,158,1244.6,386.4,129.5,360.8,1,-1,-1,-1
323,95,1579.9,440.9,111.8,259.7,1,-1,-1,-1
323,7,121.9,536.3,76.0,207.1,1,-1,-1,-1
323,217,1336.0,366.3,101.1,355.4,1,-1,-1,-1
323,213,1888.1,438.6,31.9,154.1,1,-1,-1,-1
323,232,1687.2,399.1,93.3,198.9,1,-1,-1,-1
323,233,1431.6,391.9,69.5,303.7,1,-1,-1,-1
323,177,36.3,568.6,68.0,180.8,1,-1,-1,-1
323,237,1418.2,409.2,59.2,283.5,1,-1,-1,-1
323,229,1183.6,407.9,75.7,308.2,1,-1,-1,-1
324,99,1684.8,529.7,86.8,198.5,1,-1,-1,-1
324,131,1454.8,375.9,152.5,372.3,1,-1,-1,-1
324,158,1249.6,384.4,126.6,358.1,1,-1,-1,-1
324,95,1578.5,439.2,111.1,262.3,1,-1,-1,-1
324,7,122.3,536.3,75.9,206.8,1,-1,-1,-1
324,217,1343.6,368.6,101.6,351.9,1,-1,-1,-1
324,213,1887.6,438.5,32.4,159.3,1,-1,-1,-1
324,232,1687.1,398.9,96.9,203.4,1,-1,-1,-1
324,233,1436.8,382.1,73.5,323.0,1,-1,-1,-1
324,237,1417.0,407.9,59.6,285.2,1,-1,-1,-1
324,229,1181.2,409.8,79.0,309.8,1,-1,-1,-1
325,99,1684.3,528.7,88.1,198.9,1,-1,-1,-1
325,131,1454.2,375.9,152.6,369.9,1,-1,-1,-1
325,158,1251.4,381.5,125.7,361.0,1,-1,-1,-1
325,95,1577.7,437.6,109.9,263.4,1,-1,-1,-1
325,7,122.7,536.3,75.6,206.2,1,-1,-1,-1
325,217,1348.4,370.5,101.5,347.7,1,-1,-1,-1
325,213,1887.3,438.4,32.7,162.3,1,-1,-1,-1
325,232,1686.2,398.5,98.4,204.8,1,-1,-1,-1
325,233,1439.8,380.5,74.4,330.3,1,-1,-1,-1
325,237,1417.0,406.3,60.3,291.9,1,-1,-1,-1
325,229,1179.0,410.7,81.9,310.0,1,-1,-1,-1
325,177,36.9,546.0,76.1,203.0,1,-1,-1,-1
326,99,1683.9,528.0,89.9,199.1,1,-1,-1,-1
326,131,1453.8,376.2,153.1,368.4,1,-1,-1,-1
326,158,1254.6,380.6,124.5,363.4,1,-1,-1,-1
326,95,1577.4,433.6,110.1,267.4,1,-1,-1,-1
326,7,122.9,536.3,75.6,206.2,1,-1,-1,-1
326,217,1351.3,372.8,101.4,343.9,1,-1,-1,-1
326,213,1887.2,438.3,32.8,164.3,1,-1,-1,-1
326,232,1686.4,398.5,100.9,209.0,1,-1,-1,-1
326,233,1441.3,379.6,74.8,334.5,1,-1,-1,-1
326,237,1418.2,406.9,60.3,295.5,1,-1,-1,-1
326,229,1178.6,409.2,85.0,312.5,1,-1,-1,-1
326,177,33.2,522.5,84.2,227.0,1,-1,-1,-1
327,99,1682.7,527.9,91.3,198.5,1,-1,-1,-1
327,131,1452.1,375.9,154.5,368.7,1,-1,-1,-1
327,158,1258.6,380.7,122.6,363.6,1,-1,-1,-1
327,95,1577.1,426.9,111.1,273.8,1,-1,-1,-1
327,7,123.3,536.6,75.5,206.1,1,-1,-1,-1
327,217,1355.9,375.9,100.0,338.8,1,-1,-1,-1
327,213,1886.5,437.9,33.5,164.5,1,-1,-1,-1
327,232,1679.3,398.2,113.6,240.1,1,-1,-1,-1
327,233,1441.8,379.1,74.0,330.8,1,-1,-1,-1
327,237,1423.1,405.4,60.8,298.5,1,-1,-1,-1
327,229,1177.5,406.4,88.3,315.9,1,-1,-1,-1
327,177,31.4,509.0,88.5,242.0,1,-1,-1,-1
328,99,1680.6,527.0,93.0,198.8,1,-1,-1,-1
328,131,1451.7,376.6,155.6,368.4,1,-1,-1,-1
328,158,1263.2,380.1,120.4,360.4,1,-1,-1,-1
328,95,1578.1,422.7,111.3,277.9,1,-1,-1,-1
328,7,123.5,535.5,75.9,207.0,1,-1,-1,-1
328,217,1357.1,377.8,99.1,336.6,1,-1,-1,-1
328,213,1886.5,437.5,33.4,163.7,1,-1,-1,-1
328,232,1678.6,398.4,118.1,254.6,1,-1,-1,-1
328,233,1439.9,391.7,69.2,307.7,1,-1,-1,-1
328,229,1175.0,403.9,91.2,319.3,1,-1,-1,-1
328,177,30.4,503.1,89.8,248.0,1,-1,-1,-1
328,240,789.6,458.7,86.0,254.3,1,-1,-1,-1
329,99,1675.8,529.8,92.8,196.0,1,-1,-1,-1
329,131,1451.4,377.8,156.2,367.7,1,-1,-1,-1
329,158,1265.8,384.6,118.6,356.7,1,-1,-1,-1
329,95,1580.0,418.0,111.4,283.2,1,-1,-1,-1
329,7,122.4,519.0,81.7,223.5,1,-1,-1,-1
329,217,1357.5,378.2,98.0,334.3,1,-1,-1,-1
329,213,1887.1,438.0,32.8,161.0,1,-1,-1,-1
329,232,1683.2,400.1,118.6,259.2,1,-1,-1,-1
329,233,1442.0,379.3,70.7,313.0,1,-1,-1,-1
329,229,1173.2,401.9,93.9,322.2,1,-1,-1,-1
329,177,29.2,499.3,90.4,251.7,1,-1,-1,-1
330,99,1671.9,528.8,93.0,196.9,1,-1,-1,-1
330,131,1450.5,377.0,156.7,370.0,1,-1,-1,-1
330,158,1273.3,385.7,118.2,353.1,1,-1,-1,-1
330,95,1582.8,413.9,111.2,289.2,1,-1,-1,-1
330,7,121.6,518.7,81.3,223.8,1,-1,-1,-1
330,217,1359.9,375.9,97.0,334.5,1,-1,-1,-1
330,213,1887.3,438.5,32.6,160.5,1,-1,-1,-1
330,232,1690.6,401.7,117.5,259.3,1,-1,-1,-1
330,233,1443.1,375.6,71.1,314.6,1,-1,-1,-1
330,229,1173.8,400.6,96.0,323.2,1,-1,-1,-1
330,177,29.1,498.9,89.8,251.8,1,-1,-1,-1
330,240,812.3,458.9,65.5,192.1,1,-1,-1,-1
331,99,1674.0,528.2,92.4,197.4,1,-1,-1,-1
331,131,1450.2,378.0,155.8,369.1,1,-1,-1,-1
331,158,1278.4,386.4,118.0,349.2,1,-1,-1,-1
331,95,1587.1,412.8,108.2,290.2,1,-1,-1,-1
331,7,121.6,520.3,80.3,222.3,1,-1,-1,-1
331,217,1361.0,373.0,96.3,335.7,1,-1,-1,-1
331,213,1888.0,438.8,31.9,156.9,1,-1,-1,-1
331,232,1695.0,403.2,115.9,257.4,1,-1,-1,-1
331,233,1444.4,375.1,70.8,312.8,1,-1,-1,-1
331,229,1173.4,398.4,98.4,325.3,1,-1,-1,-1
331,177,28.2,498.3,89.5,251.7,1,-1,-1,-1
331,240,808.2,459.6,80.7,237.5,1,-1,-1,-1
332,99,1676.0,527.1,91.7,199.7,1,-1,-1,-1
332,131,1449.5,378.8,154.3,367.5,1,-1,-1,-1
332,158,1286.0,388.8,118.0,347.0,1,-1,-1,-1
332,95,1591.8,411.0,106.1,292.1,1,-1,-1,-1
332,7,122.6,525.8,78.0,216.8,1,-1,-1,-1
332,217,1364.1,375.9,94.8,334.5,1,-1,-1,-1
332,213,1888.4,440.3,31.4,154.6,1,-1,-1,-1
332,232,1699.7,404.9,113.8,255.4,1,-1,-1,-1
332,229,1171.5,396.8,100.5,327.2,1,-1,-1,-1
332,177,21.5,498.4,90.6,251.2,1,-1,-1,-1
332,240,815.6,459.6,75.2,221.4,1,-1,-1,-1
333,99,1677.8,525.8,91.2,202.4,1,-1,-1,-1
333,131,1448.4,378.9,152.7,366.2,1,-1,-1,-1
333,158,1292.6,389.4,118.6,345.6,1,-1,-1,-1
333,95,1595.6,410.7,103.5,291.8,1,-1,-1,-1
333,7,123.2,526.4,77.4,215.9,1,-1,-1,-1
333,217,1367.1,376.5,94.0,335.2,1,-1,-1,-1
333,213,1888.8,442.1,30.7,150.5,1,-1,-1,-1
333,232,1703.1,407.3,111.3,252.5,1,-1,-1,-1
333,229,1171.0,396.3,101.5,327.9,1,-1,-1,-1
333,177,19.5,498.5,91.5,251.7,1,-1,-1,-1
333,240,825.6,459.4,66.5,195.5,1,-1,-1,-1
333,245,1570.4,419.3,73.0,261.4,1,-1,-1,-1
334,99,1679.0,526.0,89.4,200.6,1,-1,-1,-1
334,131,1448.1,379.5,151.7,366.0,1,-1,-1,-1
334,158,1297.2,392.4,118.2,343.0,1,-1,-1,-1
334,95,1599.0,409.8,101.0,292.2,1,-1,-1,-1
334,7,122.7,518.9,80.1,224.6,1,-1,-1,-1
334,217,1371.5,377.5,92.2,335.0,1,-1,-1,-1
334,232,1706.5,407.5,109.2,252.3,1,-1,-1,-1
334,229,1167.5,396.1,103.1,328.4,1,-1,-1,-1
334,177,21.3,498.6,91.7,251.7,1,-1,-1,-1
334,245,1564.9,418.0,75.4,270.2,1,-1,-1,-1
335,99,1667.6,483.5,104.6,242.7,1,-1,-1,-1
335,131,1448.5,380.5,149.7,362.8,1,-1,-1,-1
335,158,1299.2,393.3,117.7,340.9,1,-1,-1,-1
335,95,1604.6,411.1,98.7,291.0,1,-1,-1,-1
335,7,121.4,514.3,81.3,229.7,1,-1,-1,-1
335,217,1375.3,376.7,89.7,332.2,1,-1,-1,-1
335,232,1709.1,406.5,105.9,250.8,1,-1,-1,-1
335,229,1165.3,396.4,105.3,331.2,1,-1,-1,-1
335,177,23.9,498.6,91.4,252.1,1,-1,-1,-1
335,245,1565.8,419.1,73.6,264.4,1,-1,-1,-1
336,131,1448.4,381.3,147.2,357.7,1,-1,-1,-1
336,158,1301.2,393.0,117.2,340.0,1,-1,-1,-1
336,95,1607.5,412.3,95.6,288.2,1,-1,-1,-1
336,7,121.1,512.3,81.3,231.7,1,-1,-1,-1
336,217,1377.9,376.6,87.5,331.8,1,-1,-1,-1
336,232,1713.2,406.4,104.4,251.8,1,-1,-1,-1
336,229,1166.2,396.5,106.3,332.9,1,-1,-1,-1
336,177,26.8,498.2,90.6,252.5,1,-1,-1,-1
336,245,1566.6,418.0,74.2,267.7,1,-1,-1,-1
337,131,1447.0,381.5,145.8,355.1,1,-1,-1,-1
337,158,1305.9,393.4,116.9,339.6,1,-1,-1,-1
337,95,1611.2,411.1,94.3,291.2,1,-1,-1,-1
337,7,121.6,511.5,80.7,231.8,1,-1,-1,-1
337,217,1382.4,376.7,85.0,329.1,1,-1,-1,-1
337,232,1717.0,405.5,104.5,254.2,1,-1,-1,-1
337,229,1167.9,396.4,107.3,335.8,1,-1,-1,-1
337,177,30.1,497.8,88.7,251.3,1,-1,-1,-1
337,245,1572.0,415.2,73.9,268.3,1,-1,-1,-1
337,99,1677.6,514.7,90.8,213.1,1,-1,-1,-1
338,131,1446.9,381.9,145.1,351.8,1,-1,-1,-1
338,158,1311.4,393.7,116.5,338.9,1,-1,-1,-1
338,95,1614.5,410.7,92.9,293.1,1,-1,-1,-1
338,7,122.9,519.6,77.6,223.5,1,-1,-1,-1
338,217,1385.1,378.3,83.3,328.8,1,-1,-1,-1
338,232,1723.3,405.3,104.2,255.3,1,-1,-1,-1
338,229,1168.7,396.8,107.9,337.4,1,-1,-1,-1
338,177,30.6,499.1,87.6,251.1,1,-1,-1,-1
338,245,1575.6,413.7,73.6,269.3,1,-1,-1,-1
338,99,1681.3,520.8,87.2,207.4,1,-1,-1,-1
339,131,1445.9,381.5,145.5,351.1,1,-1,-1,-1
339,158,1318.7,392.9,116.5,337.5,1,-1,-1,-1
339,95,1624.2,411.5,92.5,293.3,1,-1,-1,-1
339,7,125.5,542.7,70.5,200.6,1,-1,-1,-1
339,217,1388.9,381.7,81.4,329.0,1,-1,-1,-1
339,232,1730.9,403.0,105.1,256.7,1,-1,-1,-1
339,229,1167.8,396.6,109.0,337.9,1,-1,-1,-1
339,245,1579.7,412.7,73.0,268.6,1,-1,-1,-1
339,99,1678.7,526.7,85.1,201.7,1,-1,-1,-1
339,249,1397.2,381.8,61.7,233.3,1,-1,-1,-1
340,131,1445.2,381.8,145.6,350.0,1,-1,-1,-1
340,158,1323.5,392.1,116.4,336.0,1,-1,-1,-1
340,95,1638.4,411.7,87.9,273.9,1,-1,-1,-1
340,7,126.3,546.1,69.6,196.5,1,-1,-1,-1
340,217,1391.2,384.5,79.1,328.4,1,-1,-1,-1
340,232,1733.6,402.9,104.0,255.4,1,-1,-1,-1
340,229,1168.8,396.1,109.8,338.8,1,-1,-1,-1
340,245,1585.2,412.6,76.2,280.0,1,-1,-1,-1
340,99,1675.5,528.8,85.0,199.6,1,-1,-1,-1
340,249,1398.4,383.2,60.3,228.4,1,-1,-1,-1
341,131,1445.5,382.5,145.5,348.8,1,-1,-1,-1
341,158,1328.1,390.8,116.3,334.5,1,-1,-1,-1
341,95,1639.3,413.5,83.1,262.7,1,-1,-1,-1
341,7,126.1,544.7,70.4,198.1,1,-1,-1,-1
341,217,1392.9,387.2,75.4,320.7,1,-1,-1,-1
341,232,1737.5,403.1,103.7,254.3,1,-1,-1,-1
341,229,1166.5,395.5,111.1,339.3,1,-1,-1,-1
341,245,1586.8,414.4,75.9,280.0,1,-1,-1,-1
341,99,1680.7,528.4,83.8,200.1,1,-1,-1,-1
341,249,1400.2,385.1,57.4,217.4,1,-1,-1,-1
342,131,1445.9,380.6,145.5,348.6,1,-1,-1,-1
342,158,1334.0,388.5,117.2,334.9,1,-1,-1,-1
342,95,1635.8,413.7,87.6,279.0,1,-1,-1,-1
342,7,125.6,540.5,72.2,202.7,1,-1,-1,-1
342,232,1739.9,402.2,104.2,255.9,1,-1,-1,-1
342,229,1163.7,391.8,113.6,343.7,1,-1,-1,-1
342,245,1590.7,420.9,73.8,272.5,1,-1,-1,-1
342,99,1680.9,528.5,83.2,200.3,1,-1,-1,-1
342,249,1397.4,387.6,68.7,262.4,1,-1,-1,-1
342,177,15.8,502.0,89.6,249.0,1,-1,-1,-1
343,131,1448.4,382.9,144.2,345.0,1,-1,-1,-1
343,158,1338.7,390.3,117.1,331.4,1,-1,-1,-1
343,95,1635.4,413.8,89.0,285.5,1,-1,-1,-1
343,7,125.4,539.0,73.2,204.5,1,-1,-1,-1
343,232,1744.8,403.0,104.3,254.7,1,-1,-1,-1
343,229,1160.1,388.4,115.8,347.2,1,-1,-1,-1
343,245,1594.9,424.6,71.7,264.6,1,-1,-1,-1
343,99,1682.2,527.7,82.8,201.5,1,-1,-1,-1
343,249,1397.6,388.6,71.7,276.7,1,-1,-1,-1
343,177,12.4,502.6,92.0,248.6,1,-1,-1,-1
344,131,1450.9,385.6,143.7,343.1,1,-1,-1,-1
344,158,1341.7,391.3,117.3,329.6,1,-1,-1,-1
344,95,1647.0,413.6,81.7,262.9,1,-1,-1,-1
344,7,125.4,537.8,73.8,205.6,1,-1,-1,-1
344,232,1748.9,404.1,104.3,252.8,1,-1,-1,-1
344,229,1160.3,386.4,116.8,349.0,1,-1,-1,-1
344,245,1601.3,426.5,70.0,256.4,1,-1,-1,-1
344,99,1680.5,525.9,83.1,203.2,1,-1,-1,-1
344,177,10.3,502.3,93.9,247.5,1,-1,-1,-1
345,131,1453.9,389.2,142.8,341.1,1,-1,-1,-1
345,158,1344.6,391.7,117.8,330.4,1,-1,-1,-1
345,95,1656.7,410.1,92.1,299.8,1,-1,-1,-1
345,7,124.6,537.8,74.2,205.9,1,-1,-1,-1
345,232,1751.2,407.9,102.4,247.2,1,-1,-1,-1
345,229,1160.5,385.0,117.6,351.7,1,-1,-1,-1
345,245,1605.8,425.4,71.9,259.2,1,-1,-1,-1
345,99,1678.6,523.8,83.7,205.1,1,-1,-1,-1
345,177,8.9,501.8,96.3,248.7,1,-1,-1,-1
345,85,1673.1,409.2,57.7,204.7,1,-1,-1,-1
346,131,1456.1,391.3,142.1,339.4,1,-1,-1,-1
346,158,1346.1,390.9,119.0,334.3,1,-1,-1,-1
346,95,1662.4,408.1,93.7,307.5,1,-1,-1,-1
346,7,124.2,538.4,74.3,205.2,1,-1,-1,-1
346,232,1753.8,408.5,102.0,247.7,1,-1,-1,-1
346,229,1157.3,384.6,118.3,352.5,1,-1,-1,-1
346,245,1608.5,424.9,71.8,253.3,1,-1,-1,-1
346,99,1672.8,523.7,85.1,205.5,1,-1,-1,-1
346,177,8.3,501.8,98.0,248.7,1,-1,-1,-1
346,85,1676.2,407.8,59.7,199.9,1,-1,-1,-1
347,131,1459.1,392.6,140.6,334.8,1,-1,-1,-1
347,158,1350.2,387.8,119.1,336.4,1,-1,-1,-1
347,95,1668.1,407.8,96.4,319.2,1,-1,-1,-1
347,7,124.1,538.5,74.4,205.1,1,-1,-1,-1
347,232,1755.6,408.5,101.7,248.3,1,-1,-1,-1
347,229,1156.0,385.2,118.6,353.8,1,-1,-1,-1
347,245,1611.3,425.2,72.4,248.1,1,-1,-1,-1
347,99,1673.9,518.9,86.7,210.3,1,-1,-1,-1
347,177,9.8,502.4,98.2,247.6,1,-1,-1,-1
347,85,1682.5,406.8,73.4,238.0,1,-1,-1,-1
347,256,1530.2,383.5,74.4,315.6,1,-1,-1,-1
348,131,1462.3,395.3,139.6,331.7,1,-1,-1,-1
348,158,1354.5,385.0,119.2,338.6,1,-1,-1,-1
348,95,1672.3,407.0,96.9,324.0,1,-1,-1,-1
348,7,123.5,536.6,75.1,207.1,1,-1,-1,-1
348,232,1758.4,408.7,101.0,247.4,1,-1,-1,-1
348,229,1151.5,387.3,119.8,354.8,1,-1,-1,-1
348,245,1612.7,425.0,73.8,246.6,1,-1,-1,-1
348,99,1677.7,527.4,83.3,201.8,1,-1,-1,-1
348,177,13.4,502.7,97.8,247.4,1,-1,-1,-1
348,256,1532.4,385.9,73.9,313.4,1,-1,-1,-1
349,131,1465.8,396.7,138.1,326.4,1,-1,-1,-1
349,158,1358.8,385.5,117.6,335.2,1,-1,-1,-1
349,95,1679.2,405.5,93.4,314.3,1,-1,-1,-1
349,7,123.1,535.2,75.6,208.3,1,-1,-1,-1
349,232,1760.2,409.4,98.9,244.0,1,-1,-1,-1
349,229,1149.2,389.3,120.4,354.0,1,-1,-1,-1
349,245,1615.3,425.0,75.5,248.1,1,-1,-1,-1
349,99,1680.6,531.1,81.5,197.9,1,-1,-1,-1
349,177,17.4,503.0,96.9,246.4,1,-1,-1,-1
349,256,1536.7,387.7,73.2,309.6,1,-1,-1,-1
350,131,1468.9,397.0,137.1,322.8,1,-1,-1,-1
350,158,1364.3,387.8,115.6,331.6,1,-1,-1,-1
350,95,1684.6,403.3,92.2,312.0,1,-1,-1,-1
350,7,122.4,531.5,76.8,211.8,1,-1,-1,-1
350,232,1761.4,409.0,96.7,242.5,1,-1,-1,-1
350,229,1144.7,390.0,122.0,356.2,1,-1,-1,-1
350,245,1618.9,424.1,77.6,251.9,1,-1,-1,-1
350,99,1680.7,530.8,81.5,198.3,1,-1,-1,-1
350,177,18.7,503.1,96.5,246.7,1,-1,-1,-1
350,256,1543.5,390.5,72.5,306.3,1,-1,-1,-1
351,131,1470.1,397.3,137.0,321.3,1,-1,-1,-1
351,158,1369.4,393.5,112.9,325.8,1,-1,-1,-1
351,95,1692.8,401.2,89.8,302.2,1,-1,-1,-1
351,7,122.1,529.9,77.2,213.3,1,-1,-1,-1
351,232,1763.7,408.6,95.5,242.0,1,-1,-1,-1
351,229,1141.6,390.8,122.9,357.5,1,-1,-1,-1
351,245,1623.0,423.2,78.9,252.5,1,-1,-1,-1
351,99,1679.9,530.9,81.9,198.1,1,-1,-1,-1
351,177,19.0,503.5,96.0,246.0,1,-1,-1,-1
351,256,1547.9,391.8,71.2,300.3,1,-1,-1,-1
352,131,1473.9,397.2,137.4,322.6,1,-1,-1,-1
352,158,1376.5,397.1,110.5,320.9,1,-1,-1,-1
352,95,1700.8,401.1,92.5,307.4,1,-1,-1,-1
352,7,121.3,525.8,78.3,217.4,1,-1,-1,-1
352,232,1768.9,408.7,94.3,242.9,1,-1,-1,-1
352,229,1138.6,390.4,124.0,360.4,1,-1,-1,-1
352,245,1627.9,422.3,79.0,249.2,1,-1,-1,-1
352,99,1680.1,533.7,81.2,195.1,1,-1,-1,-1
352,177,18.2,502.9,96.0,246.4,1,-1,-1,-1
352,256,1553.1,393.9,70.5,295.8,1,-1,-1,-1
353,131,1478.8,397.4,136.6,321.0,1,-1,-1,-1
353,158,1382.2,399.9,108.3,316.0,1,-1,-1,-1
353,95,1707.6,402.0,94.8,310.2,1,-1,-1,-1
353,7,120.6,520.6,80.1,224.1,1,-1,-1,-1
353,232,1770.9,408.3,93.4,243.8,1,-1,-1,-1
353,229,1135.2,384.3,126.0,367.1,1,-1,-1,-1
353,245,1630.7,422.2,80.0,248.4,1,-1,-1,-1
353,99,1681.2,534.8,80.7,194.2,1,-1,-1,-1
353,177,18.1,501.8,95.9,246.2,1,-1,-1,-1
353,256,1557.1,392.6,70.1,292.7,1,-1,-1,-1
354,131,1480.6,398.6,136.2,319.9,1,-1,-1,-1
354,158,1384.8,400.7,107.2,313.8,1,-1,-1,-1
354,95,1714.0,401.6,97.7,312.9,1,-1,-1,-1
354,7,120.1,518.3,80.5,227.0,1,-1,-1,-1
354,232,1774.3,406.7,92.1,245.4,1,-1,-1,-1
354,229,1129.8,380.9,127.8,371.2,1,-1,-1,-1
354,245,1634.5,421.9,81.2,248.2,1,-1,-1,-1
354,99,1680.9,531.9,81.7,197.5,1,-1,-1,-1
354,177,17.6,502.6,95.9,246.3,1,-1,-1,-1
354,256,1559.7,391.8,69.5,289.2,1,-1,-1,-1
355,131,1482.9,400.1,135.2,317.9,1,-1,-1,-1
355,158,1388.5,401.9,106.2,311.2,1,-1,-1,-1
355,95,1718.5,401.8,100.1,313.8,1,-1,-1,-1
355,7,120.0,521.2,78.7,223.2,1,-1,-1,-1
355,232,1780.1,407.1,90.2,243.9,1,-1,-1,-1
355,229,1122.2,378.3,129.9,373.1,1,-1,-1,-1
355,245,1638.8,422.4,82.7,249.1,1,-1,-1,-1
355,99,1681.1,535.2,80.6,194.7,1,-1,-1,-1
355,177,19.6,503.4,95.1,245.4,1,-1,-1,-1
355,256,1565.2,389.8,70.0,288.0,1,-1,-1,-1
356,131,1486.8,401.4,134.3,315.8,1,-1,-1,-1
356,158,1391.7,403.9,104.8,307.4,1,-1,-1,-1
356,95,1720.3,402.9,101.9,313.8,1,-1,-1,-1
356,7,120.1,525.1,76.8,218.9,1,-1,-1,-1
356,232,1784.2,407.8,87.8,241.3,1,-1,-1,-1
356,229,1117.6,377.3,131.4,373.8,1,-1,-1,-1
356,245,1639.9,422.1,84.8,251.4,1,-1,-1,-1
356,99,1681.9,537.9,79.7,192.5,1,-1,-1,-1
356,177,18.3,502.4,95.8,247.0,1,-1,-1,-1
356,256,1568.7,388.2,69.3,279.6,1,-1,-1,-1
356,262,1560.0,387.2,59.9,108.6,1,-1,-1,-1
357,131,1490.4,404.2,132.8,312.9,1,-1,-1,-1
357,158,1395.1,402.1,104.7,307.4,1,-1,-1,-1
357,95,1720.1,403.7,105.3,320.4,1,-1,-1,-1
357,7,120.0,525.1,76.4,218.7,1,-1,-1,-1
357,232,1786.8,408.6,85.3,238.8,1,-1,-1,-1
357,229,1113.9,375.0,133.7,376.9,1,-1,-1,-1
357,245,1641.9,425.2,83.9,244.4,1,-1,-1,-1
357,99,1683.3,536.2,81.3,196.4,1,-1,-1,-1
357,177,17.9,502.8,95.7,246.5,1,-1,-1,-1
357,256,1575.3,386.8,71.1,279.1,1,-1,-1,-1
357,262,1566.2,386.3,60.0,108.8,1,-1,-1,-1
358,131,1493.5,406.2,131.4,310.2,1,-1,-1,-1
358,158,1399.8,405.7,103.2,303.6,1,-1,-1,-1
358,95,1721.7,400.6,106.5,322.6,1,-1,-1,-1
358,7,119.3,521.8,76.9,221.8,1,-1,-1,-1
358,232,1790.3,406.9,84.3,240.2,1,-1,-1,-1
358,229,1111.9,374.3,135.6,379.2,1,-1,-1,-1
358,245,1646.4,427.3,84.6,242.5,1,-1,-1,-1
358,99,1686.4,537.5,81.9,197.5,1,-1,-1,-1
358,177,17.4,502.6,96.0,246.6,1,-1,-1,-1
358,256,1578.9,385.0,75.2,288.5,1,-1,-1,-1
358,262,1569.1,385.8,62.3,112.7,1,-1,-1,-1
358,264,1389.7,394.9,62.1,304.7,1,-1,-1,-1
359,131,1496.2,407.1,130.0,308.0,1,-1,-1,-1
359,158,1405.3,407.5,102.8,302.0,1,-1,-1,-1
359,95,1719.2,399.4,105.3,322.2,1,-1,-1,-1
359,7,119.5,521.6,76.7,222.8,1,-1,-1,-1
359,232,1793.2,408.5,81.9,237.0,1,-1,-1,-1
359,229,1110.9,374.0,137.0,380.7,1,-1,-1,-1
359,245,1648.3,426.3,85.5,242.8,1,-1,-1,-1
359,99,1688.9,538.3,81.9,197.5,1,-1,-1,-1
359,177,17.1,502.5,95.8,246.1,1,-1,-1,-1
359,256,1579.1,385.2,77.9,293.0,1,-1,-1,-1
359,262,1571.5,386.0,63.3,114.3,1,-1,-1,-1
359,264,1391.0,394.3,61.2,299.3,1,-1,-1,-1
360,131,1499.8,407.6,129.3,307.2,1,-1,-1,-1
360,158,1414.9,410.0,103.0,298.6,1,-1,-1,-1
360,95,1721.5,397.0,102.9,318.8,1,-1,-1,-1
360,7,119.5,521.6,76.4,223.4,1,-1,-1,-1
360,232,1798.4,410.5,79.7,235.5,1,-1,-1,-1
360,229,1108.8,374.1,139.1,384.4,1,-1,-1,-1
360,245,1653.5,426.4,85.7,240.1,1,-1,-1,-1
360,99,1691.7,538.2,81.8,197.7,1,-1,-1,-1
360,177,16.7,502.0,95.7,246.0,1,-1,-1,-1
360,256,1584.3,389.0,78.2,287.6,1,-1,-1,-1
360,264,1395.7,394.2,58.7,284.9,1,-1,-1,-1
361,131,1504.3,407.3,127.2,303.9,1,-1,-1,-1
361,158,1420.6,411.7,103.7,296.7,1,-1,-1,-1
361,95,1729.4,395.2,103.9,321.4,1,-1,-1,-1
361,7,119.6,521.5,75.8,223.2,1,-1,-1,-1
361,232,1803.0,410.2,78.3,236.2,1,-1,-1,-1
361,229,1106.0,374.0,141.3,387.5,1,-1,-1,-1
361,245,1656.4,429.1,85.5,238.6,1,-1,-1,-1
361,99,1697.3,536.9,81.8,199.2,1,-1,-1,-1
361,177,18.9,501.9,95.6,247.3,1,-1,-1,-1
361,256,1588.5,392.2,78.0,281.0,1,-1,-1,-1
361,264,1405.0,393.8,56.6,274.3,1,-1,-1,-1
361,266,6.0,496.4,143.8,484.3,1,-1,-1,-1
362,131,1510.0,406.0,125.6,302.2,1,-1,-1,-1
362,158,1427.2,411.4,104.6,296.4,1,-1,-1,-1
362,95,1737.9,396.4,105.3,324.6,1,-1,-1,-1
362,7,119.3,520.7,75.4,223.8,1,-1,-1,-1
362,232,1808.2,410.4,77.4,236.7,1,-1,-1,-1
362,229,1105.2,374.5,142.7,389.2,1,-1,-1,-1
362,245,1661.1,429.5,84.9,236.2,1,-1,-1,-1
362,99,1704.7,532.5,83.0,204.4,1,-1,-1,-1
362,256,1591.6,393.9,79.6,280.5,1,-1,-1,-1
362,264,1411.0,393.1,54.1,259.7,1,-1,-1,-1
362,266,13.9,502.0,143.0,479.2,1,-1,-1,-1
363,131,1512.9,405.8,124.5,302.4,1,-1,-1,-1
363,158,1429.6,410.6,105.2,297.4,1,-1,-1,-1
363,95,1739.7,392.9,102.7,315.1,1,-1,-1,-1
363,7,120.5,518.7,76.0,224.8,1,-1,-1,-1
363,232,1810.8,410.4,76.6,237.7,1,-1,-1,-1
363,229,1104.7,374.8,144.3,391.7,1,-1,-1,-1
363,245,1664.7,428.5,85.0,236.6,1,-1,-1,-1
363,99,1713.6,529.9,82.2,206.8,1,-1,-1,-1
363,256,1594.0,395.4,81.0,281.6,1,-1,-1,-1
363,264,1414.8,405.4,59.6,283.7,1,-1,-1,-1
363,266,0.0,311.9,188.2,669.7,1,-1,-1,-1
364,131,1517.9,405.7,123.3,302.4,1,-1,-1,-1
364,158,1429.1,409.1,105.3,298.1,1,-1,-1,-1
364,95,1738.6,391.8,103.5,319.6,1,-1,-1,-1
364,7,121.2,515.8,76.8,227.5,1,-1,-1,-1
364,232,1813.7,410.4,78.1,245.0,1,-1,-1,-1
364,229,1103.0,375.3,145.9,392.7,1,-1,-1,-1
364,245,1667.8,427.0,85.8,237.7,1,-1,-1,-1
364,99,1719.4,527.3,81.7,209.7,1,-1,-1,-1
364,256,1595.9,397.2,81.0,280.5,1,-1,-1,-1
364,264,1414.1,400.6,62.8,298.4,1,-1,-1,-1
364,266,0.0,237.3,200.4,742.8,1,-1,-1,-1
364,85,1770.8,396.4,96.7,321.6,1,-1,-1,-1
365,131,1524.8,404.5,122.7,302.7,1,-1,-1,-1
365,158,1433.9,410.0,103.8,294.0,1,-1,-1,-1
365,95,1746.0,389.3,104.5,319.9,1,-1,-1,-1
365,7,121.6,511.7,75.5,224.5,1,-1,-1,-1
365,232,1814.0,411.3,87.6,277.2,1,-1,-1,-1
365,229,1101.5,374.4,148.0,395.0,1,-1,-1,-1
365,245,1670.2,427.9,85.7,235.3,1,-1,-1,-1
365,99,1726.5,526.2,83.0,211.6,1,-1,-1,-1
365,256,1600.3,394.7,83.0,284.1,1,-1,-1,-1
365,264,1419.8,397.6,61.6,292.4,1,-1,-1,-1
365,266,0.0,210.2,205.3,770.2,1,-1,-1,-1
365,268,16.3,238.0,66.0,747.7,1,-1,-1,-1
365,85,1780.0,395.3,99.7,326.6,1,-1,-1,-1
366,131,1531.6,406.5,120.9,299.2,1,-1,-1,-1
366,158,1438.7,410.0,102.8,291.8,1,-1,-1,-1
366,95,1750.2,388.1,105.2,321.9,1,-1,-1,-1
366,7,126.9,512.3,64.9,190.1,1,-1,-1,-1
366,232,1814.2,411.6,93.0,299.4,1,-1,-1,-1
366,229,1101.4,373.3,149.6,397.2,1,-1,-1,-1
366,245,1672.8,428.6,85.5,233.1,1,-1,-1,-1
366,99,1732.5,524.3,85.1,213.5,1,-1,-1,-1
366,256,1602.8,393.0,82.8,280.6,1,-1,-1,-1
366,264,1425.5,395.8,54.3,254.6,1,-1,-1,-1
366,266,0.0,200.8,205.0,779.6,1,-1,-1,-1
366,268,26.3,237.3,67.0,745.9,1,-1,-1,-1
366,85,1774.2,392.2,106.5,330.3,1,-1,-1,-1
367,131,1538.9,408.6,120.3,297.1,1,-1,-1,-1
367,158,1445.6,409.6,102.4,291.3,1,-1,-1,-1
367,95,1750.9,387.0,101.5,310.5,1,-1,-1,-1
367,232,1814.3,404.1,95.8,313.8,1,-1,-1,-1
367,229,1097.2,369.7,152.2,401.0,1,-1,-1,-1
367,245,1678.7,426.3,88.1,238.1,1,-1,-1,-1
367,99,1741.2,523.8,87.2,212.4,1,-1,-1,-1
367,256,1607.1,393.1,81.1,273.3,1,-1,-1,-1
367,264,1433.4,395.0,47.8,217.1,1,-1,-1,-1
367,266,0.0,203.5,199.9,777.7,1,-1,-1,-1
367,85,1769.9,390.9,113.7,331.6,1,-1,-1,-1
368,131,1545.3,410.7,119.9,293.8,1,-1,-1,-1
368,158,1449.4,408.4,102.9,291.9,1,-1,-1,-1
368,232,1815.8,400.5,97.5,321.3,1,-1,-1,-1
368,229,1095.4,366.1,154.2,404.5,1,-1,-1,-1
368,245,1682.6,426.2,88.4,237.1,1,-1,-1,-1
368,99,1746.0,527.2,88.9,209.3,1,-1,-1,-1
368,256,1611.9,391.9,78.1,260.1,1,-1,-1,-1
368,264,1436.6,394.8,47.0,208.5,1,-1,-1,-1
368,266,0.0,209.1,204.4,773.8,1,-1,-1,-1
368,85,1769.8,389.3,121.0,336.2,1,-1,-1,-1
368,275,926.1,524.1,30.6,104.0,1,-1,-1,-1
369,131,1549.3,409.7,120.9,294.9,1,-1,-1,-1
369,158,1450.9,407.5,103.7,292.0,1,-1,-1,-1
369,232,1818.2,400.1,98.3,324.0,1,-1,-1,-1
369,229,1094.7,363.0,155.3,406.7,1,-1,-1,-1
369,245,1685.3,427.4,88.6,235.2,1,-1,-1,-1
369,99,1759.8,526.7,90.1,210.7,1,-1,-1,-1
369,256,1616.7,390.9,73.3,240.4,1,-1,-1,-1
369,264,1437.7,395.6,50.2,219.6,1,-1,-1,-1
369,266,4.8,213.2,216.5,767.3,1,-1,-1,-1
369,85,1772.0,388.5,126.8,338.0,1,-1,-1,-1
369,275,925.8,522.1,30.9,104.6,1,-1,-1,-1
370,131,1553.4,410.6,120.9,294.1,1,-1,-1,-1
370,158,1454.3,407.9,104.8,291.1,1,-1,-1,-1
370,232,1821.6,400.5,97.1,324.2,1,-1,-1,-1
370,229,1093.1,359.7,157.3,412.4,1,-1,-1,-1
370,245,1683.9,428.9,87.6,235.4,1,-1,-1,-1
370,99,1771.8,526.0,88.8,208.5,1,-1,-1,-1
370,256,1621.9,390.0,73.1,238.0,1,-1,-1,-1
370,264,1439.7,397.1,52.1,226.0,1,-1,-1,-1
370,266,47.5,219.5,219.4,758.3,1,-1,-1,-1
370,85,1783.5,393.3,125.6,332.7,1,-1,-1,-1
370,275,925.3,521.7,31.3,105.5,1,-1,-1,-1
371,131,1556.5,411.1,120.7,293.2,1,-1,-1,-1
371,158,1455.0,406.6,106.9,292.1,1,-1,-1,-1
371,232,1825.6,402.5,94.4,324.7,1,-1,-1,-1
371,229,1091.4,358.3,158.9,416.4,1,-1,-1,-1
371,245,1688.9,428.2,88.5,236.8,1,-1,-1,-1
371,99,1777.8,525.6,88.6,210.8,1,-1,-1,-1
371,256,1622.5,390.5,78.9,260.2,1,-1,-1,-1
371,264,1440.1,398.1,56.2,242.4,1,-1,-1,-1
371,266,53.9,230.9,217.5,745.2,1,-1,-1,-1
371,85,1791.7,392.9,123.6,332.3,1,-1,-1,-1
371,275,924.1,521.4,31.8,106.3,1,-1,-1,-1
371,217,1442.3,400.4,72.1,295.9,1,-1,-1,-1
372,131,1562.7,408.6,120.5,293.2,1,-1,-1,-1
372,158,1457.5,406.5,109.1,291.7,1,-1,-1,-1
372,232,1827.6,397.9,92.4,332.0,1,-1,-1,-1
372,229,1089.0,358.4,159.6,419.8,1,-1,-1,-1
372,245,1698.3,432.3,87.4,230.1,1,-1,-1,-1
372,99,1778.4,525.4,89.3,212.8,1,-1,-1,-1
372,256,1624.1,389.3,82.0,275.3,1,-1,-1,-1
372,266,102.0,239.5,228.8,733.1,1,-1,-1,-1
372,85,1788.8,392.9,126.9,336.2,1,-1,-1,-1
372,275,922.4,519.6,32.0,106.0,1,-1,-1,-1
372,217,1439.7,401.1,68.3,277.6,1,-1,-1,-1
373,131,1569.6,408.8,119.1,291.7,1,-1,-1,-1
373,158,1459.1,404.9,111.2,291.9,1,-1,-1,-1
373,232,1827.2,390.6,92.8,339.3,1,-1,-1,-1
373,229,1084.8,359.4,159.1,420.0,1,-1,-1,-1
373,245,1700.5,434.7,88.1,228.1,1,-1,-1,-1
373,99,1785.9,525.2,88.9,214.0,1,-1,-1,-1
373,256,1629.1,387.0,83.5,285.0,1,-1,-1,-1
373,266,125.8,248.3,241.2,721.6,1,-1,-1,-1
373,85,1783.9,390.4,130.6,340.0,1,-1,-1,-1
373,275,920.5,517.9,32.3,106.4,1,-1,-1,-1
373,217,1441.0,401.7,68.1,278.0,1,-1,-1,-1
374,131,1575.4,408.8,117.7,290.1,1,-1,-1,-1
374,158,1464.5,408.4,110.8,287.0,1,-1,-1,-1
374,232,1825.9,386.5,94.1,344.0,1,-1,-1,-1
374,229,1080.3,360.4,159.4,422.5,1,-1,-1,-1
374,245,1698.8,436.0,86.9,224.8,1,-1,-1,-1
374,99,1793.3,524.6,89.3,215.6,1,-1,-1,-1
374,256,1633.6,386.3,83.8,290.2,1,-1,-1,-1
374,266,134.9,257.5,252.8,708.9,1,-1,-1,-1
374,85,1777.3,386.6,134.9,344.5,1,-1,-1,-1
374,275,917.7,518.7,33.1,108.4,1,-1,-1,-1
374,217,1443.0,401.6,68.0,281.2,1,-1,-1,-1
374,264,1460.7,401.3,67.0,279.6,1,-1,-1,-1
375,131,1580.7,408.4,116.9,290.1,1,-1,-1,-1
375,158,1471.4,411.4,110.8,285.2,1,-1,-1,-1
375,229,1077.9,361.4,158.7,424.0,1,-1,-1,-1
375,245,1700.9,431.4,87.6,224.3,1,-1,-1,-1
375,99,1807.1,526.9,89.2,214.5,1,-1,-1,-1
375,256,1637.2,388.4,80.9,285.8,1,-1,-1,-1
375,266,138.1,262.9,264.5,701.7,1,-1,-1,-1
375,85,1781.8,385.0,132.0,332.9,1,-1,-1,-1
375,275,920.6,526.2,30.6,100.7,1,-1,-1,-1
375,217,1450.0,400.8,69.0,283.0,1,-1,-1,-1
375,264,1467.0,401.6,71.4,289.1,1,-1,-1,-1
376,131,1584.6,406.6,116.4,291.3,1,-1,-1,-1
376,158,1478.5,412.8,111.2,285.6,1,-1,-1,-1
376,229,1074.2,361.3,158.5,427.2,1,-1,-1,-1
376,245,1702.8,429.8,89.0,225.6,1,-1,-1,-1
376,99,1816.5,527.2,90.3,212.4,1,-1,-1,-1
376,256,1643.7,393.9,77.6,279.6,1,-1,-1,-1
376,266,146.1,266.5,273.6,693.9,1,-1,-1,-1
376,85,1801.9,384.0,112.6,280.5,1,-1,-1,-1
376,275,920.9,526.5,29.7,99.0,1,-1,-1,-1
376,217,1453.2,400.3,68.3,279.6,1,-1,-1,-1
376,264,1475.8,402.1,76.6,295.0,1,-1,-1,-1
376,286,1037.7,459.9,63.5,175.1,1,-1,-1,-1
376,7,119.2,508.8,77.9,231.4,1,-1,-1,-1
377,131,1591.6,406.0,116.8,291.8,1,-1,-1,-1
377,158,1485.9,415.1,108.3,277.5,1,-1,-1,-1
377,229,1063.4,357.9,160.4,432.4,1,-1,-1,-1
377,245,1699.1,427.6,93.1,232.8,1,-1,-1,-1
377,99,1822.5,525.8,92.3,214.9,1,-1,-1,-1
377,256,1649.1,397.4,75.3,276.6,1,-1,-1,-1
377,266,165.5,269.3,276.5,683.3,1,-1,-1,-1
377,85,1815.1,382.0,96.2,234.8,1,-1,-1,-1
377,217,1457.0,398.5,67.6,276.1,1,-1,-1,-1
377,288,1769.6,448.1,59.3,193.0,1,-1,-1,-1
377,7,116.7,494.2,82.5,250.1,1,-1,-1,-1
377,95,1812.9,380.8,71.1,216.3,1,-1,-1,-1
378,131,1596.9,405.9,117.2,291.9,1,-1,-1,-1
378,158,1490.3,415.6,106.3,272.0,1,-1,-1,-1
378,229,1057.0,355.0,161.6,435.6,1,-1,-1,-1
378,245,1704.7,426.0,93.6,235.9,1,-1,-1,-1
378,99,1825.8,525.0,93.8,217.9,1,-1,-1,-1
378,256,1652.9,398.0,73.6,274.3,1,-1,-1,-1
378,266,188.3,271.5,272.7,664.3,1,-1,-1,-1
378,85,1816.5,380.1,91.7,225.5,1,-1,-1,-1
378,217,1459.2,396.8,66.7,270.4,1,-1,-1,-1
378,288,1773.0,449.1,58.4,190.0,1,-1,-1,-1
378,7,117.2,498.5,80.7,247.3,1,-1,-1,-1
378,293,1659.0,396.2,54.1,94.2,1,-1,-1,-1
378,177,22.0,503.1,94.5,246.9,1,-1,-1,-1
379,131,1599.4,405.5,117.8,293.5,1,-1,-1,-1
379,158,1491.6,415.5,105.0,270.3,1,-1,-1,-1
379,229,1051.8,352.2,162.9,438.4,1,-1,-1,-1
379,245,1708.4,424.6,92.9,236.9,1,-1,-1,-1
379,99,1836.0,528.7,84.0,216.3,1,-1,-1,-1
379,256,1660.0,397.3,72.4,270.5,1,-1,-1,-1
379,266,211.7,274.1,267.6,650.0,1,-1,-1,-1
379,85,1821.5,379.6,92.1,225.3,1,-1,-1,-1
379,217,1455.9,395.5,69.3,275.0,1,-1,-1,-1
379,288,1775.0,450.2,58.0,189.0,1,-1,-1,-1
379,7,118.2,503.7,78.6,242.6,1,-1,-1,-1
379,293,1662.1,395.4,57.2,99.4,1,-1,-1,-1
379,177,11.3,502.5,99.4,251.7,1,-1,-1,-1
380,131,1603.0,407.0,117.0,292.3,1,-1,-1,-1
380,158,1491.6,413.4,104.6,272.8,1,-1,-1,-1
380,229,1045.8,349.1,164.5,442.3,1,-1,-1,-1
380,245,1710.5,419.5,91.7,238.9,1,-1,-1,-1
380,99,1842.3,524.7,77.7,218.7,1,-1,-1,-1
380,256,1667.6,395.6,72.4,270.5,1,-1,-1,-1
380,266,240.9,272.3,259.4,642.4,1,-1,-1,-1
380,85,1821.6,378.4,97.7,240.7,1,-1,-1,-1
380,217,1459.6,395.6,70.2,280.2,1,-1,-1,-1
380,288,1776.7,453.8,56.1,183.5,1,-1,-1,-1
380,7,119.0,506.5,77.5,239.7,1,-1,-1,-1
380,293,1666.9,393.5,64.8,112.7,1,-1,-1,-1
380,177,9.1,502.7,100.8,249.1,1,-1,-1,-1
381,131,1608.6,410.5,116.0,289.2,1,-1,-1,-1
381,158,1492.3,412.4,103.5,274.2,1,-1,-1,-1
381,229,1039.2,345.7,165.9,446.1,1,-1,-1,-1
381,245,1719.4,429.2,83.4,219.0,1,-1,-1,-1
381,99,1849.3,526.3,70.7,218.6,1,-1,-1,-1
381,256,1672.3,395.0,73.0,271.8,1,-1,-1,-1
381,266,276.0,274.6,248.4,635.4,1,-1,-1,-1
381,85,1823.1,377.6,96.9,251.8,1,-1,-1,-1
381,217,1462.8,396.5,70.3,283.9,1,-1,-1,-1
381,288,1778.2,455.0,55.9,183.0,1,-1,-1,-1
381,7,120.0,509.0,76.6,236.8,1,-1,-1,-1
381,293,1671.8,393.5,63.6,110.2,1,-1,-1,-1
381,177,11.2,502.5,101.4,248.2,1,-1,-1,-1
382,131,1614.4,412.0,115.8,287.4,1,-1,-1,-1
382,158,1493.5,413.3,101.4,272.9,1,-1,-1,-1
382,229,1034.7,343.2,166.7,448.4,1,-1,-1,-1
382,245,1729.0,435.2,80.3,213.8,1,-1,-1,-1
382,256,1680.0,396.0,73.0,266.3,1,-1,-1,-1
382,266,310.3,276.5,239.0,633.0,1,-1,-1,-1
382,85,1827.4,378.2,92.6,255.8,1,-1,-1,-1
382,217,1467.1,397.9,70.1,286.1,1,-1,-1,-1
382,288,1782.3,455.8,55.4,181.7,1,-1,-1,-1
382,7,120.2,508.6,77.0,237.8,1,-1,-1,-1
382,293,1676.0,394.5,62.1,107.1,1,-1,-1,-1
382,177,10.3,478.1,108.7,270.8,1,-1,-1,-1
382,232,1829.4,383.4,90.6,357.6,1,-1,-1,-1
383,131,1617.5,412.4,115.5,286.4,1,-1,-1,-1
383,158,1495.0,413.4,99.9,272.5,1,-1,-1,-1
383,229,1029.7,341.4,168.6,452.8,1,-1,-1,-1
383,245,1733.8,434.5,80.6,215.4,1,-1,-1,-1
383,256,1684.3,395.1,74.8,266.4,1,-1,-1,-1
383,266,336.7,276.0,230.9,629.0,1,-1,-1,-1
383,217,1471.6,398.1,69.1,285.2,1,-1,-1,-1
383,288,1785.3,454.6,54.8,179.0,1,-1,-1,-1
383,7,120.4,507.4,77.5,238.8,1,-1,-1,-1
383,293,1676.3,393.7,65.6,113.3,1,-1,-1,-1
383,177,11.6,492.8,103.8,255.1,1,-1,-1,-1
383,232,1832.5,381.1,87.5,354.4,1,-1,-1,-1
384,131,1619.3,412.3,113.5,282.2,1,-1,-1,-1
384,158,1497.3,413.9,99.4,271.0,1,-1,-1,-1
384,229,1025.3,340.2,171.5,458.0,1,-1,-1,-1
384,245,1729.3,430.7,82.1,220.4,1,-1,-1,-1
384,256,1688.0,393.4,78.0,271.5,1,-1,-1,-1
384,266,363.6,282.2,226.5,623.2,1,-1,-1,-1
384,217,1475.3,401.6,66.7,279.4,1,-1,-1,-1
384,288,1786.4,452.9,55.7,181.2,1,-1,-1,-1
384,7,120.1,511.4,76.2,234.8,1,-1,-1,-1
384,232,1835.2,381.6,84.8,358.9,1,-1,-1,-1
385,131,1623.5,410.9,112.4,278.9,1,-1,-1,-1
385,158,1504.8,417.3,97.5,266.7,1,-1,-1,-1
385,229,1024.4,340.1,174.3,461.8,1,-1,-1,-1
385,245,1730.8,440.0,77.6,209.6,1,-1,-1,-1
385,256,1698.6,393.7,82.2,273.7,1,-1,-1,-1
385,266,387.0,288.8,226.5,616.3,1,-1,-1,-1
385,217,1478.3,403.9,65.3,276.0,1,-1,-1,-1
385,288,1787.9,451.5,56.7,182.7,1,-1,-1,-1
385,7,119.4,518.6,74.4,227.7,1,-1,-1,-1
385,232,1838.7,382.2,81.3,355.6,1,-1,-1,-1
386,131,1626.4,409.8,112.4,278.4,1,-1,-1,-1
386,158,1507.9,419.0,96.8,264.0,1,-1,-1,-1
386,229,1020.7,340.5,176.9,464.6,1,-1,-1,-1
386,245,1730.8,446.1,75.5,203.8,1,-1,-1,-1
386,256,1704.6,394.8,84.2,267.0,1,-1,-1,-1
386,266,401.0,294.2,228.4,609.4,1,-1,-1,-1
386,217,1482.4,405.4,64.0,272.5,1,-1,-1,-1
386,288,1791.6,450.7,57.1,181.6,1,-1,-1,-1
386,7,118.4,525.9,72.1,219.9,1,-1,-1,-1
386,232,1842.4,382.6,77.6,350.4,1,-1,-1,-1
386,300,1488.3,412.7,100.8,269.2,1,-1,-1,-1
387,131,1630.5,409.8,112.7,279.5,1,-1,-1,-1
387,158,1509.9,419.2,96.7,263.8,1,-1,-1,-1
387,229,1012.7,340.8,179.7,469.1,1,-1,-1,-1
387,245,1730.9,435.4,80.5,217.4,1,-1,-1,-1
387,256,1696.7,395.3,85.4,272.5,1,-1,-1,-1
387,266,409.7,298.7,231.8,603.8,1,-1,-1,-1
387,217,1488.2,406.9,63.0,270.1,1,-1,-1,-1
387,288,1797.8,451.8,58.5,181.7,1,-1,-1,-1
387,7,113.8,491.3,82.4,254.9,1,-1,-1,-1
387,232,1848.3,377.4,71.7,352.1,1,-1,-1,-1
387,300,1487.8,415.1,98.6,264.4,1,-1,-1,-1
388,131,1634.2,409.7,112.4,279.5,1,-1,-1,-1
388,158,1512.0,418.9,96.1,263.8,1,-1,-1,-1
388,229,1005.8,341.1,181.6,472.5,1,-1,-1,-1
388,245,1734.0,423.5,83.6,230.5,1,-1,-1,-1
388,256,1697.5,397.6,84.9,271.2,1,-1,-1,-1
388,266,416.1,303.6,234.6,596.3,1,-1,-1,-1
388,217,1496.5,406.1,60.5,258.7,1,-1,-1,-1
388,288,1801.3,451.8,59.6,182.0,1,-1,-1,-1
388,7,109.4,447.3,94.5,298.6,1,-1,-1,-1
388,232,1852.7,376.1,67.3,352.6,1,-1,-1,-1
388,177,16.0,500.5,100.8,247.8,1,-1,-1,-1
389,131,1638.5,410.2,111.6,277.5,1,-1,-1,-1
389,158,1513.6,415.8,96.3,266.6,1,-1,-1,-1
389,229,999.3,340.8,183.4,475.9,1,-1,-1,-1
389,245,1739.7,424.0,81.4,228.5,1,-1,-1,-1
389,256,1696.7,399.4,82.7,267.6,1,-1,-1,-1
389,266,422.2,305.0,238.0,592.1,1,-1,-1,-1
389,217,1501.8,405.2,59.0,250.1,1,-1,-1,-1
389,288,1803.7,452.6,59.8,180.4,1,-1,-1,-1
389,7,112.3,461.1,88.5,284.7,1,-1,-1,-1
389,232,1858.7,373.0,61.3,355.0,1,-1,-1,-1
389,304,1164.9,456.5,52.4,190.5,1,-1,-1,-1
389,177,15.3,501.0,101.0,248.4,1,-1,-1,-1
389,85,1850.7,373.1,69.3,258.2,1,-1,-1,-1
389,300,1495.0,410.7,99.8,269.0,1,-1,-1,-1
390,131,1643.9,411.0,111.5,276.1,1,-1,-1,-1
390,158,1514.0,413.7,96.5,267.9,1,-1,-1,-1
390,229,992.9,339.4,185.8,481.0,1,-1,-1,-1
390,245,1741.9,430.4,78.2,221.1,1,-1,-1,-1
390,256,1697.7,399.9,80.5,266.6,1,-1,-1,-1
390,266,436.3,307.1,237.5,586.6,1,-1,-1,-1
390,217,1506.5,405.5,62.3,266.3,1,-1,-1,-1
390,288,1806.0,452.7,60.4,180.4,1,-1,-1,-1
390,7,118.1,505.7,74.9,239.3,1,-1,-1,-1
390,304,1166.9,455.7,52.4,190.6,1,-1,-1,-1
390,177,12.1,500.2,101.9,247.3,1,-1,-1,-1
390,85,1855.6,370.6,64.4,265.2,1,-1,-1,-1
391,131,1649.7,412.4,112.0,274.3,1,-1,-1,-1
391,158,1518.3,412.5,96.4,267.8,1,-1,-1,-1
391,229,989.2,337.0,187.5,485.0,1,-1,-1,-1
391,245,1746.3,427.8,77.2,223.9,1,-1,-1,-1
391,256,1701.4,399.3,79.2,265.5,1,-1,-1,-1
391,266,453.9,305.9,232.9,577.8,1,-1,-1,-1
391,217,1510.1,404.7,63.7,274.0,1,-1,-1,-1
391,288,1806.9,454.0,61.0,179.9,1,-1,-1,-1
391,7,121.0,522.5,70.1,222.2,1,-1,-1,-1
391,304,1167.9,455.0,52.8,191.6,1,-1,-1,-1
391,177,11.3,500.0,102.8,247.3,1,-1,-1,-1
391,306,1885.2,376.1,34.1,259.1,1,-1,-1,-1
392,131,1654.5,412.5,112.8,273.7,1,-1,-1,-1
392,158,1526.2,415.5,95.3,263.5,1,-1,-1,-1
392,229,983.7,333.8,188.8,488.1,1,-1,-1,-1
392,245,1749.9,428.9,74.9,220.9,1,-1,-1,-1
392,256,1705.9,397.7,78.2,266.3,1,-1,-1,-1
392,266,478.2,304.9,223.4,565.5,1,-1,-1,-1
392,217,1516.9,401.6,60.8,266.0,1,-1,-1,-1
392,288,1809.3,454.5,61.4,179.2,1,-1,-1,-1
392,7,123.2,531.9,68.1,212.8,1,-1,-1,-1
392,304,1174.6,452.3,53.3,193.2,1,-1,-1,-1
392,177,11.5,500.2,103.6,248.2,1,-1,-1,-1
392,306,1890.2,373.0,29.8,232.4,1,-1,-1,-1
393,131,1658.1,413.3,112.5,272.1,1,-1,-1,-1
393,158,1532.9,415.4,94.9,262.7,1,-1,-1,-1
393,229,975.4,330.4,190.7,490.4,1,-1,-1,-1
393,245,1751.4,429.6,72.9,219.3,1,-1,-1,-1
393,256,1709.5,398.1,76.4,265.7,1,-1,-1,-1
393,266,502.4,304.6,214.3,557.9,1,-1,-1,-1
393,217,1522.9,400.3,57.5,255.9,1,-1,-1,-1
393,288,1811.4,455.6,62.2,179.4,1,-1,-1,-1
393,7,123.8,531.9,69.0,212.9,1,-1,-1,-1
393,304,1178.8,452.6,53.3,193.5,1,-1,-1,-1
393,177,11.5,500.9,103.9,248.2,1,-1,-1,-1
393,306,1892.3,398.4,25.5,193.2,1,-1,-1,-1
394,131,1662.7,413.9,112.2,271.0,1,-1,-1,-1
394,158,1537.2,406.1,98.5,272.0,1,-1,-1,-1
394,229,972.2,328.0,191.5,492.9,1,-1,-1,-1
394,245,1754.8,428.7,71.2,220.2,1,-1,-1,-1
394,256,1714.0,397.6,73.6,262.0,1,-1,-1,-1
394,266,523.8,304.5,205.5,552.1,1,-1,-1,-1
394,217,1526.2,398.8,56.0,256.1,1,-1,-1,-1
394,288,1811.4,456.1,62.7,178.6,1,-1,-1,-1
394,7,123.1,532.8,69.1,211.5,1,-1,-1,-1
394,304,1184.4,453.0,53.1,192.2,1,-1,-1,-1
394,177,9.6,500.3,104.9,248.8,1,-1,-1,-1
394,306,1893.7,418.7,22.7,169.8,1,-1,-1,-1
395,131,1667.3,414.2,112.0,270.7,1,-1,-1,-1
395,158,1545.4,414.8,96.1,263.6,1,-1,-1,-1
395,229,972.4,324.3,191.7,497.8,1,-1,-1,-1
395,245,1758.9,429.7,69.9,219.0,1,-1,-1,-1
395,266,544.9,305.1,199.2,550.0,1,-1,-1,-1
395,217,1537.2,400.7,53.6,243.8,1,-1,-1,-1
395,288,1814.1,455.7,62.8,178.9,1,-1,-1,-1
395,7,122.0,530.5,70.1,213.5,1,-1,-1,-1
395,304,1190.5,452.9,54.0,193.5,1,-1,-1,-1
395,177,11.0,499.5,105.0,249.3,1,-1,-1,-1
395,306,1895.9,432.5,20.5,151.3,1,-1,-1,-1
396,131,1671.0,413.1,111.9,270.8,1,-1,-1,-1
396,158,1549.4,418.6,95.3,259.9,1,-1,-1,-1
396,229,967.9,322.4,190.8,500.7,1,-1,-1,-1
396,245,1760.8,432.9,66.9,215.4,1,-1,-1,-1
396,266,563.8,304.8,195.6,549.9,1,-1,-1,-1
396,288,1816.2,455.6,62.6,178.2,1,-1,-1,-1
396,7,121.1,526.5,71.6,217.1,1,-1,-1,-1
396,304,1193.5,453.0,54.9,193.3,1,-1,-1,-1
396,177,13.6,500.1,104.2,248.9,1,-1,-1,-1
396,306,1896.6,443.2,19.2,138.5,1,-1,-1,-1
396,256,1733.2,397.5,73.2,257.3,1,-1,-1,-1
397,131,1675.4,413.3,111.2,269.8,1,-1,-1,-1
397,158,1553.1,419.3,95.9,259.7,1,-1,-1,-1
397,229,953.8,322.4,191.8,503.4,1,-1,-1,-1
397,245,1768.0,438.3,62.6,208.2,1,-1,-1,-1
397,266,585.2,308.2,193.3,544.0,1,-1,-1,-1
397,288,1817.2,453.9,63.6,180.0,1,-1,-1,-1
397,7,120.8,526.4,71.8,217.2,1,-1,-1,-1
397,304,1198.4,456.0,55.0,189.9,1,-1,-1,-1
397,177,13.0,500.5,104.0,249.2,1,-1,-1,-1
397,256,1739.2,397.1,73.5,257.0,1,-1,-1,-1
398,131,1678.9,412.4,110.9,269.3,1,-1,-1,-1
398,158,1555.3,416.0,97.1,261.7,1,-1,-1,-1
398,229,938.9,323.7,194.0,506.1,1,-1,-1,-1
398,245,1772.2,437.3,62.2,211.3,1,-1,-1,-1
398,266,593.9,314.6,187.6,534.6,1,-1,-1,-1
398,288,1818.0,452.7,63.0,178.7,1,-1,-1,-1
398,7,120.9,531.3,70.4,212.2,1,-1,-1,-1
398,304,1202.7,457.5,56.1,188.2,1,-1,-1,-1
398,177,13.9,502.3,103.0,247.4,1,-1,-1,-1
398,256,1741.5,397.5,73.7,258.4,1,-1,-1,-1
399,131,1682.9,411.3,110.8,268.6,1,-1,-1,-1
399,158,1560.5,414.4,98.4,262.8,1,-1,-1,-1
399,229,927.4,323.3,196.3,509.4,1,-1,-1,-1
399,245,1779.7,446.5,58.8,199.9,1,-1,-1,-1
399,266,622.4,318.3,191.6,531.3,1,-1,-1,-1
399,288,1820.9,451.5,63.5,180.1,1,-1,-1,-1
399,7,121.0,534.2,69.7,209.2,1,-1,-1,-1
399,304,1204.1,456.7,58.0,188.8,1,-1,-1,-1
399,177,13.8,502.3,102.7,247.2,1,-1,-1,-1
399,256,1744.7,398.0,73.4,260.2,1,-1,-1,-1
400,131,1686.4,411.3,111.0,268.5,1,-1,-1,-1
400,158,1563.0,412.1,100.1,264.8,1,-1,-1,-1
400,229,919.4,323.9,197.7,512.3,1,-1,-1,-1
400,245,1771.8,426.4,65.7,227.3,1,-1,-1,-1
400,266,635.7,325.2,194.4,521.9,1,-1,-1,-1
400,288,1818.8,452.6,63.7,178.6,1,-1,-1,-1
400,7,120.6,534.8,69.8,209.0,1,-1,-1,-1
400,304,1205.5,456.4,59.8,189.1,1,-1,-1,-1
400,177,15.7,502.9,102.0,246.5,1,-1,-1,-1
400,256,1750.0,397.3,72.5,260.6,1,-1,-1,-1
401,131,1689.0,407.2,113.3,273.0,1,-1,-1,-1
401,158,1563.9,408.6,101.5,267.5,1,-1,-1,-1
401,229,914.6,323.9,199.2,516.1,1,-1,-1,-1
401,245,1770.5,415.9,68.8,239.6,1,-1,-1,-1
401,266,639.5,330.2,197.6,515.5,1,-1,-1,-1
401,288,1819.5,452.0,64.3,177.7,1,-1,-1,-1
401,7,120.5,533.9,70.3,209.9,1,-1,-1,-1
401,304,1205.9,456.1,61.5,189.5,1,-1,-1,-1
401,177,15.4,502.7,102.0,246.8,1,-1,-1,-1
401,256,1753.7,397.7,70.6,255.1,1,-1,-1,-1
402,131,1693.9,409.0,113.8,271.9,1,-1,-1,-1
402,158,1565.2,407.5,101.0,265.8,1,-1,-1,-1
402,229,907.3,322.0,201.8,521.8,1,-1,-1,-1
402,245,1772.1,412.8,70.0,242.3,1,-1,-1,-1
402,266,643.7,329.7,201.8,515.0,1,-1,-1,-1
402,288,1823.1,451.8,64.6,177.3,1,-1,-1,-1
402,7,120.1,531.7,71.2,212.3,1,-1,-1,-1
402,304,1207.7,454.2,62.9,190.1,1,-1,-1,-1
402,177,17.2,505.1,100.3,243.4,1,-1,-1,-1
402,256,1759.4,398.8,70.3,252.9,1,-1,-1,-1
403,131,1696.2,410.9,114.7,270.1,1,-1,-1,-1
403,158,1567.7,408.9,99.9,263.3,1,-1,-1,-1
403,229,900.4,319.5,203.2,523.8,1,-1,-1,-1
403,245,1767.6,404.8,65.6,226.7,1,-1,-1,-1
403,266,649.4,332.2,202.9,510.6,1,-1,-1,-1
403,288,1825.6,451.5,64.5,176.6,1,-1,-1,-1
403,7,121.4,531.8,71.9,212.9,1,-1,-1,-1
403,304,1210.2,453.8,63.6,189.9,1,-1,-1,-1
403,177,17.1,506.2,100.0,243.1,1,-1,-1,-1
403,256,1767.2,400.0,71.7,253.6,1,-1,-1,-1
404,131,1696.6,410.9,115.7,268.4,1,-1,-1,-1
404,158,1571.8,410.4,98.2,260.9,1,-1,-1,-1
404,229,891.2,316.9,204.2,526.7,1,-1,-1,-1
404,266,657.9,331.1,203.3,508.6,1,-1,-1,-1
404,288,1828.0,452.5,64.2,175.9,1,-1,-1,-1
404,7,121.8,531.9,72.4,213.2,1,-1,-1,-1
404,304,1211.4,452.9,64.0,190.5,1,-1,-1,-1
404,177,17.7,505.5,100.0,244.1,1,-1,-1,-1
404,256,1770.3,402.1,72.4,253.5,1,-1,-1,-1
405,131,1698.5,409.9,117.3,267.5,1,-1,-1,-1
405,158,1575.9,410.9,96.6,260.2,1,-1,-1,-1
405,229,874.8,312.6,205.5,530.5,1,-1,-1,-1
405,266,673.9,330.6,197.5,497.4,1,-1,-1,-1
405,288,1830.6,450.6,64.1,176.7,1,-1,-1,-1
405,7,121.0,531.2,72.5,212.9,1,-1,-1,-1
405,304,1216.1,452.9,62.9,190.2,1,-1,-1,-1
405,177,15.9,504.3,100.5,245.4,1,-1,-1,-1
405,256,1771.4,402.2,72.9,252.5,1,-1,-1,-1
406,131,1702.0,410.2,117.9,267.9,1,-1,-1,-1
406,158,1580.0,411.4,95.3,259.4,1,-1,-1,-1
406,229,864.3,308.2,206.9,535.7,1,-1,-1,-1
406,266,690.6,330.4,191.2,490.4,1,-1,-1,-1
406,288,1832.0,448.1,63.8,178.2,1,-1,-1,-1
406,7,120.4,531.3,72.5,212.6,1,-1,-1,-1
406,304,1220.1,451.1,62.5,192.1,1,-1,-1,-1
406,177,14.7,503.4,100.9,246.2,1,-1,-1,-1
406,256,1772.4,402.5,74.0,253.5,1,-1,-1,-1
406,245,1783.1,424.7,64.8,223.9,1,-1,-1,-1
407,131,1705.2,410.5,117.4,267.5,1,-1,-1,-1
407,158,1588.0,413.8,94.1,256.3,1,-1,-1,-1
407,229,860.0,303.7,208.1,545.1,1,-1,-1,-1
407,266,711.4,328.8,184.4,490.1,1,-1,-1,-1
407,288,1836.0,447.8,63.4,178.3,1,-1,-1,-1
407,7,119.8,533.5,71.9,210.3,1,-1,-1,-1
407,304,1226.0,450.3,61.8,192.4,1,-1,-1,-1
407,177,12.4,502.1,101.8,247.4,1,-1,-1,-1
407,256,1775.8,404.7,73.8,250.0,1,-1,-1,-1
407,245,1789.2,435.0,62.5,216.3,1,-1,-1,-1
408,131,1709.5,411.0,115.4,263.8,1,-1,-1,-1
408,158,1596.2,419.3,92.3,248.7,1,-1,-1,-1
408,229,856.2,301.5,208.7,553.8,1,-1,-1,-1
408,266,731.2,329.0,177.4,487.8,1,-1,-1,-1
408,288,1839.8,446.7,62.8,178.6,1,-1,-1,-1
408,7,119.3,532.8,72.2,211.0,1,-1,-1,-1
408,304,1229.4,449.6,61.7,193.9,1,-1,-1,-1
408,177,11.2,501.9,102.5,247.9,1,-1,-1,-1
408,256,1776.1,400.9,75.6,254.8,1,-1,-1,-1
408,245,1791.5,439.2,62.3,213.2,1,-1,-1,-1
408,316,1684.0,472.9,39.8,115.2,1,-1,-1,-1
409,131,1713.2,412.6,113.2,259.9,1,-1,-1,-1
409,158,1603.5,420.2,92.8,247.9,1,-1,-1,-1
409,229,849.1,299.9,209.2,560.6,1,-1,-1,-1
409,266,743.2,329.0,172.1,490.0,1,-1,-1,-1
409,288,1841.3,447.6,62.6,179.6,1,-1,-1,-1
409,7,119.7,533.0,72.3,211.1,1,-1,-1,-1
409,304,1232.5,450.1,61.7,193.5,1,-1,-1,-1
409,177,11.0,502.4,102.5,247.1,1,-1,-1,-1
409,256,1778.8,399.2,77.0,257.3,1,-1,-1,-1
409,245,1793.6,437.9,62.6,215.9,1,-1,-1,-1
409,316,1681.1,473.3,39.8,115.1,1,-1,-1,-1
409,217,1592.8,407.9,57.9,259.7,1,-1,-1,-1
410,131,1715.6,414.1,111.9,257.7,1,-1,-1,-1
410,158,1609.8,423.1,92.6,244.3,1,-1,-1,-1
410,229,843.6,300.2,208.3,564.1,1,-1,-1,-1
410,266,756.0,344.6,164.0,470.8,1,-1,-1,-1
410,288,1848.1,448.6,61.6,179.9,1,-1,-1,-1
410,7,120.0,533.7,72.2,210.2,1,-1,-1,-1
410,304,1237.0,450.2,62.2,193.7,1,-1,-1,-1
410,177,12.7,502.6,102.2,246.6,1,-1,-1,-1
410,256,1783.4,397.1,78.0,259.4,1,-1,-1,-1
410,316,1681.4,472.5,40.0,115.0,1,-1,-1,-1
410,217,1602.3,414.7,60.7,254.1,1,-1,-1,-1
410,300,1569.1,403.7,87.3,258.0,1,-1,-1,-1
411,131,1718.2,415.1,111.2,256.7,1,-1,-1,-1
411,158,1612.0,424.6,93.3,243.2,1,-1,-1,-1
411,229,836.0,301.0,208.4,569.1,1,-1,-1,-1
411,266,764.6,361.6,154.7,452.0,1,-1,-1,-1
411,288,1852.6,447.7,60.7,182.6,1,-1,-1,-1
411,7,120.0,533.7,72.4,210.3,1,-1,-1,-1
411,304,1241.6,451.0,63.5,193.7,1,-1,-1,-1
411,177,12.9,501.6,102.5,247.7,1,-1,-1,-1
411,256,1789.6,396.8,79.7,260.9,1,-1,-1,-1
411,316,1684.6,471.7,41.0,117.1,1,-1,-1,-1
411,217,1604.9,419.1,61.3,250.4,1,-1,-1,-1
411,300,1575.7,404.6,82.0,257.3,1,-1,-1,-1
412,131,1720.5,416.6,110.1,255.0,1,-1,-1,-1
412,158,1613.8,420.7,95.5,247.2,1,-1,-1,-1
412,229,820.0,302.4,210.2,572.3,1,-1,-1,-1
412,266,761.7,347.5,154.4,464.3,1,-1,-1,-1
412,288,1852.1,450.3,61.1,181.2,1,-1,-1,-1
412,7,120.2,534.8,72.2,209.3,1,-1,-1,-1
412,304,1248.1,450.3,65.6,195.1,1,-1,-1,-1
412,177,8.8,500.8,103.7,248.6,1,-1,-1,-1
412,256,1790.5,397.0,80.4,261.0,1,-1,-1,-1
412,316,1688.8,462.3,45.0,127.4,1,-1,-1,-1
412,217,1609.0,417.0,63.3,252.5,1,-1,-1,-1
412,300,1584.7,405.2,75.7,253.3,1,-1,-1,-1
413,131,1724.9,417.8,108.8,252.8,1,-1,-1,-1
413,158,1617.3,420.2,95.3,246.7,1,-1,-1,-1
413,229,804.7,301.7,214.3,578.0,1,-1,-1,-1
413,288,1858.5,470.7,54.7,156.7,1,-1,-1,-1
413,7,120.7,534.5,72.5,210.0,1,-1,-1,-1
413,304,1252.9,451.4,66.6,193.2,1,-1,-1,-1
413,177,7.6,500.1,104.8,249.7,1,-1,-1,-1
413,256,1798.8,399.1,80.9,255.3,1,-1,-1,-1
413,217,1610.4,414.6,63.1,252.9,1,-1,-1,-1
413,300,1592.4,405.1,71.6,250.7,1,-1,-1,-1
414,131,1728.4,418.4,107.9,251.2,1,-1,-1,-1
414,158,1622.1,420.1,94.4,245.1,1,-1,-1,-1
414,229,794.4,300.9,217.8,583.2,1,-1,-1,-1
414,288,1856.4,459.5,58.9,167.4,1,-1,-1,-1
414,7,119.7,534.0,72.5,210.2,1,-1,-1,-1
414,304,1256.1,450.5,69.1,193.7,1,-1,-1,-1
414,177,6.4,500.6,105.1,248.8,1,-1,-1,-1
414,256,1807.8,401.2,82.4,248.1,1,-1,-1,-1
414,217,1612.8,411.3,63.4,252.7,1,-1,-1,-1
414,300,1599.4,406.1,67.2,244.6,1,-1,-1,-1
415,131,1733.1,417.7,109.2,254.9,1,-1,-1,-1
415,158,1625.0,418.8,94.6,245.6,1,-1,-1,-1
415,229,778.1,298.2,222.9,591.6,1,-1,-1,-1
415,7,119.6,533.8,72.4,210.5,1,-1,-1,-1
415,304,1259.7,453.6,70.8,190.6,1,-1,-1,-1
415,177,5.5,500.2,105.5,248.3,1,-1,-1,-1
415,256,1814.0,404.0,82.4,237.8,1,-1,-1,-1
415,300,1604.1,407.6,66.9,251.6,1,-1,-1,-1
416,131,1737.1,418.5,108.8,253.7,1,-1,-1,-1
416,158,1631.5,416.5,95.2,247.6,1,-1,-1,-1
416,229,766.5,293.7,227.9,599.0,1,-1,-1,-1
416,7,120.3,533.4,73.0,212.2,1,-1,-1,-1
416,304,1259.1,452.6,73.8,191.3,1,-1,-1,-1
416,177,5.0,500.2,106.0,248.1,1,-1,-1,-1
416,256,1814.5,405.2,82.5,232.1,1,-1,-1,-1
416,300,1608.1,407.1,63.9,245.7,1,-1,-1,-1
417,131,1740.4,420.9,107.7,250.8,1,-1,-1,-1
417,158,1638.5,416.2,95.5,246.8,1,-1,-1,-1
417,229,750.9,289.4,232.1,602.7,1,-1,-1,-1
417,7,120.8,521.2,77.3,224.4,1,-1,-1,-1
417,304,1259.4,452.6,76.4,191.6,1,-1,-1,-1
417,177,3.6,499.5,106.9,248.4,1,-1,-1,-1
417,256,1816.9,405.9,85.4,235.4,1,-1,-1,-1
417,300,1615.6,407.4,59.7,229.8,1,-1,-1,-1
418,131,1744.7,421.9,106.9,248.9,1,-1,-1,-1
418,158,1640.8,417.9,96.2,244.5,1,-1,-1,-1
418,229,743.5,283.4,236.7,607.2,1,-1,-1,-1
418,7,121.7,514.7,80.1,230.7,1,-1,-1,-1
418,304,1260.3,453.3,78.2,190.9,1,-1,-1,-1
418,177,2.8,498.3,107.9,249.4,1,-1,-1,-1
418,256,1817.8,404.6,87.4,238.4,1,-1,-1,-1
418,300,1622.3,407.0,54.9,210.7,1,-1,-1,-1
419,131,1747.4,420.4,106.6,249.3,1,-1,-1,-1
419,158,1642.2,417.7,97.8,244.2,1,-1,-1,-1
419,229,740.9,279.3,241.8,609.9,1,-1,-1,-1
419,7,119.2,514.9,79.4,229.6,1,-1,-1,-1
419,304,1262.1,453.5,79.6,190.9,1,-1,-1,-1
419,177,2.6,498.0,108.5,249.8,1,-1,-1,-1
419,256,1817.2,403.8,87.9,239.6,1,-1,-1,-1
419,300,1628.6,406.4,53.8,207.5,1,-1,-1,-1
420,131,1753.1,420.8,105.4,246.8,1,-1,-1,-1
420,158,1648.4,414.7,100.3,246.5,1,-1,-1,-1
420,229,724.6,277.5,242.7,612.7,1,-1,-1,-1
420,7,118.2,520.0,77.7,225.5,1,-1,-1,-1
420,304,1266.1,440.8,83.8,203.3,1,-1,-1,-1
420,177,5.1,499.8,107.7,248.1,1,-1,-1,-1
420,256,1819.6,403.4,88.5,242.2,1,-1,-1,-1
420,300,1634.9,406.0,50.9,196.2,1,-1,-1,-1
420,266,898.2,348.0,139.4,437.9,1,-1,-1,-1
421,131,1757.9,421.5,104.8,244.6,1,-1,-1,-1
421,158,1655.5,418.6,99.1,241.8,1,-1,-1,-1
421,229,713.7,275.9,242.3,616.3,1,-1,-1,-1
421,7,114.6,497.4,84.2,248.2,1,-1,-1,-1
421,304,1271.2,441.9,82.4,202.7,1,-1,-1,-1
421,177,3.4,500.0,108.3,248.4,1,-1,-1,-1
421,256,1823.1,402.8,88.5,243.1,1,-1,-1,-1
421,300,1640.1,404.7,49.4,185.4,1,-1,-1,-1
421,266,907.9,347.1,135.3,437.5,1,-1,-1,-1
422,131,1765.1,421.0,104.7,244.6,1,-1,-1,-1
422,158,1661.3,422.5,98.5,238.6,1,-1,-1,-1
422,229,694.9,277.0,244.3,621.3,1,-1,-1,-1
422,7,113.3,488.1,86.0,257.5,1,-1,-1,-1
422,304,1278.1,444.4,79.5,200.3,1,-1,-1,-1
422,177,2.0,496.4,109.8,251.1,1,-1,-1,-1
422,256,1828.1,403.0,85.6,235.8,1,-1,-1,-1
422,300,1643.3,405.6,50.2,186.3,1,-1,-1,-1
422,266,915.6,347.0,133.1,436.1,1,-1,-1,-1
423,131,1769.1,418.4,105.7,247.7,1,-1,-1,-1
423,158,1665.3,424.7,98.3,237.5,1,-1,-1,-1
423,229,675.0,278.0,247.9,624.5,1,-1,-1,-1
423,7,111.6,482.4,86.6,263.7,1,-1,-1,-1
423,304,1285.0,444.2,77.5,200.6,1,-1,-1,-1
423,177,2.9,498.2,109.5,249.4,1,-1,-1,-1
423,256,1829.0,401.9,85.8,238.2,1,-1,-1,-1
423,300,1647.4,404.7,49.3,181.7,1,-1,-1,-1
423,266,922.6,348.1,133.3,433.4,1,-1,-1,-1
424,131,1770.8,416.7,106.4,248.9,1,-1,-1,-1
424,158,1670.2,425.7,97.5,236.2,1,-1,-1,-1
424,229,659.3,276.4,252.5,630.8,1,-1,-1,-1
424,7,111.2,471.6,88.2,273.9,1,-1,-1,-1
424,304,1290.6,447.5,74.3,197.2,1,-1,-1,-1
424,177,2.9,497.2,109.9,249.7,1,-1,-1,-1
424,256,1829.1,400.6,86.3,242.3,1,-1,-1,-1
424,300,1648.5,404.9,50.0,183.0,1,-1,-1,-1
424,266,935.6,350.6,135.8,430.0,1,-1,-1,-1
425,131,1774.8,419.5,105.4,244.5,1,-1,-1,-1
425,158,1674.9,424.6,96.9,235.7,1,-1,-1,-1
425,229,649.0,277.2,256.4,636.0,1,-1,-1,-1
425,7,109.0,461.4,90.0,283.5,1,-1,-1,-1
425,304,1298.6,447.4,73.1,197.2,1,-1,-1,-1
425,177,7.1,499.7,108.8,248.2,1,-1,-1,-1
425,256,1834.3,401.1,84.8,240.2,1,-1,-1,-1
425,300,1649.3,405.6,51.6,188.2,1,-1,-1,-1
425,266,948.4,354.5,139.1,425.0,1,-1,-1,-1
426,131,1776.7,421.4,105.2,242.4,1,-1,-1,-1
426,158,1677.4,424.2,95.8,234.1,1,-1,-1,-1
426,229,641.4,274.2,261.4,645.0,1,-1,-1,-1
426,7,108.0,458.8,89.7,285.3,1,-1,-1,-1
426,304,1303.3,446.8,72.1,197.2,1,-1,-1,-1
426,177,6.3,499.4,109.7,248.7,1,-1,-1,-1
426,256,1837.0,403.2,83.0,240.2,1,-1,-1,-1
426,300,1648.0,407.1,61.0,225.3,1,-1,-1,-1
426,266,955.6,357.6,142.4,421.1,1,-1,-1,-1
427,131,1778.6,421.5,105.2,241.7,1,-1,-1,-1
427,158,1677.5,424.4,95.3,232.7,1,-1,-1,-1
427,229,635.8,274.5,264.8,650.5,1,-1,-1,-1
427,7,108.1,461.9,87.8,282.0,1,-1,-1,-1
427,304,1308.1,445.9,71.7,198.1,1,-1,-1,-1
427,177,4.9,499.1,110.1,248.4,1,-1,-1,-1
427,256,1840.1,404.3,79.9,239.9,1,-1,-1,-1
427,300,1648.7,409.1,63.6,238.1,1,-1,-1,-1
427,266,957.1,359.9,145.5,418.8,1,-1,-1,-1
428,131,1780.3,424.2,104.5,238.0,1,-1,-1,-1
428,158,1678.6,423.6,95.2,232.9,1,-1,-1,-1
428,229,624.2,270.4,269.3,659.6,1,-1,-1,-1
428,7,104.1,454.0,89.9,289.6,1,-1,-1,-1
428,304,1313.5,444.9,72.7,199.9,1,-1,-1,-1
428,177,10.2,498.8,108.3,247.5,1,-1,-1,-1
428,256,1842.6,404.3,77.4,240.3,1,-1,-1,-1
428,300,1654.9,411.5,57.6,218.5,1,-1,-1,-1
428,266,958.9,363.2,147.7,416.5,1,-1,-1,-1
429,131,1787.5,425.4,104.5,237.8,1,-1,-1,-1
429,158,1679.8,421.1,95.6,234.6,1,-1,-1,-1
429,229,613.4,265.1,272.7,668.3,1,-1,-1,-1
429,7,101.6,450.0,91.6,294.0,1,-1,-1,-1
429,304,1316.1,446.5,72.5,198.7,1,-1,-1,-1
429,177,14.7,500.6,105.5,244.7,1,-1,-1,-1
429,256,1844.4,403.8,75.6,241.0,1,-1,-1,-1
429,300,1659.7,412.4,55.3,212.1,1,-1,-1,-1
429,266,964.1,365.0,148.5,413.7,1,-1,-1,-1
429,324,1162.0,476.8,39.2,165.6,1,-1,-1,-1
429,325,1766.9,427.6,53.3,209.2,1,-1,-1,-1
430,131,1794.7,425.3,104.9,239.8,1,-1,-1,-1
430,158,1684.3,421.1,95.3,234.3,1,-1,-1,-1
430,229,587.9,261.0,273.8,672.0,1,-1,-1,-1
430,7,114.9,500.7,76.8,243.7,1,-1,-1,-1
430,304,1320.9,447.2,73.4,197.5,1,-1,-1,-1
430,177,16.3,500.8,104.5,245.4,1,-1,-1,-1
430,256,1846.5,405.5,73.5,239.2,1,-1,-1,-1
430,300,1667.6,412.8,50.1,189.0,1,-1,-1,-1
430,266,970.6,364.0,147.7,408.9,1,-1,-1,-1
430,324,1165.4,477.6,38.9,163.3,1,-1,-1,-1
430,325,1767.9,431.3,50.9,199.6,1,-1,-1,-1
431,131,1796.4,424.5,105.4,241.1,1,-1,-1,-1
431,158,1686.4,418.3,97.8,237.5,1,-1,-1,-1
431,229,570.4,255.0,274.5,678.1,1,-1,-1,-1
431,7,118.7,519.1,71.4,224.8,1,-1,-1,-1
431,304,1323.7,449.1,74.1,195.4,1,-1,-1,-1
431,177,16.3,501.0,104.0,245.7,1,-1,-1,-1
431,256,1849.9,407.0,70.1,237.0,1,-1,-1,-1
431,300,1667.4,412.2,58.6,221.7,1,-1,-1,-1
431,266,978.7,362.7,146.3,405.2,1,-1,-1,-1
431,324,1173.2,478.1,39.5,162.9,1,-1,-1,-1
431,325,1770.7,432.4,50.7,198.2,1,-1,-1,-1
431,217,1676.6,411.0,67.1,246.7,1,-1,-1,-1
432,131,1799.1,424.6,104.7,240.4,1,-1,-1,-1
432,158,1695.2,421.0,96.5,234.2,1,-1,-1,-1
432,229,555.7,251.1,274.6,681.5,1,-1,-1,-1
432,7,120.3,529.1,68.7,214.2,1,-1,-1,-1
432,304,1325.3,450.5,75.0,194.3,1,-1,-1,-1
432,177,12.5,500.2,104.5,246.4,1,-1,-1,-1
432,256,1852.8,408.0,67.2,236.0,1,-1,-1,-1
432,300,1669.7,411.7,62.2,236.6,1,-1,-1,-1
432,266,988.9,361.7,144.2,401.4,1,-1,-1,-1
432,324,1181.9,478.1,40.6,162.2,1,-1,-1,-1
432,325,1771.5,433.1,51.0,198.6,1,-1,-1,-1
432,327,919.6,537.4,37.3,73.1,1,-1,-1,-1
432,328,814.3,516.1,49.6,119.5,1,-1,-1,-1
432,217,1686.6,412.2,74.0,243.4,1,-1,-1,-1
433,131,1803.6,423.7,103.6,238.1,1,-1,-1,-1
433,158,1705.3,423.2,95.5,231.1,1,-1,-1,-1
433,229,539.1,248.0,277.7,691.6,1,-1,-1,-1
433,7,120.9,531.2,68.6,212.6,1,-1,-1,-1
433,304,1328.2,450.8,75.6,193.8,1,-1,-1,-1
433,177,8.1,501.0,105.5,246.6,1,-1,-1,-1
433,256,1855.7,406.5,64.3,236.8,1,-1,-1,-1
433,300,1672.1,411.0,62.5,241.2,1,-1,-1,-1
433,266,1006.0,360.9,141.3,399.9,1,-1,-1,-1
433,324,1187.6,477.7,42.6,163.4,1,-1,-1,-1
433,325,1773.2,431.5,51.6,200.6,1,-1,-1,-1
433,327,922.6,537.4,37.0,72.8,1,-1,-1,-1
433,328,813.9,517.5,47.9,115.4,1,-1,-1,-1
433,217,1694.0,415.7,78.7,239.1,1,-1,-1,-1
434,131,1807.6,423.1,102.4,236.8,1,-1,-1,-1
434,158,1709.8,425.4,94.5,228.5,1,-1,-1,-1
434,229,527.4,247.0,279.6,700.2,1,-1,-1,-1
434,7,121.7,533.3,68.6,210.8,1,-1,-1,-1
434,304,1330.1,450.4,76.1,194.7,1,-1,-1,-1
434,177,5.2,498.5,106.2,246.2,1,-1,-1,-1
434,256,1856.6,403.5,63.4,239.2,1,-1,-1,-1
434,300,1674.7,409.9,62.9,244.4,1,-1,-1,-1
434,266,1019.8,360.1,138.6,399.6,1,-1,-1,-1
434,324,1187.9,476.9,44.9,165.1,1,-1,-1,-1
434,325,1776.9,429.8,52.3,202.7,1,-1,-1,-1
434,327,924.3,536.5,37.0,73.1,1,-1,-1,-1
434,328,820.0,519.1,35.1,83.3,1,-1,-1,-1
434,217,1685.8,415.6,78.5,238.6,1,-1,-1,-1
435,131,1812.4,420.3,102.2,238.5,1,-1,-1,-1
435,158,1714.6,426.2,93.3,227.4,1,-1,-1,-1
435,229,509.2,245.9,282.9,710.9,1,-1,-1,-1
435,7,122.4,533.6,69.3,210.9,1,-1,-1,-1
435,304,1333.2,450.5,75.5,194.1,1,-1,-1,-1
435,177,4.3,499.6,106.9,246.1,1,-1,-1,-1
435,256,1858.3,403.9,61.7,247.7,1,-1,-1,-1
435,300,1678.4,408.3,63.8,247.6,1,-1,-1,-1
435,266,1033.4,361.2,135.9,398.5,1,-1,-1,-1
435,324,1190.8,477.3,46.0,163.7,1,-1,-1,-1
435,325,1779.8,428.3,52.7,204.2,1,-1,-1,-1
435,327,925.4,535.5,36.5,72.7,1,-1,-1,-1
436,131,1814.3,419.2,103.9,245.6,1,-1,-1,-1
436,158,1717.7,427.0,91.5,227.1,1,-1,-1,-1
436,229,496.7,244.9,284.6,718.2,1,-1,-1,-1
436,7,121.1,534.6,69.2,209.4,1,-1,-1,-1
436,304,1336.4,450.6,74.3,193.8,1,-1,-1,-1
436,177,2.9,498.7,108.4,248.5,1,-1,-1,-1
436,256,1859.8,404.7,60.2,257.8,1,-1,-1,-1
436,300,1682.2,408.1,64.1,247.9,1,-1,-1,-1
436,266,1043.3,363.0,133.0,395.1,1,-1,-1,-1
436,324,1192.9,476.6,47.2,164.0,1,-1,-1,-1
436,325,1784.0,427.5,52.4,204.1,1,-1,-1,-1
436,327,926.2,533.7,36.3,73.4,1,-1,-1,-1
437,131,1816.1,418.6,103.7,247.3,1,-1,-1,-1
437,158,1719.7,427.4,89.9,226.9,1,-1,-1,-1
437,229,482.9,245.6,287.2,725.2,1,-1,-1,-1
437,7,120.8,535.7,69.1,208.0,1,-1,-1,-1
437,304,1342.9,449.3,73.9,195.4,1,-1,-1,-1
437,177,2.1,497.7,109.4,249.8,1,-1,-1,-1
437,256,1862.1,404.8,57.9,262.3,1,-1,-1,-1
437,300,1685.7,408.1,64.5,248.7,1,-1,-1,-1
437,266,1051.6,366.0,130.0,390.9,1,-1,-1,-1
437,324,1194.2,475.9,48.4,165.3,1,-1,-1,-1
437,325,1786.6,426.6,51.1,200.7,1,-1,-1,-1
437,327,928.4,534.1,35.4,72.6,1,-1,-1,-1
437,333,810.0,517.9,43.0,78.5,1,-1,-1,-1
438,131,1818.4,419.9,101.4,243.7,1,-1,-1,-1
438,158,1724.2,426.5,87.8,226.3,1,-1,-1,-1
438,229,466.0,245.5,291.4,737.7,1,-1,-1,-1
438,7,120.0,517.5,75.4,227.1,1,-1,-1,-1
438,304,1349.6,448.4,73.2,197.3,1,-1,-1,-1
438,177,0.0,351.5,139.4,427.7,1,-1,-1,-1
438,256,1864.6,405.2,55.4,263.7,1,-1,-1,-1
438,300,1688.4,410.1,63.3,243.7,1,-1,-1,-1
438,266,1061.6,369.8,128.7,386.9,1,-1,-1,-1
438,324,1199.1,474.5,47.9,164.9,1,-1,-1,-1
438,325,1791.0,428.4,49.7,198.1,1,-1,-1,-1
438,327,930.6,534.6,34.7,72.1,1,-1,-1,-1
438,333,803.5,518.2,51.2,93.8,1,-1,-1,-1
439,131,1819.7,422.3,99.5,242.5,1,-1,-1,-1
439,158,1727.8,426.6,86.0,225.5,1,-1,-1,-1
439,229,447.4,243.6,294.7,745.1,1,-1,-1,-1
439,7,118.6,507.0,78.5,238.0,1,-1,-1,-1
439,304,1353.9,447.6,72.3,198.2,1,-1,-1,-1
439,177,0.0,301.5,158.4,567.4,1,-1,-1,-1
439,256,1866.6,404.9,53.4,265.6,1,-1,-1,-1
439,300,1691.8,413.0,62.0,238.4,1,-1,-1,-1
439,266,1066.1,372.5,128.3,384.1,1,-1,-1,-1
439,324,1202.2,473.1,48.2,166.7,1,-1,-1,-1
439,325,1794.4,429.8,48.4,195.6,1,-1,-1,-1
439,327,931.8,535.0,34.2,72.1,1,-1,-1,-1
439,333,795.6,517.6,61.8,113.7,1,-1,-1,-1
440,131,1819.5,425.7,91.7,230.8,1,-1,-1,-1
440,158,1734.2,425.2,84.8,225.3,1,-1,-1,-1
440,229,425.7,240.7,298.8,752.4,1,-1,-1,-1
440,7,115.2,485.7,84.7,259.1,1,-1,-1,-1
440,304,1358.6,448.8,70.8,198.3,1,-1,-1,-1
440,177,0.0,277.0,167.2,632.6,1,-1,-1,-1
440,256,1864.9,413.5,55.1,261.9,1,-1,-1,-1
440,300,1695.1,414.7,61.0,234.4,1,-1,-1,-1
440,266,1073.4,374.7,128.6,380.5,1,-1,-1,-1
440,324,1206.2,470.3,48.9,169.6,1,-1,-1,-1
440,325,1798.3,430.6,46.9,191.1,1,-1,-1,-1
440,327,932.8,535.2,33.9,73.3,1,-1,-1,-1
440,333,797.2,517.2,61.0,113.3,1,-1,-1,-1
441,131,1818.4,427.7,87.1,226.2,1,-1,-1,-1
441,158,1739.1,424.7,83.9,224.9,1,-1,-1,-1
441,229,409.4,236.4,300.7,754.0,1,-1,-1,-1
441,7,116.9,489.9,83.9,255.8,1,-1,-1,-1
441,304,1365.6,449.7,69.3,195.5,1,-1,-1,-1
441,177,0.0,265.6,185.4,660.5,1,-1,-1,-1
441,256,1863.7,403.7,56.3,273.1,1,-1,-1,-1
441,300,1697.9,416.4,60.2,233.2,1,-1,-1,-1
441,266,1077.6,376.2,129.5,380.4,1,-1,-1,-1
441,324,1211.7,469.4,49.3,169.9,1,-1,-1,-1
441,325,1798.8,433.4,48.0,196.3,1,-1,-1,-1
442,131,1817.6,429.6,83.5,223.9,1,-1,-1,-1
442,158,1742.3,423.3,83.9,226.1,1,-1,-1,-1
442,229,396.6,231.7,302.9,758.3,1,-1,-1,-1
442,7,118.5,505.8,79.0,239.9,1,-1,-1,-1
442,304,1371.6,451.3,69.4,194.6,1,-1,-1,-1
442,177,0.0,262.3,208.2,667.2,1,-1,-1,-1
442,256,1862.6,397.0,57.4,280.5,1,-1,-1,-1
442,300,1701.2,416.0,60.1,234.0,1,-1,-1,-1
442,266,1082.2,377.2,130.1,379.3,1,-1,-1,-1
442,324,1216.0,470.0,49.4,168.1,1,-1,-1,-1
442,325,1801.7,431.0,49.4,207.1,1,-1,-1,-1
443,131,1815.8,431.8,79.5,220.1,1,-1,-1,-1
443,158,1747.8,424.6,82.9,223.8,1,-1,-1,-1
443,229,378.0,223.8,306.5,767.5,1,-1,-1,-1
443,7,118.4,507.9,78.5,237.7,1,-1,-1,-1
443,304,1376.6,453.2,70.2,192.8,1,-1,-1,-1
443,177,0.0,263.5,231.7,660.6,1,-1,-1,-1
443,256,1859.8,389.5,60.2,292.5,1,-1,-1,-1
443,300,1705.5,419.0,58.8,230.4,1,-1,-1,-1
443,266,1093.2,376.1,128.6,377.9,1,-1,-1,-1
443,324,1219.9,470.1,51.3,168.8,1,-1,-1,-1
443,325,1806.1,433.5,48.2,205.7,1,-1,-1,-1
443,327,935.9,538.4,32.2,71.3,1,-1,-1,-1
444,158,1751.4,425.3,82.5,223.5,1,-1,-1,-1
444,229,361.2,216.5,309.1,775.5,1,-1,-1,-1
444,7,119.9,509.7,78.2,234.5,1,-1,-1,-1
444,304,1378.5,453.7,71.6,192.6,1,-1,-1,-1
444,177,7.4,264.7,236.7,654.7,1,-1,-1,-1
444,256,1854.1,384.9,65.9,296.9,1,-1,-1,-1
444,300,1708.8,418.4,58.5,230.4,1,-1,-1,-1
444,266,1102.2,376.3,125.3,371.3,1,-1,-1,-1
444,324,1225.1,470.3,53.6,171.0,1,-1,-1,-1
444,325,1813.6,434.4,48.4,201.4,1,-1,-1,-1
444,327,937.9,538.8,31.2,70.6,1,-1,-1,-1
445,158,1755.6,427.0,82.0,223.2,1,-1,-1,-1
445,229,347.3,209.6,311.1,786.0,1,-1,-1,-1
445,304,1381.4,454.9,73.0,190.6,1,-1,-1,-1
445,177,16.2,270.3,239.0,647.3,1,-1,-1,-1
445,256,1846.6,384.6,69.1,294.3,1,-1,-1,-1
445,300,1712.9,411.6,59.7,236.7,1,-1,-1,-1
445,266,1117.1,374.3,122.7,367.8,1,-1,-1,-1
445,324,1234.7,472.1,54.9,168.2,1,-1,-1,-1
445,325,1814.9,434.7,42.0,175.8,1,-1,-1,-1
445,347,1685.0,474.9,37.9,112.7,1,-1,-1,-1
446,158,1759.3,431.5,79.5,217.8,1,-1,-1,-1
446,229,346.4,205.7,308.6,792.6,1,-1,-1,-1
446,304,1382.3,454.8,75.0,190.7,1,-1,-1,-1
446,177,19.6,275.4,242.0,641.7,1,-1,-1,-1
446,256,1844.0,384.7,70.1,292.3,1,-1,-1,-1
446,300,1718.0,409.2,60.7,239.6,1,-1,-1,-1
446,266,1128.4,372.0,121.4,367.9,1,-1,-1,-1
446,324,1237.2,473.5,56.9,169.1,1,-1,-1,-1
446,325,1815.0,433.6,45.0,187.6,1,-1,-1,-1
446,347,1685.3,474.3,38.0,112.6,1,-1,-1,-1
447,158,1762.2,434.1,77.5,214.4,1,-1,-1,-1
447,229,313.4,198.2,315.5,808.7,1,-1,-1,-1
447,304,1383.3,454.9,77.0,190.8,1,-1,-1,-1
447,177,20.8,277.5,246.2,639.6,1,-1,-1,-1
447,256,1831.8,384.0,73.9,292.6,1,-1,-1,-1
447,300,1720.7,409.0,60.7,238.5,1,-1,-1,-1
447,266,1137.3,370.9,119.8,367.2,1,-1,-1,-1
447,324,1237.3,470.6,56.8,170.0,1,-1,-1,-1
447,347,1683.5,473.6,38.2,113.1,1,-1,-1,-1
448,158,1763.6,426.5,79.0,224.4,1,-1,-1,-1
448,229,270.4,197.6,324.7,816.0,1,-1,-1,-1
448,304,1384.3,454.9,79.2,192.6,1,-1,-1,-1
448,177,19.2,278.8,252.1,644.5,1,-1,-1,-1
448,256,1816.7,384.3,80.1,293.9,1,-1,-1,-1
448,300,1723.5,410.6,60.8,238.1,1,-1,-1,-1
448,266,1144.5,370.6,118.5,367.0,1,-1,-1,-1
448,347,1684.5,473.2,38.9,114.3,1,-1,-1,-1
449,158,1763.9,427.2,76.6,223.6,1,-1,-1,-1
449,229,240.3,197.7,335.6,822.9,1,-1,-1,-1
449,304,1384.5,454.1,81.0,193.7,1,-1,-1,-1
449,177,16.6,279.0,258.1,651.2,1,-1,-1,-1
449,256,1805.0,388.5,85.6,289.5,1,-1,-1,-1
449,300,1726.0,409.9,60.9,236.7,1,-1,-1,-1
449,266,1153.7,372.5,117.2,365.1,1,-1,-1,-1
449,347,1685.3,473.0,39.7,115.7,1,-1,-1,-1
449,348,1875.7,384.2,42.8,279.3,1,-1,-1,-1
450,229,228.2,201.0,344.7,829.5,1,-1,-1,-1
450,304,1386.5,453.5,81.9,194.8,1,-1,-1,-1
450,177,13.6,277.5,262.6,655.5,1,-1,-1,-1
450,256,1798.7,395.1,89.9,280.3,1,-1,-1,-1
450,300,1731.3,411.6,60.9,232.9,1,-1,-1,-1
450,266,1167.6,374.5,118.3,361.7,1,-1,-1,-1
450,347,1686.9,471.2,41.2,117.8,1,-1,-1,-1
450,348,1871.4,383.4,43.4,281.9,1,-1,-1,-1
451,229,211.6,204.5,354.8,836.3,1,-1,-1,-1
451,304,1393.6,453.5,80.8,194.3,1,-1,-1,-1
451,177,12.5,278.1,262.3,648.3,1,-1,-1,-1
451,256,1792.8,398.3,94.9,276.6,1,-1,-1,-1
451,300,1734.1,413.6,61.2,230.6,1,-1,-1,-1
451,266,1179.7,378.7,120.8,358.8,1,-1,-1,-1
451,347,1686.8,470.8,41.8,117.7,1,-1,-1,-1
451,348,1867.1,384.9,43.9,281.3,1,-1,-1,-1
452,229,198.0,197.4,367.5,851.5,1,-1,-1,-1
452,304,1398.0,453.0,79.8,195.3,1,-1,-1,-1
452,177,13.2,276.4,260.4,642.8,1,-1,-1,-1
452,256,1787.0,400.1,99.0,275.5,1,-1,-1,-1
452,300,1735.3,414.3,59.4,220.8,1,-1,-1,-1
452,266,1187.4,380.7,124.2,355.7,1,-1,-1,-1
452,347,1685.4,471.6,42.1,117.4,1,-1,-1,-1
452,348,1861.7,383.7,45.4,284.1,1,-1,-1,-1
453,229,187.2,193.1,372.8,856.2,1,-1,-1,-1
453,304,1404.1,450.9,78.5,197.1,1,-1,-1,-1
453,177,28.6,275.8,254.3,638.3,1,-1,-1,-1
453,256,1775.2,397.3,103.1,279.5,1,-1,-1,-1
453,300,1734.4,415.2,55.8,204.9,1,-1,-1,-1
453,266,1190.7,384.5,126.6,351.0,1,-1,-1,-1
453,347,1685.0,473.0,42.2,116.4,1,-1,-1,-1
453,348,1856.4,386.2,45.5,274.0,1,-1,-1,-1
453,158,1767.9,402.2,90.2,270.3,1,-1,-1,-1
454,229,170.8,188.1,378.8,864.0,1,-1,-1,-1
454,304,1409.0,449.3,77.3,198.3,1,-1,-1,-1
454,177,44.1,276.4,246.4,633.8,1,-1,-1,-1
454,256,1766.8,399.9,103.1,275.5,1,-1,-1,-1
454,300,1734.6,417.9,53.5,193.9,1,-1,-1,-1
454,266,1192.1,385.9,129.8,349.8,1,-1,-1,-1
454,347,1683.8,472.6,42.5,116.3,1,-1,-1,-1
454,158,1767.2,398.5,88.7,271.9,1,-1,-1,-1
454,131,1825.6,389.2,94.4,275.1,1,-1,-1,-1
455,229,132.5,185.8,381.7,866.9,1,-1,-1,-1
455,304,1415.0,446.8,76.8,201.3,1,-1,-1,-1
455,177,65.3,277.2,237.1,628.0,1,-1,-1,-1
455,256,1754.3,398.1,103.7,275.9,1,-1,-1,-1
455,300,1730.2,430.7,49.7,181.7,1,-1,-1,-1
455,266,1195.0,388.2,131.1,346.7,1,-1,-1,-1
455,347,1682.4,472.6,42.5,115.9,1,-1,-1,-1
455,131,1823.1,389.3,96.9,279.4,1,-1,-1,-1
456,229,97.9,172.2,385.3,878.3,1,-1,-1,-1
456,304,1421.9,447.5,75.5,200.3,1,-1,-1,-1
456,256,1741.1,397.6,104.2,276.8,1,-1,-1,-1
456,266,1200.7,387.6,131.6,344.6,1,-1,-1,-1
456,347,1681.4,472.4,42.6,116.0,1,-1,-1,-1
456,131,1818.2,389.6,100.3,281.0,1,-1,-1,-1
456,351,1883.0,416.8,32.7,223.6,1,-1,-1,-1
457,229,64.1,166.4,385.4,882.5,1,-1,-1,-1
457,304,1427.4,447.0,74.8,199.6,1,-1,-1,-1
457,256,1732.6,398.1,101.4,273.4,1,-1,-1,-1
457,266,1206.7,383.7,132.4,345.9,1,-1,-1,-1
457,347,1681.5,472.4,42.7,116.1,1,-1,-1,-1
457,131,1810.4,389.4,103.6,283.2,1,-1,-1,-1
457,351,1880.5,426.6,32.6,220.5,1,-1,-1,-1
458,229,29.8,157.5,390.7,900.8,1,-1,-1,-1
458,304,1432.3,447.5,74.2,198.7,1,-1,-1,-1
458,256,1723.5,398.2,100.4,273.5,1,-1,-1,-1
458,266,1219.6,381.8,131.2,344.9,1,-1,-1,-1
458,347,1682.9,472.2,43.5,116.9,1,-1,-1,-1
458,131,1807.8,396.5,103.2,276.3,1,-1,-1,-1
458,351,1878.9,429.4,32.7,218.1,1,-1,-1,-1
458,158,1793.0,391.3,89.9,280.0,1,-1,-1,-1
459,229,5.7,154.6,397.4,916.7,1,-1,-1,-1
459,304,1437.4,449.2,74.0,196.2,1,-1,-1,-1
459,256,1715.3,397.8,99.5,274.3,1,-1,-1,-1
459,266,1231.5,380.6,130.0,344.9,1,-1,-1,-1
459,347,1682.7,473.5,43.0,114.6,1,-1,-1,-1
459,131,1811.9,400.6,97.7,268.4,1,-1,-1,-1
459,351,1879.7,430.0,32.8,215.7,1,-1,-1,-1
459,158,1800.5,389.9,91.8,281.4,1,-1,-1,-1
459,325,1847.2,437.5,39.5,167.2,1,-1,-1,-1
460,229,26.0,150.7,400.2,924.4,1,-1,-1,-1
460,304,1440.6,450.4,74.5,195.4,1,-1,-1,-1
460,256,1701.7,398.4,100.7,273.9,1,-1,-1,-1
460,266,1239.7,377.4,130.3,350.0,1,-1,-1,-1
460,347,1680.3,473.0,42.7,114.3,1,-1,-1,-1
460,351,1880.3,431.5,33.0,213.0,1,-1,-1,-1
460,325,1844.0,436.6,43.5,182.9,1,-1,-1,-1
460,217,1785.0,388.0,91.4,283.0,1,-1,-1,-1
461,229,18.5,147.8,403.8,922.6,1,-1,-1,-1
461,304,1443.8,450.7,76.2,195.6,1,-1,-1,-1
461,256,1689.3,397.8,104.4,274.8,1,-1,-1,-1
461,266,1246.5,374.7,129.7,351.6,1,-1,-1,-1
461,347,1679.1,473.0,41.5,111.9,1,-1,-1,-1
461,351,1882.6,433.9,32.8,209.2,1,-1,-1,-1
461,325,1839.3,433.4,48.1,201.1,1,-1,-1,-1
461,217,1783.0,399.5,84.6,270.5,1,-1,-1,-1
462,229,0.0,145.8,379.7,927.9,1,-1,-1,-1
462,304,1445.9,451.4,77.6,194.9,1,-1,-1,-1
462,256,1677.2,400.0,108.5,273.8,1,-1,-1,-1
462,266,1252.6,376.0,127.9,349.3,1,-1,-1,-1
462,351,1884.0,433.8,32.9,208.1,1,-1,-1,-1
462,325,1836.1,431.7,50.8,208.7,1,-1,-1,-1
462,217,1773.1,395.6,84.0,274.1,1,-1,-1,-1
462,356,264.9,296.7,185.8,576.4,1,-1,-1,-1
463,229,0.0,151.5,356.5,924.6,1,-1,-1,-1
463,304,1450.5,452.3,78.6,194.6,1,-1,-1,-1
463,256,1669.7,402.3,114.1,273.9,1,-1,-1,-1
463,266,1263.8,380.0,124.6,343.0,1,-1,-1,-1
463,351,1886.1,436.2,32.6,205.7,1,-1,-1,-1
463,325,1830.8,429.5,54.3,214.2,1,-1,-1,-1
463,217,1767.5,394.5,83.6,275.6,1,-1,-1,-1
463,356,259.5,301.5,186.0,573.4,1,-1,-1,-1
464,229,0.0,145.2,347.7,930.5,1,-1,-1,-1
464,304,1452.4,452.9,79.3,194.4,1,-1,-1,-1
464,256,1663.6,406.3,116.6,268.4,1,-1,-1,-1
464,266,1272.9,383.6,122.3,337.2,1,-1,-1,-1
464,351,1888.4,438.6,31.6,200.9,1,-1,-1,-1
464,325,1828.9,428.7,56.9,214.8,1,-1,-1,-1
464,217,1761.7,393.7,84.5,276.7,1,-1,-1,-1
464,356,247.0,301.9,191.5,582.8,1,-1,-1,-1
465,229,0.0,135.7,316.7,941.7,1,-1,-1,-1
465,304,1457.3,453.3,78.1,194.4,1,-1,-1,-1
465,256,1657.9,408.0,119.2,265.0,1,-1,-1,-1
465,266,1282.5,384.6,122.0,335.9,1,-1,-1,-1
465,351,1892.7,443.1,26.9,169.5,1,-1,-1,-1
465,325,1827.3,428.8,59.3,213.6,1,-1,-1,-1
465,217,1757.8,398.0,84.6,273.5,1,-1,-1,-1
465,356,238.6,299.5,199.2,596.5,1,-1,-1,-1
466,229,0.0,121.9,317.5,956.3,1,-1,-1,-1
466,304,1460.5,454.0,76.8,193.6,1,-1,-1,-1
466,256,1655.4,410.2,122.2,263.8,1,-1,-1,-1
466,266,1290.1,387.0,121.8,334.6,1,-1,-1,-1
466,351,1893.3,444.7,26.7,174.3,1,-1,-1,-1
466,325,1828.4,427.6,61.5,214.5,1,-1,-1,-1
466,217,1761.4,403.7,82.7,268.6,1,-1,-1,-1
466,356,242.3,294.7,204.0,601.6,1,-1,-1,-1
467,229,0.0,113.9,301.9,966.1,1,-1,-1,-1
467,304,1466.2,453.2,75.7,194.3,1,-1,-1,-1
467,256,1648.8,410.6,123.9,264.5,1,-1,-1,-1
467,266,1297.0,390.7,121.0,331.6,1,-1,-1,-1
467,351,1893.7,445.0,26.3,170.5,1,-1,-1,-1
467,325,1828.9,427.6,63.2,214.4,1,-1,-1,-1
467,217,1757.0,406.1,83.2,265.2,1,-1,-1,-1
467,356,250.8,293.7,206.0,601.1,1,-1,-1,-1
467,348,1791.1,415.5,45.7,252.8,1,-1,-1,-1
468,229,0.0,106.7,269.1,968.2,1,-1,-1,-1
468,304,1472.2,451.0,75.1,196.0,1,-1,-1,-1
468,256,1640.1,411.4,122.6,262.2,1,-1,-1,-1
468,266,1303.1,390.7,120.5,331.4,1,-1,-1,-1
468,351,1893.2,444.6,26.8,172.5,1,-1,-1,-1
468,325,1831.8,428.9,64.2,212.0,1,-1,-1,-1
468,217,1759.5,413.4,81.1,257.0,1,-1,-1,-1
468,356,272.6,293.6,202.6,591.4,1,-1,-1,-1
468,348,1792.2,415.2,44.3,223.5,1,-1,-1,-1
469,229,0.0,102.9,242.2,973.8,1,-1,-1,-1
469,304,1477.6,454.2,72.8,191.8,1,-1,-1,-1
469,256,1629.7,410.7,119.6,261.6,1,-1,-1,-1
469,266,1309.0,390.3,118.3,328.0,1,-1,-1,-1
469,351,1893.2,443.2,26.8,173.5,1,-1,-1,-1
469,325,1834.8,431.2,65.5,209.3,1,-1,-1,-1
469,217,1768.7,417.5,75.9,242.8,1,-1,-1,-1
469,356,288.3,296.0,198.9,583.0,1,-1,-1,-1
470,229,0.0,100.0,216.8,977.6,1,-1,-1,-1
470,304,1483.6,453.6,72.9,193.1,1,-1,-1,-1
470,256,1620.7,410.6,117.2,262.1,1,-1,-1,-1
470,266,1316.9,388.4,116.4,326.4,1,-1,-1,-1
470,325,1835.8,433.2,66.4,207.1,1,-1,-1,-1
470,217,1775.0,418.0,68.7,218.6,1,-1,-1,-1
470,356,303.9,298.1,196.0,576.9,1,-1,-1,-1
470,360,1162.5,467.0,29.8,175.7,1,-1,-1,-1
470,7,104.0,475.1,90.0,271.8,1,-1,-1,-1
470,348,1743.6,407.1,62.1,257.5,1,-1,-1,-1
471,229,0.0,113.5,193.8,962.8,1,-1,-1,-1
471,304,1489.3,452.8,73.3,193.2,1,-1,-1,-1
471,256,1611.1,409.4,114.0,263.4,1,-1,-1,-1
471,266,1323.7,387.2,114.4,324.6,1,-1,-1,-1
471,325,1836.2,435.2,67.1,205.4,1,-1,-1,-1
471,217,1777.6,418.2,67.2,214.2,1,-1,-1,-1
471,356,316.6,299.4,194.7,575.1,1,-1,-1,-1
471,360,1163.6,465.9,30.1,177.2,1,-1,-1,-1
471,7,105.3,474.7,89.0,272.3,1,-1,-1,-1
471,348,1726.5,408.9,72.8,261.5,1,-1,-1,-1
472,229,0.0,196.5,164.2,878.2,1,-1,-1,-1
472,304,1495.3,453.7,73.4,191.7,1,-1,-1,-1
472,256,1602.7,408.7,111.0,264.1,1,-1,-1,-1
472,266,1328.3,385.2,113.3,325.4,1,-1,-1,-1
472,325,1837.3,436.0,67.7,204.1,1,-1,-1,-1
472,217,1779.4,417.4,66.0,211.1,1,-1,-1,-1
472,356,327.2,299.8,193.9,574.5,1,-1,-1,-1
472,360,1166.5,464.2,30.6,178.3,1,-1,-1,-1
472,7,108.4,473.8,86.7,272.2,1,-1,-1,-1
472,348,1712.8,406.1,80.4,265.2,1,-1,-1,-1
473,304,1503.6,453.2,76.2,192.5,1,-1,-1,-1
473,256,1595.6,408.3,108.3,264.3,1,-1,-1,-1
473,266,1334.3,384.8,112.0,325.6,1,-1,-1,-1
473,325,1839.0,438.0,67.9,201.5,1,-1,-1,-1
473,217,1779.9,417.2,67.3,216.6,1,-1,-1,-1
473,356,345.3,299.9,194.9,573.5,1,-1,-1,-1
473,360,1170.9,464.7,31.3,178.8,1,-1,-1,-1
473,7,106.3,472.8,86.4,272.6,1,-1,-1,-1
473,348,1698.5,402.0,85.4,269.0,1,-1,-1,-1
473,364,50.4,500.5,59.5,248.0,1,-1,-1,-1
474,304,1506.9,454.1,77.8,191.2,1,-1,-1,-1
474,256,1586.6,408.9,107.5,263.9,1,-1,-1,-1
474,266,1341.3,384.2,111.8,326.4,1,-1,-1,-1
474,325,1840.6,438.2,68.4,199.5,1,-1,-1,-1
474,217,1783.0,420.6,65.9,213.0,1,-1,-1,-1
474,356,363.8,299.3,196.9,572.6,1,-1,-1,-1
474,360,1176.5,466.4,32.3,177.3,1,-1,-1,-1
474,7,104.1,467.6,87.8,277.6,1,-1,-1,-1
474,348,1686.5,401.3,87.2,267.6,1,-1,-1,-1
474,364,46.1,500.8,60.0,248.5,1,-1,-1,-1
475,304,1507.2,453.8,80.0,193.2,1,-1,-1,-1
475,256,1576.3,415.8,106.4,257.6,1,-1,-1,-1
475,266,1356.0,385.0,112.0,325.2,1,-1,-1,-1
475,325,1841.7,438.2,68.7,197.1,1,-1,-1,-1
475,217,1786.3,419.8,65.5,212.3,1,-1,-1,-1
475,356,382.7,301.5,200.7,570.4,1,-1,-1,-1
475,360,1182.6,466.1,34.3,176.9,1,-1,-1,-1
475,7,103.7,463.0,88.7,282.5,1,-1,-1,-1
475,348,1671.2,401.8,87.6,265.8,1,-1,-1,-1
475,364,45.8,501.3,60.6,249.0,1,-1,-1,-1
476,304,1506.3,453.0,81.6,195.0,1,-1,-1,-1
476,256,1569.6,420.1,107.1,253.7,1,-1,-1,-1
476,266,1369.2,388.5,112.0,321.2,1,-1,-1,-1
476,325,1842.1,437.8,69.7,197.1,1,-1,-1,-1
476,217,1788.4,419.3,65.2,211.1,1,-1,-1,-1
476,356,395.3,305.0,205.2,567.4,1,-1,-1,-1
476,360,1185.6,466.4,36.8,176.8,1,-1,-1,-1
476,7,107.9,464.3,86.9,281.4,1,-1,-1,-1
476,348,1658.4,401.9,88.1,266.6,1,-1,-1,-1
476,364,45.3,501.0,61.2,249.3,1,-1,-1,-1
477,304,1505.3,453.6,81.9,193.7,1,-1,-1,-1
477,256,1562.5,422.8,108.6,251.4,1,-1,-1,-1
477,266,1379.1,389.5,113.7,319.6,1,-1,-1,-1
477,325,1842.4,436.7,71.0,198.2,1,-1,-1,-1
477,217,1790.2,419.8,64.9,210.3,1,-1,-1,-1
477,356,406.1,307.6,209.8,566.0,1,-1,-1,-1
477,360,1187.5,466.1,39.6,177.5,1,-1,-1,-1
477,7,113.5,475.3,82.1,269.9,1,-1,-1,-1
477,348,1647.2,402.4,87.2,266.2,1,-1,-1,-1
477,364,44.5,500.6,62.0,249.6,1,-1,-1,-1
478,304,1505.9,453.1,80.3,190.6,1,-1,-1,-1
478,256,1558.4,422.2,110.4,250.7,1,-1,-1,-1
478,266,1385.0,390.3,115.3,318.5,1,-1,-1,-1
478,325,1843.2,434.9,72.3,199.9,1,-1,-1,-1
478,217,1791.1,418.6,64.8,211.9,1,-1,-1,-1
478,356,412.5,311.2,212.3,562.4,1,-1,-1,-1
478,360,1188.2,464.2,42.8,179.5,1,-1,-1,-1
478,7,117.4,492.1,76.6,253.2,1,-1,-1,-1
478,348,1640.2,405.2,87.3,264.3,1,-1,-1,-1
478,364,44.4,500.3,63.0,249.8,1,-1,-1,-1
479,304,1508.2,452.7,78.7,190.2,1,-1,-1,-1
479,256,1555.0,423.5,110.8,248.8,1,-1,-1,-1
479,266,1387.9,391.7,116.0,315.5,1,-1,-1,-1
479,325,1843.4,433.6,73.3,201.3,1,-1,-1,-1
479,217,1792.5,419.1,64.8,212.5,1,-1,-1,-1
479,356,415.9,314.6,214.2,558.7,1,-1,-1,-1
479,360,1188.4,462.9,45.8,180.9,1,-1,-1,-1
479,7,120.2,506.4,72.3,238.8,1,-1,-1,-1
479,348,1636.2,405.5,88.1,263.8,1,-1,-1,-1
479,364,42.6,500.7,64.1,249.5,1,-1,-1,-1
479,374,572.0,398.5,47.4,108.7,1,-1,-1,-1
480,256,1547.4,422.2,110.2,248.5,1,-1,-1,-1
480,266,1391.1,393.1,116.5,313.7,1,-1,-1,-1
480,325,1844.0,433.5,73.6,201.1,1,-1,-1,-1
480,217,1795.4,419.7,63.9,211.3,1,-1,-1,-1
480,356,417.5,315.5,215.5,554.6,1,-1,-1,-1
480,360,1192.4,462.5,47.4,181.0,1,-1,-1,-1
480,7,120.3,503.1,72.9,242.1,1,-1,-1,-1
480,348,1631.2,408.0,90.5,264.3,1,-1,-1,-1
480,364,52.3,559.7,49.8,188.9,1,-1,-1,-1
480,374,573.4,397.1,47.5,109.0,1,-1,-1,-1
481,256,1540.8,421.6,108.8,249.0,1,-1,-1,-1
481,266,1393.3,393.8,116.6,311.7,1,-1,-1,-1
481,325,1845.0,434.1,73.5,199.9,1,-1,-1,-1
481,217,1797.9,420.1,63.5,210.8,1,-1,-1,-1
481,356,418.2,314.9,216.3,550.1,1,-1,-1,-1
481,360,1198.2,461.6,48.8,181.6,1,-1,-1,-1
481,7,120.9,502.5,72.7,242.5,1,-1,-1,-1
481,348,1626.6,410.8,91.9,260.7,1,-1,-1,-1
481,364,55.4,577.9,45.8,170.0,1,-1,-1,-1
481,374,573.2,392.4,48.7,112.1,1,-1,-1,-1
482,256,1532.6,419.9,107.5,250.9,1,-1,-1,-1
482,266,1396.3,393.5,116.0,310.4,1,-1,-1,-1
482,325,1846.2,435.3,73.0,198.0,1,-1,-1,-1
482,217,1799.4,421.6,63.1,209.6,1,-1,-1,-1
482,356,419.9,314.9,217.0,546.9,1,-1,-1,-1
482,360,1202.6,461.8,49.6,181.3,1,-1,-1,-1
482,7,120.5,502.2,72.8,243.0,1,-1,-1,-1
482,348,1619.6,409.6,95.1,261.4,1,-1,-1,-1
482,377,39.3,500.0,75.1,250.1,1,-1,-1,-1
483,256,1526.7,418.5,104.0,251.2,1,-1,-1,-1
483,266,1402.5,392.1,114.3,308.6,1,-1,-1,-1
483,325,1847.2,436.8,72.3,195.8,1,-1,-1,-1
483,217,1800.5,423.9,62.5,207.3,1,-1,-1,-1
483,356,423.6,314.4,216.8,544.2,1,-1,-1,-1
483,360,1210.5,461.3,50.9,181.9,1,-1,-1,-1
483,7,121.1,505.1,72.3,239.9,1,-1,-1,-1
483,348,1607.2,410.1,99.7,260.6,1,-1,-1,-1
483,378,28.4,407.2,119.9,582.3,1,-1,-1,-1
483,379,1681.0,471.1,44.0,117.7,1,-1,-1,-1
484,256,1519.4,419.2,100.6,250.4,1,-1,-1,-1
484,266,1409.3,392.3,112.1,306.9,1,-1,-1,-1
484,325,1848.4,438.3,71.6,194.0,1,-1,-1,-1
484,217,1801.5,424.7,62.6,206.9,1,-1,-1,-1
484,356,429.4,314.3,215.6,541.9,1,-1,-1,-1
484,360,1215.4,459.4,52.3,183.9,1,-1,-1,-1
484,7,122.9,502.3,74.2,243.3,1,-1,-1,-1
484,348,1599.7,411.3,103.6,259.4,1,-1,-1,-1
484,378,30.2,238.1,154.6,745.1,1,-1,-1,-1
484,379,1679.9,471.5,44.4,118.8,1,-1,-1,-1
485,256,1503.9,419.0,100.6,251.8,1,-1,-1,-1
485,266,1416.8,391.6,111.1,307.3,1,-1,-1,-1
485,325,1849.3,439.0,70.7,193.0,1,-1,-1,-1
485,217,1804.1,424.9,62.8,207.0,1,-1,-1,-1
485,356,441.2,314.6,211.4,534.5,1,-1,-1,-1
485,360,1220.4,459.8,53.1,183.5,1,-1,-1,-1
485,7,118.3,506.9,73.7,238.8,1,-1,-1,-1
485,348,1593.1,412.5,104.8,257.6,1,-1,-1,-1
485,378,38.1,206.0,163.4,775.3,1,-1,-1,-1
485,379,1679.5,471.3,44.0,118.0,1,-1,-1,-1
486,256,1498.0,420.2,99.3,250.3,1,-1,-1,-1
486,266,1422.9,391.0,109.7,307.1,1,-1,-1,-1
486,325,1850.5,437.6,69.5,194.3,1,-1,-1,-1
486,217,1805.8,424.3,62.5,205.6,1,-1,-1,-1
486,356,453.9,315.0,207.7,529.3,1,-1,-1,-1
486,360,1224.7,460.5,54.7,183.3,1,-1,-1,-1
486,7,115.6,491.8,79.7,253.6,1,-1,-1,-1
486,348,1585.1,413.9,104.2,254.6,1,-1,-1,-1
486,378,42.5,202.6,167.2,776.9,1,-1,-1,-1
486,379,1679.9,471.9,43.2,116.1,1,-1,-1,-1
487,256,1498.1,424.1,96.8,246.3,1,-1,-1,-1
487,266,1426.8,389.6,108.3,307.0,1,-1,-1,-1
487,325,1850.9,435.8,69.1,195.7,1,-1,-1,-1
487,217,1805.3,424.4,62.8,206.3,1,-1,-1,-1
487,356,464.8,314.8,204.1,526.2,1,-1,-1,-1
487,360,1230.4,459.5,57.4,184.1,1,-1,-1,-1
487,348,1578.3,414.2,103.2,253.1,1,-1,-1,-1
487,378,42.8,209.2,169.7,769.5,1,-1,-1,-1
487,379,1680.8,471.6,43.1,115.8,1,-1,-1,-1
488,256,1497.0,425.2,97.6,250.5,1,-1,-1,-1
488,266,1431.5,389.6,106.5,306.2,1,-1,-1,-1
488,325,1853.2,434.9,66.8,197.5,1,-1,-1,-1
488,217,1807.4,423.0,62.9,206.2,1,-1,-1,-1
488,356,477.5,314.3,200.9,525.5,1,-1,-1,-1
488,360,1236.2,460.4,60.3,182.8,1,-1,-1,-1
488,348,1566.5,413.5,101.1,253.5,1,-1,-1,-1
488,378,41.5,213.2,173.5,766.3,1,-1,-1,-1
488,379,1681.0,472.0,42.1,113.5,1,-1,-1,-1
489,256,1501.9,437.6,91.7,236.5,1,-1,-1,-1
489,266,1438.7,391.6,105.7,305.7,1,-1,-1,-1
489,325,1854.4,434.3,65.6,196.6,1,-1,-1,-1
489,217,1808.7,422.1,62.8,205.6,1,-1,-1,-1
489,356,488.9,314.2,197.7,526.0,1,-1,-1,-1
489,360,1239.2,461.4,63.2,182.1,1,-1,-1,-1
489,348,1558.5,412.5,98.4,254.1,1,-1,-1,-1
489,378,38.9,215.4,178.0,765.5,1,-1,-1,-1
489,379,1681.1,472.2,41.7,112.3,1,-1,-1,-1
490,256,1510.7,446.6,85.1,223.9,1,-1,-1,-1
490,266,1444.9,392.6,105.3,305.2,1,-1,-1,-1
490,325,1856.5,434.2,63.5,195.3,1,-1,-1,-1
490,217,1810.5,423.1,62.9,204.2,1,-1,-1,-1
490,356,497.9,315.0,195.7,526.0,1,-1,-1,-1
490,360,1242.0,461.2,66.2,183.3,1,-1,-1,-1
490,348,1551.1,414.6,95.0,250.8,1,-1,-1,-1
490,378,37.6,212.1,185.8,777.2,1,-1,-1,-1
490,379,1681.0,471.7,42.4,114.3,1,-1,-1,-1
491,256,1516.1,425.2,89.7,241.6,1,-1,-1,-1
491,266,1449.9,393.8,105.0,304.1,1,-1,-1,-1
491,325,1859.7,434.0,60.3,195.1,1,-1,-1,-1
491,217,1812.3,423.9,63.1,203.3,1,-1,-1,-1
491,356,504.4,315.9,193.9,525.7,1,-1,-1,-1
491,360,1243.3,461.0,68.4,183.5,1,-1,-1,-1
491,348,1545.8,415.2,95.4,253.9,1,-1,-1,-1
491,378,47.0,211.4,189.3,772.9,1,-1,-1,-1
491,379,1681.1,471.7,42.8,115.4,1,-1,-1,-1
492,256,1517.7,415.0,91.3,251.4,1,-1,-1,-1
492,266,1453.9,395.8,105.2,301.5,1,-1,-1,-1
492,325,1861.7,433.9,58.3,195.8,1,-1,-1,-1
492,217,1813.8,425.1,63.3,202.2,1,-1,-1,-1
492,356,511.5,317.1,191.2,523.7,1,-1,-1,-1
492,360,1245.3,460.6,69.6,183.0,1,-1,-1,-1
492,348,1538.6,414.3,95.5,253.2,1,-1,-1,-1
492,378,80.2,212.8,190.3,768.5,1,-1,-1,-1
492,379,1680.9,471.4,43.3,116.8,1,-1,-1,-1
493,256,1524.8,418.4,87.2,246.0,1,-1,-1,-1
493,266,1462.1,397.0,105.1,299.4,1,-1,-1,-1
493,325,1863.7,434.1,56.3,196.0,1,-1,-1,-1
493,217,1816.2,424.2,64.3,203.6,1,-1,-1,-1
493,356,520.6,319.1,188.4,521.1,1,-1,-1,-1
493,360,1249.1,457.1,70.9,183.9,1,-1,-1,-1
493,348,1535.4,418.5,92.8,245.6,1,-1,-1,-1
493,378,117.9,216.3,190.7,762.0,1,-1,-1,-1
493,379,1681.3,471.4,43.3,116.9,1,-1,-1,-1
493,380,1594.0,453.3,54.3,170.6,1,-1,-1,-1
493,381,1585.1,445.6,59.0,219.5,1,-1,-1,-1
494,266,1466.9,397.6,105.1,298.2,1,-1,-1,-1
494,325,1865.0,435.1,55.0,195.7,1,-1,-1,-1
494,217,1817.5,425.2,64.5,203.1,1,-1,-1,-1
494,356,528.1,322.5,186.0,519.0,1,-1,-1,-1
494,360,1255.3,455.6,71.1,185.0,1,-1,-1,-1
494,348,1534.4,426.1,90.7,238.2,1,-1,-1,-1
494,378,149.6,219.7,196.5,757.8,1,-1,-1,-1
494,379,1681.5,471.5,43.3,116.7,1,-1,-1,-1
494,380,1595.5,452.6,54.3,170.5,1,-1,-1,-1
494,304,1558.4,447.3,89.0,214.9,1,-1,-1,-1
495,266,1469.3,396.5,104.9,296.9,1,-1,-1,-1
495,325,1866.2,435.8,53.8,194.8,1,-1,-1,-1
495,217,1818.5,426.1,64.6,202.8,1,-1,-1,-1
495,356,540.9,325.3,185.2,516.6,1,-1,-1,-1
495,360,1265.5,454.1,70.4,186.1,1,-1,-1,-1
495,378,183.2,224.5,207.6,751.1,1,-1,-1,-1
495,379,1681.6,471.5,43.2,116.6,1,-1,-1,-1
495,380,1598.5,449.7,51.0,160.0,1,-1,-1,-1
495,304,1550.0,447.9,90.4,216.8,1,-1,-1,-1
495,377,26.4,500.2,79.1,250.8,1,-1,-1,-1
495,381,1589.7,447.7,55.7,207.9,1,-1,-1,-1
496,266,1474.5,396.3,103.1,294.5,1,-1,-1,-1
496,325,1867.0,436.0,53.0,194.2,1,-1,-1,-1
496,217,1819.8,426.9,64.2,201.4,1,-1,-1,-1
496,356,550.3,329.3,183.2,511.4,1,-1,-1,-1
496,360,1273.2,453.5,69.5,187.4,1,-1,-1,-1
496,378,204.9,233.5,220.6,740.6,1,-1,-1,-1
496,379,1681.3,471.5,43.1,116.4,1,-1,-1,-1
496,380,1599.2,448.0,53.8,169.4,1,-1,-1,-1
496,304,1550.6,447.2,91.1,219.8,1,-1,-1,-1
496,377,28.6,501.2,80.5,249.9,1,-1,-1,-1
496,381,1593.0,446.7,52.7,197.2,1,-1,-1,-1
496,256,1500.8,399.3,104.3,285.1,1,-1,-1,-1
497,325,1868.4,436.1,51.6,193.7,1,-1,-1,-1
497,217,1820.9,427.5,63.9,200.4,1,-1,-1,-1
497,356,558.9,331.5,181.4,507.5,1,-1,-1,-1
497,360,1279.5,454.2,68.1,186.8,1,-1,-1,-1
497,378,215.4,240.6,235.7,734.2,1,-1,-1,-1
497,379,1681.3,471.6,43.2,116.6,1,-1,-1,-1
497,380,1598.8,446.0,58.0,184.2,1,-1,-1,-1
497,304,1554.7,445.4,87.0,211.4,1,-1,-1,-1
497,377,32.5,500.6,81.3,248.8,1,-1,-1,-1
497,383,1447.8,432.4,54.2,237.8,1,-1,-1,-1
497,256,1492.2,396.0,106.6,290.7,1,-1,-1,-1
497,7,121.6,527.4,69.3,216.3,1,-1,-1,-1
498,325,1870.9,436.3,49.1,193.0,1,-1,-1,-1
498,217,1822.0,428.2,63.9,200.1,1,-1,-1,-1
498,356,567.5,332.5,180.2,504.0,1,-1,-1,-1
498,360,1286.1,455.2,67.2,186.5,1,-1,-1,-1
498,378,217.3,247.1,250.1,726.4,1,-1,-1,-1
498,379,1681.1,472.0,43.0,116.2,1,-1,-1,-1
498,380,1601.0,448.5,59.7,190.4,1,-1,-1,-1
498,304,1556.9,446.1,82.8,205.6,1,-1,-1,-1
498,377,28.7,500.7,83.3,249.7,1,-1,-1,-1
498,383,1441.4,430.7,54.6,238.7,1,-1,-1,-1
498,256,1494.3,394.1,109.6,294.8,1,-1,-1,-1
498,7,120.6,524.0,70.7,220.4,1,-1,-1,-1
499,325,1871.4,436.4,48.6,192.1,1,-1,-1,-1
499,217,1823.5,428.3,63.7,200.0,1,-1,-1,-1
499,356,572.4,333.0,179.4,502.1,1,-1,-1,-1
499,360,1292.4,455.3,67.1,186.3,1,-1,-1,-1
499,378,216.3,252.8,264.0,718.2,1,-1,-1,-1
499,379,1681.0,472.1,43.1,116.1,1,-1,-1,-1
499,380,1603.7,449.4,60.6,193.6,1,-1,-1,-1
499,304,1561.0,446.0,80.8,204.8,1,-1,-1,-1
499,377,32.6,501.8,83.1,248.9,1,-1,-1,-1
499,383,1434.1,427.2,55.7,241.8,1,-1,-1,-1
499,7,121.7,532.4,68.8,212.4,1,-1,-1,-1
500,325,1872.6,436.2,47.4,190.6,1,-1,-1,-1
500,217,1824.8,428.2,63.5,199.5,1,-1,-1,-1
500,356,582.3,334.5,176.5,497.0,1,-1,-1,-1
500,360,1298.6,455.6,68.0,185.8,1,-1,-1,-1
500,378,219.8,254.7,274.4,709.8,1,-1,-1,-1
500,379,1680.7,472.5,42.9,115.4,1,-1,-1,-1
500,380,1602.6,452.3,60.5,191.5,1,-1,-1,-1
500,377,21.1,500.7,86.8,250.4,1,-1,-1,-1
500,383,1424.2,424.6,57.2,243.1,1,-1,-1,-1
500,7,121.6,533.6,69.3,212.5,1,-1,-1,-1
500,256,1495.3,394.2,107.4,293.5,1,-1,-1,-1
501,325,1873.4,435.8,46.6,191.4,1,-1,-1,-1
501,217,1825.6,427.9,63.4,199.3,1,-1,-1,-1
501,356,593.9,333.4,174.1,496.4,1,-1,-1,-1
501,360,1303.5,456.5,69.4,185.1,1,-1,-1,-1
501,378,227.6,253.9,281.6,702.2,1,-1,-1,-1
501,379,1680.2,472.5,43.2,116.0,1,-1,-1,-1
501,380,1608.3,451.7,61.5,191.0,1,-1,-1,-1
501,377,17.3,502.0,89.0,249.2,1,-1,-1,-1
501,383,1417.7,423.8,59.0,243.1,1,-1,-1,-1
501,7,120.2,527.2,71.3,218.7,1,-1,-1,-1
501,385,1481.0,419.9,36.6,208.3,1,-1,-1,-1
501,256,1502.5,395.3,106.4,291.6,1,-1,-1,-1
502,325,1874.2,435.5,45.8,191.0,1,-1,-1,-1
502,217,1826.8,427.8,63.0,198.8,1,-1,-1,-1
502,356,602.9,333.3,170.7,491.1,1,-1,-1,-1
502,360,1305.9,455.8,71.8,186.9,1,-1,-1,-1
502,378,253.7,253.0,280.3,689.9,1,-1,-1,-1
502,379,1679.9,472.3,43.4,116.3,1,-1,-1,-1
502,380,1613.8,455.5,62.2,187.5,1,-1,-1,-1
502,377,15.0,507.8,90.3,243.7,1,-1,-1,-1
502,383,1413.6,430.2,59.6,236.7,1,-1,-1,-1
502,7,120.8,528.9,70.9,217.0,1,-1,-1,-1
502,256,1511.2,396.4,105.8,289.9,1,-1,-1,-1
502,348,1463.8,421.3,86.5,239.8,1,-1,-1,-1
503,325,1875.5,435.6,44.5,190.4,1,-1,-1,-1
503,217,1828.8,428.4,62.8,196.5,1,-1,-1,-1
503,356,610.0,333.1,168.5,486.8,1,-1,-1,-1
503,360,1308.0,455.6,73.7,187.7,1,-1,-1,-1
503,378,283.8,250.3,274.9,679.8,1,-1,-1,-1
503,379,1680.4,472.3,43.5,116.7,1,-1,-1,-1
503,380,1617.2,450.3,64.6,191.2,1,-1,-1,-1
503,377,13.6,514.7,90.5,236.1,1,-1,-1,-1
503,383,1408.3,436.6,60.3,229.4,1,-1,-1,-1
503,7,121.6,531.4,70.4,214.2,1,-1,-1,-1
503,256,1519.3,397.7,106.7,289.4,1,-1,-1,-1
503,348,1457.4,420.7,84.2,242.4,1,-1,-1,-1
504,325,1875.6,435.9,44.4,189.7,1,-1,-1,-1
504,217,1829.4,427.9,63.2,196.4,1,-1,-1,-1
504,356,616.3,333.3,166.0,481.6,1,-1,-1,-1
504,360,1309.6,455.1,75.1,187.9,1,-1,-1,-1
504,378,310.5,250.5,267.5,673.2,1,-1,-1,-1
504,379,1680.1,471.0,43.9,118.1,1,-1,-1,-1
504,380,1615.8,445.5,67.7,196.2,1,-1,-1,-1
504,377,11.2,507.0,95.4,244.3,1,-1,-1,-1
504,383,1403.8,438.7,62.4,227.7,1,-1,-1,-1
504,7,121.9,529.4,71.5,216.4,1,-1,-1,-1
504,256,1523.6,398.5,107.8,288.1,1,-1,-1,-1
504,348,1452.8,421.8,82.3,243.3,1,-1,-1,-1
505,325,1877.1,436.4,42.9,189.1,1,-1,-1,-1
505,217,1830.1,427.3,63.8,196.9,1,-1,-1,-1
505,356,622.5,333.7,164.4,478.4,1,-1,-1,-1
505,360,1311.1,453.0,75.1,189.1,1,-1,-1,-1
505,378,357.7,249.6,259.2,671.4,1,-1,-1,-1
505,379,1680.1,471.1,43.7,117.8,1,-1,-1,-1
505,380,1611.7,438.2,71.4,204.3,1,-1,-1,-1
505,377,11.1,507.3,96.6,242.2,1,-1,-1,-1
505,383,1398.3,438.2,65.2,228.4,1,-1,-1,-1
505,7,121.3,530.6,71.3,214.8,1,-1,-1,-1
505,256,1528.4,403.1,106.3,282.3,1,-1,-1,-1
505,348,1446.4,424.2,81.6,242.0,1,-1,-1,-1
506,325,1877.6,436.9,42.4,190.4,1,-1,-1,-1
506,217,1830.8,426.4,64.5,198.1,1,-1,-1,-1
506,356,628.3,333.3,163.1,477.3,1,-1,-1,-1
506,360,1315.6,453.4,73.4,187.4,1,-1,-1,-1
506,378,399.7,249.9,250.7,669.3,1,-1,-1,-1
506,379,1680.6,471.5,43.4,117.4,1,-1,-1,-1
506,380,1610.0,434.9,73.1,208.0,1,-1,-1,-1
506,377,15.3,526.9,91.2,222.8,1,-1,-1,-1
506,383,1391.0,438.8,66.1,226.9,1,-1,-1,-1
506,7,122.1,530.1,71.7,214.9,1,-1,-1,-1
506,256,1531.9,404.5,105.4,279.7,1,-1,-1,-1
506,348,1443.6,428.3,80.1,237.4,1,-1,-1,-1
507,325,1878.9,437.7,41.1,189.2,1,-1,-1,-1
507,217,1832.6,426.8,64.4,197.7,1,-1,-1,-1
507,356,637.7,334.1,161.8,476.7,1,-1,-1,-1
507,360,1321.8,453.4,71.8,186.7,1,-1,-1,-1
507,378,426.7,253.6,244.3,664.7,1,-1,-1,-1
507,379,1680.3,470.9,42.9,116.1,1,-1,-1,-1
507,380,1615.2,435.5,72.6,206.2,1,-1,-1,-1
507,377,23.9,553.1,82.4,196.2,1,-1,-1,-1
507,383,1384.2,438.0,66.0,225.6,1,-1,-1,-1
507,7,121.7,530.5,71.6,214.1,1,-1,-1,-1
507,256,1534.3,405.5,105.0,278.3,1,-1,-1,-1
507,348,1438.8,429.0,81.1,235.7,1,-1,-1,-1
507,389,952.8,514.0,82.2,117.6,1,-1,-1,-1
508,325,1881.0,441.7,39.0,187.3,1,-1,-1,-1
508,217,1833.7,427.3,64.4,197.1,1,-1,-1,-1
508,356,650.0,336.6,162.1,473.3,1,-1,-1,-1
508,360,1329.7,452.5,70.0,189.0,1,-1,-1,-1
508,378,447.1,258.4,242.6,661.0,1,-1,-1,-1
508,379,1681.1,471.6,42.6,115.9,1,-1,-1,-1
508,380,1619.1,438.5,71.2,202.3,1,-1,-1,-1
508,377,20.2,523.4,95.6,228.2,1,-1,-1,-1
508,383,1376.9,437.3,64.9,222.4,1,-1,-1,-1
508,7,120.5,529.5,72.3,215.6,1,-1,-1,-1
508,256,1537.0,404.8,104.3,277.5,1,-1,-1,-1
508,348,1431.3,430.5,83.6,234.3,1,-1,-1,-1
509,325,1882.8,444.1,37.2,184.0,1,-1,-1,-1
509,217,1834.6,428.3,64.3,195.9,1,-1,-1,-1
509,356,660.0,336.9,164.0,472.0,1,-1,-1,-1
509,378,463.2,265.0,243.7,656.6,1,-1,-1,-1
509,379,1682.0,470.4,41.8,114.4,1,-1,-1,-1
509,380,1623.4,448.0,68.1,193.0,1,-1,-1,-1
509,377,22.5,523.2,94.9,226.4,1,-1,-1,-1
509,383,1368.6,437.3,65.5,221.3,1,-1,-1,-1
509,7,118.2,522.5,74.9,223.1,1,-1,-1,-1
509,256,1540.1,403.3,103.6,278.2,1,-1,-1,-1
509,348,1418.1,428.3,89.2,237.2,1,-1,-1,-1
510,217,1836.3,429.0,66.0,195.4,1,-1,-1,-1
510,356,675.7,338.9,165.8,470.1,1,-1,-1,-1
510,378,478.8,275.6,247.0,646.4,1,-1,-1,-1
510,379,1684.6,469.6,42.5,116.2,1,-1,-1,-1
510,380,1626.1,449.4,67.3,190.3,1,-1,-1,-1
510,377,21.5,513.0,99.6,237.3,1,-1,-1,-1
510,383,1361.3,437.0,67.1,224.5,1,-1,-1,-1
510,7,102.9,462.1,94.4,283.8,1,-1,-1,-1
510,256,1544.0,402.3,102.7,279.5,1,-1,-1,-1
510,348,1416.9,424.7,92.4,240.2,1,-1,-1,-1
511,217,1836.3,429.8,67.0,194.5,1,-1,-1,-1
511,356,686.2,337.1,168.2,471.8,1,-1,-1,-1
511,378,486.8,282.2,251.8,638.5,1,-1,-1,-1
511,379,1687.3,469.1,43.7,118.3,1,-1,-1,-1
511,380,1629.8,450.8,66.4,188.3,1,-1,-1,-1
511,377,23.1,505.7,102.2,247.0,1,-1,-1,-1
511,383,1355.9,436.2,67.8,227.0,1,-1,-1,-1
511,7,102.6,441.5,99.0,304.0,1,-1,-1,-1
511,256,1548.5,400.3,100.5,279.2,1,-1,-1,-1
511,348,1416.0,426.3,92.8,238.4,1,-1,-1,-1
512,217,1834.7,430.0,67.3,193.9,1,-1,-1,-1
512,356,694.2,339.7,167.7,465.9,1,-1,-1,-1
512,378,491.4,283.2,257.5,636.5,1,-1,-1,-1
512,379,1689.6,469.1,45.1,119.6,1,-1,-1,-1
512,380,1633.1,452.2,65.9,186.9,1,-1,-1,-1
512,377,25.5,503.6,100.3,247.7,1,-1,-1,-1
512,383,1352.2,436.4,67.6,225.2,1,-1,-1,-1
512,7,105.2,442.1,96.8,303.4,1,-1,-1,-1
512,256,1553.4,399.8,98.0,277.8,1,-1,-1,-1
512,348,1411.5,428.7,92.3,236.0,1,-1,-1,-1
513,217,1833.9,431.4,66.4,192.0,1,-1,-1,-1
513,356,703.5,343.3,165.7,459.0,1,-1,-1,-1
513,378,495.4,283.2,261.1,633.2,1,-1,-1,-1
513,379,1686.0,469.9,42.7,115.2,1,-1,-1,-1
513,380,1636.8,454.2,65.5,185.6,1,-1,-1,-1
513,377,27.7,502.7,97.9,246.8,1,-1,-1,-1
513,383,1341.4,438.0,69.3,223.8,1,-1,-1,-1
513,7,108.0,455.6,91.4,289.8,1,-1,-1,-1
513,256,1550.4,400.6,98.0,277.8,1,-1,-1,-1
513,348,1402.5,430.3,90.3,232.2,1,-1,-1,-1
513,325,1876.9,422.2,43.1,228.9,1,-1,-1,-1
514,217,1834.8,432.0,65.2,190.2,1,-1,-1,-1
514,356,711.6,346.0,162.8,452.6,1,-1,-1,-1
514,378,516.5,286.1,258.7,625.4,1,-1,-1,-1
514,379,1687.5,471.2,36.4,97.9,1,-1,-1,-1
514,380,1640.5,454.0,65.2,185.6,1,-1,-1,-1
514,377,30.7,502.3,95.7,246.2,1,-1,-1,-1
514,383,1329.4,439.5,70.5,220.5,1,-1,-1,-1
514,7,109.6,461.0,88.4,283.9,1,-1,-1,-1
514,256,1558.2,403.9,95.2,274.5,1,-1,-1,-1
514,348,1394.2,431.1,88.6,230.3,1,-1,-1,-1
514,325,1876.5,401.1,43.5,232.2,1,-1,-1,-1
515,217,1836.9,432.6,64.3,189.7,1,-1,-1,-1
515,356,717.9,346.8,161.0,451.6,1,-1,-1,-1
515,378,544.0,289.6,252.2,612.7,1,-1,-1,-1
515,380,1646.3,453.1,65.1,186.1,1,-1,-1,-1
515,377,31.3,504.3,93.1,244.2,1,-1,-1,-1
515,383,1322.6,441.0,72.4,218.7,1,-1,-1,-1
515,7,112.9,476.2,83.0,269.2,1,-1,-1,-1
515,256,1565.1,405.5,93.1,271.8,1,-1,-1,-1
515,348,1387.4,434.6,86.3,227.8,1,-1,-1,-1
515,325,1874.9,391.6,45.1,240.2,1,-1,-1,-1
516,217,1835.1,426.8,65.0,197.9,1,-1,-1,-1
516,356,726.5,348.1,156.3,447.2,1,-1,-1,-1
516,378,571.4,285.9,243.6,602.5,1,-1,-1,-1
516,380,1650.9,457.8,63.5,180.7,1,-1,-1,-1
516,377,31.7,502.7,93.0,247.1,1,-1,-1,-1
516,383,1319.2,444.4,74.9,216.2,1,-1,-1,-1
516,7,115.5,484.7,79.4,259.8,1,-1,-1,-1
516,256,1571.3,406.6,91.6,269.7,1,-1,-1,-1
516,348,1382.1,434.4,84.6,227.1,1,-1,-1,-1
516,325,1869.5,382.6,50.5,273.3,1,-1,-1,-1
516,397,842.0,539.1,37.8,73.3,1,-1,-1,-1
516,398,0.0,540.8,56.4,139.5,1,-1,-1,-1
517,217,1842.9,404.6,70.2,217.3,1,-1,-1,-1
517,356,733.1,347.6,152.5,446.2,1,-1,-1,-1
517,378,600.5,283.6,235.5,597.5,1,-1,-1,-1
517,380,1655.1,461.6,61.8,175.8,1,-1,-1,-1
517,377,32.6,502.9,92.0,247.0,1,-1,-1,-1
517,383,1317.0,445.8,77.7,215.1,1,-1,-1,-1
517,7,118.7,502.2,74.4,243.1,1,-1,-1,-1
517,256,1576.2,407.3,90.4,268.2,1,-1,-1,-1
517,348,1377.6,433.5,83.5,228.3,1,-1,-1,-1
517,325,1864.6,380.0,55.4,297.2,1,-1,-1,-1
517,397,845.0,539.6,37.8,73.4,1,-1,-1,-1
517,398,0.0,541.8,53.5,132.6,1,-1,-1,-1
518,217,1845.5,391.1,74.5,233.9,1,-1,-1,-1
518,356,745.6,349.3,148.9,443.0,1,-1,-1,-1
518,378,629.5,281.0,227.4,595.8,1,-1,-1,-1
518,380,1656.0,454.0,64.3,183.3,1,-1,-1,-1
518,377,36.1,502.1,91.6,247.4,1,-1,-1,-1
518,383,1312.1,444.4,79.9,216.1,1,-1,-1,-1
518,7,120.7,517.9,70.2,227.7,1,-1,-1,-1
518,256,1581.2,409.1,89.8,266.7,1,-1,-1,-1
518,348,1376.2,434.4,82.8,228.2,1,-1,-1,-1
518,325,1861.4,378.3,58.6,303.8,1,-1,-1,-1
518,398,0.0,545.5,51.8,132.2,1,-1,-1,-1
519,356,756.6,349.5,144.7,439.0,1,-1,-1,-1
519,378,650.4,281.9,218.6,592.2,1,-1,-1,-1
519,380,1657.2,453.9,64.9,184.9,1,-1,-1,-1
519,377,37.2,503.0,90.8,246.3,1,-1,-1,-1
519,383,1306.6,438.0,82.7,221.5,1,-1,-1,-1
519,7,121.2,526.3,68.1,219.3,1,-1,-1,-1
519,256,1586.0,410.9,88.6,263.7,1,-1,-1,-1
519,348,1374.6,438.6,80.1,223.6,1,-1,-1,-1
519,325,1856.0,377.0,62.2,307.0,1,-1,-1,-1
519,398,0.0,554.2,49.6,128.8,1,-1,-1,-1
519,360,1397.5,451.1,76.3,206.2,1,-1,-1,-1
520,356,766.3,349.2,141.0,437.8,1,-1,-1,-1
520,378,670.1,281.8,213.2,591.2,1,-1,-1,-1
520,380,1659.2,453.7,65.0,185.3,1,-1,-1,-1
520,377,37.9,502.4,90.7,247.0,1,-1,-1,-1
520,383,1302.6,434.4,83.5,223.6,1,-1,-1,-1
520,7,121.4,527.0,68.3,218.7,1,-1,-1,-1
520,256,1588.8,411.4,88.3,263.8,1,-1,-1,-1
520,348,1372.8,437.8,80.4,224.6,1,-1,-1,-1
520,325,1853.2,377.6,61.5,295.1,1,-1,-1,-1
520,398,0.0,567.0,44.9,115.8,1,-1,-1,-1
520,360,1410.6,456.1,70.2,200.5,1,-1,-1,-1
521,356,794.9,347.4,108.6,334.5,1,-1,-1,-1
521,378,692.7,274.6,216.0,596.8,1,-1,-1,-1
521,380,1661.1,452.8,65.4,185.7,1,-1,-1,-1
521,377,33.8,500.6,91.5,248.9,1,-1,-1,-1
521,383,1297.9,438.1,81.3,219.9,1,-1,-1,-1
521,7,121.4,516.9,71.5,228.5,1,-1,-1,-1
521,256,1591.2,409.3,88.6,265.4,1,-1,-1,-1
521,348,1369.8,439.3,79.7,220.3,1,-1,-1,-1
521,325,1849.9,378.4,64.3,301.9,1,-1,-1,-1
521,398,0.0,568.8,41.3,113.7,1,-1,-1,-1
521,360,1415.7,453.5,69.0,202.3,1,-1,-1,-1
521,402,547.4,398.0,73.4,170.2,1,-1,-1,-1
522,356,812.8,346.3,86.7,262.5,1,-1,-1,-1
522,378,712.1,286.6,216.2,587.0,1,-1,-1,-1
522,380,1662.8,456.3,64.2,180.5,1,-1,-1,-1
522,377,31.8,500.3,91.9,249.4,1,-1,-1,-1
522,383,1293.8,438.9,79.7,218.7,1,-1,-1,-1
522,7,122.7,513.0,73.2,231.8,1,-1,-1,-1
522,256,1594.3,407.9,87.7,263.8,1,-1,-1,-1
522,348,1364.7,442.2,79.8,217.1,1,-1,-1,-1
522,325,1848.6,378.2,66.3,306.5,1,-1,-1,-1
522,360,1423.8,454.8,66.3,194.7,1,-1,-1,-1
522,402,547.2,398.5,73.2,169.7,1,-1,-1,-1
523,378,722.7,293.8,218.5,577.4,1,-1,-1,-1
523,380,1661.3,449.4,67.7,189.2,1,-1,-1,-1
523,377,31.8,500.0,91.9,250.5,1,-1,-1,-1
523,383,1286.5,438.3,77.8,219.4,1,-1,-1,-1
523,7,123.9,510.8,75.2,234.4,1,-1,-1,-1
523,256,1599.5,407.2,86.3,261.4,1,-1,-1,-1
523,348,1357.8,442.5,81.1,216.6,1,-1,-1,-1
523,325,1850.9,377.7,67.0,310.0,1,-1,-1,-1
523,360,1431.5,456.2,65.9,194.0,1,-1,-1,-1
523,402,547.4,399.5,73.2,169.8,1,-1,-1,-1
524,378,725.6,298.8,222.3,571.1,1,-1,-1,-1
524,380,1663.9,446.6,68.4,192.5,1,-1,-1,-1
524,377,31.3,498.9,92.1,252.3,1,-1,-1,-1
524,383,1281.2,433.7,76.9,223.0,1,-1,-1,-1
524,7,122.3,508.6,77.4,236.6,1,-1,-1,-1
524,256,1603.8,404.9,86.3,263.2,1,-1,-1,-1
524,348,1353.7,438.6,83.5,220.0,1,-1,-1,-1
524,325,1849.1,378.1,67.9,310.8,1,-1,-1,-1
524,360,1439.5,457.0,66.7,193.8,1,-1,-1,-1
524,402,548.5,399.5,72.9,169.2,1,-1,-1,-1
525,378,727.5,302.5,226.2,566.2,1,-1,-1,-1
525,380,1665.7,444.8,68.6,193.8,1,-1,-1,-1
525,377,27.0,499.1,93.2,253.2,1,-1,-1,-1
525,383,1279.4,437.1,74.9,220.8,1,-1,-1,-1
525,7,120.9,521.3,75.3,224.9,1,-1,-1,-1
525,256,1608.0,404.6,85.8,263.1,1,-1,-1,-1
525,348,1347.7,438.3,84.5,220.1,1,-1,-1,-1
525,325,1848.3,378.1,68.7,311.8,1,-1,-1,-1
525,360,1446.5,456.9,69.4,194.2,1,-1,-1,-1
525,402,548.5,399.4,72.8,169.0,1,-1,-1,-1
