1,1,0.3,24.8,347.5,1047.9,1,-1,-1,-1
1,2,875.7,150.8,230.0,627.2,1,-1,-1,-1
1,3,402.2,279.1,114.9,314.2,1,-1,-1,-1
1,4,547.0,270.8,95.4,316.6,1,-1,-1,-1
1,5,867.3,258.9,88.7,294.1,1,-1,-1,-1
1,6,799.8,329.8,38.7,117.4,1,-1,-1,-1
1,7,740.5,327.0,41.7,126.1,1,-1,-1,-1
1,8,1050.3,281.5,91.0,343.5,1,-1,-1,-1
1,9,1662.5,528.8,73.8,167.8,1,-1,-1,-1
2,1,0.0,4.4,345.9,1057.0,1,-1,-1,-1
2,2,870.6,149.8,230.5,629.1,1,-1,-1,-1
2,3,395.2,273.5,116.5,318.4,1,-1,-1,-1
2,4,541.6,264.8,97.5,323.5,1,-1,-1,-1
2,5,863.4,257.1,89.1,295.6,1,-1,-1,-1
2,6,797.3,327.4,39.0,118.4,1,-1,-1,-1
2,7,739.6,324.1,39.4,119.1,1,-1,-1,-1
2,8,1048.4,258.7,98.1,371.4,1,-1,-1,-1
2,9,1665.3,529.7,74.7,169.8,1,-1,-1,-1
3,1,0.0,0.0,343.0,1061.3,1,-1,-1,-1
3,2,869.1,149.7,230.4,629.7,1,-1,-1,-1
3,3,389.0,272.3,116.8,319.6,1,-1,-1,-1
3,4,536.4,262.7,99.0,329.2,1,-1,-1,-1
3,5,862.3,256.3,89.9,298.2,1,-1,-1,-1
3,6,794.5,330.1,37.8,114.7,1,-1,-1,-1
3,7,738.2,323.3,38.9,117.6,1,-1,-1,-1
3,8,1046.6,269.1,97.5,370.5,1,-1,-1,-1
3,9,1665.5,534.3,72.1,164.2,1,-1,-1,-1
3,10,695.3,339.0,40.2,107.1,1,-1,-1,-1
4,1,0.0,0.0,336.3,1059.2,1,-1,-1,-1
4,2,869.1,149.4,231.0,634.0,1,-1,-1,-1
4,3,382.9,270.5,117.3,321.4,1,-1,-1,-1
4,4,530.8,260.7,100.5,334.9,1,-1,-1,-1
4,5,860.2,256.0,89.9,299.6,1,-1,-1,-1
4,6,792.1,330.3,37.5,113.4,1,-1,-1,-1
4,7,734.0,323.8,40.7,123.7,1,-1,-1,-1
4,8,1045.5,281.7,94.7,361.0,1,-1,-1,-1
4,9,1665.2,535.5,69.8,159.1,1,-1,-1,-1
4,10,692.8,338.3,41.6,110.7,1,-1,-1,-1
5,1,0.0,5.0,325.7,1043.0,1,-1,-1,-1
5,2,869.3,149.2,230.8,637.1,1,-1,-1,-1
5,3,374.4,268.3,118.1,323.7,1,-1,-1,-1
5,4,525.5,258.8,101.6,339.4,1,-1,-1,-1
5,5,856.8,255.7,89.6,300.2,1,-1,-1,-1
5,6,788.5,327.8,38.5,116.2,1,-1,-1,-1
5,7,728.9,320.8,42.0,128.0,1,-1,-1,-1
5,8,1043.6,285.5,93.3,357.6,1,-1,-1,-1
5,10,689.0,332.4,43.4,115.6,1,-1,-1,-1
6,1,0.0,23.8,314.3,1032.5,1,-1,-1,-1
6,2,873.2,149.3,226.9,632.2,1,-1,-1,-1
6,3,366.1,265.7,119.5,328.0,1,-1,-1,-1
6,4,520.5,261.0,101.4,339.2,1,-1,-1,-1
6,5,854.3,255.6,90.3,304.3,1,-1,-1,-1
6,6,786.1,326.9,38.6,116.5,1,-1,-1,-1
6,7,725.2,321.8,42.3,128.7,1,-1,-1,-1
6,8,1041.0,283.5,92.7,357.2,1,-1,-1,-1
6,10,685.7,330.1,43.4,115.8,1,-1,-1,-1
7,1,0.0,53.1,296.8,1002.6,1,-1,-1,-1
7,2,873.7,149.6,225.4,635.7,1,-1,-1,-1
7,3,357.7,264.0,121.1,332.1,1,-1,-1,-1
7,4,515.8,260.8,102.3,343.0,1,-1,-1,-1
7,5,853.1,256.6,89.4,303.1,1,-1,-1,-1
7,6,784.6,326.8,39.2,117.8,1,-1,-1,-1
7,7,722.9,321.5,42.0,127.3,1,-1,-1,-1
7,8,1040.5,288.4,90.8,351.5,1,-1,-1,-1
7,10,683.4,329.9,43.5,116.4,1,-1,-1,-1
8,1,0.0,77.5,280.2,980.9,1,-1,-1,-1
8,2,874.3,151.2,220.7,629.6,1,-1,-1,-1
8,3,350.3,263.3,122.6,335.5,1,-1,-1,-1
8,4,510.6,260.4,103.2,346.6,1,-1,-1,-1
8,5,852.6,257.8,88.8,303.5,1,-1,-1,-1
8,6,782.8,328.0,39.4,118.5,1,-1,-1,-1
8,7,720.8,322.4,43.2,131.4,1,-1,-1,-1
8,8,1038.3,287.1,92.2,359.3,1,-1,-1,-1
8,10,681.3,332.8,44.0,118.1,1,-1,-1,-1
9,1,0.0,90.9,263.2,961.0,1,-1,-1,-1
9,2,871.5,153.3,217.6,628.0,1,-1,-1,-1
9,3,344.3,263.2,123.8,339.0,1,-1,-1,-1
9,4,505.4,259.4,104.6,352.2,1,-1,-1,-1
9,5,852.6,259.1,88.7,305.9,1,-1,-1,-1
9,6,780.2,330.0,38.8,116.3,1,-1,-1,-1
9,7,718.9,321.4,43.5,132.5,1,-1,-1,-1
9,8,1035.6,284.5,93.0,366.3,1,-1,-1,-1
9,10,679.0,333.6,44.2,119.4,1,-1,-1,-1
9,20,1373.9,327.2,28.3,52.9,1,-1,-1,-1
9,9,1669.6,543.1,75.0,172.3,1,-1,-1,-1
10,1,0.0,97.2,245.4,937.9,1,-1,-1,-1
10,2,869.1,154.3,215.8,629.8,1,-1,-1,-1
10,3,339.0,263.4,124.7,340.4,1,-1,-1,-1
10,4,501.7,257.7,105.9,357.0,1,-1,-1,-1
10,5,852.0,261.6,87.6,304.7,1,-1,-1,-1
10,6,777.5,331.0,39.7,118.4,1,-1,-1,-1
10,7,717.2,321.7,43.9,133.4,1,-1,-1,-1
10,8,1032.8,284.6,91.3,364.0,1,-1,-1,-1
10,10,675.9,336.8,43.8,119.1,1,-1,-1,-1
10,20,1375.0,329.8,27.8,52.1,1,-1,-1,-1
10,22,832.4,341.8,29.4,106.1,1,-1,-1,-1
10,24,1362.6,337.8,18.3,42.1,1,-1,-1,-1
10,9,1671.1,544.2,75.1,174.4,1,-1,-1,-1
11,1,0.0,105.8,223.4,885.8,1,-1,-1,-1
11,2,864.3,155.1,214.3,631.4,1,-1,-1,-1
11,3,333.2,264.1,126.3,344.8,1,-1,-1,-1
11,4,497.0,257.3,106.7,359.2,1,-1,-1,-1
11,5,852.5,264.4,85.3,299.8,1,-1,-1,-1
11,6,776.4,331.2,40.2,118.6,1,-1,-1,-1
11,7,717.0,325.0,42.5,128.5,1,-1,-1,-1
11,8,1030.1,273.7,92.8,375.5,1,-1,-1,-1
11,10,673.8,338.8,42.8,117.2,1,-1,-1,-1
11,20,1374.5,330.6,28.2,52.8,1,-1,-1,-1
11,22,830.6,337.7,30.8,111.1,1,-1,-1,-1
11,24,1361.7,336.3,19.6,45.3,1,-1,-1,-1
12,1,0.0,105.4,192.7,771.2,1,-1,-1,-1
12,2,858.8,155.8,213.2,632.1,1,-1,-1,-1
12,3,327.6,266.1,127.7,348.9,1,-1,-1,-1
12,4,492.1,258.3,107.3,361.0,1,-1,-1,-1
12,5,852.4,266.8,82.6,293.3,1,-1,-1,-1
12,6,774.3,332.0,41.0,119.3,1,-1,-1,-1
12,7,714.8,327.6,41.7,125.6,1,-1,-1,-1
12,8,1024.5,254.6,96.8,399.1,1,-1,-1,-1
12,10,671.3,339.5,42.4,117.1,1,-1,-1,-1
12,20,1373.4,330.8,28.7,53.9,1,-1,-1,-1
12,22,829.6,336.5,31.5,113.4,1,-1,-1,-1
12,24,1360.7,334.2,21.0,48.6,1,-1,-1,-1
13,1,0.0,104.3,166.2,670.8,1,-1,-1,-1
13,2,853.8,156.0,212.5,633.1,1,-1,-1,-1
13,3,322.1,267.3,128.8,351.4,1,-1,-1,-1
13,4,488.1,259.2,107.4,359.5,1,-1,-1,-1
13,5,851.3,265.5,81.5,293.4,1,-1,-1,-1
13,6,773.4,332.7,41.3,118.7,1,-1,-1,-1
13,7,713.2,327.9,42.6,128.4,1,-1,-1,-1
13,8,1024.1,264.8,92.7,387.4,1,-1,-1,-1
13,10,669.9,340.4,41.9,116.3,1,-1,-1,-1
13,20,1371.8,329.4,29.0,54.1,1,-1,-1,-1
13,22,830.2,337.7,31.8,113.4,1,-1,-1,-1
13,24,1359.8,331.7,21.6,50.2,1,-1,-1,-1
14,1,0.0,129.2,143.6,625.2,1,-1,-1,-1
14,2,850.0,155.6,212.3,633.6,1,-1,-1,-1
14,3,317.0,268.0,130.3,354.9,1,-1,-1,-1
14,4,484.3,258.2,108.6,362.1,1,-1,-1,-1
14,6,772.8,332.8,41.6,118.1,1,-1,-1,-1
14,7,711.7,327.1,43.2,129.7,1,-1,-1,-1
14,8,1024.1,266.9,89.1,376.7,1,-1,-1,-1
14,10,669.2,342.3,40.8,113.7,1,-1,-1,-1
14,20,1371.1,326.7,29.3,54.2,1,-1,-1,-1
14,22,831.0,338.8,31.9,112.5,1,-1,-1,-1
14,24,1360.3,329.9,21.7,50.3,1,-1,-1,-1
15,1,0.0,173.0,121.0,599.7,1,-1,-1,-1
15,2,843.4,155.2,214.6,641.6,1,-1,-1,-1
15,3,312.9,268.2,131.9,358.3,1,-1,-1,-1
15,4,481.3,256.2,110.3,365.8,1,-1,-1,-1
15,6,773.2,333.3,41.6,116.8,1,-1,-1,-1
15,7,710.0,326.4,44.4,132.6,1,-1,-1,-1
15,8,1022.7,263.7,89.3,382.0,1,-1,-1,-1
15,10,668.9,344.3,39.8,111.5,1,-1,-1,-1
15,20,1371.4,325.5,29.3,53.8,1,-1,-1,-1
15,22,831.7,341.3,31.6,109.8,1,-1,-1,-1
15,24,1360.4,330.8,20.8,48.4,1,-1,-1,-1
16,2,839.5,156.9,213.9,640.5,1,-1,-1,-1
16,3,309.6,269.4,133.7,362.8,1,-1,-1,-1
16,4,478.7,253.6,112.3,369.9,1,-1,-1,-1
16,6,773.2,334.5,42.1,116.2,1,-1,-1,-1
16,7,709.7,327.9,44.6,132.5,1,-1,-1,-1
16,8,1021.9,261.5,89.5,386.5,1,-1,-1,-1
16,10,667.5,344.4,40.2,113.3,1,-1,-1,-1
16,20,1370.6,326.7,29.4,53.6,1,-1,-1,-1
16,22,833.9,339.9,32.2,110.7,1,-1,-1,-1
16,24,1360.6,333.7,19.8,45.7,1,-1,-1,-1
17,2,836.8,159.7,213.5,640.6,1,-1,-1,-1
17,3,305.9,273.0,135.9,367.7,1,-1,-1,-1
17,4,477.4,256.5,113.1,369.4,1,-1,-1,-1
17,6,773.8,336.0,42.8,117.0,1,-1,-1,-1
17,7,710.0,331.5,45.1,134.5,1,-1,-1,-1
17,8,1017.4,244.6,93.4,405.4,1,-1,-1,-1
17,10,665.8,345.0,41.4,117.6,1,-1,-1,-1
17,20,1369.5,327.3,30.0,53.9,1,-1,-1,-1
17,22,833.1,340.4,33.5,113.1,1,-1,-1,-1
17,24,1361.0,335.2,19.7,45.1,1,-1,-1,-1
17,38,1844.0,341.0,34.0,43.0,1,-1,-1,-1
18,2,834.8,162.1,215.4,648.4,1,-1,-1,-1
18,3,302.9,276.8,137.6,371.1,1,-1,-1,-1
18,4,476.2,260.4,115.2,373.8,1,-1,-1,-1
18,6,772.9,338.4,44.1,119.7,1,-1,-1,-1
18,7,710.0,333.5,46.1,137.5,1,-1,-1,-1
18,8,1014.7,239.5,94.7,410.2,1,-1,-1,-1
18,10,664.3,347.5,42.2,120.6,1,-1,-1,-1
18,20,1368.2,330.2,30.0,52.6,1,-1,-1,-1
18,22,831.9,336.6,35.8,120.9,1,-1,-1,-1
18,24,1363.8,333.3,21.8,48.4,1,-1,-1,-1
18,38,1845.4,342.0,34.3,43.5,1,-1,-1,-1
19,2,833.9,165.8,215.7,654.6,1,-1,-1,-1
19,3,301.3,281.9,138.2,371.7,1,-1,-1,-1
19,4,474.4,264.5,117.0,377.3,1,-1,-1,-1
19,6,774.1,344.3,43.3,117.3,1,-1,-1,-1
19,7,711.0,338.7,45.7,136.5,1,-1,-1,-1
19,8,1012.3,239.9,95.8,411.2,1,-1,-1,-1
19,10,664.6,351.5,42.0,120.5,1,-1,-1,-1
19,20,1367.4,331.2,31.5,54.2,1,-1,-1,-1
19,22,835.5,344.3,34.9,115.7,1,-1,-1,-1
19,38,1846.7,345.1,33.4,42.1,1,-1,-1,-1
20,2,836.3,169.3,213.5,654.6,1,-1,-1,-1
20,3,300.7,285.7,138.7,373.0,1,-1,-1,-1
20,4,473.5,268.8,119.5,383.1,1,-1,-1,-1
20,6,775.4,348.4,43.6,116.4,1,-1,-1,-1
20,7,713.1,343.4,45.4,135.8,1,-1,-1,-1
20,8,1011.9,244.5,95.4,404.6,1,-1,-1,-1
20,10,665.6,356.5,42.3,122.1,1,-1,-1,-1
20,22,836.3,351.0,34.9,111.5,1,-1,-1,-1
20,38,1850.6,349.0,30.8,38.8,1,-1,-1,-1
21,2,846.7,172.2,210.9,654.9,1,-1,-1,-1
21,3,305.7,288.2,140.5,380.9,1,-1,-1,-1
21,4,478.3,270.7,122.6,390.0,1,-1,-1,-1
21,6,781.8,353.0,43.0,114.6,1,-1,-1,-1
21,7,719.8,346.1,44.8,133.3,1,-1,-1,-1
21,8,1016.6,247.9,98.1,412.2,1,-1,-1,-1
21,10,672.4,359.0,41.7,118.9,1,-1,-1,-1
21,22,843.3,357.1,35.0,109.4,1,-1,-1,-1
22,2,862.3,172.8,209.1,657.0,1,-1,-1,-1
22,3,317.5,291.1,142.2,385.6,1,-1,-1,-1
22,4,489.5,274.1,124.7,395.0,1,-1,-1,-1
22,7,734.0,348.2,45.1,135.0,1,-1,-1,-1
22,8,1028.8,249.8,100.0,416.7,1,-1,-1,-1
22,10,685.7,363.6,41.7,118.9,1,-1,-1,-1
23,2,872.3,172.7,209.1,660.2,1,-1,-1,-1
23,3,328.5,294.1,143.6,388.8,1,-1,-1,-1
23,4,502.0,280.0,125.3,394.1,1,-1,-1,-1
23,7,747.0,351.8,45.5,136.1,1,-1,-1,-1
23,8,1039.7,251.8,102.1,420.2,1,-1,-1,-1
23,10,698.8,367.2,42.1,120.3,1,-1,-1,-1
23,39,810.1,358.9,46.3,119.6,1,-1,-1,-1
24,2,878.7,172.6,209.7,661.7,1,-1,-1,-1
24,3,338.6,293.7,144.4,390.2,1,-1,-1,-1
24,4,513.6,284.9,125.7,393.8,1,-1,-1,-1
24,7,759.5,354.8,45.4,135.9,1,-1,-1,-1
24,8,1049.0,255.1,103.4,418.4,1,-1,-1,-1
24,10,710.2,367.0,42.8,123.4,1,-1,-1,-1
24,39,820.9,359.8,45.8,118.1,1,-1,-1,-1
25,2,879.7,176.3,209.2,659.3,1,-1,-1,-1
25,3,350.4,295.1,145.2,391.5,1,-1,-1,-1
25,4,524.2,284.8,128.6,402.2,1,-1,-1,-1
25,8,1060.4,256.0,106.4,422.9,1,-1,-1,-1
25,10,723.3,369.9,42.4,122.7,1,-1,-1,-1
25,6,774.1,354.2,51.7,140.2,1,-1,-1,-1
25,22,843.5,362.7,38.3,116.0,1,-1,-1,-1
26,2,884.1,178.9,208.5,655.3,1,-1,-1,-1
26,3,363.3,296.1,147.0,395.3,1,-1,-1,-1
26,4,536.5,287.6,130.4,407.1,1,-1,-1,-1
26,8,1072.7,261.8,108.4,422.9,1,-1,-1,-1
26,10,738.0,372.0,42.0,121.5,1,-1,-1,-1
26,6,783.6,353.0,51.4,141.3,1,-1,-1,-1
26,22,851.6,364.2,39.3,116.2,1,-1,-1,-1
27,2,889.1,180.9,210.1,656.9,1,-1,-1,-1
27,3,376.6,299.1,147.5,397.7,1,-1,-1,-1
27,4,549.7,291.4,131.5,409.9,1,-1,-1,-1
27,8,1086.3,264.5,111.0,423.8,1,-1,-1,-1
27,10,753.2,376.0,41.9,121.4,1,-1,-1,-1
27,6,798.3,356.1,48.8,134.7,1,-1,-1,-1
27,22,852.2,370.3,37.6,114.2,1,-1,-1,-1
28,2,890.7,185.5,211.8,657.6,1,-1,-1,-1
28,3,383.4,305.2,148.2,400.3,1,-1,-1,-1
28,4,558.5,293.9,132.2,412.5,1,-1,-1,-1
28,8,1094.9,271.8,113.7,425.9,1,-1,-1,-1
28,10,764.2,380.0,43.1,125.2,1,-1,-1,-1
28,6,807.9,360.5,50.8,142.1,1,-1,-1,-1
28,22,856.1,383.9,33.5,102.8,1,-1,-1,-1
28,45,869.9,368.9,52.0,118.3,1,-1,-1,-1
29,2,889.6,190.0,213.7,659.9,1,-1,-1,-1
29,3,388.2,310.5,148.9,404.1,1,-1,-1,-1
29,4,565.2,300.4,132.5,413.7,1,-1,-1,-1
29,8,1101.2,276.4,116.8,427.5,1,-1,-1,-1
29,10,772.0,381.4,44.0,128.0,1,-1,-1,-1
29,6,815.3,365.4,51.1,144.2,1,-1,-1,-1
29,22,859.1,388.0,33.8,104.8,1,-1,-1,-1
29,45,876.9,374.8,50.3,114.7,1,-1,-1,-1
30,2,892.7,194.4,215.6,662.2,1,-1,-1,-1
30,3,392.6,315.7,149.9,408.2,1,-1,-1,-1
30,4,571.4,303.8,133.2,415.4,1,-1,-1,-1
30,8,1107.0,281.5,119.5,428.6,1,-1,-1,-1
30,10,780.2,386.6,44.2,128.6,1,-1,-1,-1
30,6,824.4,370.2,49.9,141.9,1,-1,-1,-1
30,45,889.9,379.4,45.4,104.5,1,-1,-1,-1
31,2,893.5,199.5,217.8,665.3,1,-1,-1,-1
31,3,397.1,320.6,152.6,416.7,1,-1,-1,-1
31,4,577.4,306.1,134.0,418.3,1,-1,-1,-1
31,8,1113.0,285.8,121.5,426.1,1,-1,-1,-1
31,10,786.9,388.6,44.6,129.7,1,-1,-1,-1
31,6,832.1,374.4,49.1,140.5,1,-1,-1,-1
32,2,895.3,207.2,219.8,667.8,1,-1,-1,-1
32,3,399.1,326.2,153.9,422.1,1,-1,-1,-1
32,4,580.5,307.7,135.9,424.5,1,-1,-1,-1
32,8,1116.2,290.1,125.1,428.8,1,-1,-1,-1
32,10,792.3,395.3,44.2,127.3,1,-1,-1,-1
32,6,836.3,380.5,49.8,143.1,1,-1,-1,-1
32,51,1507.3,360.3,53.7,57.6,1,-1,-1,-1
33,2,898.6,215.3,221.5,669.1,1,-1,-1,-1
33,3,400.5,329.8,154.5,425.1,1,-1,-1,-1
33,4,583.0,309.3,137.7,430.4,1,-1,-1,-1
33,8,1120.3,294.3,128.6,429.5,1,-1,-1,-1
33,10,797.9,400.4,43.3,124.0,1,-1,-1,-1
33,6,843.5,386.3,48.4,138.3,1,-1,-1,-1
33,51,1514.9,365.8,53.3,57.3,1,-1,-1,-1
34,2,901.7,221.0,223.6,673.9,1,-1,-1,-1
34,3,400.8,332.6,156.2,430.7,1,-1,-1,-1
34,4,586.6,311.8,138.4,433.6,1,-1,-1,-1
34,8,1122.5,298.7,132.3,431.1,1,-1,-1,-1
34,10,803.0,403.3,44.9,128.1,1,-1,-1,-1
34,6,848.5,390.1,49.0,140.6,1,-1,-1,-1
34,51,1518.0,372.3,52.3,56.6,1,-1,-1,-1
35,2,906.4,228.1,224.9,676.2,1,-1,-1,-1
35,3,397.1,336.0,157.5,437.1,1,-1,-1,-1
35,4,588.6,314.5,139.1,437.2,1,-1,-1,-1
35,8,1125.2,303.9,134.1,427.0,1,-1,-1,-1
35,10,805.8,408.0,46.2,130.6,1,-1,-1,-1
35,6,850.9,393.4,50.4,144.1,1,-1,-1,-1
35,51,1530.5,377.8,53.5,58.1,1,-1,-1,-1
36,2,909.7,234.4,225.5,678.5,1,-1,-1,-1
36,3,393.5,339.4,158.0,441.5,1,-1,-1,-1
36,4,590.1,317.9,139.8,441.7,1,-1,-1,-1
36,8,1128.0,309.2,136.4,426.0,1,-1,-1,-1
36,10,807.9,412.7,47.6,134.1,1,-1,-1,-1
36,6,852.9,401.2,50.0,142.5,1,-1,-1,-1
36,51,1544.9,387.2,52.0,56.7,1,-1,-1,-1
37,2,911.6,241.5,225.4,679.3,1,-1,-1,-1
37,3,389.3,342.1,158.1,444.9,1,-1,-1,-1
37,4,590.9,322.1,141.1,448.8,1,-1,-1,-1
37,8,1130.2,314.3,139.1,427.2,1,-1,-1,-1
37,10,810.2,419.3,47.0,133.6,1,-1,-1,-1
37,6,856.5,407.7,49.3,140.3,1,-1,-1,-1
37,51,1550.3,392.3,52.7,57.8,1,-1,-1,-1
38,2,915.7,247.6,225.1,680.9,1,-1,-1,-1
38,3,385.7,346.1,157.8,447.5,1,-1,-1,-1
38,4,590.0,326.6,142.5,457.3,1,-1,-1,-1
38,8,1132.7,320.2,141.4,426.8,1,-1,-1,-1
38,10,814.2,428.3,42.3,120.0,1,-1,-1,-1
38,6,858.7,413.4,49.4,140.0,1,-1,-1,-1
38,51,1555.6,400.2,51.2,56.9,1,-1,-1,-1
38,61,907.5,427.6,33.0,88.4,1,-1,-1,-1
39,2,918.3,252.4,225.2,684.4,1,-1,-1,-1
39,3,379.8,350.9,158.8,452.0,1,-1,-1,-1
39,4,588.7,332.9,143.2,464.6,1,-1,-1,-1
39,8,1133.8,326.9,144.2,430.0,1,-1,-1,-1
39,10,817.0,437.3,44.2,124.2,1,-1,-1,-1
39,6,862.5,420.3,47.5,134.1,1,-1,-1,-1
39,51,1566.1,409.5,50.6,56.4,1,-1,-1,-1
39,61,907.8,432.8,36.2,97.1,1,-1,-1,-1
40,2,921.4,258.0,224.9,687.5,1,-1,-1,-1
40,3,372.1,355.6,159.9,456.1,1,-1,-1,-1
40,4,587.5,339.1,143.0,467.4,1,-1,-1,-1
40,8,1135.0,333.5,145.7,430.3,1,-1,-1,-1
40,10,821.0,442.7,38.0,102.6,1,-1,-1,-1
40,6,864.0,424.8,47.9,134.4,1,-1,-1,-1
40,61,908.0,440.1,38.7,103.9,1,-1,-1,-1
41,2,923.4,262.4,223.1,686.8,1,-1,-1,-1
41,3,365.2,357.9,161.3,460.8,1,-1,-1,-1
41,4,583.3,343.7,142.8,470.9,1,-1,-1,-1
41,8,1136.6,338.4,147.2,432.5,1,-1,-1,-1
41,10,822.1,447.5,35.0,90.4,1,-1,-1,-1
41,6,862.6,429.2,48.4,135.9,1,-1,-1,-1
41,61,907.4,444.9,40.0,107.8,1,-1,-1,-1
42,2,926.1,268.5,218.9,678.1,1,-1,-1,-1
42,3,355.3,359.3,163.8,466.2,1,-1,-1,-1
42,4,576.5,351.0,144.6,481.3,1,-1,-1,-1
42,8,1134.8,346.8,147.4,431.1,1,-1,-1,-1
42,10,821.6,454.3,36.8,92.1,1,-1,-1,-1
42,6,860.8,433.1,48.6,136.6,1,-1,-1,-1
42,61,904.7,448.6,40.9,111.1,1,-1,-1,-1
43,2,927.8,277.3,213.9,666.1,1,-1,-1,-1
43,3,343.1,364.7,165.9,469.2,1,-1,-1,-1
43,4,571.7,356.5,145.3,486.9,1,-1,-1,-1
43,8,1133.6,355.8,147.1,428.5,1,-1,-1,-1
43,6,855.2,437.4,50.8,141.9,1,-1,-1,-1
43,61,903.3,455.0,40.2,109.9,1,-1,-1,-1
44,2,928.0,283.1,211.4,661.9,1,-1,-1,-1
44,3,331.7,368.1,169.0,475.7,1,-1,-1,-1
44,4,566.3,358.8,146.4,494.1,1,-1,-1,-1
44,8,1131.2,362.5,147.5,428.7,1,-1,-1,-1
44,6,852.2,440.3,52.2,145.1,1,-1,-1,-1
44,61,900.4,457.3,40.4,111.5,1,-1,-1,-1
45,2,925.8,288.8,209.4,659.2,1,-1,-1,-1
45,3,316.5,373.2,173.7,486.0,1,-1,-1,-1
45,4,559.3,362.3,148.2,501.6,1,-1,-1,-1
45,8,1127.1,365.9,149.3,433.6,1,-1,-1,-1
45,6,848.6,446.5,53.6,148.7,1,-1,-1,-1
45,61,896.8,460.7,40.5,112.7,1,-1,-1,-1
45,74,1550.5,439.7,41.2,57.5,1,-1,-1,-1
46,2,921.6,295.3,209.0,663.2,1,-1,-1,-1
46,3,300.4,379.0,179.5,498.5,1,-1,-1,-1
46,4,552.6,365.6,150.1,509.3,1,-1,-1,-1
46,8,1123.3,373.3,150.3,436.6,1,-1,-1,-1
46,6,842.3,451.5,55.2,152.4,1,-1,-1,-1
46,61,892.1,464.4,41.8,117.3,1,-1,-1,-1
46,74,1556.5,450.6,37.6,52.6,1,-1,-1,-1
47,2,917.1,302.9,208.4,666.9,1,-1,-1,-1
47,3,283.7,386.4,185.0,508.7,1,-1,-1,-1
47,4,543.8,369.0,151.7,515.6,1,-1,-1,-1
47,8,1118.0,380.4,150.9,439.1,1,-1,-1,-1
47,6,838.7,459.2,55.0,152.3,1,-1,-1,-1
47,61,888.8,472.0,40.8,115.4,1,-1,-1,-1
47,74,1555.6,459.7,36.7,51.5,1,-1,-1,-1
47,76,788.9,474.4,42.9,135.2,1,-1,-1,-1
48,2,909.8,313.2,208.5,672.6,1,-1,-1,-1
48,3,267.5,392.3,191.5,522.6,1,-1,-1,-1
48,4,535.0,372.5,154.0,524.5,1,-1,-1,-1
48,8,1112.7,388.0,149.9,437.1,1,-1,-1,-1
48,6,833.1,462.6,56.0,155.0,1,-1,-1,-1
48,61,882.9,476.7,40.7,116.2,1,-1,-1,-1
48,74,1549.2,461.4,39.6,55.8,1,-1,-1,-1
48,76,782.1,478.9,44.6,140.5,1,-1,-1,-1
49,2,903.7,319.6,208.2,677.4,1,-1,-1,-1
49,3,252.2,400.0,195.7,531.2,1,-1,-1,-1
49,4,525.3,378.9,156.0,530.3,1,-1,-1,-1
49,8,1106.3,393.7,150.6,440.5,1,-1,-1,-1
49,6,827.9,471.3,54.8,152.0,1,-1,-1,-1
49,61,877.3,484.4,40.4,116.0,1,-1,-1,-1
49,74,1545.1,467.0,39.3,55.5,1,-1,-1,-1
49,76,774.8,485.3,44.4,139.8,1,-1,-1,-1
50,2,898.0,330.8,207.0,679.2,1,-1,-1,-1
50,3,235.9,407.6,200.6,540.8,1,-1,-1,-1
50,4,515.3,384.4,158.1,535.4,1,-1,-1,-1
50,8,1099.4,399.3,150.9,443.3,1,-1,-1,-1
50,6,823.1,477.0,55.5,154.2,1,-1,-1,-1
50,61,873.5,491.0,39.8,114.4,1,-1,-1,-1
50,74,1539.3,472.0,39.2,55.4,1,-1,-1,-1
50,76,769.9,491.2,44.9,140.9,1,-1,-1,-1
51,2,892.4,340.5,205.4,680.4,1,-1,-1,-1
51,3,221.2,413.7,204.0,546.0,1,-1,-1,-1
51,4,505.0,388.7,160.8,541.1,1,-1,-1,-1
51,8,1092.8,403.8,151.4,444.0,1,-1,-1,-1
51,6,816.8,480.5,55.7,155.0,1,-1,-1,-1
51,61,867.3,495.9,39.7,115.5,1,-1,-1,-1
51,74,1533.7,475.3,40.7,57.5,1,-1,-1,-1
51,76,764.2,494.7,45.7,143.4,1,-1,-1,-1
52,2,887.3,347.4,204.7,683.7,1,-1,-1,-1
52,3,207.2,418.5,208.8,555.7,1,-1,-1,-1
52,4,498.1,391.9,163.6,548.0,1,-1,-1,-1
52,8,1088.3,406.4,151.9,445.4,1,-1,-1,-1
52,6,813.1,484.5,55.0,154.2,1,-1,-1,-1
52,61,862.2,500.6,40.2,116.6,1,-1,-1,-1
52,74,1527.3,476.3,42.3,59.5,1,-1,-1,-1
52,76,759.0,499.2,45.6,142.8,1,-1,-1,-1
53,2,882.3,351.0,203.6,685.4,1,-1,-1,-1
53,3,195.1,422.3,211.7,560.7,1,-1,-1,-1
53,4,491.4,394.0,165.9,553.3,1,-1,-1,-1
53,8,1084.6,409.7,152.2,444.6,1,-1,-1,-1
53,6,808.4,488.0,55.4,155.4,1,-1,-1,-1
53,61,858.0,505.8,39.9,115.4,1,-1,-1,-1
53,74,1524.5,477.6,42.5,59.2,1,-1,-1,-1
53,76,754.2,501.7,46.2,144.8,1,-1,-1,-1
53,88,1768.1,907.7,115.1,159.7,1,-1,-1,-1
54,2,877.1,353.5,201.9,684.5,1,-1,-1,-1
54,3,181.3,422.8,217.0,573.8,1,-1,-1,-1
54,4,485.0,395.1,168.6,560.0,1,-1,-1,-1
54,8,1082.0,412.3,152.3,442.8,1,-1,-1,-1
54,6,806.4,492.0,55.2,154.3,1,-1,-1,-1
54,61,856.6,509.1,39.5,114.5,1,-1,-1,-1
54,74,1522.7,478.0,43.2,60.2,1,-1,-1,-1
54,76,751.4,506.8,45.4,142.1,1,-1,-1,-1
54,88,1772.5,909.1,116.4,161.8,1,-1,-1,-1
55,2,872.2,354.4,201.2,685.7,1,-1,-1,-1
55,3,170.0,422.9,220.7,584.4,1,-1,-1,-1
55,4,478.4,398.0,171.6,566.4,1,-1,-1,-1
55,8,1080.0,413.2,153.0,441.7,1,-1,-1,-1
55,6,804.9,493.3,55.5,156.0,1,-1,-1,-1
55,61,854.8,510.9,40.0,116.1,1,-1,-1,-1
55,74,1524.8,479.3,42.3,59.4,1,-1,-1,-1
55,76,750.1,510.8,45.6,141.7,1,-1,-1,-1
55,88,1783.9,910.1,112.1,156.6,1,-1,-1,-1
56,2,866.5,353.4,200.3,685.0,1,-1,-1,-1
56,3,159.7,423.0,223.7,592.8,1,-1,-1,-1
56,4,472.3,400.5,175.8,576.2,1,-1,-1,-1
56,8,1079.2,414.2,153.7,440.2,1,-1,-1,-1
56,6,803.1,493.8,55.0,153.3,1,-1,-1,-1
56,61,853.7,512.5,38.9,114.1,1,-1,-1,-1
56,74,1525.8,480.1,41.3,58.8,1,-1,-1,-1
56,76,748.4,515.2,45.4,139.9,1,-1,-1,-1
56,88,1756.3,906.2,122.4,168.8,1,-1,-1,-1
56,90,1808.4,494.3,40.5,42.4,1,-1,-1,-1
56,92,1031.1,429.8,56.4,320.0,1,-1,-1,-1
57,2,861.5,353.6,199.9,683.7,1,-1,-1,-1
57,3,147.3,423.4,227.2,601.8,1,-1,-1,-1
57,4,467.7,403.5,180.3,587.4,1,-1,-1,-1
57,8,1078.3,415.1,154.7,440.3,1,-1,-1,-1
57,6,801.5,495.0,55.1,153.7,1,-1,-1,-1
57,74,1527.3,480.9,39.9,57.6,1,-1,-1,-1
57,76,747.0,516.7,45.9,138.4,1,-1,-1,-1
57,88,1762.7,910.6,121.6,165.7,1,-1,-1,-1
57,90,1807.2,493.9,40.6,42.5,1,-1,-1,-1
57,92,1031.1,436.4,55.6,316.1,1,-1,-1,-1
58,2,855.7,352.3,198.0,675.4,1,-1,-1,-1
58,3,137.6,422.8,230.4,610.5,1,-1,-1,-1
58,4,463.5,404.7,185.0,601.1,1,-1,-1,-1
58,8,1078.2,415.2,155.9,440.6,1,-1,-1,-1
58,6,800.6,496.5,54.8,153.3,1,-1,-1,-1
58,74,1527.8,480.9,39.7,58.1,1,-1,-1,-1
58,76,744.6,518.7,46.8,139.8,1,-1,-1,-1
58,90,1809.0,493.2,40.4,42.2,1,-1,-1,-1
58,92,1029.9,441.0,55.3,314.9,1,-1,-1,-1
59,2,850.6,349.9,197.0,669.5,1,-1,-1,-1
59,3,126.1,420.7,233.9,620.2,1,-1,-1,-1
59,4,457.9,405.4,188.5,611.4,1,-1,-1,-1
59,8,1077.2,415.8,157.4,441.1,1,-1,-1,-1
59,6,799.4,496.9,55.3,154.8,1,-1,-1,-1
59,74,1528.0,480.2,39.3,58.3,1,-1,-1,-1
59,76,741.9,520.0,47.9,141.8,1,-1,-1,-1
59,90,1809.5,492.7,39.8,41.5,1,-1,-1,-1
59,92,1028.4,443.0,55.0,312.8,1,-1,-1,-1
60,2,843.6,348.2,197.4,667.3,1,-1,-1,-1
60,3,115.5,418.7,236.2,625.3,1,-1,-1,-1
60,4,451.5,405.2,191.5,621.0,1,-1,-1,-1
60,8,1074.9,416.4,159.7,443.1,1,-1,-1,-1
60,6,797.5,497.7,55.1,153.6,1,-1,-1,-1
60,74,1526.8,479.4,39.2,58.5,1,-1,-1,-1
60,76,740.9,520.7,43.7,125.5,1,-1,-1,-1
60,90,1810.1,493.5,38.4,39.7,1,-1,-1,-1
60,92,1025.6,444.2,54.8,310.9,1,-1,-1,-1
61,2,836.6,348.1,199.2,669.1,1,-1,-1,-1
61,3,106.1,418.9,238.7,632.1,1,-1,-1,-1
61,4,446.4,404.9,194.8,633.0,1,-1,-1,-1
61,8,1073.1,417.0,162.5,446.5,1,-1,-1,-1
61,6,796.0,497.6,54.2,150.7,1,-1,-1,-1
61,74,1525.4,478.6,39.7,59.2,1,-1,-1,-1
61,76,738.3,522.2,43.4,120.7,1,-1,-1,-1
61,90,1810.2,493.2,38.4,39.3,1,-1,-1,-1
61,92,1023.5,444.6,54.6,307.7,1,-1,-1,-1
62,2,829.5,347.2,202.1,673.6,1,-1,-1,-1
62,3,97.2,417.2,243.1,645.5,1,-1,-1,-1
62,4,443.7,404.5,196.9,641.0,1,-1,-1,-1
62,8,1073.0,417.1,164.1,446.3,1,-1,-1,-1
62,6,794.6,497.6,54.8,153.0,1,-1,-1,-1
62,74,1524.9,476.9,39.8,59.1,1,-1,-1,-1
62,76,735.3,518.6,48.8,134.6,1,-1,-1,-1
62,90,1810.0,491.2,39.2,39.7,1,-1,-1,-1
62,92,1022.4,443.7,54.9,307.4,1,-1,-1,-1
63,2,825.3,345.2,205.2,679.0,1,-1,-1,-1
63,3,88.5,414.2,247.1,659.6,1,-1,-1,-1
63,4,442.1,399.1,199.3,649.5,1,-1,-1,-1
63,8,1074.3,415.4,166.7,448.9,1,-1,-1,-1
63,6,794.8,495.8,55.4,155.8,1,-1,-1,-1
63,74,1523.8,474.7,40.9,59.4,1,-1,-1,-1
63,76,736.8,516.9,51.6,140.8,1,-1,-1,-1
63,90,1810.1,488.0,38.7,39.5,1,-1,-1,-1
63,92,1023.3,441.2,55.8,308.3,1,-1,-1,-1
63,102,1511.4,473.3,40.7,56.6,1,-1,-1,-1
64,2,825.0,344.4,207.4,682.3,1,-1,-1,-1
64,3,81.1,410.4,249.5,669.6,1,-1,-1,-1
64,4,441.7,390.5,202.6,660.6,1,-1,-1,-1
64,8,1078.5,414.3,169.1,450.8,1,-1,-1,-1
64,6,796.3,494.8,54.8,155.6,1,-1,-1,-1
64,74,1530.0,473.8,40.6,59.4,1,-1,-1,-1
64,76,739.8,513.6,53.2,143.9,1,-1,-1,-1
64,90,1817.1,486.8,39.1,39.8,1,-1,-1,-1
64,92,1024.8,437.9,56.9,310.9,1,-1,-1,-1
64,102,1514.0,472.8,40.1,56.0,1,-1,-1,-1
65,2,824.7,343.9,209.3,684.7,1,-1,-1,-1
65,3,75.8,408.4,249.1,671.4,1,-1,-1,-1
65,4,441.8,383.1,205.1,668.8,1,-1,-1,-1
65,8,1082.6,412.3,171.7,453.3,1,-1,-1,-1
65,6,797.8,493.4,53.6,154.1,1,-1,-1,-1
65,74,1536.8,470.8,40.6,60.4,1,-1,-1,-1
65,76,742.7,510.1,53.6,144.3,1,-1,-1,-1
65,90,1819.3,484.0,39.1,40.4,1,-1,-1,-1
65,92,1027.7,434.5,58.1,311.9,1,-1,-1,-1
65,102,1518.5,469.8,41.3,58.0,1,-1,-1,-1
66,2,825.7,343.0,210.9,686.4,1,-1,-1,-1
66,3,69.7,406.4,248.4,671.9,1,-1,-1,-1
66,4,441.9,376.1,208.1,677.5,1,-1,-1,-1
66,8,1087.0,409.0,174.1,455.6,1,-1,-1,-1
66,6,801.5,491.1,48.2,138.3,1,-1,-1,-1
66,74,1542.5,468.5,39.6,59.2,1,-1,-1,-1
66,76,744.1,505.8,54.4,145.6,1,-1,-1,-1
66,90,1829.6,483.9,37.6,37.9,1,-1,-1,-1
66,92,1030.3,431.2,59.4,312.6,1,-1,-1,-1
66,102,1522.3,466.8,41.3,58.2,1,-1,-1,-1
66,105,1820.2,903.9,94.7,169.8,1,-1,-1,-1
67,2,827.1,342.7,212.1,686.1,1,-1,-1,-1
67,3,60.2,403.0,247.9,671.7,1,-1,-1,-1
67,4,442.7,369.5,210.7,684.2,1,-1,-1,-1
67,8,1091.6,406.7,175.5,455.9,1,-1,-1,-1
67,6,805.0,488.0,45.7,131.5,1,-1,-1,-1
67,74,1548.9,468.5,37.2,56.0,1,-1,-1,-1
67,76,746.3,502.5,54.6,145.6,1,-1,-1,-1
67,90,1833.4,479.2,39.4,40.2,1,-1,-1,-1
67,92,1031.9,428.2,60.6,313.9,1,-1,-1,-1
67,102,1527.4,463.9,40.0,56.8,1,-1,-1,-1
67,105,1827.4,902.5,92.6,171.4,1,-1,-1,-1
68,2,828.8,341.7,213.0,685.3,1,-1,-1,-1
68,3,50.0,397.3,247.7,671.0,1,-1,-1,-1
68,4,443.0,359.2,214.2,693.5,1,-1,-1,-1
68,8,1096.3,403.4,176.1,454.3,1,-1,-1,-1
68,6,807.7,480.7,45.3,131.7,1,-1,-1,-1
68,74,1553.2,464.1,37.4,56.7,1,-1,-1,-1
68,76,748.8,496.3,55.2,147.5,1,-1,-1,-1
68,90,1839.1,477.7,39.3,39.3,1,-1,-1,-1
68,92,1034.8,426.6,61.2,311.1,1,-1,-1,-1
68,102,1530.6,460.1,40.4,57.6,1,-1,-1,-1
68,105,1837.2,899.2,82.8,172.9,1,-1,-1,-1
68,116,1545.1,460.4,22.5,58.6,1,-1,-1,-1
69,2,831.3,339.8,214.1,684.7,1,-1,-1,-1
69,3,39.3,390.2,250.9,678.7,1,-1,-1,-1
69,4,442.4,351.1,217.5,701.2,1,-1,-1,-1
69,8,1100.4,398.6,176.8,454.0,1,-1,-1,-1
69,6,810.6,475.4,48.1,141.6,1,-1,-1,-1
69,74,1556.8,458.3,38.7,59.4,1,-1,-1,-1
69,76,752.2,492.6,55.5,147.7,1,-1,-1,-1
69,90,1844.7,473.3,42.1,41.9,1,-1,-1,-1
69,92,1036.6,420.8,62.9,313.6,1,-1,-1,-1
69,102,1534.7,456.0,40.9,58.8,1,-1,-1,-1
69,105,1846.3,899.3,73.7,171.0,1,-1,-1,-1
69,121,1734.2,915.0,62.2,161.1,1,-1,-1,-1
70,2,833.8,336.5,214.2,681.8,1,-1,-1,-1
70,3,24.2,380.7,254.9,689.3,1,-1,-1,-1
70,4,440.6,343.8,220.7,707.6,1,-1,-1,-1
70,8,1103.1,392.4,177.7,455.6,1,-1,-1,-1
70,6,813.6,471.0,49.9,149.2,1,-1,-1,-1
70,74,1560.4,454.7,39.2,60.2,1,-1,-1,-1
70,76,754.3,488.2,55.7,147.8,1,-1,-1,-1
70,90,1845.6,469.5,40.1,41.2,1,-1,-1,-1
70,92,1037.7,416.2,64.2,314.2,1,-1,-1,-1
70,102,1537.8,453.2,40.5,58.3,1,-1,-1,-1
70,121,1740.1,909.7,65.0,168.0,1,-1,-1,-1
71,2,835.1,330.2,215.1,682.2,1,-1,-1,-1
71,3,8.8,371.5,259.3,702.0,1,-1,-1,-1
71,4,437.7,337.3,225.2,719.2,1,-1,-1,-1
71,8,1105.5,387.6,177.8,455.5,1,-1,-1,-1
71,6,815.7,465.4,51.1,154.5,1,-1,-1,-1
71,74,1564.0,451.3,39.7,61.1,1,-1,-1,-1
71,76,756.3,483.8,56.2,148.8,1,-1,-1,-1
71,90,1848.4,467.1,37.6,40.0,1,-1,-1,-1
71,92,1038.3,412.1,65.7,314.9,1,-1,-1,-1
71,102,1538.8,449.8,41.1,59.2,1,-1,-1,-1
71,121,1747.8,897.0,69.9,180.0,1,-1,-1,-1
72,2,836.3,323.9,216.6,684.5,1,-1,-1,-1
72,3,0.0,362.1,257.8,710.5,1,-1,-1,-1
72,4,432.9,328.8,230.5,733.9,1,-1,-1,-1
72,8,1107.7,384.1,177.2,452.7,1,-1,-1,-1
72,6,816.9,461.4,53.1,163.3,1,-1,-1,-1
72,74,1568.1,450.8,38.1,58.7,1,-1,-1,-1
72,76,757.3,480.9,56.1,148.4,1,-1,-1,-1
72,90,1850.8,463.4,37.4,41.1,1,-1,-1,-1
72,92,1038.5,409.8,66.9,316.0,1,-1,-1,-1
72,102,1541.0,448.3,40.1,57.8,1,-1,-1,-1
72,121,1758.3,890.9,60.5,152.0,1,-1,-1,-1
73,2,837.2,318.5,216.3,681.6,1,-1,-1,-1
73,3,0.0,353.4,250.2,722.5,1,-1,-1,-1
73,4,426.7,320.2,234.7,745.6,1,-1,-1,-1
73,8,1109.2,381.5,175.7,447.4,1,-1,-1,-1
73,6,816.8,457.8,51.7,159.5,1,-1,-1,-1
73,74,1568.7,447.6,38.6,59.6,1,-1,-1,-1
73,76,755.3,476.6,57.0,150.1,1,-1,-1,-1
73,92,1038.9,407.8,67.8,315.5,1,-1,-1,-1
73,102,1546.0,444.6,41.3,59.1,1,-1,-1,-1
74,2,839.5,312.8,212.9,668.0,1,-1,-1,-1
74,3,0.0,344.8,241.6,728.7,1,-1,-1,-1
74,4,418.6,311.7,237.5,752.0,1,-1,-1,-1
74,8,1109.0,377.5,175.5,446.3,1,-1,-1,-1
74,6,816.2,454.8,52.7,164.3,1,-1,-1,-1
74,74,1570.1,444.5,38.8,60.1,1,-1,-1,-1
74,76,753.2,473.2,57.3,151.6,1,-1,-1,-1
74,92,1039.0,404.9,68.8,317.7,1,-1,-1,-1
74,102,1551.1,442.1,42.6,60.1,1,-1,-1,-1
74,88,1736.7,894.5,126.5,180.3,1,-1,-1,-1
75,2,841.9,307.9,209.9,656.2,1,-1,-1,-1
75,3,0.0,335.1,233.1,735.2,1,-1,-1,-1
75,4,410.7,302.9,240.0,757.2,1,-1,-1,-1
75,8,1107.8,373.5,175.5,447.5,1,-1,-1,-1
75,6,815.4,452.0,52.9,165.8,1,-1,-1,-1
75,74,1571.1,442.1,38.8,60.4,1,-1,-1,-1
75,76,751.7,472.0,56.8,150.2,1,-1,-1,-1
75,92,1038.5,402.9,69.0,315.4,1,-1,-1,-1
75,102,1551.3,439.4,45.6,62.0,1,-1,-1,-1
75,131,1540.6,440.2,42.0,60.9,1,-1,-1,-1
75,132,1354.3,470.0,21.8,45.0,1,-1,-1,-1
75,133,1374.2,471.3,22.6,40.2,1,-1,-1,-1
75,88,1739.4,893.4,125.0,184.2,1,-1,-1,-1
76,2,843.0,302.8,209.3,652.6,1,-1,-1,-1
76,3,0.0,323.8,224.2,747.3,1,-1,-1,-1
76,4,400.7,294.4,243.2,765.6,1,-1,-1,-1
76,8,1107.2,370.4,174.8,447.8,1,-1,-1,-1
76,6,814.3,450.0,53.2,166.6,1,-1,-1,-1
76,74,1572.4,440.8,38.5,60.1,1,-1,-1,-1
76,76,749.7,470.0,56.2,149.2,1,-1,-1,-1
76,92,1038.2,400.9,69.2,314.3,1,-1,-1,-1
76,131,1541.7,439.9,41.2,59.6,1,-1,-1,-1
76,132,1354.0,469.5,19.7,40.4,1,-1,-1,-1
76,133,1374.2,470.4,21.6,38.3,1,-1,-1,-1
76,88,1742.8,894.1,120.2,183.0,1,-1,-1,-1
77,2,843.7,299.7,210.1,655.1,1,-1,-1,-1
77,3,0.0,316.0,213.7,752.8,1,-1,-1,-1
77,4,388.8,288.4,247.0,776.5,1,-1,-1,-1
77,8,1106.3,368.8,174.9,451.0,1,-1,-1,-1
77,6,813.0,448.8,53.3,166.0,1,-1,-1,-1
77,74,1573.9,439.5,38.6,60.4,1,-1,-1,-1
77,76,747.7,469.0,56.1,149.5,1,-1,-1,-1
77,92,1037.6,399.3,69.8,314.8,1,-1,-1,-1
77,131,1543.0,439.6,41.1,59.2,1,-1,-1,-1
77,132,1354.1,468.0,19.7,39.7,1,-1,-1,-1
77,133,1372.8,469.5,21.5,38.1,1,-1,-1,-1
77,88,1748.3,897.7,114.8,178.2,1,-1,-1,-1
78,2,844.1,298.3,210.1,657.5,1,-1,-1,-1
78,3,0.0,310.0,201.9,761.6,1,-1,-1,-1
78,4,376.6,285.4,249.9,781.6,1,-1,-1,-1
78,8,1105.7,368.3,174.1,452.4,1,-1,-1,-1
78,6,811.3,448.9,53.2,165.9,1,-1,-1,-1
78,74,1573.3,438.5,38.9,61.4,1,-1,-1,-1
78,76,743.8,466.7,57.1,152.9,1,-1,-1,-1
78,92,1035.2,398.6,71.0,318.0,1,-1,-1,-1
78,131,1543.4,438.9,42.1,60.3,1,-1,-1,-1
78,132,1354.9,466.5,20.2,40.4,1,-1,-1,-1
78,133,1365.3,465.5,24.1,42.2,1,-1,-1,-1
78,88,1751.4,898.4,113.0,177.3,1,-1,-1,-1
79,2,843.4,296.2,209.9,661.1,1,-1,-1,-1
79,3,0.0,307.4,189.0,767.1,1,-1,-1,-1
79,4,362.8,282.2,251.7,782.1,1,-1,-1,-1
79,8,1104.1,366.7,173.1,453.2,1,-1,-1,-1
79,6,807.7,446.4,54.0,169.5,1,-1,-1,-1
79,74,1571.2,437.0,39.5,61.9,1,-1,-1,-1
79,76,739.9,464.7,57.3,154.7,1,-1,-1,-1
79,92,1031.3,393.9,72.5,323.6,1,-1,-1,-1
79,131,1540.3,438.3,42.2,60.3,1,-1,-1,-1
79,133,1362.5,464.0,24.6,42.8,1,-1,-1,-1
79,88,1738.0,894.6,122.2,181.5,1,-1,-1,-1
80,2,841.8,295.0,209.8,666.5,1,-1,-1,-1
80,3,0.0,373.7,164.5,701.9,1,-1,-1,-1
80,4,345.9,277.8,254.7,786.3,1,-1,-1,-1
80,8,1100.3,365.0,172.5,455.6,1,-1,-1,-1
80,6,802.1,444.0,54.8,172.3,1,-1,-1,-1
80,74,1567.2,435.8,40.2,62.7,1,-1,-1,-1
80,76,735.9,460.7,57.7,156.6,1,-1,-1,-1
80,92,1025.4,392.2,73.1,323.4,1,-1,-1,-1
80,131,1537.2,436.9,42.5,60.1,1,-1,-1,-1
80,133,1358.7,462.8,23.7,41.3,1,-1,-1,-1
81,2,840.7,295.1,208.4,669.1,1,-1,-1,-1
81,4,326.6,270.0,259.7,797.6,1,-1,-1,-1
81,8,1097.1,364.4,171.2,456.5,1,-1,-1,-1
81,6,799.4,443.0,54.2,170.4,1,-1,-1,-1
81,74,1564.6,435.0,40.0,61.5,1,-1,-1,-1
81,76,731.3,459.2,57.4,155.6,1,-1,-1,-1
81,92,1020.0,390.3,73.6,323.0,1,-1,-1,-1
81,131,1533.5,437.8,40.3,56.3,1,-1,-1,-1
81,133,1354.7,462.0,23.2,40.3,1,-1,-1,-1
81,141,553.9,428.4,46.6,193.5,1,-1,-1,-1
82,2,838.5,293.6,206.5,671.9,1,-1,-1,-1
82,4,305.1,258.0,266.7,813.3,1,-1,-1,-1
82,8,1093.6,360.8,170.8,460.1,1,-1,-1,-1
82,6,796.1,439.5,54.9,170.8,1,-1,-1,-1
82,74,1561.1,431.8,40.1,61.6,1,-1,-1,-1
82,76,725.9,456.1,57.1,155.4,1,-1,-1,-1
82,92,1014.2,386.0,74.2,324.3,1,-1,-1,-1
82,131,1528.6,435.5,40.8,56.3,1,-1,-1,-1
82,133,1350.5,460.6,21.7,37.1,1,-1,-1,-1
82,141,546.1,424.8,46.9,193.5,1,-1,-1,-1
83,2,834.3,293.9,203.7,672.1,1,-1,-1,-1
83,4,286.9,244.4,274.4,824.4,1,-1,-1,-1
83,8,1089.2,359.3,169.5,460.6,1,-1,-1,-1
83,6,791.0,435.4,55.2,171.7,1,-1,-1,-1
83,74,1557.4,427.8,40.5,62.3,1,-1,-1,-1
83,76,719.7,452.0,57.2,155.6,1,-1,-1,-1
83,92,1008.0,382.0,74.4,323.9,1,-1,-1,-1
83,131,1523.4,429.2,42.3,57.5,1,-1,-1,-1
83,141,533.2,421.5,55.6,229.5,1,-1,-1,-1
84,2,827.6,294.4,201.1,672.9,1,-1,-1,-1
84,4,259.8,231.4,280.5,835.2,1,-1,-1,-1
84,8,1082.6,358.1,168.7,462.3,1,-1,-1,-1
84,6,782.9,431.1,56.1,174.9,1,-1,-1,-1
84,74,1551.0,425.2,40.6,61.5,1,-1,-1,-1
84,76,714.0,449.7,56.8,154.9,1,-1,-1,-1
84,92,999.7,377.5,74.8,323.7,1,-1,-1,-1
84,131,1518.4,425.1,44.4,59.5,1,-1,-1,-1
84,141,517.7,415.6,66.3,274.4,1,-1,-1,-1
85,2,819.4,292.9,199.0,673.1,1,-1,-1,-1
85,4,234.4,219.0,288.8,848.4,1,-1,-1,-1
85,8,1075.2,355.6,167.1,462.8,1,-1,-1,-1
85,6,776.5,427.4,55.7,174.7,1,-1,-1,-1
85,74,1544.8,421.8,41.4,63.2,1,-1,-1,-1
85,76,706.4,446.2,57.1,155.6,1,-1,-1,-1
85,92,990.8,374.9,75.1,320.9,1,-1,-1,-1
85,131,1510.1,423.6,44.9,59.7,1,-1,-1,-1
85,141,504.2,413.9,68.9,284.5,1,-1,-1,-1
85,157,1290.3,441.3,42.5,46.6,1,-1,-1,-1
86,2,809.1,290.0,196.0,667.7,1,-1,-1,-1
86,4,205.3,207.0,295.3,861.8,1,-1,-1,-1
86,8,1068.2,352.3,165.2,460.8,1,-1,-1,-1
86,6,767.4,422.4,55.5,175.3,1,-1,-1,-1
86,74,1536.6,419.0,41.8,63.5,1,-1,-1,-1
86,76,698.2,441.8,58.0,158.4,1,-1,-1,-1
86,92,981.3,370.8,75.8,318.7,1,-1,-1,-1
86,131,1511.0,419.8,49.1,62.3,1,-1,-1,-1
86,141,487.1,410.4,72.3,295.1,1,-1,-1,-1
87,2,797.9,285.9,194.9,666.6,1,-1,-1,-1
87,4,177.1,195.1,302.4,872.4,1,-1,-1,-1
87,8,1059.2,346.8,164.3,461.6,1,-1,-1,-1
87,6,758.9,418.8,55.0,175.0,1,-1,-1,-1
87,74,1530.0,417.5,41.5,62.7,1,-1,-1,-1
87,76,691.2,440.1,57.3,156.1,1,-1,-1,-1
87,92,970.8,366.9,77.1,318.4,1,-1,-1,-1
87,141,473.4,405.7,75.1,303.8,1,-1,-1,-1
88,2,785.0,280.0,195.3,667.1,1,-1,-1,-1
88,4,151.5,182.0,309.4,884.1,1,-1,-1,-1
88,8,1051.0,341.8,163.2,460.1,1,-1,-1,-1
88,6,749.4,413.5,54.6,175.4,1,-1,-1,-1
88,74,1523.6,413.4,41.1,62.3,1,-1,-1,-1
88,76,682.7,437.1,57.0,155.3,1,-1,-1,-1
88,92,960.5,362.7,79.1,320.9,1,-1,-1,-1
88,141,456.3,402.6,77.2,305.2,1,-1,-1,-1
89,2,774.2,273.3,194.1,660.2,1,-1,-1,-1
89,4,123.0,167.2,317.6,896.5,1,-1,-1,-1
89,8,1043.5,336.5,162.3,458.8,1,-1,-1,-1
89,6,739.7,408.2,54.4,177.5,1,-1,-1,-1
89,74,1516.1,408.4,41.7,63.0,1,-1,-1,-1
89,76,674.6,434.1,57.8,156.7,1,-1,-1,-1
89,92,952.0,358.7,80.2,320.8,1,-1,-1,-1
89,141,443.8,395.3,80.2,311.0,1,-1,-1,-1
89,166,1844.1,858.4,75.9,194.2,1,-1,-1,-1
89,88,1714.0,868.5,134.1,206.8,1,-1,-1,-1
90,2,764.1,266.0,193.2,651.5,1,-1,-1,-1
90,4,97.9,157.9,325.8,907.3,1,-1,-1,-1
90,8,1037.4,330.6,161.9,459.3,1,-1,-1,-1
90,6,729.6,404.2,53.3,174.4,1,-1,-1,-1
90,74,1509.9,403.6,41.9,63.3,1,-1,-1,-1
90,76,668.3,430.0,58.5,157.4,1,-1,-1,-1
90,92,944.8,354.7,81.3,319.7,1,-1,-1,-1
90,141,433.4,392.6,81.9,311.2,1,-1,-1,-1
90,166,1843.3,852.4,76.7,198.8,1,-1,-1,-1
90,88,1709.5,863.1,133.6,213.2,1,-1,-1,-1
91,2,752.1,257.6,194.6,648.9,1,-1,-1,-1
91,4,72.6,141.6,336.1,922.6,1,-1,-1,-1
91,8,1031.5,323.3,161.9,458.6,1,-1,-1,-1
91,6,720.8,399.0,53.5,177.5,1,-1,-1,-1
91,74,1505.5,399.8,41.4,62.5,1,-1,-1,-1
91,76,659.3,426.3,58.3,158.4,1,-1,-1,-1
91,92,938.3,349.4,82.9,321.2,1,-1,-1,-1
91,141,423.5,387.0,84.7,315.5,1,-1,-1,-1
91,166,1842.0,846.7,78.0,199.8,1,-1,-1,-1
91,88,1706.9,858.2,132.5,219.0,1,-1,-1,-1
92,2,738.7,250.4,196.9,648.4,1,-1,-1,-1
92,4,49.1,128.3,345.4,933.2,1,-1,-1,-1
92,8,1026.8,317.8,162.1,456.8,1,-1,-1,-1
92,74,1500.6,393.8,42.1,63.1,1,-1,-1,-1
92,76,652.6,422.9,58.1,159.4,1,-1,-1,-1
92,92,931.4,346.4,84.6,321.0,1,-1,-1,-1
92,141,414.9,383.5,86.3,314.5,1,-1,-1,-1
92,166,1839.7,841.6,80.3,201.4,1,-1,-1,-1
92,88,1704.8,857.2,129.6,220.7,1,-1,-1,-1
93,2,728.8,245.3,200.2,652.9,1,-1,-1,-1
93,4,28.3,120.0,354.6,941.9,1,-1,-1,-1
93,8,1023.7,313.9,162.4,455.4,1,-1,-1,-1
93,74,1496.9,389.1,43.1,64.6,1,-1,-1,-1
93,76,649.3,418.6,58.8,161.5,1,-1,-1,-1
93,92,926.2,344.3,86.6,321.8,1,-1,-1,-1
93,141,406.7,379.5,88.5,316.0,1,-1,-1,-1
93,166,1838.2,838.2,81.0,202.3,1,-1,-1,-1
93,88,1703.1,855.8,127.3,222.6,1,-1,-1,-1
94,2,718.5,242.9,203.2,658.1,1,-1,-1,-1
94,4,15.8,105.7,365.6,960.1,1,-1,-1,-1
94,8,1021.2,310.6,163.0,453.7,1,-1,-1,-1
94,74,1493.7,386.7,42.9,64.1,1,-1,-1,-1
94,76,647.0,415.9,59.1,161.6,1,-1,-1,-1
94,92,920.6,340.9,89.1,325.8,1,-1,-1,-1
94,141,400.0,375.4,91.2,319.3,1,-1,-1,-1
94,166,1839.7,837.2,80.3,203.1,1,-1,-1,-1
94,88,1702.8,855.0,124.1,222.2,1,-1,-1,-1
95,2,708.5,242.1,206.9,663.1,1,-1,-1,-1
95,4,6.3,95.9,371.1,968.2,1,-1,-1,-1
95,8,1018.2,308.9,164.8,454.1,1,-1,-1,-1
95,74,1491.7,385.5,42.8,63.8,1,-1,-1,-1
95,76,641.6,414.7,59.3,161.7,1,-1,-1,-1
95,92,916.9,340.4,90.5,325.3,1,-1,-1,-1
95,141,393.4,372.8,93.9,322.5,1,-1,-1,-1
95,166,1842.1,836.4,77.9,201.7,1,-1,-1,-1
95,88,1703.1,855.0,121.4,221.2,1,-1,-1,-1
96,2,700.7,242.3,210.2,667.6,1,-1,-1,-1
96,4,0.0,88.7,370.9,972.9,1,-1,-1,-1
96,8,1015.5,307.6,168.2,457.9,1,-1,-1,-1
96,74,1490.4,385.1,42.3,63.1,1,-1,-1,-1
96,76,635.9,413.6,59.5,162.8,1,-1,-1,-1
96,92,913.0,341.4,91.6,323.1,1,-1,-1,-1
96,141,387.0,372.7,96.2,324.8,1,-1,-1,-1
96,166,1844.9,836.0,75.1,197.6,1,-1,-1,-1
96,88,1708.3,853.7,120.9,223.0,1,-1,-1,-1
97,2,696.6,242.2,212.8,671.2,1,-1,-1,-1
97,4,0.0,76.1,367.5,986.2,1,-1,-1,-1
97,8,1014.5,306.5,171.6,460.5,1,-1,-1,-1
97,74,1491.5,385.1,41.3,62.1,1,-1,-1,-1
97,76,632.3,412.9,59.3,164.1,1,-1,-1,-1
97,92,908.8,341.6,93.3,323.1,1,-1,-1,-1
97,141,382.6,371.8,98.2,326.8,1,-1,-1,-1
97,166,1849.0,834.9,71.0,179.9,1,-1,-1,-1
97,88,1713.0,851.6,120.2,226.0,1,-1,-1,-1
98,2,694.9,244.6,214.9,674.0,1,-1,-1,-1
98,4,0.0,57.7,365.6,1007.7,1,-1,-1,-1
98,8,1014.3,306.8,175.0,463.5,1,-1,-1,-1
98,74,1492.0,384.7,41.6,62.7,1,-1,-1,-1
98,76,630.7,412.9,59.6,165.9,1,-1,-1,-1
98,92,907.5,342.0,95.2,325.0,1,-1,-1,-1
98,141,380.0,371.1,99.8,328.8,1,-1,-1,-1
98,166,1845.6,836.0,74.4,204.9,1,-1,-1,-1
98,88,1718.9,853.1,119.0,226.0,1,-1,-1,-1
99,2,694.1,248.2,215.7,673.4,1,-1,-1,-1
99,4,0.0,47.0,360.9,1014.6,1,-1,-1,-1
99,8,1015.2,307.4,177.9,465.2,1,-1,-1,-1
99,74,1493.5,385.2,41.8,62.9,1,-1,-1,-1
99,76,631.0,412.7,59.4,166.3,1,-1,-1,-1
99,92,908.5,343.0,96.1,324.8,1,-1,-1,-1
99,141,378.1,370.8,101.2,330.1,1,-1,-1,-1
99,166,1852.1,837.6,67.9,185.2,1,-1,-1,-1
99,88,1725.8,856.2,116.5,222.4,1,-1,-1,-1
100,2,694.4,251.2,216.2,672.8,1,-1,-1,-1
100,4,0.0,38.4,353.5,1022.0,1,-1,-1,-1
100,8,1016.5,309.2,180.7,465.3,1,-1,-1,-1
100,74,1495.8,384.4,42.7,64.4,1,-1,-1,-1
100,76,630.1,412.5,59.6,166.7,1,-1,-1,-1
100,92,908.0,343.5,97.4,324.0,1,-1,-1,-1
100,141,376.6,370.2,102.8,332.3,1,-1,-1,-1
100,166,1852.2,838.4,67.8,211.5,1,-1,-1,-1
100,88,1724.4,864.2,109.4,215.2,1,-1,-1,-1
101,2,696.6,252.6,216.2,672.0,1,-1,-1,-1
101,4,0.0,25.4,345.2,1033.8,1,-1,-1,-1
101,8,1020.5,309.1,184.3,467.1,1,-1,-1,-1
101,74,1499.3,382.7,43.1,65.3,1,-1,-1,-1
101,76,631.2,411.8,59.5,166.0,1,-1,-1,-1
101,92,910.4,342.6,98.5,325.1,1,-1,-1,-1
101,141,376.2,370.3,104.9,336.7,1,-1,-1,-1
101,166,1855.4,847.9,64.6,214.5,1,-1,-1,-1
102,2,701.1,253.0,215.4,668.4,1,-1,-1,-1
102,4,0.0,5.8,335.9,1053.8,1,-1,-1,-1
102,8,1023.8,310.1,186.6,467.5,1,-1,-1,-1
102,74,1504.2,380.2,42.9,65.4,1,-1,-1,-1
102,76,634.6,410.8,59.5,166.4,1,-1,-1,-1
102,92,916.5,341.2,99.3,326.2,1,-1,-1,-1
102,141,377.6,370.6,106.5,339.8,1,-1,-1,-1
102,88,1742.6,857.7,110.2,220.2,1,-1,-1,-1
103,2,708.8,251.6,213.9,664.0,1,-1,-1,-1
103,4,0.0,0.0,322.4,1058.8,1,-1,-1,-1
103,8,1032.9,309.5,189.2,468.2,1,-1,-1,-1
103,74,1512.6,377.5,42.9,65.9,1,-1,-1,-1
103,76,640.2,409.3,59.5,166.9,1,-1,-1,-1
103,92,924.6,339.4,99.7,326.9,1,-1,-1,-1
103,141,381.6,367.6,108.5,344.3,1,-1,-1,-1
104,2,722.3,248.7,214.8,665.6,1,-1,-1,-1
104,4,0.0,0.0,306.7,1056.8,1,-1,-1,-1
104,8,1042.7,309.3,190.2,467.4,1,-1,-1,-1
104,74,1525.3,375.9,43.8,66.8,1,-1,-1,-1
104,76,651.4,409.0,59.5,167.0,1,-1,-1,-1
104,92,933.1,334.7,101.3,328.6,1,-1,-1,-1
104,141,391.6,366.3,107.4,340.0,1,-1,-1,-1
104,88,1778.5,856.4,110.6,221.6,1,-1,-1,-1
105,2,734.3,247.3,213.2,661.5,1,-1,-1,-1
105,4,0.0,132.2,273.5,930.5,1,-1,-1,-1
105,8,1054.0,306.3,191.4,468.8,1,-1,-1,-1
105,74,1538.2,375.3,44.0,66.6,1,-1,-1,-1
105,76,661.2,408.2,59.8,167.4,1,-1,-1,-1
105,92,944.8,333.8,101.9,328.6,1,-1,-1,-1
105,141,400.3,364.6,107.9,339.7,1,-1,-1,-1
105,88,1798.0,856.2,110.6,221.3,1,-1,-1,-1
106,2,745.4,244.0,209.7,651.1,1,-1,-1,-1
106,4,0.0,200.3,211.9,811.1,1,-1,-1,-1
106,8,1064.6,305.0,192.1,469.3,1,-1,-1,-1
106,74,1550.9,373.3,43.8,65.7,1,-1,-1,-1
106,76,667.7,407.2,59.9,167.1,1,-1,-1,-1
106,92,952.4,331.2,103.3,330.9,1,-1,-1,-1
106,141,407.0,362.4,108.7,340.9,1,-1,-1,-1
106,88,1810.8,855.4,109.2,220.7,1,-1,-1,-1
107,2,754.2,241.1,207.0,642.8,1,-1,-1,-1
107,4,0.0,223.2,176.7,816.4,1,-1,-1,-1
107,8,1071.6,303.2,192.5,470.6,1,-1,-1,-1
107,74,1562.3,371.4,44.1,66.2,1,-1,-1,-1
107,76,672.6,404.7,60.4,168.0,1,-1,-1,-1
107,92,960.7,329.4,102.6,327.1,1,-1,-1,-1
107,141,410.7,361.1,109.6,342.3,1,-1,-1,-1
107,88,1834.2,854.8,83.2,162.9,1,-1,-1,-1
108,2,760.1,238.5,206.0,639.9,1,-1,-1,-1
108,8,1075.4,300.6,191.7,471.7,1,-1,-1,-1
108,74,1571.6,370.9,43.8,65.0,1,-1,-1,-1
108,76,676.3,403.4,61.2,168.9,1,-1,-1,-1
108,92,966.5,330.8,101.7,322.1,1,-1,-1,-1
108,141,413.8,360.0,110.5,343.9,1,-1,-1,-1
108,88,1847.9,856.5,71.6,139.4,1,-1,-1,-1
109,2,765.8,235.2,206.1,641.1,1,-1,-1,-1
109,8,1078.8,299.4,188.8,468.2,1,-1,-1,-1
109,74,1578.5,367.6,45.9,67.9,1,-1,-1,-1
109,76,679.4,400.0,62.3,171.6,1,-1,-1,-1
109,92,966.1,327.4,99.5,319.3,1,-1,-1,-1
109,141,415.2,359.1,111.1,344.2,1,-1,-1,-1
109,88,1857.1,869.8,62.9,124.8,1,-1,-1,-1
110,2,770.5,232.2,206.5,644.2,1,-1,-1,-1
110,8,1082.6,295.8,185.7,464.6,1,-1,-1,-1
110,74,1586.7,367.8,44.5,66.3,1,-1,-1,-1
110,76,680.5,396.1,63.7,174.6,1,-1,-1,-1
110,92,976.8,325.8,100.1,320.6,1,-1,-1,-1
110,141,414.3,356.8,113.2,349.7,1,-1,-1,-1
111,2,773.2,230.1,206.3,646.5,1,-1,-1,-1
111,8,1086.2,292.5,183.8,464.3,1,-1,-1,-1
111,74,1592.3,366.6,44.7,66.1,1,-1,-1,-1
111,76,684.9,395.0,63.7,174.4,1,-1,-1,-1
111,92,979.9,324.7,100.8,321.5,1,-1,-1,-1
111,141,413.4,353.5,114.4,352.5,1,-1,-1,-1
112,2,775.4,229.1,205.7,648.3,1,-1,-1,-1
112,8,1089.8,290.7,182.5,464.9,1,-1,-1,-1
112,74,1597.9,365.1,45.3,67.0,1,-1,-1,-1
112,76,686.9,393.5,64.4,176.1,1,-1,-1,-1
112,92,981.9,323.2,101.9,323.0,1,-1,-1,-1
112,141,410.9,349.9,117.4,360.5,1,-1,-1,-1
113,2,778.7,228.3,204.6,649.8,1,-1,-1,-1
113,8,1094.4,288.0,181.0,465.7,1,-1,-1,-1
113,74,1604.4,364.3,45.1,67.3,1,-1,-1,-1
113,76,689.0,392.2,64.9,177.8,1,-1,-1,-1
113,92,982.2,321.4,102.9,326.4,1,-1,-1,-1
113,141,410.7,346.1,118.9,364.8,1,-1,-1,-1
114,2,780.4,229.0,203.4,650.7,1,-1,-1,-1
114,8,1099.1,285.5,180.1,467.9,1,-1,-1,-1
114,74,1608.7,362.4,45.5,67.9,1,-1,-1,-1
114,76,691.8,389.6,65.3,179.2,1,-1,-1,-1
114,92,979.9,319.8,102.4,328.9,1,-1,-1,-1
114,141,407.5,343.7,120.7,368.1,1,-1,-1,-1
114,203,952.7,377.7,34.4,145.2,1,-1,-1,-1
115,2,781.6,230.9,202.3,650.4,1,-1,-1,-1
115,8,1103.3,283.8,178.6,467.8,1,-1,-1,-1
115,74,1612.9,361.4,46.4,69.0,1,-1,-1,-1
115,76,694.3,389.5,65.4,179.0,1,-1,-1,-1
115,92,988.1,320.2,102.3,326.7,1,-1,-1,-1
115,141,406.0,340.6,122.6,372.5,1,-1,-1,-1
115,203,954.0,374.5,35.1,148.3,1,-1,-1,-1
115,204,985.9,321.3,59.8,322.3,1,-1,-1,-1
116,2,781.8,232.3,200.9,650.5,1,-1,-1,-1
116,8,1107.2,282.8,178.1,470.3,1,-1,-1,-1
116,74,1621.4,362.2,45.5,68.5,1,-1,-1,-1
116,76,695.5,388.3,66.0,180.4,1,-1,-1,-1
116,92,989.6,320.0,103.4,326.8,1,-1,-1,-1
116,141,404.7,340.1,123.7,373.3,1,-1,-1,-1
116,203,956.7,384.3,33.3,139.3,1,-1,-1,-1
117,2,783.6,232.6,198.4,646.6,1,-1,-1,-1
117,8,1110.8,281.5,177.7,473.1,1,-1,-1,-1
117,74,1624.5,359.5,46.2,69.2,1,-1,-1,-1
117,76,696.1,387.2,66.9,181.8,1,-1,-1,-1
117,92,988.0,319.5,105.3,327.0,1,-1,-1,-1
117,141,403.0,336.3,125.0,374.1,1,-1,-1,-1
117,203,958.8,388.0,33.0,136.0,1,-1,-1,-1
118,2,782.6,233.2,196.5,644.9,1,-1,-1,-1
118,8,1113.8,282.7,177.0,474.8,1,-1,-1,-1
118,74,1628.2,360.4,46.2,68.8,1,-1,-1,-1
118,76,696.3,387.2,67.8,183.2,1,-1,-1,-1
118,92,986.1,320.6,107.0,326.3,1,-1,-1,-1
118,141,397.8,333.0,127.7,380.3,1,-1,-1,-1
118,203,959.1,388.1,33.6,135.2,1,-1,-1,-1
119,2,779.6,235.2,195.6,645.8,1,-1,-1,-1
119,8,1116.2,287.3,176.5,477.6,1,-1,-1,-1
119,74,1633.5,363.4,45.3,67.6,1,-1,-1,-1
119,76,696.7,388.8,68.1,182.9,1,-1,-1,-1
119,92,983.5,321.8,109.3,327.1,1,-1,-1,-1
119,141,392.6,331.4,129.8,385.5,1,-1,-1,-1
119,203,956.9,387.9,35.0,136.1,1,-1,-1,-1
120,2,776.1,235.1,195.3,646.3,1,-1,-1,-1
120,8,1117.0,289.8,175.9,479.6,1,-1,-1,-1
120,74,1636.9,363.3,45.7,68.7,1,-1,-1,-1
120,76,696.0,390.7,67.4,180.4,1,-1,-1,-1
120,92,982.7,322.8,111.1,326.4,1,-1,-1,-1
120,141,388.4,332.4,130.4,387.1,1,-1,-1,-1
120,203,955.3,386.7,36.6,137.6,1,-1,-1,-1
121,2,770.1,234.6,194.2,641.9,1,-1,-1,-1
121,8,1116.8,291.6,174.9,480.8,1,-1,-1,-1
121,74,1639.3,363.7,45.3,67.9,1,-1,-1,-1
121,76,693.8,389.8,68.0,181.6,1,-1,-1,-1
121,92,981.4,324.3,112.3,325.0,1,-1,-1,-1
121,141,383.6,329.8,132.5,394.5,1,-1,-1,-1
121,203,951.2,385.5,38.2,139.3,1,-1,-1,-1
122,2,764.0,231.9,192.5,634.3,1,-1,-1,-1
122,8,1115.1,292.3,173.6,481.3,1,-1,-1,-1
122,74,1638.7,364.1,45.3,67.9,1,-1,-1,-1
122,76,691.9,388.5,68.6,183.4,1,-1,-1,-1
122,92,979.0,327.4,112.4,321.1,1,-1,-1,-1
122,141,378.6,328.8,133.4,399.1,1,-1,-1,-1
122,203,953.2,385.6,38.2,137.8,1,-1,-1,-1
123,2,758.0,230.2,192.4,631.5,1,-1,-1,-1
123,8,1111.8,291.9,172.5,481.7,1,-1,-1,-1
123,74,1637.2,367.0,44.1,65.7,1,-1,-1,-1
123,76,689.5,386.8,69.1,185.6,1,-1,-1,-1
123,92,974.8,328.8,114.0,321.7,1,-1,-1,-1
123,141,371.6,330.7,133.9,401.2,1,-1,-1,-1
123,203,950.7,387.7,38.2,137.9,1,-1,-1,-1
124,2,748.6,230.0,194.0,631.5,1,-1,-1,-1
124,8,1108.8,291.6,171.1,480.3,1,-1,-1,-1
124,74,1636.9,371.4,42.1,62.1,1,-1,-1,-1
124,76,684.9,387.7,69.1,186.4,1,-1,-1,-1
124,92,963.7,327.7,115.0,324.4,1,-1,-1,-1
124,141,362.3,332.2,135.0,403.5,1,-1,-1,-1
124,208,1048.2,357.6,42.9,229.0,1,-1,-1,-1
125,2,737.4,229.5,197.6,636.4,1,-1,-1,-1
125,8,1104.5,290.6,170.2,480.5,1,-1,-1,-1
125,74,1632.7,371.3,43.0,63.2,1,-1,-1,-1
125,76,679.0,389.4,68.1,185.9,1,-1,-1,-1
125,92,955.6,325.8,115.2,327.4,1,-1,-1,-1
125,141,352.8,331.7,136.0,405.7,1,-1,-1,-1
125,208,1043.9,372.8,39.5,208.8,1,-1,-1,-1
126,2,727.4,230.0,201.4,642.3,1,-1,-1,-1
126,8,1099.5,290.2,170.3,483.1,1,-1,-1,-1
126,74,1627.0,370.2,44.8,65.5,1,-1,-1,-1
126,76,673.0,389.2,68.6,187.1,1,-1,-1,-1
126,92,946.7,325.7,114.3,327.7,1,-1,-1,-1
126,141,342.6,332.3,137.9,411.4,1,-1,-1,-1
126,208,1037.9,372.1,39.6,206.3,1,-1,-1,-1
127,2,721.0,231.1,204.4,647.4,1,-1,-1,-1
127,8,1093.7,289.6,170.3,484.8,1,-1,-1,-1
127,74,1625.3,371.5,44.6,65.7,1,-1,-1,-1
127,76,668.8,391.3,67.3,185.0,1,-1,-1,-1
127,92,941.2,325.7,113.8,327.8,1,-1,-1,-1
127,141,333.0,333.2,140.0,418.4,1,-1,-1,-1
127,208,1032.1,374.7,40.8,208.5,1,-1,-1,-1
128,2,716.5,233.4,205.6,648.2,1,-1,-1,-1
128,8,1090.1,289.7,169.8,483.0,1,-1,-1,-1
128,74,1624.4,373.1,43.4,64.5,1,-1,-1,-1
128,76,663.5,388.3,68.4,189.5,1,-1,-1,-1
128,92,933.1,323.7,114.8,332.6,1,-1,-1,-1
128,141,323.2,332.5,142.1,426.1,1,-1,-1,-1
128,208,1027.6,373.8,42.5,213.1,1,-1,-1,-1
129,2,714.0,234.9,206.8,649.8,1,-1,-1,-1
129,8,1087.6,289.5,170.4,483.9,1,-1,-1,-1
129,74,1622.8,373.0,43.3,64.9,1,-1,-1,-1
129,76,659.9,388.0,68.8,191.8,1,-1,-1,-1
129,92,929.7,322.3,113.6,331.2,1,-1,-1,-1
129,141,314.8,332.2,143.4,431.0,1,-1,-1,-1
129,208,1024.9,374.0,43.7,214.3,1,-1,-1,-1
130,2,713.3,236.4,207.7,650.3,1,-1,-1,-1
130,8,1085.2,288.4,171.7,487.0,1,-1,-1,-1
130,74,1621.0,371.7,44.2,66.6,1,-1,-1,-1
130,76,657.6,387.5,68.8,194.1,1,-1,-1,-1
130,92,927.5,319.4,113.4,332.9,1,-1,-1,-1
130,141,308.8,330.6,144.7,434.5,1,-1,-1,-1
130,208,1023.2,373.1,45.3,216.3,1,-1,-1,-1
131,2,712.7,237.5,208.1,650.2,1,-1,-1,-1
131,8,1084.0,286.4,170.8,483.9,1,-1,-1,-1
131,74,1620.5,370.2,44.4,67.0,1,-1,-1,-1
131,76,656.7,388.4,68.3,194.0,1,-1,-1,-1
131,92,925.7,317.7,113.2,333.8,1,-1,-1,-1
131,141,303.6,328.4,145.7,437.6,1,-1,-1,-1
131,208,1021.9,370.7,47.1,218.6,1,-1,-1,-1
132,2,713.6,239.1,208.1,650.0,1,-1,-1,-1
132,8,1082.9,284.5,171.0,483.7,1,-1,-1,-1
132,74,1620.4,367.9,45.5,68.6,1,-1,-1,-1
132,76,656.1,389.2,67.8,194.6,1,-1,-1,-1
132,92,922.8,316.5,112.6,334.6,1,-1,-1,-1
132,141,300.0,327.4,147.4,441.2,1,-1,-1,-1
132,208,1020.8,369.4,48.7,219.4,1,-1,-1,-1
133,2,714.9,239.9,207.6,647.9,1,-1,-1,-1
133,8,1082.4,284.0,171.7,483.9,1,-1,-1,-1
133,74,1620.6,366.8,46.2,69.4,1,-1,-1,-1
133,76,655.9,390.2,67.5,195.3,1,-1,-1,-1
133,92,920.4,315.8,112.1,335.7,1,-1,-1,-1
133,141,296.2,326.1,149.3,445.9,1,-1,-1,-1
133,208,1019.8,368.9,50.2,219.7,1,-1,-1,-1
134,2,716.4,240.0,208.0,649.0,1,-1,-1,-1
134,8,1081.4,285.2,173.1,486.3,1,-1,-1,-1
134,74,1621.8,367.1,46.1,69.5,1,-1,-1,-1
134,76,654.7,391.0,67.7,196.5,1,-1,-1,-1
134,92,917.6,316.8,111.3,335.8,1,-1,-1,-1
134,141,291.3,323.6,151.9,453.8,1,-1,-1,-1
134,208,1019.5,369.2,51.7,218.2,1,-1,-1,-1
135,2,717.3,240.7,208.6,650.0,1,-1,-1,-1
135,8,1080.6,287.5,174.6,488.8,1,-1,-1,-1
135,74,1622.8,368.3,45.5,69.0,1,-1,-1,-1
135,76,654.3,393.2,68.0,197.5,1,-1,-1,-1
135,92,916.8,318.3,110.1,335.1,1,-1,-1,-1
135,141,285.7,322.5,153.4,458.5,1,-1,-1,-1
135,208,1019.1,370.0,53.3,217.7,1,-1,-1,-1
136,2,721.5,241.0,208.6,650.1,1,-1,-1,-1
136,8,1080.7,290.9,175.7,489.0,1,-1,-1,-1
136,74,1626.3,369.5,45.1,68.6,1,-1,-1,-1
136,76,653.4,395.5,67.8,196.0,1,-1,-1,-1
136,92,916.2,318.6,109.3,335.4,1,-1,-1,-1
136,141,282.0,321.0,154.8,463.0,1,-1,-1,-1
136,208,1017.5,368.4,56.2,221.5,1,-1,-1,-1
137,2,725.8,240.3,206.0,640.8,1,-1,-1,-1
137,8,1081.8,292.2,177.3,491.1,1,-1,-1,-1
137,74,1633.4,372.7,43.1,66.0,1,-1,-1,-1
137,76,651.9,396.4,69.4,198.8,1,-1,-1,-1
137,92,918.0,321.8,107.6,334.0,1,-1,-1,-1
137,141,279.3,320.6,156.0,467.2,1,-1,-1,-1
137,208,1016.9,368.5,58.5,222.3,1,-1,-1,-1
138,2,730.6,242.4,203.9,632.1,1,-1,-1,-1
138,8,1084.5,294.7,178.3,491.5,1,-1,-1,-1
138,74,1636.7,372.6,44.3,67.9,1,-1,-1,-1
138,76,652.1,398.9,70.0,201.1,1,-1,-1,-1
138,92,921.3,324.7,106.3,334.3,1,-1,-1,-1
138,141,277.7,322.0,156.8,470.2,1,-1,-1,-1
138,208,1018.3,369.4,60.7,224.7,1,-1,-1,-1
139,2,732.9,243.4,203.0,627.5,1,-1,-1,-1
139,8,1087.3,297.2,179.3,491.7,1,-1,-1,-1
139,74,1643.8,375.0,41.8,64.5,1,-1,-1,-1
139,76,650.4,398.9,71.0,202.2,1,-1,-1,-1
139,92,922.8,325.6,105.1,334.7,1,-1,-1,-1
139,141,274.7,321.9,158.5,474.6,1,-1,-1,-1
139,208,1018.9,371.1,62.0,222.5,1,-1,-1,-1
139,216,1257.4,387.5,34.6,60.1,1,-1,-1,-1
140,2,739.3,245.6,201.9,624.4,1,-1,-1,-1
140,8,1091.5,298.8,179.8,491.8,1,-1,-1,-1
140,74,1648.3,374.2,41.6,64.2,1,-1,-1,-1
140,76,651.4,397.9,72.3,204.4,1,-1,-1,-1
140,92,923.3,326.0,104.8,337.3,1,-1,-1,-1
140,141,272.4,321.5,161.5,483.4,1,-1,-1,-1
140,208,1022.9,369.6,63.7,223.4,1,-1,-1,-1
140,216,1261.2,387.3,30.9,53.7,1,-1,-1,-1
141,2,744.1,246.4,202.7,627.1,1,-1,-1,-1
141,8,1096.1,299.3,181.0,494.2,1,-1,-1,-1
141,74,1658.1,377.2,38.8,60.4,1,-1,-1,-1
141,76,654.5,397.8,73.1,205.7,1,-1,-1,-1
141,92,925.9,325.6,105.1,341.5,1,-1,-1,-1
141,141,272.4,322.2,164.2,493.3,1,-1,-1,-1
141,208,1027.2,373.1,64.8,222.1,1,-1,-1,-1
141,216,1265.3,388.0,30.3,52.7,1,-1,-1,-1
142,2,747.0,248.3,203.3,629.5,1,-1,-1,-1
142,8,1101.6,299.5,181.7,495.8,1,-1,-1,-1
142,74,1664.3,375.1,40.1,63.0,1,-1,-1,-1
142,76,655.6,398.0,73.4,206.1,1,-1,-1,-1
142,92,929.5,327.3,104.1,341.4,1,-1,-1,-1
142,141,270.8,323.2,166.1,498.3,1,-1,-1,-1
142,208,1031.7,374.0,66.4,222.8,1,-1,-1,-1
142,216,1266.6,387.1,30.8,53.6,1,-1,-1,-1
143,2,751.1,251.9,203.5,631.0,1,-1,-1,-1
143,8,1108.1,298.6,182.3,496.9,1,-1,-1,-1
143,74,1671.1,375.1,40.7,64.7,1,-1,-1,-1
143,76,655.9,397.5,74.8,208.7,1,-1,-1,-1
143,92,935.3,327.7,103.2,342.0,1,-1,-1,-1
143,141,269.4,324.6,167.6,502.0,1,-1,-1,-1
143,208,1035.4,376.8,66.9,220.4,1,-1,-1,-1
143,216,1271.4,387.2,29.9,52.1,1,-1,-1,-1
144,2,761.9,255.0,202.1,633.7,1,-1,-1,-1
144,8,1114.3,298.9,182.7,497.3,1,-1,-1,-1
144,74,1677.8,374.8,40.7,64.6,1,-1,-1,-1
144,76,659.5,396.4,75.7,210.5,1,-1,-1,-1
144,92,941.2,329.1,103.0,341.2,1,-1,-1,-1
144,141,267.8,326.7,169.4,507.2,1,-1,-1,-1
144,208,1040.5,380.1,67.1,217.6,1,-1,-1,-1
144,216,1276.4,387.6,30.6,54.0,1,-1,-1,-1
145,2,769.7,256.5,200.7,637.8,1,-1,-1,-1
145,8,1121.7,299.3,182.9,498.3,1,-1,-1,-1
145,74,1686.0,374.1,41.3,65.9,1,-1,-1,-1
145,76,662.3,396.2,77.8,215.6,1,-1,-1,-1
145,92,947.8,330.7,101.9,339.8,1,-1,-1,-1
145,141,267.7,326.1,171.3,512.2,1,-1,-1,-1
145,208,1045.0,381.0,68.1,218.1,1,-1,-1,-1
145,216,1282.3,388.2,32.2,57.7,1,-1,-1,-1
145,219,742.2,365.6,54.7,169.4,1,-1,-1,-1
146,2,775.7,258.9,199.2,639.8,1,-1,-1,-1
146,8,1130.1,298.9,182.3,496.0,1,-1,-1,-1
146,74,1693.3,375.4,41.6,66.2,1,-1,-1,-1
146,76,665.9,395.7,79.3,219.1,1,-1,-1,-1
146,92,952.9,331.1,101.1,340.6,1,-1,-1,-1
146,141,268.3,325.3,174.1,519.4,1,-1,-1,-1
146,208,1049.8,384.0,68.1,216.3,1,-1,-1,-1
146,219,746.9,364.4,56.2,173.6,1,-1,-1,-1
147,2,781.9,261.5,196.7,637.7,1,-1,-1,-1
147,8,1137.1,299.3,180.9,491.6,1,-1,-1,-1
147,74,1700.5,376.2,42.2,66.7,1,-1,-1,-1
147,76,668.4,396.0,78.8,218.1,1,-1,-1,-1
147,92,957.5,332.4,100.6,341.4,1,-1,-1,-1
147,141,265.4,326.1,176.0,525.4,1,-1,-1,-1
147,208,1054.1,386.9,68.5,215.7,1,-1,-1,-1
147,219,752.4,366.1,56.1,173.2,1,-1,-1,-1
148,2,785.2,263.7,195.2,636.3,1,-1,-1,-1
148,8,1142.2,298.5,181.3,492.2,1,-1,-1,-1
148,74,1705.4,376.8,42.8,67.0,1,-1,-1,-1
148,76,670.7,396.3,79.2,219.3,1,-1,-1,-1
148,92,960.3,333.3,100.1,343.1,1,-1,-1,-1
148,141,259.2,325.8,179.3,537.2,1,-1,-1,-1
148,208,1055.5,388.1,69.3,214.9,1,-1,-1,-1
148,219,753.1,367.1,57.4,175.9,1,-1,-1,-1
149,2,783.4,265.5,195.4,636.9,1,-1,-1,-1
149,8,1145.2,297.7,182.7,496.5,1,-1,-1,-1
149,74,1712.5,378.6,43.0,67.5,1,-1,-1,-1
149,76,673.2,397.3,79.9,221.4,1,-1,-1,-1
149,92,962.9,334.5,99.5,344.8,1,-1,-1,-1
149,141,251.2,326.2,182.0,547.4,1,-1,-1,-1
149,208,1057.3,389.1,70.3,214.9,1,-1,-1,-1
149,219,756.4,369.4,57.8,175.5,1,-1,-1,-1
150,2,783.7,266.0,195.9,638.4,1,-1,-1,-1
150,8,1148.1,299.5,183.1,498.0,1,-1,-1,-1
150,74,1717.0,380.1,43.2,68.0,1,-1,-1,-1
150,76,674.8,399.9,80.0,222.0,1,-1,-1,-1
150,92,965.9,336.0,98.9,346.3,1,-1,-1,-1
150,141,244.4,325.2,184.3,555.4,1,-1,-1,-1
150,208,1057.7,388.1,72.3,218.4,1,-1,-1,-1
150,219,756.0,368.6,60.3,182.4,1,-1,-1,-1
151,2,779.0,267.0,196.7,635.6,1,-1,-1,-1
151,8,1150.1,301.7,184.6,502.7,1,-1,-1,-1
151,74,1717.1,380.2,44.7,69.6,1,-1,-1,-1
151,76,674.9,402.1,80.3,223.2,1,-1,-1,-1
151,92,969.0,338.7,97.3,345.3,1,-1,-1,-1
151,141,237.6,322.5,186.0,563.0,1,-1,-1,-1
151,208,1056.8,387.5,73.7,219.5,1,-1,-1,-1
151,219,758.1,369.2,61.6,185.1,1,-1,-1,-1
152,2,778.5,266.4,195.3,623.8,1,-1,-1,-1
152,8,1152.7,303.2,184.0,500.8,1,-1,-1,-1
152,74,1719.3,381.9,45.1,69.3,1,-1,-1,-1
152,76,675.6,403.8,80.4,222.0,1,-1,-1,-1
152,92,971.1,340.1,95.9,344.6,1,-1,-1,-1
152,141,231.0,319.6,188.0,571.7,1,-1,-1,-1
152,208,1056.9,387.4,74.3,219.0,1,-1,-1,-1
152,219,759.3,369.2,62.4,186.5,1,-1,-1,-1
153,2,778.3,264.0,195.1,616.7,1,-1,-1,-1
153,8,1155.2,304.2,183.8,500.7,1,-1,-1,-1
153,74,1721.3,383.2,45.4,69.3,1,-1,-1,-1
153,76,676.6,405.8,81.5,222.9,1,-1,-1,-1
153,92,972.5,341.0,94.7,343.8,1,-1,-1,-1
153,141,219.7,314.6,191.5,581.4,1,-1,-1,-1
153,208,1057.0,385.0,75.8,222.3,1,-1,-1,-1
153,219,761.0,369.9,63.0,186.2,1,-1,-1,-1
154,2,781.3,261.6,195.7,615.4,1,-1,-1,-1
154,8,1156.7,303.8,184.6,504.6,1,-1,-1,-1
154,74,1723.7,383.7,45.7,69.5,1,-1,-1,-1
154,76,678.5,407.2,83.2,224.3,1,-1,-1,-1
154,92,973.6,340.9,93.8,344.1,1,-1,-1,-1
154,141,207.7,311.3,194.1,588.2,1,-1,-1,-1
154,208,1056.4,383.2,76.8,224.7,1,-1,-1,-1
154,219,760.0,368.5,64.1,188.6,1,-1,-1,-1
155,2,782.8,258.6,197.1,618.4,1,-1,-1,-1
155,8,1156.9,303.3,184.6,506.1,1,-1,-1,-1
155,74,1724.0,382.7,46.4,70.1,1,-1,-1,-1
155,76,675.2,404.2,85.9,228.8,1,-1,-1,-1
155,92,973.7,339.2,93.0,344.9,1,-1,-1,-1
155,141,195.8,305.8,197.1,596.1,1,-1,-1,-1
155,208,1055.2,381.5,77.0,223.5,1,-1,-1,-1
155,219,754.3,363.8,80.6,241.2,1,-1,-1,-1
156,2,781.5,257.2,198.7,621.6,1,-1,-1,-1
156,8,1155.4,304.0,185.3,510.0,1,-1,-1,-1
156,74,1723.5,383.0,46.8,70.3,1,-1,-1,-1
156,76,672.4,403.1,87.4,232.0,1,-1,-1,-1
156,92,973.0,337.9,92.3,345.7,1,-1,-1,-1
156,141,185.7,301.7,199.7,602.1,1,-1,-1,-1
156,208,1053.4,380.0,77.8,224.7,1,-1,-1,-1
156,219,752.2,362.0,86.0,262.1,1,-1,-1,-1
157,2,779.4,257.5,200.1,624.1,1,-1,-1,-1
157,8,1152.3,306.0,184.7,511.0,1,-1,-1,-1
157,74,1722.5,383.3,48.2,72.0,1,-1,-1,-1
157,76,671.8,404.2,88.5,232.3,1,-1,-1,-1
157,92,970.9,338.8,91.3,345.3,1,-1,-1,-1
157,141,174.9,299.8,202.2,607.5,1,-1,-1,-1
157,208,1051.7,384.8,77.5,221.8,1,-1,-1,-1
157,219,751.5,363.3,87.1,270.0,1,-1,-1,-1
158,2,776.2,258.1,202.0,627.1,1,-1,-1,-1
158,8,1148.1,305.6,184.3,513.1,1,-1,-1,-1
158,74,1719.7,382.5,49.2,72.8,1,-1,-1,-1
158,76,668.9,403.9,89.2,232.1,1,-1,-1,-1
158,92,967.4,339.1,90.2,344.4,1,-1,-1,-1
158,141,161.1,296.8,205.1,614.8,1,-1,-1,-1
158,208,1048.8,384.0,78.2,223.7,1,-1,-1,-1
158,219,746.2,363.3,85.7,272.2,1,-1,-1,-1
159,2,774.8,258.5,203.5,629.8,1,-1,-1,-1
159,8,1144.7,305.7,183.1,511.6,1,-1,-1,-1
159,74,1715.8,381.8,49.9,73.0,1,-1,-1,-1
159,76,663.7,401.7,90.3,233.6,1,-1,-1,-1
159,92,965.9,337.5,89.4,343.8,1,-1,-1,-1
159,141,147.6,294.7,209.3,623.8,1,-1,-1,-1
159,208,1043.7,381.6,79.4,226.2,1,-1,-1,-1
159,219,743.7,362.0,86.0,277.1,1,-1,-1,-1
160,2,772.6,259.4,203.9,632.0,1,-1,-1,-1
160,8,1140.6,305.0,182.9,513.8,1,-1,-1,-1
160,74,1710.9,381.2,51.0,74.2,1,-1,-1,-1
160,76,657.0,400.1,91.5,234.9,1,-1,-1,-1
160,92,962.4,336.3,89.7,345.0,1,-1,-1,-1
160,141,131.8,292.0,214.8,638.1,1,-1,-1,-1
160,208,1041.1,383.2,79.5,226.1,1,-1,-1,-1
160,219,739.7,362.4,85.4,279.1,1,-1,-1,-1
161,2,769.9,264.7,203.9,631.3,1,-1,-1,-1
161,8,1135.3,304.5,181.4,511.6,1,-1,-1,-1
161,74,1706.5,382.1,52.0,74.6,1,-1,-1,-1
161,76,649.8,399.4,93.1,237.7,1,-1,-1,-1
161,92,957.8,336.8,89.9,345.7,1,-1,-1,-1
161,141,115.5,290.0,221.8,656.9,1,-1,-1,-1
161,208,1036.9,385.0,79.1,223.9,1,-1,-1,-1
161,219,734.6,364.8,84.0,278.2,1,-1,-1,-1
162,2,768.4,269.3,203.3,628.6,1,-1,-1,-1
162,8,1129.2,303.9,180.6,511.0,1,-1,-1,-1
162,74,1702.0,382.5,52.5,74.4,1,-1,-1,-1
162,76,642.0,398.4,94.0,238.8,1,-1,-1,-1
162,92,953.1,338.2,89.4,344.7,1,-1,-1,-1
162,141,98.3,287.7,224.7,663.3,1,-1,-1,-1
162,208,1032.4,386.8,78.9,222.6,1,-1,-1,-1
162,219,728.3,365.2,83.8,278.1,1,-1,-1,-1
163,2,766.2,271.1,203.2,627.7,1,-1,-1,-1
163,8,1121.9,302.4,180.5,511.9,1,-1,-1,-1
163,74,1697.7,383.1,52.4,73.9,1,-1,-1,-1
163,76,633.1,396.6,95.0,241.1,1,-1,-1,-1
163,92,948.3,339.0,88.9,343.3,1,-1,-1,-1
163,141,79.6,286.6,229.3,673.4,1,-1,-1,-1
163,208,1026.6,388.1,78.7,221.6,1,-1,-1,-1
163,219,723.8,365.6,84.1,277.3,1,-1,-1,-1
164,2,764.6,271.1,202.3,622.9,1,-1,-1,-1
164,8,1115.0,300.9,180.4,511.5,1,-1,-1,-1
164,74,1690.9,382.4,53.3,74.3,1,-1,-1,-1
164,76,624.0,395.6,95.2,242.2,1,-1,-1,-1
164,92,941.0,336.4,89.7,345.8,1,-1,-1,-1
164,141,62.3,285.7,235.7,688.7,1,-1,-1,-1
164,208,1022.9,388.0,77.9,219.7,1,-1,-1,-1
164,219,715.7,365.1,85.1,279.0,1,-1,-1,-1
165,2,761.9,269.7,202.1,622.1,1,-1,-1,-1
165,8,1109.5,298.2,179.5,507.4,1,-1,-1,-1
165,74,1685.5,381.0,53.8,74.2,1,-1,-1,-1
165,76,616.3,395.6,96.3,244.3,1,-1,-1,-1
165,92,934.3,335.0,89.8,347.2,1,-1,-1,-1
165,141,44.0,283.1,242.0,704.2,1,-1,-1,-1
165,208,1017.0,388.0,78.0,219.5,1,-1,-1,-1
165,219,707.6,363.8,85.9,281.8,1,-1,-1,-1
166,2,759.6,266.5,201.9,622.3,1,-1,-1,-1
166,8,1104.1,295.8,179.5,504.6,1,-1,-1,-1
166,74,1682.3,378.1,54.6,75.1,1,-1,-1,-1
166,76,609.5,395.6,96.1,244.9,1,-1,-1,-1
166,92,931.8,334.0,89.6,347.7,1,-1,-1,-1
166,141,26.3,279.2,249.6,724.0,1,-1,-1,-1
166,208,1012.9,386.4,78.4,220.8,1,-1,-1,-1
166,219,700.1,362.4,87.4,284.2,1,-1,-1,-1
167,2,758.5,259.9,202.2,624.2,1,-1,-1,-1
167,8,1099.2,293.8,179.9,503.9,1,-1,-1,-1
167,74,1679.0,376.8,54.8,74.8,1,-1,-1,-1
167,76,601.0,394.8,95.8,245.7,1,-1,-1,-1
167,92,929.9,333.1,88.8,347.9,1,-1,-1,-1
167,141,7.6,274.2,256.8,743.2,1,-1,-1,-1
167,208,1008.0,386.5,78.3,219.2,1,-1,-1,-1
167,219,693.3,361.7,88.2,286.4,1,-1,-1,-1
168,2,759.0,255.8,200.3,618.6,1,-1,-1,-1
168,8,1095.2,292.4,180.7,503.1,1,-1,-1,-1
168,74,1678.4,374.9,54.4,74.8,1,-1,-1,-1
168,76,593.7,394.3,95.0,246.2,1,-1,-1,-1
168,92,927.6,332.4,88.5,348.0,1,-1,-1,-1
168,141,0.0,268.2,255.2,753.7,1,-1,-1,-1
168,208,1003.8,384.6,79.0,220.7,1,-1,-1,-1
168,219,688.6,358.8,89.3,288.3,1,-1,-1,-1
169,2,762.0,253.8,197.2,610.1,1,-1,-1,-1
169,8,1091.1,290.4,182.6,504.1,1,-1,-1,-1
169,74,1673.9,372.4,55.5,76.2,1,-1,-1,-1
169,76,590.0,394.0,95.3,247.0,1,-1,-1,-1
169,92,924.5,331.1,88.2,349.2,1,-1,-1,-1
169,141,0.0,259.8,247.5,764.1,1,-1,-1,-1
169,208,1001.0,382.6,79.6,222.1,1,-1,-1,-1
169,219,681.6,354.5,91.4,292.7,1,-1,-1,-1
170,2,761.3,252.0,196.2,606.9,1,-1,-1,-1
170,8,1088.1,289.8,184.5,505.2,1,-1,-1,-1
170,74,1671.3,370.5,56.0,76.4,1,-1,-1,-1
170,76,585.6,392.0,97.2,251.6,1,-1,-1,-1
170,92,924.0,329.4,87.7,349.3,1,-1,-1,-1
170,141,0.0,253.7,241.1,774.4,1,-1,-1,-1
170,208,1000.7,380.8,79.3,221.4,1,-1,-1,-1
170,219,677.9,351.2,93.5,296.1,1,-1,-1,-1
170,232,1412.6,514.3,128.6,260.6,1,-1,-1,-1
171,2,762.6,250.4,196.2,608.5,1,-1,-1,-1
171,8,1084.3,288.9,187.9,510.9,1,-1,-1,-1
171,74,1670.5,368.5,55.5,75.5,1,-1,-1,-1
171,76,580.4,391.6,99.0,255.1,1,-1,-1,-1
171,92,924.3,328.2,87.4,349.9,1,-1,-1,-1
171,141,0.0,248.4,235.5,788.5,1,-1,-1,-1
171,208,1001.3,380.0,78.2,218.6,1,-1,-1,-1
171,219,675.2,349.4,95.0,297.4,1,-1,-1,-1
171,232,1411.9,513.7,127.5,258.3,1,-1,-1,-1
172,2,765.0,249.4,196.0,611.0,1,-1,-1,-1
172,8,1081.7,288.0,190.0,513.2,1,-1,-1,-1
172,74,1670.9,368.5,54.7,74.5,1,-1,-1,-1
172,76,575.4,392.0,100.6,257.1,1,-1,-1,-1
172,92,923.0,326.5,87.2,352.6,1,-1,-1,-1
172,141,0.0,242.3,229.2,802.4,1,-1,-1,-1
172,208,1000.6,377.5,78.8,221.2,1,-1,-1,-1
172,219,672.0,349.4,97.5,299.0,1,-1,-1,-1
173,2,763.4,248.4,197.1,616.3,1,-1,-1,-1
173,8,1079.2,287.3,192.2,515.4,1,-1,-1,-1
173,74,1671.4,366.6,54.7,75.0,1,-1,-1,-1
173,76,569.0,389.2,102.5,260.9,1,-1,-1,-1
173,92,921.7,325.4,86.2,352.7,1,-1,-1,-1
173,141,0.0,236.8,222.2,815.8,1,-1,-1,-1
173,208,997.4,376.2,78.8,220.5,1,-1,-1,-1
173,219,668.0,347.7,99.8,299.9,1,-1,-1,-1
174,2,767.3,248.9,196.3,619.4,1,-1,-1,-1
174,8,1078.9,287.4,194.1,518.1,1,-1,-1,-1
174,74,1673.4,364.8,54.8,75.1,1,-1,-1,-1
174,76,565.2,388.0,104.4,264.0,1,-1,-1,-1
174,92,922.2,325.7,85.0,352.5,1,-1,-1,-1
174,141,0.0,230.5,216.2,827.7,1,-1,-1,-1
174,208,997.5,374.7,79.6,223.1,1,-1,-1,-1
174,219,665.9,346.6,102.4,302.4,1,-1,-1,-1
175,2,770.6,248.6,195.8,624.0,1,-1,-1,-1
175,8,1081.6,288.2,195.6,521.0,1,-1,-1,-1
175,74,1677.0,363.9,54.9,74.9,1,-1,-1,-1
175,76,562.2,386.3,106.3,266.5,1,-1,-1,-1
175,92,923.0,325.2,84.0,353.5,1,-1,-1,-1
175,141,0.0,225.2,209.6,833.5,1,-1,-1,-1
175,208,999.0,374.2,79.2,222.3,1,-1,-1,-1
175,219,664.8,346.1,104.6,303.8,1,-1,-1,-1
176,2,773.8,252.5,194.0,625.6,1,-1,-1,-1
176,8,1085.9,289.6,196.3,522.3,1,-1,-1,-1
176,74,1681.4,364.1,54.9,75.0,1,-1,-1,-1
176,76,559.6,386.9,107.4,267.4,1,-1,-1,-1
176,92,923.8,325.3,83.0,355.0,1,-1,-1,-1
176,141,0.0,225.2,202.9,845.5,1,-1,-1,-1
176,208,1000.8,374.0,79.1,222.1,1,-1,-1,-1
176,219,663.4,345.8,107.7,307.0,1,-1,-1,-1
176,233,979.2,404.9,34.7,125.1,1,-1,-1,-1
177,2,776.9,256.1,191.7,625.2,1,-1,-1,-1
177,8,1089.1,289.6,197.5,524.2,1,-1,-1,-1
177,74,1683.2,361.1,55.4,75.7,1,-1,-1,-1
177,76,558.1,385.3,109.4,269.4,1,-1,-1,-1
177,92,924.7,324.6,82.0,356.2,1,-1,-1,-1
177,141,0.0,222.9,195.9,854.1,1,-1,-1,-1
177,208,1002.2,373.3,78.9,222.0,1,-1,-1,-1
177,219,664.1,346.6,110.2,307.7,1,-1,-1,-1
177,233,979.2,402.8,35.4,127.9,1,-1,-1,-1
178,2,780.9,260.6,189.3,623.2,1,-1,-1,-1
178,8,1093.7,288.2,198.3,526.0,1,-1,-1,-1
178,74,1685.9,359.3,56.1,76.5,1,-1,-1,-1
178,76,556.3,384.6,111.2,272.1,1,-1,-1,-1
178,92,927.1,325.9,81.0,355.3,1,-1,-1,-1
178,141,0.0,222.3,189.0,857.0,1,-1,-1,-1
178,208,1004.2,374.5,78.6,221.1,1,-1,-1,-1
178,219,663.7,347.2,112.9,309.3,1,-1,-1,-1
178,233,980.0,402.7,35.3,127.7,1,-1,-1,-1
179,2,784.5,262.8,188.1,623.0,1,-1,-1,-1
179,8,1098.0,286.3,198.5,525.9,1,-1,-1,-1
179,74,1691.8,358.2,57.6,77.4,1,-1,-1,-1
179,76,555.5,384.4,113.3,275.2,1,-1,-1,-1
179,92,928.1,327.3,78.6,349.2,1,-1,-1,-1
179,141,0.0,221.8,180.8,852.8,1,-1,-1,-1
179,208,1008.4,375.1,78.2,221.1,1,-1,-1,-1
179,219,663.1,347.2,116.5,313.5,1,-1,-1,-1
179,233,982.9,403.1,35.5,128.3,1,-1,-1,-1
180,2,788.8,265.8,186.5,620.1,1,-1,-1,-1
180,8,1102.6,286.5,199.1,527.3,1,-1,-1,-1
180,74,1696.9,357.6,57.9,77.5,1,-1,-1,-1
180,76,554.6,385.9,115.0,277.7,1,-1,-1,-1
180,92,930.5,326.7,77.0,345.0,1,-1,-1,-1
180,141,0.0,224.6,171.9,848.9,1,-1,-1,-1
180,208,1012.9,378.5,77.3,219.3,1,-1,-1,-1
180,219,662.3,348.2,119.8,317.2,1,-1,-1,-1
180,233,985.8,405.8,34.8,126.0,1,-1,-1,-1
180,232,1430.6,502.7,138.1,275.5,1,-1,-1,-1
181,2,792.9,265.7,186.1,620.1,1,-1,-1,-1
181,8,1108.8,286.2,199.0,527.5,1,-1,-1,-1
181,74,1703.4,356.8,58.1,77.3,1,-1,-1,-1
181,76,553.8,388.6,115.9,279.2,1,-1,-1,-1
181,92,933.5,326.2,75.5,342.1,1,-1,-1,-1
181,141,0.0,228.0,163.9,844.8,1,-1,-1,-1
181,208,1017.6,380.3,76.7,218.6,1,-1,-1,-1
181,219,663.2,350.3,122.1,318.1,1,-1,-1,-1
181,233,988.6,405.8,35.1,126.3,1,-1,-1,-1
181,232,1434.1,504.7,140.1,275.2,1,-1,-1,-1
182,2,795.1,263.7,185.9,619.4,1,-1,-1,-1
182,8,1116.6,286.6,197.6,523.6,1,-1,-1,-1
182,74,1711.5,356.4,58.5,77.5,1,-1,-1,-1
182,76,553.6,389.7,116.6,280.8,1,-1,-1,-1
182,92,936.9,325.1,74.3,341.6,1,-1,-1,-1
182,141,0.0,252.3,152.4,821.0,1,-1,-1,-1
182,208,1021.6,382.3,76.2,217.3,1,-1,-1,-1
182,219,662.2,348.8,125.3,321.9,1,-1,-1,-1
182,233,991.6,406.1,35.2,125.5,1,-1,-1,-1
183,2,798.4,261.7,184.0,612.7,1,-1,-1,-1
183,8,1125.1,284.4,195.6,518.9,1,-1,-1,-1
183,74,1717.4,355.4,58.9,77.9,1,-1,-1,-1
183,76,555.0,390.1,117.3,281.3,1,-1,-1,-1
183,92,939.5,324.9,72.8,334.5,1,-1,-1,-1
183,141,0.0,279.2,141.4,796.3,1,-1,-1,-1
183,208,1027.4,383.9,76.0,216.5,1,-1,-1,-1
183,219,662.3,347.1,128.0,324.8,1,-1,-1,-1
183,233,995.5,405.3,35.8,125.4,1,-1,-1,-1
184,2,802.5,258.7,183.1,606.2,1,-1,-1,-1
184,8,1132.0,284.8,195.4,518.7,1,-1,-1,-1
184,74,1726.2,355.4,59.5,78.1,1,-1,-1,-1
184,76,556.0,391.5,118.0,282.0,1,-1,-1,-1
184,92,944.4,322.9,73.9,344.5,1,-1,-1,-1
184,141,0.0,322.1,127.8,752.6,1,-1,-1,-1
184,208,1032.0,384.5,76.0,216.7,1,-1,-1,-1
184,219,664.6,346.3,130.8,329.3,1,-1,-1,-1
184,233,1001.6,404.2,36.4,125.8,1,-1,-1,-1
184,232,1449.1,492.1,147.0,288.5,1,-1,-1,-1
185,2,808.0,256.8,183.9,602.8,1,-1,-1,-1
185,8,1137.9,284.1,195.2,518.2,1,-1,-1,-1
185,74,1733.2,354.5,59.0,77.4,1,-1,-1,-1
185,76,557.4,391.9,118.8,282.9,1,-1,-1,-1
185,92,950.0,323.1,73.1,346.6,1,-1,-1,-1
185,141,0.0,348.7,116.1,719.1,1,-1,-1,-1
185,208,1034.1,386.6,75.4,213.6,1,-1,-1,-1
185,219,666.8,345.5,132.8,332.4,1,-1,-1,-1
185,233,1006.8,404.4,36.4,125.8,1,-1,-1,-1
185,232,1459.5,501.9,140.4,278.4,1,-1,-1,-1
186,2,808.2,254.6,185.7,605.5,1,-1,-1,-1
186,8,1143.4,282.7,195.4,520.8,1,-1,-1,-1
186,74,1740.5,354.6,59.3,78.1,1,-1,-1,-1
186,76,559.2,391.5,120.8,285.9,1,-1,-1,-1
186,92,953.2,321.3,73.7,350.5,1,-1,-1,-1
186,141,0.0,378.3,106.7,687.0,1,-1,-1,-1
186,208,1037.2,385.6,75.6,214.0,1,-1,-1,-1
186,219,668.5,339.8,135.0,337.1,1,-1,-1,-1
186,233,1010.1,404.3,36.8,126.1,1,-1,-1,-1
187,2,808.9,253.8,186.6,605.4,1,-1,-1,-1
187,8,1147.8,281.5,195.5,523.1,1,-1,-1,-1
187,74,1747.0,353.8,59.6,78.5,1,-1,-1,-1
187,76,559.2,389.9,122.5,289.4,1,-1,-1,-1
187,92,958.5,316.6,73.6,354.8,1,-1,-1,-1
187,141,0.0,402.8,89.7,661.3,1,-1,-1,-1
187,208,1041.4,381.9,76.8,217.5,1,-1,-1,-1
187,219,670.0,336.1,136.5,341.3,1,-1,-1,-1
187,233,1011.4,405.2,36.3,123.1,1,-1,-1,-1
187,238,221.2,292.0,81.6,78.2,1,-1,-1,-1
188,2,809.7,251.6,187.9,607.4,1,-1,-1,-1
188,8,1151.5,279.4,195.2,525.3,1,-1,-1,-1
188,74,1750.0,352.2,60.4,79.5,1,-1,-1,-1
188,76,558.5,388.0,124.5,293.2,1,-1,-1,-1
188,92,961.0,318.0,72.2,352.9,1,-1,-1,-1
188,208,1042.2,380.4,77.1,217.4,1,-1,-1,-1
188,219,670.9,333.8,137.1,343.2,1,-1,-1,-1
188,233,1014.5,405.1,36.3,122.9,1,-1,-1,-1
188,238,222.7,291.0,80.2,76.8,1,-1,-1,-1
189,2,809.4,250.4,189.5,610.2,1,-1,-1,-1
189,8,1154.5,276.5,195.4,529.4,1,-1,-1,-1
189,74,1754.9,352.0,60.4,79.2,1,-1,-1,-1
189,76,557.4,386.4,126.3,296.0,1,-1,-1,-1
189,92,962.0,314.5,71.9,356.5,1,-1,-1,-1
189,208,1042.0,378.3,77.9,217.8,1,-1,-1,-1
189,219,671.2,332.5,137.0,343.6,1,-1,-1,-1
189,233,1019.6,403.0,36.7,123.8,1,-1,-1,-1
189,238,224.1,290.3,77.7,74.4,1,-1,-1,-1
190,2,811.4,249.9,190.8,612.0,1,-1,-1,-1
190,8,1156.6,276.3,194.2,529.7,1,-1,-1,-1
190,74,1759.9,354.0,58.6,77.1,1,-1,-1,-1
190,76,553.4,382.7,129.0,300.6,1,-1,-1,-1
190,92,962.0,311.9,71.9,360.5,1,-1,-1,-1
190,208,1040.2,375.1,79.3,219.3,1,-1,-1,-1
190,219,669.9,331.6,137.6,345.7,1,-1,-1,-1
190,233,1023.9,396.2,38.5,131.4,1,-1,-1,-1
191,2,812.0,250.9,191.8,613.7,1,-1,-1,-1
191,8,1157.6,277.2,193.5,531.5,1,-1,-1,-1
191,74,1761.0,355.3,59.5,78.1,1,-1,-1,-1
191,76,549.8,380.3,131.2,304.3,1,-1,-1,-1
191,92,962.6,312.7,71.5,364.1,1,-1,-1,-1
191,208,1038.1,373.7,80.9,221.1,1,-1,-1,-1
191,219,668.3,329.7,138.3,347.8,1,-1,-1,-1
191,233,1020.4,386.3,41.6,141.7,1,-1,-1,-1
192,2,811.6,253.1,193.2,617.3,1,-1,-1,-1
192,8,1157.6,281.3,192.5,532.3,1,-1,-1,-1
192,74,1761.7,357.1,60.3,78.8,1,-1,-1,-1
192,76,545.7,380.1,132.5,306.1,1,-1,-1,-1
192,92,961.5,319.3,70.3,362.9,1,-1,-1,-1
192,208,1037.3,375.8,81.9,221.5,1,-1,-1,-1
192,219,666.0,328.5,140.5,354.1,1,-1,-1,-1
193,2,811.8,259.2,193.2,616.6,1,-1,-1,-1
193,8,1156.2,284.2,191.3,533.3,1,-1,-1,-1
193,74,1761.4,359.3,60.7,78.9,1,-1,-1,-1
193,76,541.1,379.7,134.0,307.9,1,-1,-1,-1
193,92,959.7,323.0,69.7,362.5,1,-1,-1,-1
193,208,1035.6,378.3,82.5,221.4,1,-1,-1,-1
193,219,661.9,329.3,142.0,357.7,1,-1,-1,-1
194,2,811.3,266.4,192.7,613.3,1,-1,-1,-1
194,8,1153.1,287.0,190.9,536.1,1,-1,-1,-1
194,74,1762.0,362.8,60.9,79.2,1,-1,-1,-1
194,76,533.4,379.6,136.3,312.3,1,-1,-1,-1
194,92,959.1,327.6,68.8,360.4,1,-1,-1,-1
194,208,1032.8,379.6,83.5,223.4,1,-1,-1,-1
194,219,657.4,330.7,144.3,363.1,1,-1,-1,-1
195,2,811.6,271.5,192.3,610.2,1,-1,-1,-1
195,8,1148.5,289.4,190.8,540.7,1,-1,-1,-1
195,74,1760.4,366.5,61.7,80.0,1,-1,-1,-1
195,76,524.0,380.9,137.7,316.7,1,-1,-1,-1
195,92,959.0,330.7,67.7,357.3,1,-1,-1,-1
195,208,1030.1,381.9,84.2,223.7,1,-1,-1,-1
195,219,650.9,334.3,145.9,367.5,1,-1,-1,-1
196,2,808.8,274.2,193.1,608.9,1,-1,-1,-1
196,8,1144.2,292.3,189.6,542.0,1,-1,-1,-1
196,74,1756.5,369.4,62.0,80.1,1,-1,-1,-1
196,76,516.5,382.2,139.6,321.7,1,-1,-1,-1
196,92,961.8,333.5,60.8,322.3,1,-1,-1,-1
196,208,1028.4,382.8,86.5,225.0,1,-1,-1,-1
196,219,643.2,337.6,147.5,370.1,1,-1,-1,-1
197,2,806.0,273.9,195.1,611.5,1,-1,-1,-1
197,8,1140.1,294.6,188.3,542.1,1,-1,-1,-1
197,74,1752.1,371.5,62.6,79.8,1,-1,-1,-1
197,76,503.7,383.9,139.2,324.0,1,-1,-1,-1
197,208,1023.7,385.3,86.1,223.2,1,-1,-1,-1
197,219,634.5,340.2,149.5,371.5,1,-1,-1,-1
198,2,806.0,275.0,195.0,608.9,1,-1,-1,-1
198,8,1135.2,295.4,187.3,542.3,1,-1,-1,-1
198,74,1748.3,373.9,63.8,80.1,1,-1,-1,-1
198,76,493.6,387.6,139.1,327.0,1,-1,-1,-1
198,208,1019.3,388.3,86.1,222.3,1,-1,-1,-1
198,219,624.8,343.3,150.1,371.9,1,-1,-1,-1
199,2,805.7,276.3,192.9,599.2,1,-1,-1,-1
199,8,1129.7,298.5,186.8,542.6,1,-1,-1,-1
199,74,1746.8,375.3,63.5,79.7,1,-1,-1,-1
199,76,484.5,391.6,139.4,330.4,1,-1,-1,-1
199,208,1016.3,391.9,85.3,220.3,1,-1,-1,-1
199,219,614.7,344.3,153.1,378.3,1,-1,-1,-1
200,2,804.6,279.0,190.2,589.9,1,-1,-1,-1
200,8,1124.3,301.1,186.0,540.1,1,-1,-1,-1
200,74,1744.4,378.6,63.7,79.7,1,-1,-1,-1
200,76,479.0,394.2,139.4,330.1,1,-1,-1,-1
200,208,1013.2,398.3,84.1,217.8,1,-1,-1,-1
200,219,606.9,347.0,154.1,382.3,1,-1,-1,-1
200,249,996.3,418.0,39.6,133.2,1,-1,-1,-1
201,2,802.1,280.7,190.2,589.7,1,-1,-1,-1
201,8,1118.3,302.7,185.0,535.1,1,-1,-1,-1
201,74,1741.1,381.9,62.7,78.7,1,-1,-1,-1
201,76,468.8,397.5,140.4,332.8,1,-1,-1,-1
201,208,1010.3,401.7,83.6,218.1,1,-1,-1,-1
201,219,598.2,347.0,155.9,387.5,1,-1,-1,-1
201,249,993.2,421.4,38.7,130.5,1,-1,-1,-1
202,2,798.1,281.6,190.9,592.4,1,-1,-1,-1
202,8,1112.3,305.5,185.8,536.1,1,-1,-1,-1
202,74,1733.4,383.7,64.4,80.4,1,-1,-1,-1
202,76,458.5,397.7,142.8,338.4,1,-1,-1,-1
202,208,1006.6,405.7,82.5,215.9,1,-1,-1,-1
202,219,585.7,341.8,159.1,395.8,1,-1,-1,-1
202,249,986.8,426.5,38.3,129.1,1,-1,-1,-1
202,254,772.2,401.4,54.1,229.0,1,-1,-1,-1
203,2,796.3,282.2,191.6,596.7,1,-1,-1,-1
203,8,1108.3,306.0,185.5,532.9,1,-1,-1,-1
203,74,1729.3,384.1,65.6,81.9,1,-1,-1,-1
203,76,448.6,398.0,144.9,342.6,1,-1,-1,-1
203,208,1001.8,406.3,82.5,216.8,1,-1,-1,-1
203,219,577.2,340.4,160.5,401.2,1,-1,-1,-1
203,249,981.2,427.5,40.3,136.5,1,-1,-1,-1
203,254,768.2,399.4,55.7,235.3,1,-1,-1,-1
204,2,798.0,285.3,190.1,596.8,1,-1,-1,-1
204,8,1104.9,306.4,186.1,531.4,1,-1,-1,-1
204,74,1727.3,385.7,65.0,81.0,1,-1,-1,-1
204,76,437.0,399.2,147.3,348.4,1,-1,-1,-1
204,208,999.4,407.0,82.4,217.7,1,-1,-1,-1
204,219,569.4,342.8,160.8,403.9,1,-1,-1,-1
204,249,979.7,429.3,39.4,134.5,1,-1,-1,-1
204,254,765.5,399.4,57.3,240.5,1,-1,-1,-1
204,257,694.9,406.8,60.6,155.1,1,-1,-1,-1
205,2,800.2,287.1,188.5,598.6,1,-1,-1,-1
205,8,1102.4,306.5,186.9,529.7,1,-1,-1,-1
205,74,1723.4,386.8,65.6,80.6,1,-1,-1,-1
205,76,427.9,399.1,149.3,351.7,1,-1,-1,-1
205,208,998.1,407.6,82.0,217.2,1,-1,-1,-1
205,219,563.0,344.0,160.1,403.4,1,-1,-1,-1
205,249,978.8,429.4,37.8,129.1,1,-1,-1,-1
205,254,761.7,398.3,59.0,246.0,1,-1,-1,-1
205,257,689.8,407.3,63.4,162.9,1,-1,-1,-1
206,2,801.4,289.2,186.6,599.1,1,-1,-1,-1
206,8,1100.1,306.0,189.5,533.8,1,-1,-1,-1
206,74,1723.0,387.5,65.8,80.0,1,-1,-1,-1
206,76,418.9,397.0,151.5,355.7,1,-1,-1,-1
206,208,997.6,408.4,81.7,217.1,1,-1,-1,-1
206,219,557.6,340.6,161.2,406.6,1,-1,-1,-1
206,249,976.6,430.9,37.6,128.8,1,-1,-1,-1
206,254,758.8,397.2,60.4,249.7,1,-1,-1,-1
206,257,683.6,408.0,66.2,171.2,1,-1,-1,-1
207,2,801.8,290.5,185.1,601.0,1,-1,-1,-1
207,8,1098.1,305.2,192.9,540.5,1,-1,-1,-1
207,74,1726.6,387.5,65.3,79.6,1,-1,-1,-1
207,76,412.3,396.4,153.0,358.2,1,-1,-1,-1
207,208,997.3,407.9,81.9,217.9,1,-1,-1,-1
207,219,551.7,336.7,162.9,410.9,1,-1,-1,-1
207,249,974.8,431.0,37.8,129.5,1,-1,-1,-1
207,254,757.5,396.8,61.4,251.2,1,-1,-1,-1
207,257,680.6,408.4,67.0,174.5,1,-1,-1,-1
208,2,802.4,292.4,182.9,599.3,1,-1,-1,-1
208,8,1098.2,305.8,194.7,542.0,1,-1,-1,-1
208,74,1733.3,388.6,63.3,78.3,1,-1,-1,-1
208,76,404.0,392.9,154.9,362.1,1,-1,-1,-1
208,208,996.8,406.8,81.5,216.6,1,-1,-1,-1
208,219,546.6,333.6,165.3,416.7,1,-1,-1,-1
208,249,975.1,430.9,37.3,128.2,1,-1,-1,-1
208,254,757.0,396.5,62.5,251.8,1,-1,-1,-1
208,257,676.5,410.1,65.0,170.0,1,-1,-1,-1
209,2,801.8,293.2,181.3,598.6,1,-1,-1,-1
209,8,1098.4,305.7,196.7,544.4,1,-1,-1,-1
209,74,1738.6,389.5,61.2,77.4,1,-1,-1,-1
209,76,396.7,389.3,156.6,366.8,1,-1,-1,-1
209,208,996.3,406.0,81.4,216.1,1,-1,-1,-1
209,219,539.2,332.6,167.5,420.8,1,-1,-1,-1
209,249,975.1,431.0,37.3,129.1,1,-1,-1,-1
209,254,754.8,396.3,63.8,253.6,1,-1,-1,-1
209,257,669.5,410.1,68.3,179.2,1,-1,-1,-1
209,260,137.0,300.9,85.6,80.3,1,-1,-1,-1
210,2,800.6,294.0,180.5,599.7,1,-1,-1,-1
210,8,1099.1,307.3,198.1,544.8,1,-1,-1,-1
210,74,1740.2,389.8,60.1,77.3,1,-1,-1,-1
210,76,389.4,388.4,156.9,368.8,1,-1,-1,-1
210,208,996.3,405.6,81.2,215.3,1,-1,-1,-1
210,219,532.2,329.8,171.6,429.4,1,-1,-1,-1
210,249,974.4,431.0,37.7,132.5,1,-1,-1,-1
210,254,752.6,398.3,64.8,253.8,1,-1,-1,-1
210,257,665.3,409.6,68.6,181.0,1,-1,-1,-1
210,260,136.4,301.4,84.4,79.2,1,-1,-1,-1
211,2,797.9,293.4,180.5,603.4,1,-1,-1,-1
211,8,1099.4,310.0,199.5,545.7,1,-1,-1,-1
211,74,1740.9,389.7,59.7,77.8,1,-1,-1,-1
211,76,381.6,387.7,157.7,372.5,1,-1,-1,-1
211,208,996.6,404.6,81.4,217.0,1,-1,-1,-1
211,219,526.0,332.6,175.1,434.4,1,-1,-1,-1
211,249,973.9,431.1,37.3,133.5,1,-1,-1,-1
211,254,749.5,399.1,66.0,256.3,1,-1,-1,-1
211,257,661.5,409.2,67.7,179.7,1,-1,-1,-1
211,260,133.0,301.1,85.8,80.4,1,-1,-1,-1
212,2,794.5,292.5,180.4,604.6,1,-1,-1,-1
212,8,1099.3,312.8,201.0,546.5,1,-1,-1,-1
212,74,1740.6,390.8,59.0,77.2,1,-1,-1,-1
212,76,373.5,387.9,158.8,377.5,1,-1,-1,-1
212,208,997.7,404.7,80.9,217.3,1,-1,-1,-1
212,219,519.9,332.2,180.0,443.2,1,-1,-1,-1
212,249,975.1,431.4,36.4,129.5,1,-1,-1,-1
212,254,746.8,399.5,66.9,257.1,1,-1,-1,-1
212,257,659.8,407.8,65.0,173.5,1,-1,-1,-1
213,2,790.6,292.1,181.2,609.0,1,-1,-1,-1
213,8,1099.0,315.2,201.9,546.6,1,-1,-1,-1
213,74,1738.8,389.8,60.8,79.8,1,-1,-1,-1
213,76,364.7,387.9,160.5,383.6,1,-1,-1,-1
213,208,997.7,406.5,80.5,217.4,1,-1,-1,-1
213,219,515.8,335.8,181.9,444.0,1,-1,-1,-1
213,249,976.6,433.4,35.4,125.5,1,-1,-1,-1
213,254,744.2,400.1,67.9,259.4,1,-1,-1,-1
213,257,656.1,408.2,65.3,175.1,1,-1,-1,-1
214,2,789.3,295.1,177.7,594.0,1,-1,-1,-1
214,8,1100.2,317.8,202.0,545.1,1,-1,-1,-1
214,74,1742.1,394.4,59.0,77.8,1,-1,-1,-1
214,76,359.2,394.8,161.4,386.6,1,-1,-1,-1
214,208,999.4,410.7,79.4,215.9,1,-1,-1,-1
214,219,511.2,341.3,183.4,444.3,1,-1,-1,-1
214,249,974.7,436.8,35.3,124.2,1,-1,-1,-1
214,254,741.8,403.6,67.9,258.7,1,-1,-1,-1
214,257,646.9,408.7,74.4,202.4,1,-1,-1,-1
215,2,788.6,293.2,177.0,588.0,1,-1,-1,-1
215,8,1102.7,317.0,202.4,545.2,1,-1,-1,-1
215,74,1747.7,396.9,57.0,75.6,1,-1,-1,-1
215,76,354.5,395.5,163.5,393.0,1,-1,-1,-1
215,208,998.7,410.0,80.2,218.0,1,-1,-1,-1
215,219,506.6,339.1,186.9,450.6,1,-1,-1,-1
215,249,973.3,436.0,36.5,128.8,1,-1,-1,-1
215,254,740.5,403.0,68.4,260.5,1,-1,-1,-1
215,257,641.1,409.5,79.7,219.3,1,-1,-1,-1
216,2,789.6,292.9,178.6,589.9,1,-1,-1,-1
216,8,1107.3,316.6,203.9,549.9,1,-1,-1,-1
216,74,1750.8,396.5,58.8,78.3,1,-1,-1,-1
216,76,351.3,397.2,165.0,398.3,1,-1,-1,-1
216,208,1000.2,411.2,80.3,218.3,1,-1,-1,-1
216,219,501.5,334.8,192.1,463.1,1,-1,-1,-1
216,254,741.1,402.8,68.3,260.8,1,-1,-1,-1
216,257,646.6,406.6,74.4,204.6,1,-1,-1,-1
217,2,790.5,293.3,179.6,589.1,1,-1,-1,-1
217,8,1112.2,315.4,204.0,551.5,1,-1,-1,-1
217,74,1755.3,395.8,60.1,80.2,1,-1,-1,-1
217,76,348.8,397.6,166.4,403.5,1,-1,-1,-1
217,208,1005.4,412.2,79.3,216.8,1,-1,-1,-1
217,219,498.0,330.3,196.4,474.4,1,-1,-1,-1
217,254,742.8,402.1,68.8,262.8,1,-1,-1,-1
217,257,649.5,407.9,70.5,194.2,1,-1,-1,-1
217,269,949.0,425.3,41.6,196.0,1,-1,-1,-1
217,249,978.0,437.0,36.5,128.4,1,-1,-1,-1
218,2,791.1,293.2,181.9,591.7,1,-1,-1,-1
218,8,1119.5,315.8,202.7,549.6,1,-1,-1,-1
218,74,1760.8,396.6,60.7,80.9,1,-1,-1,-1
218,76,347.6,396.7,168.1,409.4,1,-1,-1,-1
218,208,1010.3,416.9,78.2,214.0,1,-1,-1,-1
218,219,496.3,326.0,198.5,481.4,1,-1,-1,-1
218,254,744.8,401.2,69.8,266.1,1,-1,-1,-1
218,257,652.7,409.2,69.0,190.9,1,-1,-1,-1
218,269,942.3,376.0,53.7,254.0,1,-1,-1,-1
218,249,984.9,439.1,36.4,126.9,1,-1,-1,-1
218,260,135.2,300.5,86.9,81.4,1,-1,-1,-1
219,2,793.3,293.6,184.3,594.6,1,-1,-1,-1
219,8,1127.6,316.2,201.1,545.8,1,-1,-1,-1
219,74,1769.6,398.0,61.6,82.4,1,-1,-1,-1
219,76,348.3,395.5,170.2,415.3,1,-1,-1,-1
219,208,1016.4,420.2,77.4,212.0,1,-1,-1,-1
219,219,497.0,324.1,199.6,486.4,1,-1,-1,-1
219,254,747.3,400.8,71.1,270.4,1,-1,-1,-1
219,257,655.1,410.1,68.6,191.6,1,-1,-1,-1
219,249,988.6,439.8,36.9,127.4,1,-1,-1,-1
219,260,138.8,300.0,88.2,82.9,1,-1,-1,-1
220,2,796.9,295.1,186.6,597.5,1,-1,-1,-1
220,8,1134.9,314.2,200.7,546.5,1,-1,-1,-1
220,74,1777.5,399.1,62.2,83.1,1,-1,-1,-1
220,76,348.7,393.8,172.1,420.4,1,-1,-1,-1
220,208,1022.1,420.2,77.1,211.6,1,-1,-1,-1
220,219,497.4,321.4,200.4,491.5,1,-1,-1,-1
220,254,749.5,399.4,72.7,275.0,1,-1,-1,-1
220,257,657.6,409.5,69.2,195.2,1,-1,-1,-1
220,249,992.8,441.1,37.3,128.2,1,-1,-1,-1
220,260,149.6,300.3,85.3,81.6,1,-1,-1,-1
220,272,1420.5,537.1,146.3,312.7,1,-1,-1,-1
221,2,801.6,297.7,188.2,599.0,1,-1,-1,-1
221,8,1142.3,313.8,201.0,548.6,1,-1,-1,-1
221,74,1787.0,399.6,61.8,82.6,1,-1,-1,-1
221,76,349.1,389.5,174.6,426.9,1,-1,-1,-1
221,208,1024.5,421.5,78.0,214.3,1,-1,-1,-1
221,219,497.6,318.5,200.5,494.6,1,-1,-1,-1
221,254,753.3,398.0,73.5,277.3,1,-1,-1,-1
221,257,658.7,409.8,71.3,202.9,1,-1,-1,-1
221,260,150.7,300.5,88.6,85.0,1,-1,-1,-1
221,272,1426.8,541.7,145.9,311.5,1,-1,-1,-1
222,2,808.5,300.6,188.7,597.8,1,-1,-1,-1
222,8,1148.5,314.0,201.2,551.3,1,-1,-1,-1
222,74,1795.4,400.2,62.1,82.7,1,-1,-1,-1
222,76,348.7,387.0,175.9,430.4,1,-1,-1,-1
222,208,1028.9,422.7,78.3,214.8,1,-1,-1,-1
222,219,498.4,314.0,201.5,500.0,1,-1,-1,-1
222,254,757.2,398.0,74.2,277.8,1,-1,-1,-1
222,257,662.1,411.9,71.6,205.6,1,-1,-1,-1
222,260,154.8,300.3,86.9,83.3,1,-1,-1,-1
222,272,1433.6,548.6,145.5,309.8,1,-1,-1,-1
223,2,815.9,303.3,188.3,595.3,1,-1,-1,-1
223,8,1155.4,313.4,201.1,554.0,1,-1,-1,-1
223,74,1805.1,400.0,63.3,84.8,1,-1,-1,-1
223,76,347.7,383.8,177.4,434.8,1,-1,-1,-1
223,208,1033.3,421.3,78.7,215.9,1,-1,-1,-1
223,219,499.6,310.7,201.9,504.4,1,-1,-1,-1
223,254,760.2,396.9,76.1,280.6,1,-1,-1,-1
223,257,665.3,411.6,72.4,208.2,1,-1,-1,-1
223,272,1437.8,554.6,144.6,307.2,1,-1,-1,-1
223,274,1009.8,438.6,42.7,127.9,1,-1,-1,-1
224,2,822.4,304.1,188.7,595.2,1,-1,-1,-1
224,8,1161.9,313.8,200.0,555.1,1,-1,-1,-1
224,74,1813.0,400.1,63.2,84.5,1,-1,-1,-1
224,76,346.4,381.1,178.8,439.3,1,-1,-1,-1
224,208,1035.4,421.4,77.6,212.5,1,-1,-1,-1
224,219,498.4,306.3,203.9,513.6,1,-1,-1,-1
224,254,763.2,396.7,77.8,281.6,1,-1,-1,-1
224,257,668.5,410.9,72.4,209.6,1,-1,-1,-1
224,272,1441.0,554.7,145.9,309.7,1,-1,-1,-1
224,274,1013.4,441.5,40.9,122.8,1,-1,-1,-1
224,260,163.8,300.6,85.8,82.1,1,-1,-1,-1
225,2,829.7,304.9,187.9,591.1,1,-1,-1,-1
225,8,1166.9,313.1,199.6,558.2,1,-1,-1,-1
225,74,1821.3,398.8,64.0,85.6,1,-1,-1,-1
225,76,343.3,379.2,178.9,441.9,1,-1,-1,-1
225,208,1040.4,420.9,78.5,215.5,1,-1,-1,-1
225,219,497.0,303.6,205.1,519.0,1,-1,-1,-1
225,254,765.6,395.6,80.2,284.4,1,-1,-1,-1
225,257,671.5,411.0,72.4,210.6,1,-1,-1,-1
225,272,1447.6,556.1,146.1,309.7,1,-1,-1,-1
225,274,1019.2,440.0,41.4,124.8,1,-1,-1,-1
225,260,167.3,300.4,86.2,82.5,1,-1,-1,-1
226,2,835.8,304.4,187.0,586.0,1,-1,-1,-1
226,8,1172.0,312.6,199.0,560.5,1,-1,-1,-1
226,74,1820.9,397.9,67.4,87.9,1,-1,-1,-1
226,76,337.9,376.3,180.3,447.1,1,-1,-1,-1
226,208,1043.8,419.5,78.7,216.9,1,-1,-1,-1
226,219,493.5,299.6,208.5,530.4,1,-1,-1,-1
226,254,766.0,395.1,82.6,287.4,1,-1,-1,-1
226,257,672.6,410.6,72.6,212.4,1,-1,-1,-1
226,272,1455.3,552.4,149.3,315.8,1,-1,-1,-1
226,274,1022.0,441.6,42.0,127.2,1,-1,-1,-1
227,2,843.6,304.1,183.5,571.9,1,-1,-1,-1
227,8,1176.5,312.7,198.8,563.4,1,-1,-1,-1
227,74,1830.9,399.2,66.8,86.9,1,-1,-1,-1
227,76,331.2,374.2,181.5,451.8,1,-1,-1,-1
227,208,1045.2,418.0,78.9,217.4,1,-1,-1,-1
227,219,490.5,296.7,211.5,541.3,1,-1,-1,-1
227,254,765.3,395.7,84.5,287.6,1,-1,-1,-1
227,257,671.5,409.7,73.8,216.4,1,-1,-1,-1
227,272,1457.6,548.2,151.4,320.5,1,-1,-1,-1
227,274,1020.3,437.5,48.0,146.7,1,-1,-1,-1
228,2,847.2,303.3,183.4,568.1,1,-1,-1,-1
228,8,1179.1,312.9,198.3,565.9,1,-1,-1,-1
228,74,1837.3,399.6,66.7,86.8,1,-1,-1,-1
228,76,323.9,372.6,183.6,460.8,1,-1,-1,-1
228,208,1044.9,416.5,79.5,218.9,1,-1,-1,-1
228,219,484.9,294.2,214.8,551.0,1,-1,-1,-1
228,254,763.5,395.4,87.0,289.5,1,-1,-1,-1
228,257,668.7,407.5,75.5,221.1,1,-1,-1,-1
228,272,1462.2,548.0,153.4,324.9,1,-1,-1,-1
229,2,850.7,302.1,184.2,568.1,1,-1,-1,-1
229,8,1180.7,313.9,197.8,568.6,1,-1,-1,-1
229,74,1841.3,399.7,68.1,89.1,1,-1,-1,-1
229,76,315.3,371.3,186.2,471.2,1,-1,-1,-1
229,208,1045.7,415.1,79.9,219.6,1,-1,-1,-1
229,219,477.0,293.1,218.0,557.2,1,-1,-1,-1
229,254,762.2,397.1,88.9,290.1,1,-1,-1,-1
229,257,666.0,405.6,77.3,225.8,1,-1,-1,-1
229,272,1464.9,549.3,153.5,325.2,1,-1,-1,-1
230,2,854.8,301.8,185.9,572.4,1,-1,-1,-1
230,8,1180.8,314.2,197.8,572.0,1,-1,-1,-1
230,74,1846.0,402.1,67.3,88.5,1,-1,-1,-1
230,76,303.8,371.1,187.7,478.7,1,-1,-1,-1
230,208,1046.7,415.0,80.5,220.9,1,-1,-1,-1
230,219,469.5,292.2,222.4,566.7,1,-1,-1,-1
230,254,760.5,399.6,91.1,292.3,1,-1,-1,-1
230,257,661.5,403.9,83.0,242.3,1,-1,-1,-1
230,272,1466.7,550.6,153.7,326.7,1,-1,-1,-1
231,2,858.5,301.3,186.0,571.7,1,-1,-1,-1
231,8,1180.5,314.8,197.7,574.7,1,-1,-1,-1
231,74,1850.4,404.2,66.6,88.0,1,-1,-1,-1
231,76,294.0,372.2,188.2,482.6,1,-1,-1,-1
231,208,1045.1,415.7,80.8,220.8,1,-1,-1,-1
231,219,458.2,290.0,227.4,576.6,1,-1,-1,-1
231,254,757.5,399.9,93.7,296.6,1,-1,-1,-1
231,257,655.5,402.9,88.6,258.2,1,-1,-1,-1
231,272,1468.5,555.5,152.1,324.4,1,-1,-1,-1
232,2,857.6,300.6,187.0,574.5,1,-1,-1,-1
232,8,1178.6,316.4,197.8,577.8,1,-1,-1,-1
232,74,1852.9,407.1,66.5,88.0,1,-1,-1,-1
232,76,282.2,371.0,190.8,493.3,1,-1,-1,-1
232,208,1042.0,414.0,81.8,223.4,1,-1,-1,-1
232,219,446.9,288.3,233.9,589.3,1,-1,-1,-1
232,254,752.1,399.7,95.8,299.1,1,-1,-1,-1
232,257,647.1,403.1,93.6,271.8,1,-1,-1,-1
232,272,1464.5,557.1,154.5,329.0,1,-1,-1,-1
233,2,855.8,302.0,188.1,578.3,1,-1,-1,-1
233,8,1175.0,316.7,197.7,580.4,1,-1,-1,-1
233,74,1852.0,408.1,67.4,89.2,1,-1,-1,-1
233,76,265.4,370.0,194.1,503.5,1,-1,-1,-1
233,208,1036.2,417.4,82.8,223.4,1,-1,-1,-1
233,219,432.7,287.5,238.5,599.6,1,-1,-1,-1
233,254,744.4,399.1,98.3,301.5,1,-1,-1,-1
233,257,639.4,403.6,97.1,281.2,1,-1,-1,-1
233,272,1461.9,558.4,156.0,332.9,1,-1,-1,-1
234,2,854.3,304.1,188.7,581.4,1,-1,-1,-1
234,8,1170.9,317.6,196.8,580.1,1,-1,-1,-1
234,74,1849.4,410.2,68.2,90.2,1,-1,-1,-1
234,76,249.2,371.0,196.9,513.7,1,-1,-1,-1
234,208,1033.9,422.9,82.8,219.8,1,-1,-1,-1
234,219,416.3,284.6,241.6,608.4,1,-1,-1,-1
234,254,739.2,398.5,99.8,303.9,1,-1,-1,-1
234,257,631.0,405.4,100.4,291.4,1,-1,-1,-1
234,272,1456.0,562.6,155.4,332.1,1,-1,-1,-1
235,2,853.3,305.2,189.0,584.1,1,-1,-1,-1
235,8,1167.2,316.7,197.1,581.7,1,-1,-1,-1
235,74,1848.2,410.9,68.6,90.9,1,-1,-1,-1
235,76,231.1,365.8,200.7,525.7,1,-1,-1,-1
235,208,1031.3,424.0,83.5,219.6,1,-1,-1,-1
235,219,402.5,279.3,245.8,620.6,1,-1,-1,-1
235,254,732.7,396.5,101.3,306.3,1,-1,-1,-1
235,257,624.0,406.1,101.8,295.8,1,-1,-1,-1
235,272,1449.7,565.8,156.4,332.2,1,-1,-1,-1
236,2,853.0,307.5,188.8,585.8,1,-1,-1,-1
236,8,1162.6,316.6,198.0,582.9,1,-1,-1,-1
236,74,1848.3,415.0,68.3,90.5,1,-1,-1,-1
236,76,214.8,361.1,204.4,537.0,1,-1,-1,-1
236,208,1028.5,426.0,83.3,218.3,1,-1,-1,-1
236,219,388.3,274.5,247.7,629.4,1,-1,-1,-1
236,254,726.3,394.1,102.5,308.0,1,-1,-1,-1
236,257,615.4,406.0,103.5,300.6,1,-1,-1,-1
236,278,149.8,293.6,88.4,86.3,1,-1,-1,-1
237,2,852.7,310.5,188.0,587.9,1,-1,-1,-1
237,8,1159.9,318.0,197.4,578.1,1,-1,-1,-1
237,74,1847.6,417.2,68.4,90.8,1,-1,-1,-1
237,76,200.5,359.3,206.8,544.3,1,-1,-1,-1
237,208,1027.4,428.7,83.2,217.0,1,-1,-1,-1
237,219,374.6,271.1,250.4,639.3,1,-1,-1,-1
237,254,719.5,393.7,105.3,315.4,1,-1,-1,-1
237,257,608.4,406.8,103.6,301.8,1,-1,-1,-1
237,278,147.5,292.9,87.2,85.0,1,-1,-1,-1
238,2,851.1,313.8,187.1,590.4,1,-1,-1,-1
238,8,1157.1,319.2,197.5,574.4,1,-1,-1,-1
238,74,1847.3,418.6,68.5,91.6,1,-1,-1,-1
238,76,185.1,355.8,208.7,551.8,1,-1,-1,-1
238,208,1026.2,432.0,82.5,215.2,1,-1,-1,-1
238,219,359.2,264.5,254.0,651.5,1,-1,-1,-1
238,254,712.6,392.6,107.9,319.9,1,-1,-1,-1
238,257,601.1,407.6,104.1,302.9,1,-1,-1,-1
238,278,141.1,293.2,84.5,82.3,1,-1,-1,-1
239,2,848.7,317.1,185.3,591.0,1,-1,-1,-1
239,8,1152.6,321.0,197.7,570.9,1,-1,-1,-1
239,74,1845.7,420.5,68.6,91.9,1,-1,-1,-1
239,76,168.2,350.2,211.8,563.4,1,-1,-1,-1
239,208,1023.4,432.1,82.1,214.8,1,-1,-1,-1
239,219,346.0,260.3,255.9,657.7,1,-1,-1,-1
239,254,705.9,390.6,110.8,324.9,1,-1,-1,-1
239,257,593.1,407.6,106.1,308.9,1,-1,-1,-1
239,278,136.9,292.5,85.9,83.5,1,-1,-1,-1
240,2,845.9,319.4,183.5,590.9,1,-1,-1,-1
240,8,1146.7,323.3,198.6,569.3,1,-1,-1,-1
240,74,1843.6,423.7,67.3,90.3,1,-1,-1,-1
240,76,150.1,346.7,214.3,572.5,1,-1,-1,-1
240,208,1018.4,432.9,83.0,216.3,1,-1,-1,-1
240,219,329.4,255.5,260.0,667.2,1,-1,-1,-1
240,254,700.5,390.7,112.7,327.3,1,-1,-1,-1
240,257,584.6,408.1,106.4,309.3,1,-1,-1,-1
240,278,132.1,292.2,86.8,84.1,1,-1,-1,-1
241,2,840.3,321.7,182.0,590.1,1,-1,-1,-1
241,8,1140.7,325.0,201.2,572.3,1,-1,-1,-1
241,74,1839.5,425.3,68.1,90.9,1,-1,-1,-1
241,76,130.1,341.9,217.2,581.2,1,-1,-1,-1
241,208,1013.9,434.2,83.5,218.2,1,-1,-1,-1
241,219,309.5,250.7,266.4,679.1,1,-1,-1,-1
241,254,694.3,390.3,114.5,331.8,1,-1,-1,-1
241,257,572.3,407.5,109.3,317.4,1,-1,-1,-1
241,278,123.2,292.9,87.1,84.5,1,-1,-1,-1
241,283,972.0,363.7,56.5,367.9,1,-1,-1,-1
241,272,1452.9,562.6,157.2,336.2,1,-1,-1,-1
242,2,832.7,322.6,181.1,590.0,1,-1,-1,-1
242,8,1134.3,324.9,204.2,576.6,1,-1,-1,-1
242,74,1836.9,425.1,68.1,90.8,1,-1,-1,-1
242,76,109.4,340.1,220.1,587.1,1,-1,-1,-1
242,208,1008.6,435.1,83.9,220.0,1,-1,-1,-1
242,219,288.1,247.2,274.1,691.1,1,-1,-1,-1
242,254,686.8,390.7,116.9,337.7,1,-1,-1,-1
242,257,563.7,406.4,110.3,321.2,1,-1,-1,-1
242,278,115.1,293.3,85.9,83.7,1,-1,-1,-1
242,283,970.0,363.9,56.9,368.5,1,-1,-1,-1
242,272,1449.6,563.9,156.5,336.8,1,-1,-1,-1
243,2,824.5,319.4,181.4,593.2,1,-1,-1,-1
243,8,1129.7,325.5,206.1,579.6,1,-1,-1,-1
243,74,1833.2,425.2,67.0,89.7,1,-1,-1,-1
243,76,89.6,336.6,225.1,598.6,1,-1,-1,-1
243,208,1005.3,435.8,83.9,220.5,1,-1,-1,-1
243,219,262.6,244.6,286.6,716.4,1,-1,-1,-1
243,254,678.2,391.6,118.1,341.2,1,-1,-1,-1
243,257,551.3,404.6,112.7,326.7,1,-1,-1,-1
243,278,110.3,293.8,85.8,84.7,1,-1,-1,-1
243,283,970.7,393.3,53.1,343.9,1,-1,-1,-1
243,272,1444.1,565.3,155.3,334.8,1,-1,-1,-1
244,2,817.2,317.9,181.0,592.2,1,-1,-1,-1
244,8,1122.9,326.0,207.5,580.5,1,-1,-1,-1
244,74,1828.6,424.7,67.1,90.3,1,-1,-1,-1
244,76,69.0,335.6,232.6,617.5,1,-1,-1,-1
244,208,1002.0,435.9,83.3,220.5,1,-1,-1,-1
244,219,242.1,241.8,296.8,736.7,1,-1,-1,-1
244,254,670.8,392.9,118.9,343.4,1,-1,-1,-1
244,257,541.1,402.5,115.5,334.5,1,-1,-1,-1
244,283,967.7,368.7,56.6,366.3,1,-1,-1,-1
244,272,1434.9,557.9,160.5,344.9,1,-1,-1,-1
245,2,808.8,317.3,180.0,587.6,1,-1,-1,-1
245,8,1117.2,325.4,210.0,584.2,1,-1,-1,-1
245,74,1824.1,425.9,66.7,89.9,1,-1,-1,-1
245,76,38.5,335.4,238.0,628.3,1,-1,-1,-1
245,208,997.7,435.3,82.8,220.5,1,-1,-1,-1
245,219,218.2,238.0,308.2,757.3,1,-1,-1,-1
245,254,663.6,395.4,119.5,345.4,1,-1,-1,-1
245,257,530.1,401.2,118.4,342.7,1,-1,-1,-1
245,283,961.0,363.3,57.5,371.8,1,-1,-1,-1
245,272,1428.2,560.3,161.8,344.2,1,-1,-1,-1
245,278,91.8,294.1,87.7,86.2,1,-1,-1,-1
246,2,800.7,318.9,178.4,578.0,1,-1,-1,-1
246,8,1112.8,326.0,211.7,587.1,1,-1,-1,-1
246,74,1820.3,425.0,67.4,90.9,1,-1,-1,-1
246,76,18.4,334.8,242.0,638.8,1,-1,-1,-1
246,208,995.3,434.1,80.9,216.9,1,-1,-1,-1
246,219,198.4,236.1,319.6,780.7,1,-1,-1,-1
246,254,656.3,395.7,121.0,349.5,1,-1,-1,-1
246,257,519.8,399.8,120.7,348.7,1,-1,-1,-1
246,283,956.4,367.4,57.0,367.9,1,-1,-1,-1
246,272,1422.6,563.9,162.4,343.3,1,-1,-1,-1
246,278,81.3,294.4,88.6,87.4,1,-1,-1,-1
247,2,793.7,317.2,179.7,576.8,1,-1,-1,-1
247,8,1108.3,327.9,212.9,589.1,1,-1,-1,-1
247,74,1816.1,425.5,67.0,90.7,1,-1,-1,-1
247,76,0.0,336.6,245.8,652.2,1,-1,-1,-1
247,208,991.0,435.2,80.2,215.7,1,-1,-1,-1
247,219,170.5,232.3,331.8,804.2,1,-1,-1,-1
247,254,648.7,396.5,122.4,353.7,1,-1,-1,-1
247,257,510.1,399.2,122.8,355.7,1,-1,-1,-1
247,283,952.3,369.0,57.3,368.5,1,-1,-1,-1
247,272,1419.6,570.5,161.0,338.5,1,-1,-1,-1
247,278,65.4,294.5,112.2,112.5,1,-1,-1,-1
248,2,784.6,317.7,183.2,582.1,1,-1,-1,-1
248,8,1104.8,330.7,213.7,590.9,1,-1,-1,-1
248,74,1811.9,426.4,66.8,90.3,1,-1,-1,-1
248,76,0.0,342.1,238.8,664.9,1,-1,-1,-1
248,208,986.4,436.1,79.9,215.8,1,-1,-1,-1
248,219,150.6,228.4,338.7,817.7,1,-1,-1,-1
248,254,641.4,396.8,123.6,356.2,1,-1,-1,-1
248,257,500.4,399.6,125.5,365.5,1,-1,-1,-1
248,283,949.9,370.9,58.3,372.0,1,-1,-1,-1
248,272,1414.5,575.4,161.7,340.2,1,-1,-1,-1
248,278,50.7,295.9,126.3,129.9,1,-1,-1,-1
249,2,776.9,320.1,184.4,582.9,1,-1,-1,-1
249,8,1101.9,331.5,214.9,594.9,1,-1,-1,-1
249,74,1808.5,427.4,66.8,90.0,1,-1,-1,-1
249,76,0.0,341.3,228.2,694.7,1,-1,-1,-1
249,208,984.2,450.8,76.7,207.4,1,-1,-1,-1
249,219,126.8,226.2,346.8,832.4,1,-1,-1,-1
249,254,635.2,398.4,126.2,364.0,1,-1,-1,-1
249,257,491.8,401.8,127.6,374.6,1,-1,-1,-1
249,283,945.4,372.5,59.8,376.9,1,-1,-1,-1
249,272,1413.2,580.0,160.9,339.2,1,-1,-1,-1
249,278,43.9,298.6,121.2,126.4,1,-1,-1,-1
250,2,772.5,321.1,185.6,584.6,1,-1,-1,-1
250,8,1101.7,333.6,215.4,596.6,1,-1,-1,-1
250,74,1807.6,426.6,68.3,92.4,1,-1,-1,-1
250,76,0.0,341.1,219.1,714.8,1,-1,-1,-1
250,208,980.6,450.8,78.7,214.1,1,-1,-1,-1
250,219,108.4,222.4,353.8,846.2,1,-1,-1,-1
250,254,631.6,398.8,127.3,368.3,1,-1,-1,-1
250,257,485.9,403.7,129.0,381.5,1,-1,-1,-1
250,283,942.9,374.5,61.2,380.0,1,-1,-1,-1
250,272,1410.6,575.3,164.7,348.3,1,-1,-1,-1
250,278,43.2,300.5,127.3,138.2,1,-1,-1,-1
251,2,770.0,324.7,186.9,587.0,1,-1,-1,-1
251,8,1102.5,337.7,214.8,595.3,1,-1,-1,-1
251,74,1807.7,428.0,68.5,92.1,1,-1,-1,-1
251,76,0.0,341.6,208.8,727.8,1,-1,-1,-1
251,208,971.3,447.0,94.2,264.0,1,-1,-1,-1
251,219,92.5,216.1,358.2,857.8,1,-1,-1,-1
251,254,627.7,398.8,128.5,372.5,1,-1,-1,-1
251,257,480.3,408.2,129.6,384.4,1,-1,-1,-1
251,283,941.5,376.2,61.7,378.6,1,-1,-1,-1
251,272,1411.3,573.3,166.6,355.2,1,-1,-1,-1
252,2,768.0,327.9,188.1,590.2,1,-1,-1,-1
252,8,1104.0,340.8,214.6,594.9,1,-1,-1,-1
252,74,1807.6,428.9,68.9,92.1,1,-1,-1,-1
252,76,0.0,340.7,196.3,738.9,1,-1,-1,-1
252,208,968.9,448.9,97.6,281.8,1,-1,-1,-1
252,219,73.3,213.3,362.6,866.7,1,-1,-1,-1
252,254,619.6,400.0,130.6,375.2,1,-1,-1,-1
252,257,475.2,411.3,131.3,390.2,1,-1,-1,-1
252,283,941.2,379.8,62.8,379.2,1,-1,-1,-1
252,272,1411.4,570.6,167.5,359.6,1,-1,-1,-1
253,2,768.0,330.4,189.2,593.6,1,-1,-1,-1
253,8,1106.3,341.2,214.5,595.2,1,-1,-1,-1
253,74,1811.5,428.1,68.1,90.4,1,-1,-1,-1
253,76,0.0,338.1,183.9,741.9,1,-1,-1,-1
253,208,967.3,444.3,101.3,302.2,1,-1,-1,-1
253,219,61.0,203.9,364.8,876.1,1,-1,-1,-1
253,254,615.4,397.7,133.1,379.9,1,-1,-1,-1
253,257,470.5,413.1,133.5,397.4,1,-1,-1,-1
253,283,940.6,379.6,64.4,383.6,1,-1,-1,-1
253,272,1414.7,569.4,167.0,360.6,1,-1,-1,-1
253,290,67.6,311.4,70.6,88.9,1,-1,-1,-1
254,2,770.8,336.7,189.2,592.2,1,-1,-1,-1
254,8,1109.6,341.5,214.3,596.1,1,-1,-1,-1
254,74,1814.7,427.2,69.3,91.0,1,-1,-1,-1
254,76,0.0,334.8,174.0,745.2,1,-1,-1,-1
254,208,970.3,441.4,100.7,309.6,1,-1,-1,-1
254,219,46.5,200.0,366.0,880.0,1,-1,-1,-1
254,254,610.9,399.0,134.3,381.0,1,-1,-1,-1
254,257,466.7,413.9,134.8,402.5,1,-1,-1,-1
254,283,940.4,380.6,65.8,388.5,1,-1,-1,-1
254,272,1418.1,573.7,165.6,358.1,1,-1,-1,-1
254,290,64.4,315.3,68.6,86.2,1,-1,-1,-1
255,2,775.9,343.1,189.1,590.0,1,-1,-1,-1
255,8,1114.9,341.4,212.6,591.4,1,-1,-1,-1
255,74,1818.6,426.7,69.2,90.7,1,-1,-1,-1
255,76,0.0,329.7,163.1,750.3,1,-1,-1,-1
255,208,965.8,426.5,107.8,337.6,1,-1,-1,-1
255,219,33.8,194.0,366.2,883.8,1,-1,-1,-1
255,254,608.4,399.2,136.0,384.3,1,-1,-1,-1
255,257,464.5,415.4,135.6,405.8,1,-1,-1,-1
255,283,941.9,381.5,66.8,392.3,1,-1,-1,-1
255,272,1425.4,579.9,160.5,347.5,1,-1,-1,-1
255,290,51.6,316.3,71.1,89.1,1,-1,-1,-1
256,2,781.2,348.5,188.7,587.8,1,-1,-1,-1
256,8,1120.8,342.3,210.9,585.9,1,-1,-1,-1
256,74,1825.3,426.1,69.7,90.9,1,-1,-1,-1
256,76,0.0,327.3,150.9,746.5,1,-1,-1,-1
256,208,957.0,410.8,114.5,359.2,1,-1,-1,-1
256,219,21.3,187.2,368.4,889.0,1,-1,-1,-1
256,254,604.8,400.0,138.9,390.5,1,-1,-1,-1
256,257,463.4,415.7,136.6,408.6,1,-1,-1,-1
256,283,944.9,382.4,67.1,392.1,1,-1,-1,-1
256,272,1431.5,571.5,161.0,352.5,1,-1,-1,-1
256,290,56.2,318.6,69.5,87.8,1,-1,-1,-1
256,291,992.3,428.7,74.6,327.2,1,-1,-1,-1
257,2,786.8,351.6,188.1,585.6,1,-1,-1,-1
257,8,1126.6,342.2,210.1,583.8,1,-1,-1,-1
257,74,1831.9,425.5,71.0,91.8,1,-1,-1,-1
257,76,0.0,330.3,137.8,739.0,1,-1,-1,-1
257,208,957.2,403.4,119.5,374.2,1,-1,-1,-1
257,219,7.8,180.6,371.8,894.9,1,-1,-1,-1
257,254,602.6,400.5,141.9,397.6,1,-1,-1,-1
257,257,462.1,415.6,138.1,412.1,1,-1,-1,-1
257,283,947.0,384.4,66.3,388.7,1,-1,-1,-1
257,272,1438.7,569.2,158.6,352.9,1,-1,-1,-1
257,291,994.8,437.1,73.7,323.5,1,-1,-1,-1
258,2,791.1,351.6,188.9,588.4,1,-1,-1,-1
258,8,1133.0,342.3,210.2,584.8,1,-1,-1,-1
258,74,1838.5,424.2,72.2,93.3,1,-1,-1,-1
258,208,960.2,405.1,120.2,374.3,1,-1,-1,-1
258,219,1.1,179.5,370.6,889.3,1,-1,-1,-1
258,254,599.0,401.2,145.0,403.5,1,-1,-1,-1
258,257,459.3,412.9,139.8,417.3,1,-1,-1,-1
258,283,950.9,384.3,66.5,388.3,1,-1,-1,-1
258,272,1447.9,576.9,151.3,343.0,1,-1,-1,-1
258,291,999.3,446.5,73.1,321.1,1,-1,-1,-1
259,2,795.3,350.9,189.6,590.9,1,-1,-1,-1
259,8,1137.1,342.7,210.8,588.8,1,-1,-1,-1
259,74,1843.1,423.1,72.4,93.7,1,-1,-1,-1
259,208,965.0,409.3,119.7,372.0,1,-1,-1,-1
259,219,0.0,166.6,368.5,895.2,1,-1,-1,-1
259,254,597.2,405.2,146.0,403.3,1,-1,-1,-1
259,257,455.7,409.3,142.0,422.9,1,-1,-1,-1
259,283,954.7,383.5,67.6,391.3,1,-1,-1,-1
259,272,1453.0,577.6,147.0,341.9,1,-1,-1,-1
259,291,1002.2,438.5,75.3,329.0,1,-1,-1,-1
259,295,0.0,460.6,66.0,595.6,1,-1,-1,-1
260,2,802.5,350.3,188.2,587.3,1,-1,-1,-1
260,8,1139.8,341.9,212.5,596.2,1,-1,-1,-1
260,74,1848.0,423.2,72.0,94.1,1,-1,-1,-1
260,208,969.0,414.2,119.2,369.1,1,-1,-1,-1
260,219,0.0,161.0,366.8,904.8,1,-1,-1,-1
260,254,595.7,408.3,147.2,404.1,1,-1,-1,-1
260,257,453.0,408.9,142.9,424.6,1,-1,-1,-1
260,283,958.0,384.0,65.9,376.6,1,-1,-1,-1
260,291,1006.2,429.4,79.1,344.4,1,-1,-1,-1
260,299,725.9,480.6,39.2,133.5,1,-1,-1,-1
260,300,785.0,456.9,50.5,199.7,1,-1,-1,-1
261,2,808.5,348.3,185.4,577.9,1,-1,-1,-1
261,8,1142.5,340.9,212.8,600.6,1,-1,-1,-1
261,74,1852.2,422.9,67.8,95.0,1,-1,-1,-1
261,208,975.4,422.2,117.1,360.9,1,-1,-1,-1
261,219,0.0,149.2,365.0,917.2,1,-1,-1,-1
261,254,592.7,409.8,149.7,409.1,1,-1,-1,-1
261,257,449.3,406.6,143.6,426.8,1,-1,-1,-1
261,283,958.6,383.3,68.1,388.0,1,-1,-1,-1
261,299,726.2,480.7,39.4,134.6,1,-1,-1,-1
261,300,785.4,456.0,51.2,201.9,1,-1,-1,-1
262,2,815.1,344.6,183.4,571.5,1,-1,-1,-1
262,8,1145.6,339.4,212.7,603.9,1,-1,-1,-1
262,74,1854.8,423.0,65.2,94.8,1,-1,-1,-1
262,208,979.3,424.8,117.0,358.8,1,-1,-1,-1
262,219,0.0,140.6,362.0,928.5,1,-1,-1,-1
262,254,589.5,410.5,151.8,413.1,1,-1,-1,-1
262,257,445.1,405.0,144.8,430.8,1,-1,-1,-1
262,283,959.6,381.1,69.0,396.0,1,-1,-1,-1
262,299,726.3,481.0,39.3,134.5,1,-1,-1,-1
262,300,786.2,455.8,52.3,205.5,1,-1,-1,-1
263,2,818.5,340.5,182.2,568.1,1,-1,-1,-1
263,8,1149.3,337.5,212.2,605.9,1,-1,-1,-1
263,74,1856.3,422.6,63.7,95.2,1,-1,-1,-1
263,208,980.2,420.9,119.1,362.3,1,-1,-1,-1
263,219,0.0,103.3,360.8,966.3,1,-1,-1,-1
263,254,583.5,408.7,154.8,419.3,1,-1,-1,-1
263,257,438.8,402.4,147.0,438.4,1,-1,-1,-1
263,283,961.9,379.8,69.1,399.3,1,-1,-1,-1
263,299,726.0,479.4,39.4,135.6,1,-1,-1,-1
263,300,788.0,454.5,52.7,206.2,1,-1,-1,-1
264,2,819.8,337.5,182.1,567.8,1,-1,-1,-1
264,8,1152.8,336.5,211.3,607.2,1,-1,-1,-1
264,74,1859.7,422.0,60.3,95.4,1,-1,-1,-1
264,208,982.8,419.1,120.6,363.7,1,-1,-1,-1
264,219,0.0,85.7,353.6,979.9,1,-1,-1,-1
264,254,578.9,405.0,157.0,426.1,1,-1,-1,-1
264,257,429.9,398.8,150.1,446.3,1,-1,-1,-1
264,283,964.3,377.7,69.4,401.2,1,-1,-1,-1
264,299,726.0,476.4,39.5,136.4,1,-1,-1,-1
264,300,789.5,453.0,52.2,202.2,1,-1,-1,-1
265,2,822.1,332.7,182.7,571.4,1,-1,-1,-1
265,8,1155.1,334.5,210.3,607.7,1,-1,-1,-1
265,74,1862.5,420.4,57.5,95.9,1,-1,-1,-1
265,208,995.7,413.9,119.2,360.7,1,-1,-1,-1
265,219,0.0,81.7,340.4,979.3,1,-1,-1,-1
265,254,573.7,398.8,159.1,431.8,1,-1,-1,-1
265,257,419.3,394.1,153.1,451.6,1,-1,-1,-1
265,283,965.7,375.9,69.3,400.9,1,-1,-1,-1
265,299,725.9,474.4,38.9,134.9,1,-1,-1,-1
265,300,788.8,450.0,55.7,214.4,1,-1,-1,-1
266,2,825.6,329.2,181.9,573.7,1,-1,-1,-1
266,8,1156.9,331.6,209.6,608.7,1,-1,-1,-1
266,74,1865.7,419.1,54.3,96.0,1,-1,-1,-1
266,208,992.6,410.0,122.4,364.3,1,-1,-1,-1
266,219,0.0,84.7,323.9,969.4,1,-1,-1,-1
266,254,567.3,392.3,161.8,437.0,1,-1,-1,-1
266,257,412.0,392.1,154.9,455.0,1,-1,-1,-1
266,283,967.4,374.7,69.1,399.4,1,-1,-1,-1
266,299,724.8,471.7,39.5,137.1,1,-1,-1,-1
266,300,788.9,447.7,58.0,221.4,1,-1,-1,-1
267,2,828.5,327.1,180.8,575.6,1,-1,-1,-1
267,8,1158.8,329.5,209.7,612.2,1,-1,-1,-1
267,74,1868.9,417.4,51.1,96.9,1,-1,-1,-1
267,208,1004.0,405.2,123.2,365.6,1,-1,-1,-1
267,219,0.0,183.1,280.3,820.7,1,-1,-1,-1
267,254,559.7,385.0,164.5,443.7,1,-1,-1,-1
267,257,406.6,390.8,157.1,461.7,1,-1,-1,-1
267,283,968.8,374.8,68.7,396.1,1,-1,-1,-1
267,299,723.0,469.6,39.8,138.2,1,-1,-1,-1
267,300,789.8,445.6,58.6,220.0,1,-1,-1,-1
268,2,831.5,326.3,179.4,577.7,1,-1,-1,-1
268,8,1160.6,328.3,209.1,613.1,1,-1,-1,-1
268,74,1872.6,415.6,47.4,97.7,1,-1,-1,-1
268,208,1009.9,402.2,124.1,367.5,1,-1,-1,-1
268,219,0.0,208.7,251.3,789.8,1,-1,-1,-1
268,254,554.3,379.6,166.9,449.9,1,-1,-1,-1
268,257,401.1,389.0,158.5,468.2,1,-1,-1,-1
268,283,969.6,374.7,69.0,396.9,1,-1,-1,-1
268,299,722.2,468.2,39.4,137.3,1,-1,-1,-1
268,300,789.9,444.2,60.0,221.6,1,-1,-1,-1
269,2,831.9,324.5,177.8,579.1,1,-1,-1,-1
269,8,1160.6,324.2,209.3,617.3,1,-1,-1,-1
269,74,1875.2,414.2,44.8,98.4,1,-1,-1,-1
269,208,1014.1,399.5,125.8,372.1,1,-1,-1,-1
269,219,0.0,214.1,237.2,813.3,1,-1,-1,-1
269,254,548.3,371.2,169.7,457.6,1,-1,-1,-1
269,257,393.4,383.5,160.7,476.9,1,-1,-1,-1
269,283,969.1,372.6,69.7,400.8,1,-1,-1,-1
269,299,721.8,465.2,38.7,135.2,1,-1,-1,-1
269,300,788.7,440.6,62.8,229.2,1,-1,-1,-1
270,2,832.7,323.5,175.3,577.8,1,-1,-1,-1
270,8,1161.0,320.2,207.9,616.4,1,-1,-1,-1
270,74,1877.6,413.3,42.4,98.6,1,-1,-1,-1
270,208,1002.4,395.7,131.5,378.2,1,-1,-1,-1
270,219,0.0,209.6,208.0,750.1,1,-1,-1,-1
270,254,543.4,363.2,171.7,463.3,1,-1,-1,-1
270,257,385.5,375.7,163.0,483.7,1,-1,-1,-1
270,283,968.2,369.8,70.4,405.7,1,-1,-1,-1
270,299,720.2,462.0,38.6,134.3,1,-1,-1,-1
270,300,786.7,434.9,65.1,235.1,1,-1,-1,-1
271,2,834.1,324.9,172.0,573.7,1,-1,-1,-1
271,8,1160.6,316.8,205.9,613.2,1,-1,-1,-1
271,74,1879.5,412.5,40.5,97.9,1,-1,-1,-1
271,208,1007.2,393.3,132.7,378.5,1,-1,-1,-1
271,219,0.0,213.7,165.6,602.5,1,-1,-1,-1
271,254,541.0,358.3,172.1,465.0,1,-1,-1,-1
271,257,374.7,367.8,166.0,492.7,1,-1,-1,-1
271,283,966.5,366.1,70.8,408.5,1,-1,-1,-1
271,299,718.0,460.6,38.8,133.7,1,-1,-1,-1
271,300,784.2,431.6,65.8,234.0,1,-1,-1,-1
272,2,831.9,322.2,169.6,572.5,1,-1,-1,-1
272,8,1158.6,311.6,204.3,610.4,1,-1,-1,-1
272,74,1879.3,409.1,40.7,98.5,1,-1,-1,-1
272,208,1010.3,392.7,132.8,376.8,1,-1,-1,-1
272,254,534.9,349.7,175.0,471.7,1,-1,-1,-1
272,257,360.9,357.0,168.8,503.0,1,-1,-1,-1
272,283,961.6,360.8,71.2,407.7,1,-1,-1,-1
272,299,714.4,456.3,39.2,135.5,1,-1,-1,-1
272,300,780.8,426.8,65.8,231.3,1,-1,-1,-1
273,2,827.4,318.2,167.6,571.6,1,-1,-1,-1
273,8,1155.4,305.3,203.7,609.6,1,-1,-1,-1
273,74,1878.9,406.3,41.1,98.7,1,-1,-1,-1
273,208,1008.9,388.0,135.3,381.9,1,-1,-1,-1
273,254,528.8,342.5,177.8,479.6,1,-1,-1,-1
273,257,347.0,349.4,169.7,506.7,1,-1,-1,-1
273,283,956.4,357.1,70.5,399.9,1,-1,-1,-1
273,299,709.9,452.1,39.5,136.1,1,-1,-1,-1
273,300,775.6,421.3,67.0,232.5,1,-1,-1,-1
273,301,0.0,688.8,270.1,387.3,1,-1,-1,-1
274,2,821.1,313.2,166.3,572.0,1,-1,-1,-1
274,8,1150.9,299.7,203.3,607.6,1,-1,-1,-1
274,74,1878.4,403.6,41.6,97.4,1,-1,-1,-1
274,208,1000.7,384.4,138.4,386.0,1,-1,-1,-1
274,254,519.4,335.9,182.1,491.0,1,-1,-1,-1
274,257,333.0,339.3,172.1,513.5,1,-1,-1,-1
274,283,948.3,352.1,70.2,399.1,1,-1,-1,-1
274,299,705.2,446.3,39.0,135.3,1,-1,-1,-1
274,300,768.3,414.7,68.3,235.5,1,-1,-1,-1
274,301,0.0,681.8,256.8,393.3,1,-1,-1,-1
275,2,813.2,306.2,165.6,573.3,1,-1,-1,-1
275,8,1147.3,294.6,202.1,601.4,1,-1,-1,-1
275,74,1876.8,401.1,43.2,96.3,1,-1,-1,-1
275,208,994.6,379.1,140.9,389.6,1,-1,-1,-1
275,254,511.3,328.9,185.4,499.2,1,-1,-1,-1
275,257,319.0,331.1,174.1,519.8,1,-1,-1,-1
275,283,942.9,344.3,71.2,402.6,1,-1,-1,-1
275,299,698.0,440.7,38.9,134.8,1,-1,-1,-1
275,300,762.3,408.9,68.7,236.4,1,-1,-1,-1
276,2,804.0,297.8,165.4,573.8,1,-1,-1,-1
276,8,1143.6,290.2,201.4,596.3,1,-1,-1,-1
276,74,1874.5,397.5,45.5,96.4,1,-1,-1,-1
276,208,985.5,374.5,143.8,392.3,1,-1,-1,-1
276,254,500.9,321.7,186.9,503.9,1,-1,-1,-1
276,257,305.7,321.9,176.6,526.8,1,-1,-1,-1
276,283,938.5,335.7,67.3,380.7,1,-1,-1,-1
276,299,692.2,435.1,38.8,133.8,1,-1,-1,-1
276,300,755.2,402.2,68.5,235.6,1,-1,-1,-1
277,2,796.0,287.9,164.1,567.7,1,-1,-1,-1
277,8,1137.3,283.5,202.8,597.3,1,-1,-1,-1
277,74,1871.5,392.5,47.1,95.7,1,-1,-1,-1
277,208,979.3,366.6,146.6,396.7,1,-1,-1,-1
277,254,491.6,315.7,187.9,507.1,1,-1,-1,-1
277,257,288.9,311.8,180.2,539.8,1,-1,-1,-1
277,283,934.0,323.6,72.2,409.5,1,-1,-1,-1
277,299,685.1,428.8,38.2,132.2,1,-1,-1,-1
277,300,747.8,396.4,67.3,231.5,1,-1,-1,-1
278,2,788.1,280.2,163.7,562.4,1,-1,-1,-1
278,8,1131.9,275.8,204.9,600.4,1,-1,-1,-1
278,74,1868.8,386.4,48.4,97.0,1,-1,-1,-1
278,208,973.9,359.7,148.7,399.6,1,-1,-1,-1
278,254,480.2,307.9,189.7,514.8,1,-1,-1,-1
278,257,272.4,302.5,183.8,553.3,1,-1,-1,-1
278,283,928.2,314.3,72.2,406.9,1,-1,-1,-1
278,299,678.1,422.6,38.9,134.3,1,-1,-1,-1
278,300,740.0,389.8,67.9,234.0,1,-1,-1,-1
279,2,780.5,270.6,165.3,564.0,1,-1,-1,-1
279,8,1127.4,266.8,206.9,603.6,1,-1,-1,-1
279,74,1867.0,380.0,49.3,97.3,1,-1,-1,-1
279,208,967.5,348.0,152.0,404.4,1,-1,-1,-1
279,254,470.7,297.8,192.7,526.1,1,-1,-1,-1
279,257,260.1,293.3,187.6,562.7,1,-1,-1,-1
279,283,919.1,310.3,70.6,400.9,1,-1,-1,-1
279,299,672.1,413.9,39.4,135.4,1,-1,-1,-1
279,300,734.3,382.1,68.2,236.5,1,-1,-1,-1
280,2,774.8,261.7,165.8,560.0,1,-1,-1,-1
280,8,1124.5,258.1,208.5,605.9,1,-1,-1,-1
280,74,1865.8,374.5,49.3,95.0,1,-1,-1,-1
280,208,966.5,336.9,154.0,406.7,1,-1,-1,-1
280,254,463.3,287.6,195.5,537.0,1,-1,-1,-1
280,257,247.5,281.1,191.6,575.7,1,-1,-1,-1
280,283,918.3,301.4,70.5,401.7,1,-1,-1,-1
280,299,667.9,405.8,40.2,137.4,1,-1,-1,-1
280,300,729.7,373.2,68.7,239.1,1,-1,-1,-1
281,2,769.0,253.3,168.8,564.0,1,-1,-1,-1
281,8,1122.8,252.1,209.1,604.7,1,-1,-1,-1
281,74,1867.2,367.4,49.5,94.7,1,-1,-1,-1
281,208,960.7,325.3,157.7,411.8,1,-1,-1,-1
281,254,457.3,273.7,198.7,548.6,1,-1,-1,-1
281,257,235.1,267.9,195.0,585.2,1,-1,-1,-1
281,283,915.6,292.2,69.7,400.6,1,-1,-1,-1
281,299,664.5,397.4,40.3,138.1,1,-1,-1,-1
281,300,725.2,365.5,69.6,242.4,1,-1,-1,-1
282,2,765.4,244.1,170.0,562.1,1,-1,-1,-1
282,8,1120.9,241.6,211.4,609.5,1,-1,-1,-1
282,74,1867.9,360.1,49.8,94.8,1,-1,-1,-1
282,208,961.2,311.4,161.9,420.2,1,-1,-1,-1
282,254,451.3,256.0,201.9,560.3,1,-1,-1,-1
282,257,225.2,258.1,198.2,593.3,1,-1,-1,-1
282,283,913.5,282.9,68.8,398.4,1,-1,-1,-1
282,299,662.9,390.2,40.4,138.3,1,-1,-1,-1
282,300,722.7,358.4,69.9,244.3,1,-1,-1,-1
283,2,763.9,234.2,172.0,563.8,1,-1,-1,-1
283,8,1121.4,232.2,213.9,615.2,1,-1,-1,-1
283,74,1868.8,351.3,50.3,95.9,1,-1,-1,-1
283,208,961.8,299.2,165.7,425.8,1,-1,-1,-1
283,254,447.6,239.1,204.6,570.3,1,-1,-1,-1
283,257,216.6,243.5,202.6,603.5,1,-1,-1,-1
283,283,910.8,272.7,70.2,409.9,1,-1,-1,-1
283,299,662.7,382.4,40.5,137.3,1,-1,-1,-1
283,300,721.4,350.0,70.3,245.8,1,-1,-1,-1
284,2,764.2,226.2,173.9,564.8,1,-1,-1,-1
284,8,1123.6,222.8,216.1,621.6,1,-1,-1,-1
284,74,1871.4,344.8,48.6,95.8,1,-1,-1,-1
284,208,958.0,288.5,170.6,433.2,1,-1,-1,-1
284,254,442.7,222.9,207.6,579.9,1,-1,-1,-1
284,257,206.3,228.0,209.6,622.4,1,-1,-1,-1
284,283,911.1,262.9,70.3,411.7,1,-1,-1,-1
284,299,662.7,375.4,40.1,136.8,1,-1,-1,-1
284,300,721.9,342.8,70.1,245.0,1,-1,-1,-1
285,2,764.3,219.8,175.4,565.7,1,-1,-1,-1
285,8,1126.3,215.3,216.5,622.1,1,-1,-1,-1
285,74,1873.7,336.8,46.3,96.4,1,-1,-1,-1
285,208,956.1,278.0,177.0,443.8,1,-1,-1,-1
285,254,438.3,209.9,210.5,588.1,1,-1,-1,-1
285,257,195.3,212.7,215.0,637.4,1,-1,-1,-1
285,283,911.4,254.4,69.5,408.6,1,-1,-1,-1
285,299,662.8,366.1,40.0,137.7,1,-1,-1,-1
285,300,722.0,335.0,70.4,246.2,1,-1,-1,-1
286,2,765.7,214.5,176.8,566.3,1,-1,-1,-1
286,8,1130.1,209.1,216.2,620.2,1,-1,-1,-1
286,74,1877.9,330.7,42.1,97.0,1,-1,-1,-1
286,208,960.6,269.6,182.2,454.3,1,-1,-1,-1
286,254,433.0,194.2,214.6,598.0,1,-1,-1,-1
286,257,186.8,201.6,219.0,647.4,1,-1,-1,-1
286,283,912.0,245.3,70.0,412.6,1,-1,-1,-1
286,299,664.1,359.0,41.0,142.1,1,-1,-1,-1
286,300,721.2,328.2,71.9,251.3,1,-1,-1,-1
287,2,769.7,208.4,177.5,566.1,1,-1,-1,-1
287,8,1135.5,201.7,215.1,615.1,1,-1,-1,-1
287,208,979.1,260.5,180.6,456.8,1,-1,-1,-1
287,254,430.5,180.5,218.2,607.5,1,-1,-1,-1
287,257,176.9,187.4,223.0,658.2,1,-1,-1,-1
287,283,918.8,239.8,71.1,409.5,1,-1,-1,-1
287,299,665.6,350.3,41.4,145.6,1,-1,-1,-1
287,300,722.3,319.4,72.4,253.0,1,-1,-1,-1
288,2,772.3,201.0,180.0,573.2,1,-1,-1,-1
288,8,1142.2,192.1,217.5,621.8,1,-1,-1,-1
288,208,988.5,253.8,180.2,460.7,1,-1,-1,-1
288,254,427.1,167.7,222.7,619.8,1,-1,-1,-1
288,257,167.2,174.5,226.2,667.3,1,-1,-1,-1
288,283,931.8,231.3,73.4,404.9,1,-1,-1,-1
288,299,668.7,343.4,41.4,147.9,1,-1,-1,-1
288,300,725.2,311.6,73.2,254.8,1,-1,-1,-1
289,2,778.2,195.5,179.9,570.9,1,-1,-1,-1
289,8,1150.2,186.1,218.8,626.2,1,-1,-1,-1
289,208,1000.5,251.1,177.6,459.9,1,-1,-1,-1
289,254,422.9,157.8,229.2,638.0,1,-1,-1,-1
289,257,158.0,162.5,228.9,676.3,1,-1,-1,-1
289,283,932.8,224.8,73.4,400.9,1,-1,-1,-1
289,299,674.2,338.1,40.9,147.0,1,-1,-1,-1
289,300,728.2,302.9,74.4,257.4,1,-1,-1,-1
290,2,785.1,191.8,179.7,566.9,1,-1,-1,-1
290,8,1160.1,179.7,219.1,627.5,1,-1,-1,-1
290,208,1007.2,243.4,181.1,476.0,1,-1,-1,-1
290,254,416.6,151.5,235.7,654.9,1,-1,-1,-1
290,257,147.7,151.8,232.2,686.6,1,-1,-1,-1
290,283,932.7,222.7,72.6,399.3,1,-1,-1,-1
290,300,733.0,296.7,75.9,261.2,1,-1,-1,-1
291,2,791.9,185.0,179.6,564.3,1,-1,-1,-1
291,8,1169.3,175.8,218.0,624.6,1,-1,-1,-1
291,208,1016.3,238.2,182.2,486.1,1,-1,-1,-1
291,254,410.9,145.8,240.9,666.8,1,-1,-1,-1
291,257,136.8,142.1,235.1,696.1,1,-1,-1,-1
291,283,936.4,214.6,72.3,399.0,1,-1,-1,-1
291,300,736.3,288.8,77.6,265.7,1,-1,-1,-1
291,316,1417.1,443.5,189.5,360.0,1,-1,-1,-1
291,299,684.4,325.8,39.8,145.0,1,-1,-1,-1
292,2,798.5,179.7,179.4,562.4,1,-1,-1,-1
292,8,1179.5,170.6,216.8,621.5,1,-1,-1,-1
292,208,1021.3,232.7,183.3,494.8,1,-1,-1,-1
292,254,406.3,143.0,245.1,676.2,1,-1,-1,-1
292,257,126.7,134.0,238.8,709.8,1,-1,-1,-1
292,283,942.4,213.6,72.8,400.2,1,-1,-1,-1
292,300,739.2,284.0,78.9,268.1,1,-1,-1,-1
292,316,1422.1,445.3,185.3,352.0,1,-1,-1,-1
292,299,689.5,321.4,39.0,144.4,1,-1,-1,-1
293,2,807.1,176.0,177.4,556.2,1,-1,-1,-1
293,8,1189.5,167.8,215.0,616.6,1,-1,-1,-1
293,208,1031.1,227.4,186.2,504.9,1,-1,-1,-1
293,254,402.2,141.8,250.0,688.4,1,-1,-1,-1
293,257,112.0,127.1,246.5,733.9,1,-1,-1,-1
293,283,952.8,207.3,75.1,401.9,1,-1,-1,-1
293,300,743.5,280.4,79.3,266.6,1,-1,-1,-1
293,316,1423.4,433.4,188.2,357.4,1,-1,-1,-1
293,299,695.7,313.4,40.7,151.7,1,-1,-1,-1
294,2,816.8,173.9,176.6,554.5,1,-1,-1,-1
294,8,1201.2,165.2,214.4,617.7,1,-1,-1,-1
294,208,1038.0,220.0,187.8,511.4,1,-1,-1,-1
294,254,398.7,138.8,255.0,701.8,1,-1,-1,-1
294,257,94.7,124.4,255.0,756.7,1,-1,-1,-1
294,283,963.0,210.2,75.1,394.2,1,-1,-1,-1
294,300,748.7,278.8,81.5,271.1,1,-1,-1,-1
294,316,1433.2,423.6,190.9,364.4,1,-1,-1,-1
294,299,702.3,310.2,40.4,153.3,1,-1,-1,-1
295,2,823.1,173.4,177.3,556.3,1,-1,-1,-1
295,8,1213.8,163.8,214.8,623.4,1,-1,-1,-1
295,208,1045.5,215.0,190.4,521.0,1,-1,-1,-1
295,254,392.7,134.5,263.9,728.1,1,-1,-1,-1
295,257,73.3,123.0,262.9,772.0,1,-1,-1,-1
295,283,968.0,212.5,77.4,406.3,1,-1,-1,-1
295,300,756.5,277.9,83.0,272.9,1,-1,-1,-1
295,316,1447.4,440.0,181.6,348.4,1,-1,-1,-1
296,2,828.4,172.5,177.6,558.4,1,-1,-1,-1
296,8,1225.6,164.1,214.5,628.1,1,-1,-1,-1
296,208,1054.0,212.4,193.2,531.0,1,-1,-1,-1
296,254,387.0,131.4,270.1,747.1,1,-1,-1,-1
296,257,55.6,122.8,269.9,783.7,1,-1,-1,-1
296,283,974.0,214.6,76.9,404.1,1,-1,-1,-1
296,300,762.4,277.0,84.3,273.7,1,-1,-1,-1
296,316,1456.7,420.6,192.9,372.4,1,-1,-1,-1
297,2,838.8,174.8,176.3,558.4,1,-1,-1,-1
297,8,1237.4,165.3,214.2,634.6,1,-1,-1,-1
297,208,1062.3,209.7,195.4,538.3,1,-1,-1,-1
297,254,381.3,127.2,274.2,759.9,1,-1,-1,-1
297,257,43.6,123.2,276.9,798.8,1,-1,-1,-1
297,283,985.1,213.4,77.5,402.7,1,-1,-1,-1
297,300,769.6,277.9,83.2,266.3,1,-1,-1,-1
297,316,1459.4,416.4,194.9,380.3,1,-1,-1,-1
298,2,847.2,177.2,175.2,559.7,1,-1,-1,-1
298,8,1248.9,166.2,212.9,638.7,1,-1,-1,-1
298,208,1069.5,205.0,198.1,546.1,1,-1,-1,-1
298,254,373.7,119.2,279.8,776.6,1,-1,-1,-1
298,257,32.9,118.3,285.1,819.8,1,-1,-1,-1
298,283,991.3,212.3,80.2,410.6,1,-1,-1,-1
298,300,774.7,277.3,84.6,267.7,1,-1,-1,-1
298,316,1468.9,420.4,193.5,381.4,1,-1,-1,-1
299,2,855.3,180.3,173.5,560.3,1,-1,-1,-1
299,8,1256.7,167.8,211.1,639.5,1,-1,-1,-1
299,208,1075.8,201.6,200.9,552.3,1,-1,-1,-1
299,254,365.0,105.4,286.3,796.7,1,-1,-1,-1
299,257,22.4,117.1,293.5,843.5,1,-1,-1,-1
299,283,996.4,213.1,81.7,415.1,1,-1,-1,-1
299,300,779.4,277.8,85.3,266.4,1,-1,-1,-1
299,316,1487.2,427.8,189.3,379.1,1,-1,-1,-1
300,2,861.4,182.3,171.7,560.2,1,-1,-1,-1
300,8,1258.6,166.7,211.6,644.0,1,-1,-1,-1
300,208,1080.1,197.2,208.8,573.5,1,-1,-1,-1
300,254,354.7,94.1,293.7,816.9,1,-1,-1,-1
300,257,12.1,104.7,303.6,874.1,1,-1,-1,-1
300,283,1003.2,206.1,83.6,420.8,1,-1,-1,-1
300,300,782.7,278.6,87.0,269.3,1,-1,-1,-1
300,316,1498.9,430.2,189.1,383.6,1,-1,-1,-1
301,2,866.2,185.0,169.8,558.8,1,-1,-1,-1
301,8,1260.0,165.7,212.3,647.9,1,-1,-1,-1
301,208,1088.6,197.2,212.7,584.9,1,-1,-1,-1
301,254,345.3,81.9,299.7,831.7,1,-1,-1,-1
301,257,0.0,89.5,310.8,903.2,1,-1,-1,-1
301,283,1005.6,207.9,84.1,420.8,1,-1,-1,-1
301,300,786.6,279.1,87.7,268.8,1,-1,-1,-1
301,316,1520.1,431.4,189.6,384.5,1,-1,-1,-1
302,2,870.3,187.4,168.2,558.7,1,-1,-1,-1
302,8,1262.1,165.2,212.3,650.1,1,-1,-1,-1
302,208,1094.8,195.1,215.6,594.8,1,-1,-1,-1
302,254,335.0,71.2,305.7,846.6,1,-1,-1,-1
302,257,0.0,70.5,305.3,934.8,1,-1,-1,-1
302,283,1010.1,210.5,84.6,418.5,1,-1,-1,-1
302,300,788.5,279.2,88.8,269.6,1,-1,-1,-1
302,316,1523.0,429.3,187.4,388.5,1,-1,-1,-1
303,2,872.5,188.7,166.3,558.0,1,-1,-1,-1
303,8,1265.6,164.9,211.6,652.0,1,-1,-1,-1
303,208,1099.3,194.9,217.1,602.9,1,-1,-1,-1
303,254,321.4,57.0,313.3,865.3,1,-1,-1,-1
303,257,0.0,50.4,294.8,963.2,1,-1,-1,-1
303,283,1012.2,210.2,84.8,417.8,1,-1,-1,-1
303,300,789.5,279.7,89.8,270.9,1,-1,-1,-1
303,316,1522.0,421.1,189.1,400.7,1,-1,-1,-1
304,2,872.5,188.7,164.3,556.6,1,-1,-1,-1
304,8,1268.2,165.3,210.7,654.2,1,-1,-1,-1
304,208,1100.9,194.5,219.1,614.2,1,-1,-1,-1
304,254,309.3,50.6,319.9,881.5,1,-1,-1,-1
304,257,0.0,42.5,280.5,968.7,1,-1,-1,-1
304,283,1014.9,210.1,86.1,418.4,1,-1,-1,-1
304,300,789.1,280.6,91.0,273.5,1,-1,-1,-1
304,316,1521.3,423.8,185.9,400.1,1,-1,-1,-1
305,2,868.4,188.8,164.1,560.1,1,-1,-1,-1
305,8,1270.9,165.5,209.1,655.4,1,-1,-1,-1
305,208,1102.7,194.9,220.3,623.5,1,-1,-1,-1
305,254,294.1,42.8,330.1,908.0,1,-1,-1,-1
305,257,0.0,35.8,262.2,968.1,1,-1,-1,-1
305,283,1014.4,209.5,87.3,419.3,1,-1,-1,-1
305,300,788.7,281.3,91.6,274.9,1,-1,-1,-1
305,316,1537.8,437.3,174.8,386.0,1,-1,-1,-1
306,2,861.7,188.3,163.9,560.6,1,-1,-1,-1
306,8,1272.0,165.6,207.7,658.4,1,-1,-1,-1
306,208,1102.2,193.8,223.9,640.3,1,-1,-1,-1
306,254,277.5,33.2,343.8,945.9,1,-1,-1,-1
306,257,0.0,32.4,251.1,1001.3,1,-1,-1,-1
306,283,1014.5,212.1,88.4,418.7,1,-1,-1,-1
306,300,786.8,282.0,93.4,280.3,1,-1,-1,-1
306,316,1534.2,435.3,174.4,387.3,1,-1,-1,-1
307,2,855.6,185.7,164.1,561.0,1,-1,-1,-1
307,8,1272.8,163.7,205.5,659.0,1,-1,-1,-1
307,208,1102.6,191.1,226.4,653.0,1,-1,-1,-1
307,254,263.7,32.8,349.1,956.5,1,-1,-1,-1
307,257,0.0,23.1,237.0,1018.4,1,-1,-1,-1
307,283,1013.4,213.0,90.2,419.7,1,-1,-1,-1
307,300,784.3,281.2,94.7,284.9,1,-1,-1,-1
307,316,1535.5,432.3,179.4,397.5,1,-1,-1,-1
308,2,850.4,183.8,163.3,554.6,1,-1,-1,-1
308,8,1274.8,163.6,203.7,661.3,1,-1,-1,-1
308,208,1101.7,186.3,231.1,670.2,1,-1,-1,-1
308,254,245.6,27.8,361.1,989.3,1,-1,-1,-1
308,257,0.0,56.4,215.5,988.7,1,-1,-1,-1
308,283,1009.8,212.1,91.8,420.9,1,-1,-1,-1
308,300,781.5,280.7,94.2,284.1,1,-1,-1,-1
308,316,1533.3,437.0,175.9,394.0,1,-1,-1,-1
309,2,845.7,184.9,163.5,550.1,1,-1,-1,-1
309,8,1277.3,164.8,201.0,661.7,1,-1,-1,-1
309,208,1099.7,182.5,234.2,682.2,1,-1,-1,-1
309,254,224.7,26.6,372.1,1019.8,1,-1,-1,-1
309,257,0.0,95.5,194.3,956.0,1,-1,-1,-1
309,283,1006.6,216.0,93.0,421.9,1,-1,-1,-1
309,300,778.5,281.3,93.2,282.6,1,-1,-1,-1
310,2,841.9,184.8,164.3,546.7,1,-1,-1,-1
310,8,1279.9,164.7,198.0,660.5,1,-1,-1,-1
310,208,1098.4,175.9,238.2,695.1,1,-1,-1,-1
310,254,210.6,23.1,372.4,1018.6,1,-1,-1,-1
310,257,0.0,103.1,173.9,946.7,1,-1,-1,-1
310,283,1005.2,216.1,94.5,423.7,1,-1,-1,-1
310,300,774.1,279.5,94.3,287.7,1,-1,-1,-1
311,2,838.1,181.9,167.1,548.8,1,-1,-1,-1
311,8,1285.6,163.9,193.4,653.9,1,-1,-1,-1
311,208,1098.6,166.7,241.6,707.5,1,-1,-1,-1
311,254,192.7,19.7,377.5,1029.8,1,-1,-1,-1
311,257,0.0,92.1,159.7,965.8,1,-1,-1,-1
311,283,1004.9,216.7,95.9,424.6,1,-1,-1,-1
311,300,772.1,275.9,94.6,290.7,1,-1,-1,-1
311,326,0.0,122.7,100.2,577.0,1,-1,-1,-1
312,2,834.4,179.1,170.5,553.7,1,-1,-1,-1
312,8,1289.7,162.6,189.3,648.7,1,-1,-1,-1
312,208,1099.9,158.6,245.8,722.6,1,-1,-1,-1
312,254,173.4,7.0,387.5,1053.9,1,-1,-1,-1
312,283,1004.5,218.4,97.3,425.8,1,-1,-1,-1
312,300,770.0,272.1,95.9,297.3,1,-1,-1,-1
312,326,0.0,105.1,114.8,863.0,1,-1,-1,-1
312,328,603.8,310.6,46.8,153.2,1,-1,-1,-1
313,2,831.4,178.6,173.4,557.1,1,-1,-1,-1
313,8,1291.5,161.7,186.0,646.6,1,-1,-1,-1
313,208,1101.0,149.1,249.4,735.8,1,-1,-1,-1
313,254,156.2,0.7,394.2,1066.0,1,-1,-1,-1
313,283,1002.8,219.5,98.1,424.4,1,-1,-1,-1
313,300,768.2,271.4,95.6,299.0,1,-1,-1,-1
313,328,600.9,314.9,44.8,147.3,1,-1,-1,-1
314,2,829.2,180.2,175.0,556.4,1,-1,-1,-1
314,8,1291.2,160.2,184.5,649.8,1,-1,-1,-1
314,208,1100.6,138.5,254.4,753.7,1,-1,-1,-1
314,254,136.8,0.0,401.5,1074.8,1,-1,-1,-1
314,283,1001.9,220.4,98.7,423.1,1,-1,-1,-1
314,300,766.1,270.5,95.2,300.5,1,-1,-1,-1
314,328,597.6,309.9,45.4,149.8,1,-1,-1,-1
314,316,1551.3,429.7,175.1,389.1,1,-1,-1,-1
315,2,827.4,181.4,176.3,555.5,1,-1,-1,-1
315,8,1291.7,158.0,182.7,650.8,1,-1,-1,-1
315,208,1101.0,128.2,262.7,783.1,1,-1,-1,-1
315,254,112.7,0.0,408.1,1077.6,1,-1,-1,-1
315,283,999.3,220.4,99.2,421.4,1,-1,-1,-1
315,300,763.5,269.7,94.6,300.6,1,-1,-1,-1
315,328,594.2,309.8,45.4,150.2,1,-1,-1,-1
315,316,1552.8,427.3,177.7,393.5,1,-1,-1,-1
316,2,824.9,182.2,177.6,554.7,1,-1,-1,-1
316,8,1295.4,156.1,180.5,654.0,1,-1,-1,-1
316,208,1102.3,120.5,270.5,813.2,1,-1,-1,-1
316,254,91.6,0.0,410.2,1063.3,1,-1,-1,-1
316,283,999.5,220.7,99.8,418.9,1,-1,-1,-1
316,300,760.7,267.8,94.5,302.4,1,-1,-1,-1
316,316,1551.4,418.2,183.5,403.9,1,-1,-1,-1
316,333,1074.3,331.0,36.9,142.0,1,-1,-1,-1
317,2,823.0,182.6,178.9,554.3,1,-1,-1,-1
317,8,1299.1,153.1,177.4,655.1,1,-1,-1,-1
317,208,1104.0,119.0,274.5,832.1,1,-1,-1,-1
317,254,70.9,0.0,415.4,1059.3,1,-1,-1,-1
317,283,996.5,219.2,99.9,417.2,1,-1,-1,-1
317,300,755.8,265.6,94.6,302.9,1,-1,-1,-1
317,333,1073.0,330.3,37.2,143.2,1,-1,-1,-1
318,2,822.2,181.5,180.2,554.9,1,-1,-1,-1
318,8,1301.7,149.7,175.3,661.6,1,-1,-1,-1
318,208,1104.6,113.7,281.0,858.7,1,-1,-1,-1
318,254,44.3,0.0,425.2,1064.0,1,-1,-1,-1
318,283,995.0,214.8,101.0,419.9,1,-1,-1,-1
318,300,753.7,263.8,94.2,301.5,1,-1,-1,-1
318,333,1072.7,328.2,37.3,143.4,1,-1,-1,-1
319,2,819.9,179.1,181.5,555.4,1,-1,-1,-1
319,8,1306.5,147.7,173.0,668.7,1,-1,-1,-1
319,208,1108.0,108.2,285.2,876.9,1,-1,-1,-1
319,254,26.5,0.0,431.7,1066.3,1,-1,-1,-1
319,283,991.9,210.3,101.8,422.3,1,-1,-1,-1
319,300,747.6,261.7,94.4,297.7,1,-1,-1,-1
319,333,1073.4,325.5,38.0,144.8,1,-1,-1,-1
320,2,818.0,175.0,182.5,555.5,1,-1,-1,-1
320,8,1311.9,145.8,170.9,678.0,1,-1,-1,-1
320,208,1111.4,105.8,291.3,901.2,1,-1,-1,-1
320,254,13.8,0.0,432.4,1061.6,1,-1,-1,-1
320,283,989.0,205.9,102.8,425.6,1,-1,-1,-1
320,300,744.5,259.8,96.4,301.7,1,-1,-1,-1
320,333,1071.1,323.9,36.8,140.0,1,-1,-1,-1
320,328,577.3,307.1,45.5,152.2,1,-1,-1,-1
321,2,817.6,170.9,184.0,558.3,1,-1,-1,-1
321,8,1320.6,147.5,164.8,670.6,1,-1,-1,-1
321,208,1118.8,100.8,295.1,916.9,1,-1,-1,-1
321,254,1.9,0.0,434.4,1065.0,1,-1,-1,-1
321,283,986.5,202.6,103.4,427.4,1,-1,-1,-1
321,300,735.0,256.8,99.5,306.6,1,-1,-1,-1
321,333,1068.3,324.4,36.7,139.3,1,-1,-1,-1
321,328,575.1,302.3,45.2,151.2,1,-1,-1,-1
322,2,819.9,166.6,184.0,559.2,1,-1,-1,-1
322,8,1325.1,147.7,170.1,716.2,1,-1,-1,-1
322,208,1132.0,94.4,301.1,939.1,1,-1,-1,-1
322,254,0.0,0.0,422.4,1059.0,1,-1,-1,-1
322,283,983.6,199.9,103.1,425.2,1,-1,-1,-1
322,300,733.0,255.1,100.3,306.8,1,-1,-1,-1
322,333,1065.7,323.1,35.9,137.2,1,-1,-1,-1
322,328,569.6,302.9,44.0,149.4,1,-1,-1,-1
322,316,1557.4,410.2,187.7,408.7,1,-1,-1,-1
323,2,820.5,163.9,181.8,552.6,1,-1,-1,-1
323,208,1143.3,78.3,310.0,966.6,1,-1,-1,-1
323,254,0.0,0.0,407.5,1058.1,1,-1,-1,-1
323,283,982.2,196.8,103.9,424.4,1,-1,-1,-1
323,300,729.3,253.8,102.0,310.1,1,-1,-1,-1
323,333,1064.9,323.4,35.3,134.6,1,-1,-1,-1
323,328,566.3,300.5,45.0,153.1,1,-1,-1,-1
324,2,821.1,163.1,179.5,545.4,1,-1,-1,-1
324,208,1151.6,68.2,317.9,991.9,1,-1,-1,-1
324,254,0.0,3.2,388.3,1058.4,1,-1,-1,-1
324,283,980.6,196.0,104.5,424.1,1,-1,-1,-1
324,300,724.2,253.0,103.4,313.4,1,-1,-1,-1
324,333,1061.5,323.9,36.7,141.1,1,-1,-1,-1
324,328,563.6,301.2,45.5,154.6,1,-1,-1,-1
325,2,820.0,159.6,180.0,546.9,1,-1,-1,-1
325,208,1159.7,52.2,324.1,1010.7,1,-1,-1,-1
325,254,0.0,6.6,367.6,1059.8,1,-1,-1,-1
325,283,979.4,195.3,105.3,425.3,1,-1,-1,-1
325,300,718.6,253.8,104.7,316.2,1,-1,-1,-1
325,333,1061.4,323.6,35.4,135.9,1,-1,-1,-1
325,328,561.5,303.6,45.3,154.1,1,-1,-1,-1
326,2,821.5,158.2,180.0,549.0,1,-1,-1,-1
326,208,1166.8,33.3,329.7,1029.0,1,-1,-1,-1
326,254,0.0,12.6,340.8,1048.6,1,-1,-1,-1
326,283,978.9,193.7,106.2,427.4,1,-1,-1,-1
326,300,715.2,253.4,105.8,318.3,1,-1,-1,-1
326,333,1061.1,322.7,36.0,138.7,1,-1,-1,-1
326,328,560.1,303.6,45.1,153.9,1,-1,-1,-1
327,2,823.4,161.0,179.7,550.2,1,-1,-1,-1
327,208,1174.8,12.0,337.7,1054.3,1,-1,-1,-1
327,254,0.0,16.2,310.5,1043.2,1,-1,-1,-1
327,283,979.4,196.1,106.4,426.2,1,-1,-1,-1
327,300,714.8,251.9,106.8,321.2,1,-1,-1,-1
327,333,1061.9,324.4,36.2,141.0,1,-1,-1,-1
327,328,559.1,305.0,44.7,153.6,1,-1,-1,-1
328,2,824.6,162.3,179.3,552.2,1,-1,-1,-1
328,208,1187.8,3.2,341.6,1062.6,1,-1,-1,-1
328,254,0.0,16.5,272.9,1039.1,1,-1,-1,-1
328,283,980.0,196.0,106.8,427.2,1,-1,-1,-1
328,300,711.8,250.6,107.4,321.6,1,-1,-1,-1
328,333,1062.1,323.2,36.3,142.8,1,-1,-1,-1
328,328,557.1,303.7,44.4,154.8,1,-1,-1,-1
329,2,828.3,165.3,178.4,553.8,1,-1,-1,-1
329,208,1201.9,0.0,344.5,1064.4,1,-1,-1,-1
329,283,980.6,195.9,107.9,431.1,1,-1,-1,-1
329,300,710.5,249.4,108.6,323.9,1,-1,-1,-1
329,333,1063.9,322.4,35.4,140.2,1,-1,-1,-1
329,328,557.5,303.5,44.4,156.0,1,-1,-1,-1
329,337,0.0,24.4,146.6,627.3,1,-1,-1,-1
330,2,833.4,169.0,177.1,555.7,1,-1,-1,-1
330,208,1220.8,0.0,346.7,1058.7,1,-1,-1,-1
330,283,983.2,196.4,108.7,433.6,1,-1,-1,-1
330,300,709.9,249.6,109.9,326.9,1,-1,-1,-1
330,333,1066.3,323.0,34.4,136.9,1,-1,-1,-1
330,328,559.8,303.9,45.1,157.4,1,-1,-1,-1
330,338,817.2,231.0,68.7,298.9,1,-1,-1,-1
331,2,838.4,174.5,174.9,555.2,1,-1,-1,-1
331,208,1242.4,0.0,350.7,1059.5,1,-1,-1,-1
331,283,987.1,199.7,108.2,432.3,1,-1,-1,-1
331,300,709.9,249.8,110.3,327.3,1,-1,-1,-1
331,333,1071.5,322.9,35.6,140.2,1,-1,-1,-1
331,328,560.1,302.0,46.6,161.3,1,-1,-1,-1
331,338,813.6,231.2,78.2,341.0,1,-1,-1,-1
332,2,843.2,181.1,172.4,553.6,1,-1,-1,-1
332,208,1259.8,0.0,355.0,1059.2,1,-1,-1,-1
332,283,989.0,202.8,108.1,432.6,1,-1,-1,-1
332,300,710.1,252.3,110.5,326.7,1,-1,-1,-1
332,333,1073.8,324.4,36.4,143.0,1,-1,-1,-1
332,338,823.1,233.0,68.7,298.2,1,-1,-1,-1
332,344,1177.1,308.5,52.3,85.5,1,-1,-1,-1
333,2,846.1,186.4,170.5,553.6,1,-1,-1,-1
333,208,1279.8,0.0,358.3,1058.1,1,-1,-1,-1
333,283,990.5,205.9,108.5,434.6,1,-1,-1,-1
333,300,709.1,254.7,111.1,326.7,1,-1,-1,-1
333,333,1074.8,329.2,36.3,143.8,1,-1,-1,-1
333,338,826.7,234.9,66.2,285.6,1,-1,-1,-1
333,344,1177.8,313.6,50.6,82.7,1,-1,-1,-1
334,2,846.9,190.6,168.9,553.9,1,-1,-1,-1
334,208,1301.7,0.0,365.3,1058.5,1,-1,-1,-1
334,283,992.5,211.7,108.5,434.2,1,-1,-1,-1
334,300,706.7,257.3,113.0,330.6,1,-1,-1,-1
334,333,1075.1,332.1,35.9,143.6,1,-1,-1,-1
334,338,828.2,238.0,63.7,272.0,1,-1,-1,-1
334,344,1179.6,325.5,45.2,73.4,1,-1,-1,-1
334,346,816.1,232.7,81.4,366.9,1,-1,-1,-1
335,2,847.0,195.1,166.8,551.6,1,-1,-1,-1
335,208,1319.2,0.0,372.1,1053.7,1,-1,-1,-1
335,283,993.8,217.1,108.6,433.2,1,-1,-1,-1
335,300,703.5,260.4,115.2,336.0,1,-1,-1,-1
335,333,1075.7,334.8,35.4,143.5,1,-1,-1,-1
335,338,826.9,240.1,62.5,263.2,1,-1,-1,-1
335,344,1181.0,337.8,40.7,65.3,1,-1,-1,-1
335,346,814.4,234.8,82.3,371.4,1,-1,-1,-1
336,2,845.4,197.4,165.7,551.4,1,-1,-1,-1
336,208,1339.6,0.0,386.2,1062.8,1,-1,-1,-1
336,283,994.8,221.8,109.2,433.3,1,-1,-1,-1
336,300,699.9,262.9,117.5,341.5,1,-1,-1,-1
336,333,1076.6,338.5,34.9,142.5,1,-1,-1,-1
336,338,826.6,242.3,57.9,241.3,1,-1,-1,-1
336,344,1173.9,332.5,46.9,74.8,1,-1,-1,-1
336,346,806.4,237.7,85.2,384.6,1,-1,-1,-1
336,349,1263.1,165.6,170.2,643.8,1,-1,-1,-1
337,2,840.3,196.7,166.4,555.0,1,-1,-1,-1
337,208,1357.1,0.0,400.5,1058.4,1,-1,-1,-1
337,283,993.6,226.9,109.9,432.4,1,-1,-1,-1
337,300,696.2,265.5,118.9,344.2,1,-1,-1,-1
337,333,1076.2,345.3,33.1,136.2,1,-1,-1,-1
337,338,822.1,244.5,56.5,231.1,1,-1,-1,-1
337,344,1170.0,336.7,47.2,74.9,1,-1,-1,-1
337,346,802.8,242.6,85.0,383.9,1,-1,-1,-1
337,349,1253.6,164.1,173.5,654.5,1,-1,-1,-1
338,2,833.9,198.1,166.9,554.7,1,-1,-1,-1
338,208,1364.2,0.0,421.4,1054.6,1,-1,-1,-1
338,283,990.6,230.3,111.3,433.3,1,-1,-1,-1
338,300,692.3,267.2,119.7,345.2,1,-1,-1,-1
338,333,1077.2,354.1,30.5,125.1,1,-1,-1,-1
338,344,1163.0,334.5,50.4,79.1,1,-1,-1,-1
338,346,803.4,247.3,82.3,372.7,1,-1,-1,-1
338,349,1246.8,165.7,177.8,668.3,1,-1,-1,-1
339,2,830.0,199.0,165.9,548.7,1,-1,-1,-1
339,208,1374.7,0.0,443.1,1059.6,1,-1,-1,-1
339,283,987.7,232.9,112.6,434.7,1,-1,-1,-1
339,300,687.6,268.7,119.9,346.0,1,-1,-1,-1
339,333,1077.0,359.7,29.1,119.4,1,-1,-1,-1
339,344,1157.9,336.4,51.2,79.2,1,-1,-1,-1
339,346,798.7,247.0,82.3,372.7,1,-1,-1,-1
339,349,1245.9,167.5,176.8,661.3,1,-1,-1,-1
339,338,813.0,245.9,57.3,228.2,1,-1,-1,-1
340,2,827.9,198.6,165.1,542.6,1,-1,-1,-1
340,208,1380.9,0.0,462.6,1066.7,1,-1,-1,-1
340,283,985.7,232.9,113.8,435.1,1,-1,-1,-1
340,300,684.2,269.2,120.1,345.2,1,-1,-1,-1
340,333,1076.6,360.6,29.5,121.7,1,-1,-1,-1
340,344,1156.9,341.6,49.4,75.3,1,-1,-1,-1
340,346,797.7,245.3,82.5,374.4,1,-1,-1,-1
340,349,1246.5,169.3,183.1,680.3,1,-1,-1,-1
340,338,809.6,244.7,60.0,234.8,1,-1,-1,-1
341,2,824.9,195.6,166.4,542.8,1,-1,-1,-1
341,208,1383.6,1.7,475.9,1066.5,1,-1,-1,-1
341,283,985.7,231.1,115.1,434.7,1,-1,-1,-1
341,300,679.5,268.4,121.8,350.2,1,-1,-1,-1
341,333,1080.2,362.9,30.6,125.0,1,-1,-1,-1
341,344,1156.8,348.0,46.3,69.3,1,-1,-1,-1
341,346,796.8,245.0,81.3,369.8,1,-1,-1,-1
341,349,1244.7,168.6,186.8,690.1,1,-1,-1,-1
341,338,806.7,242.3,60.1,229.4,1,-1,-1,-1
342,2,822.2,192.2,168.2,545.3,1,-1,-1,-1
342,208,1384.4,0.0,489.3,1072.6,1,-1,-1,-1
342,283,984.9,228.1,116.6,435.6,1,-1,-1,-1
342,300,675.4,268.4,122.2,351.7,1,-1,-1,-1
342,333,1085.7,368.9,29.9,121.1,1,-1,-1,-1
342,344,1154.9,355.9,42.5,62.0,1,-1,-1,-1
342,346,794.9,243.6,80.4,365.7,1,-1,-1,-1
342,349,1243.6,166.6,188.6,692.4,1,-1,-1,-1
342,338,802.6,241.8,62.8,234.8,1,-1,-1,-1
342,356,1146.3,343.3,64.7,188.6,1,-1,-1,-1
342,328,535.7,320.3,51.4,172.7,1,-1,-1,-1
343,2,818.3,190.3,170.1,547.3,1,-1,-1,-1
343,208,1388.5,0.0,499.0,1076.7,1,-1,-1,-1
343,283,983.7,226.0,117.3,435.1,1,-1,-1,-1
343,300,670.2,267.6,122.6,353.2,1,-1,-1,-1
343,344,1150.6,356.7,40.9,58.9,1,-1,-1,-1
343,346,791.3,239.5,83.1,380.1,1,-1,-1,-1
343,349,1241.6,162.9,190.6,694.9,1,-1,-1,-1
343,338,797.4,240.8,66.0,243.0,1,-1,-1,-1
343,328,526.4,317.8,52.8,176.0,1,-1,-1,-1
344,2,814.8,188.8,172.7,553.1,1,-1,-1,-1
344,208,1396.7,0.0,502.9,1074.7,1,-1,-1,-1
344,283,983.1,222.5,119.0,437.0,1,-1,-1,-1
344,300,665.5,265.5,123.3,355.1,1,-1,-1,-1
344,346,785.8,236.9,84.6,386.5,1,-1,-1,-1
344,349,1238.5,157.0,193.0,698.3,1,-1,-1,-1
344,338,791.6,239.6,68.9,249.6,1,-1,-1,-1
344,328,523.0,316.2,55.4,178.9,1,-1,-1,-1
345,2,809.0,187.8,175.2,555.7,1,-1,-1,-1
345,208,1413.1,0.0,500.7,1067.0,1,-1,-1,-1
345,283,982.8,219.5,119.9,436.3,1,-1,-1,-1
345,300,659.7,260.5,127.0,365.9,1,-1,-1,-1
345,346,780.4,237.6,84.9,386.6,1,-1,-1,-1
345,349,1235.1,152.2,196.1,700.8,1,-1,-1,-1
345,338,789.9,237.5,64.9,227.8,1,-1,-1,-1
345,328,518.2,314.1,56.7,180.0,1,-1,-1,-1
346,2,804.8,188.8,176.7,555.1,1,-1,-1,-1
346,208,1441.6,0.0,478.4,1055.8,1,-1,-1,-1
346,283,981.5,218.1,120.4,435.7,1,-1,-1,-1
346,300,652.8,258.5,128.3,370.6,1,-1,-1,-1
346,346,774.2,236.5,85.8,391.6,1,-1,-1,-1
346,349,1232.6,150.3,200.5,703.6,1,-1,-1,-1
346,338,781.4,235.2,68.0,235.1,1,-1,-1,-1
346,328,510.1,313.6,54.7,176.6,1,-1,-1,-1
347,2,800.4,191.0,178.4,555.0,1,-1,-1,-1
347,208,1472.5,0.9,447.5,1028.1,1,-1,-1,-1
347,283,975.7,218.9,120.3,433.7,1,-1,-1,-1
347,300,647.2,257.7,127.5,367.2,1,-1,-1,-1
347,346,767.6,235.6,86.8,396.6,1,-1,-1,-1
347,349,1225.3,149.9,204.8,705.4,1,-1,-1,-1
347,338,773.2,234.2,71.5,243.3,1,-1,-1,-1
347,328,503.7,311.5,53.5,176.5,1,-1,-1,-1
347,359,1106.0,325.9,74.1,180.7,1,-1,-1,-1
348,2,796.1,191.2,179.6,553.4,1,-1,-1,-1
348,208,1508.1,0.8,411.9,1029.1,1,-1,-1,-1
348,283,971.0,217.8,120.6,432.0,1,-1,-1,-1
348,300,638.5,252.8,130.3,376.2,1,-1,-1,-1
348,346,762.1,232.5,88.1,402.7,1,-1,-1,-1
348,349,1218.1,148.6,207.0,698.5,1,-1,-1,-1
348,328,496.3,307.9,52.4,176.2,1,-1,-1,-1
348,359,1102.9,323.9,72.7,177.3,1,-1,-1,-1
349,2,794.4,192.2,180.7,552.6,1,-1,-1,-1
349,208,1566.3,19.2,353.7,947.2,1,-1,-1,-1
349,283,968.2,215.5,120.8,431.9,1,-1,-1,-1
349,300,632.0,246.3,131.3,379.9,1,-1,-1,-1
349,346,758.4,227.7,89.3,408.5,1,-1,-1,-1
349,349,1211.4,147.7,209.7,693.6,1,-1,-1,-1
349,328,490.2,304.1,52.9,178.0,1,-1,-1,-1
349,359,1094.1,323.3,74.6,182.4,1,-1,-1,-1
350,2,795.2,193.4,181.2,551.1,1,-1,-1,-1
350,283,969.0,217.1,119.9,429.2,1,-1,-1,-1
350,300,625.4,243.4,132.9,385.0,1,-1,-1,-1
350,346,753.2,222.4,91.1,414.4,1,-1,-1,-1
350,349,1202.7,146.8,213.8,692.7,1,-1,-1,-1
350,328,484.7,302.4,53.3,179.2,1,-1,-1,-1
350,359,1088.9,321.9,76.5,187.9,1,-1,-1,-1
351,2,796.6,194.8,181.0,547.8,1,-1,-1,-1
351,283,968.7,219.6,119.4,427.5,1,-1,-1,-1
351,300,619.0,240.0,135.3,392.3,1,-1,-1,-1
351,346,746.0,220.8,92.2,413.9,1,-1,-1,-1
351,349,1194.6,147.0,218.0,692.9,1,-1,-1,-1
351,328,477.9,301.6,53.3,180.4,1,-1,-1,-1
351,359,1081.0,320.3,77.2,190.3,1,-1,-1,-1
352,2,796.2,194.3,182.5,551.6,1,-1,-1,-1
352,283,964.9,220.2,119.9,428.6,1,-1,-1,-1
352,300,611.1,235.3,136.8,398.5,1,-1,-1,-1
352,346,742.9,218.0,93.6,416.1,1,-1,-1,-1
352,349,1188.3,147.4,222.7,696.0,1,-1,-1,-1
352,328,473.2,300.3,52.6,180.7,1,-1,-1,-1
352,359,1073.6,324.5,75.0,185.0,1,-1,-1,-1
353,2,796.7,192.0,182.5,549.8,1,-1,-1,-1
353,283,963.6,219.6,119.4,428.9,1,-1,-1,-1
353,300,604.0,233.0,137.5,402.1,1,-1,-1,-1
353,346,738.6,214.3,95.7,422.1,1,-1,-1,-1
353,349,1180.9,148.0,227.5,698.7,1,-1,-1,-1
353,328,467.5,300.2,51.4,179.7,1,-1,-1,-1
353,359,1065.7,321.1,76.2,188.1,1,-1,-1,-1
354,2,795.9,191.4,181.7,544.9,1,-1,-1,-1
354,283,960.2,220.6,118.4,429.8,1,-1,-1,-1
354,300,596.8,232.7,137.3,402.8,1,-1,-1,-1
354,346,733.1,211.3,97.3,426.1,1,-1,-1,-1
354,349,1173.5,147.4,232.6,704.4,1,-1,-1,-1
354,328,459.5,299.0,51.6,181.1,1,-1,-1,-1
354,359,1056.5,319.5,76.9,189.0,1,-1,-1,-1
355,2,795.0,190.8,180.0,538.5,1,-1,-1,-1
355,283,955.0,220.7,117.9,429.7,1,-1,-1,-1
355,300,588.7,231.9,137.7,404.6,1,-1,-1,-1
355,346,725.6,207.7,100.4,434.1,1,-1,-1,-1
355,349,1165.5,148.0,237.2,706.6,1,-1,-1,-1
355,328,452.0,297.8,51.5,181.8,1,-1,-1,-1
355,359,1048.8,320.3,76.7,188.9,1,-1,-1,-1
356,2,792.6,188.7,179.7,537.0,1,-1,-1,-1
356,283,949.4,222.0,116.6,427.9,1,-1,-1,-1
356,300,577.3,229.4,138.5,408.7,1,-1,-1,-1
356,346,716.5,205.4,103.8,440.7,1,-1,-1,-1
356,349,1156.6,147.5,241.6,710.0,1,-1,-1,-1
356,328,445.7,297.5,51.9,182.5,1,-1,-1,-1
356,359,1040.4,320.9,75.6,187.3,1,-1,-1,-1
357,2,789.2,187.7,177.6,531.5,1,-1,-1,-1
357,283,941.9,221.2,116.8,431.8,1,-1,-1,-1
357,300,568.3,228.0,139.7,414.8,1,-1,-1,-1
357,346,706.5,200.7,108.2,451.3,1,-1,-1,-1
357,349,1149.6,145.4,246.4,717.0,1,-1,-1,-1
357,328,436.9,295.7,52.0,183.1,1,-1,-1,-1
357,359,1030.3,319.9,75.3,187.3,1,-1,-1,-1
357,363,492.4,315.9,47.1,169.8,1,-1,-1,-1
358,2,784.8,185.1,178.3,535.7,1,-1,-1,-1
358,283,934.0,218.0,117.7,439.0,1,-1,-1,-1
358,300,558.1,224.9,142.0,422.2,1,-1,-1,-1
358,346,697.5,198.8,111.7,454.3,1,-1,-1,-1
358,349,1143.3,145.8,248.7,716.2,1,-1,-1,-1
358,328,427.8,294.8,53.3,185.5,1,-1,-1,-1
358,359,1021.4,318.6,75.4,188.6,1,-1,-1,-1
358,364,123.5,281.3,63.8,228.4,1,-1,-1,-1
359,2,780.9,180.6,179.7,543.5,1,-1,-1,-1
359,283,927.6,217.4,117.4,441.1,1,-1,-1,-1
359,300,543.6,224.5,141.7,420.6,1,-1,-1,-1
359,346,685.9,197.1,114.6,455.4,1,-1,-1,-1
359,349,1135.8,144.4,251.3,718.6,1,-1,-1,-1
359,328,417.1,293.8,53.3,185.8,1,-1,-1,-1
359,359,1013.6,322.9,73.6,185.1,1,-1,-1,-1
359,364,112.4,281.0,64.3,229.5,1,-1,-1,-1
360,2,775.8,180.2,178.7,545.4,1,-1,-1,-1
360,283,920.2,217.0,115.2,438.4,1,-1,-1,-1
360,300,528.4,221.6,143.6,425.4,1,-1,-1,-1
360,346,673.2,192.5,118.5,458.9,1,-1,-1,-1
360,349,1128.0,143.4,253.7,720.5,1,-1,-1,-1
360,328,406.2,298.1,52.1,182.7,1,-1,-1,-1
360,359,1007.8,322.2,72.6,183.8,1,-1,-1,-1
360,364,98.6,282.2,65.0,230.3,1,-1,-1,-1
360,366,463.0,322.6,48.9,163.5,1,-1,-1,-1
361,2,770.0,180.3,177.8,546.8,1,-1,-1,-1
361,283,911.8,217.4,113.1,434.0,1,-1,-1,-1
361,300,513.9,218.9,146.4,433.5,1,-1,-1,-1
361,346,660.7,188.7,123.1,466.9,1,-1,-1,-1
361,349,1120.3,143.0,255.7,721.6,1,-1,-1,-1
361,328,394.0,295.4,53.4,187.1,1,-1,-1,-1
361,359,996.0,319.0,73.9,188.6,1,-1,-1,-1
361,364,83.9,282.5,66.4,232.7,1,-1,-1,-1
361,366,451.8,321.4,50.1,167.9,1,-1,-1,-1
362,2,763.9,183.8,176.6,545.7,1,-1,-1,-1
362,283,902.7,217.7,111.2,432.7,1,-1,-1,-1
362,300,497.5,219.8,148.7,440.0,1,-1,-1,-1
362,346,647.7,189.0,127.8,472.8,1,-1,-1,-1
362,349,1114.9,144.0,256.4,720.2,1,-1,-1,-1
362,328,384.2,296.1,53.7,188.7,1,-1,-1,-1
362,359,989.1,320.9,73.7,189.2,1,-1,-1,-1
362,364,69.5,285.3,67.9,234.7,1,-1,-1,-1
362,366,442.1,320.1,50.7,169.9,1,-1,-1,-1
363,2,759.1,185.6,176.1,547.5,1,-1,-1,-1
363,283,895.6,218.3,108.2,424.4,1,-1,-1,-1
363,300,482.4,222.4,150.7,444.3,1,-1,-1,-1
363,346,635.7,188.7,133.0,478.6,1,-1,-1,-1
363,349,1108.5,141.2,259.8,728.5,1,-1,-1,-1
363,328,374.1,295.7,53.6,190.4,1,-1,-1,-1
363,359,981.3,322.9,72.2,186.0,1,-1,-1,-1
363,364,58.8,287.8,69.2,235.6,1,-1,-1,-1
363,366,431.7,318.0,51.6,173.4,1,-1,-1,-1
364,2,758.6,186.9,174.4,548.6,1,-1,-1,-1
364,283,890.2,217.6,107.3,424.5,1,-1,-1,-1
364,300,471.5,221.5,153.2,451.6,1,-1,-1,-1
364,346,623.3,188.4,138.8,484.8,1,-1,-1,-1
364,349,1105.3,138.5,261.2,731.4,1,-1,-1,-1
364,328,365.5,295.3,53.5,192.6,1,-1,-1,-1
364,359,975.2,320.0,72.9,187.7,1,-1,-1,-1
364,364,51.6,288.2,70.4,236.5,1,-1,-1,-1
364,366,425.5,321.9,50.3,169.7,1,-1,-1,-1
365,2,759.0,190.2,172.1,548.6,1,-1,-1,-1
365,283,886.6,218.6,106.7,425.9,1,-1,-1,-1
365,300,459.0,223.5,155.0,453.6,1,-1,-1,-1
365,346,614.2,188.5,145.2,494.2,1,-1,-1,-1
365,349,1103.6,138.2,262.1,733.2,1,-1,-1,-1
365,328,361.7,298.1,53.5,191.8,1,-1,-1,-1
365,359,970.6,318.8,74.1,189.9,1,-1,-1,-1
365,364,49.2,290.5,70.3,233.0,1,-1,-1,-1
365,366,420.2,326.1,49.2,166.7,1,-1,-1,-1
366,2,756.6,193.7,170.2,548.9,1,-1,-1,-1
366,283,884.3,218.6,106.1,428.4,1,-1,-1,-1
366,300,444.5,222.5,158.0,458.4,1,-1,-1,-1
366,346,605.9,190.5,149.7,502.0,1,-1,-1,-1
366,349,1102.2,138.8,261.7,732.0,1,-1,-1,-1
366,328,356.0,304.7,52.6,188.0,1,-1,-1,-1
366,359,965.5,319.1,75.0,191.1,1,-1,-1,-1
366,364,46.7,292.8,71.1,232.8,1,-1,-1,-1
366,366,415.4,333.2,47.5,160.9,1,-1,-1,-1
367,2,755.5,193.7,168.7,550.0,1,-1,-1,-1
367,283,884.6,214.8,105.7,432.4,1,-1,-1,-1
367,300,437.7,220.9,159.9,461.6,1,-1,-1,-1
367,346,601.1,191.1,153.5,508.2,1,-1,-1,-1
367,349,1102.0,138.7,260.3,727.2,1,-1,-1,-1
367,328,353.9,302.7,54.1,191.4,1,-1,-1,-1
367,359,963.8,317.6,76.1,192.7,1,-1,-1,-1
367,364,44.5,293.5,72.8,235.7,1,-1,-1,-1
367,366,412.3,336.0,46.9,158.8,1,-1,-1,-1
368,2,754.9,193.5,167.4,551.8,1,-1,-1,-1
368,283,885.3,214.2,103.9,431.4,1,-1,-1,-1
368,300,433.9,219.2,161.3,465.3,1,-1,-1,-1
368,346,598.3,193.9,155.5,509.2,1,-1,-1,-1
368,349,1103.1,137.6,258.0,718.9,1,-1,-1,-1
368,328,352.2,302.1,54.8,193.4,1,-1,-1,-1
368,359,963.4,317.0,76.9,193.4,1,-1,-1,-1
368,364,44.8,294.0,74.6,237.9,1,-1,-1,-1
368,366,409.1,330.5,48.3,164.8,1,-1,-1,-1
369,2,754.8,193.5,166.0,551.7,1,-1,-1,-1
369,283,886.5,213.6,102.7,433.3,1,-1,-1,-1
369,300,428.5,218.5,164.9,474.4,1,-1,-1,-1
369,346,594.8,192.7,158.7,515.6,1,-1,-1,-1
369,349,1104.4,137.2,256.5,713.4,1,-1,-1,-1
369,328,350.9,302.0,54.9,193.1,1,-1,-1,-1
369,359,962.9,316.0,78.1,195.0,1,-1,-1,-1
369,364,45.7,295.4,75.3,236.5,1,-1,-1,-1
369,366,404.2,326.2,49.2,169.9,1,-1,-1,-1
370,2,755.5,194.1,165.0,550.7,1,-1,-1,-1
370,283,888.3,214.4,101.5,435.1,1,-1,-1,-1
370,300,425.8,219.5,167.1,478.7,1,-1,-1,-1
370,346,589.4,191.1,161.2,521.0,1,-1,-1,-1
370,349,1104.8,135.9,258.5,718.7,1,-1,-1,-1
370,328,349.5,303.3,55.1,194.8,1,-1,-1,-1
370,359,962.2,315.4,78.7,196.1,1,-1,-1,-1
370,364,47.0,297.6,76.2,236.8,1,-1,-1,-1
370,366,401.8,327.6,48.4,168.9,1,-1,-1,-1
371,2,756.9,194.7,163.9,546.9,1,-1,-1,-1
371,283,889.8,215.5,100.0,436.1,1,-1,-1,-1
371,300,421.1,220.7,168.8,480.6,1,-1,-1,-1
371,346,584.5,189.3,163.9,529.0,1,-1,-1,-1
371,349,1104.4,135.1,260.0,724.0,1,-1,-1,-1
371,328,347.9,305.9,54.5,196.7,1,-1,-1,-1
371,359,962.9,315.6,79.9,198.0,1,-1,-1,-1
371,364,48.3,301.3,76.6,235.9,1,-1,-1,-1
372,2,758.7,194.9,163.7,546.2,1,-1,-1,-1
372,283,892.2,216.8,98.6,437.4,1,-1,-1,-1
372,300,416.0,221.1,170.6,483.6,1,-1,-1,-1
372,346,580.1,188.7,166.2,535.7,1,-1,-1,-1
372,349,1105.5,134.7,261.8,730.8,1,-1,-1,-1
372,328,349.0,308.8,54.1,198.0,1,-1,-1,-1
372,359,963.7,312.6,82.1,202.7,1,-1,-1,-1
372,364,49.3,304.3,77.7,237.1,1,-1,-1,-1
373,2,761.4,196.5,163.3,543.6,1,-1,-1,-1
373,283,894.2,218.7,97.2,439.0,1,-1,-1,-1
373,300,412.2,222.6,172.3,487.0,1,-1,-1,-1
373,346,576.0,188.1,168.0,540.1,1,-1,-1,-1
373,349,1106.6,137.6,262.0,734.5,1,-1,-1,-1
373,328,350.9,312.4,53.3,197.4,1,-1,-1,-1
373,359,964.0,309.5,84.5,207.7,1,-1,-1,-1
373,364,49.4,307.3,77.0,233.7,1,-1,-1,-1
374,2,763.6,198.4,163.2,543.4,1,-1,-1,-1
374,283,896.3,221.3,94.8,436.4,1,-1,-1,-1
374,300,407.6,224.8,173.2,488.6,1,-1,-1,-1
374,346,572.2,187.4,170.2,544.5,1,-1,-1,-1
374,349,1107.5,139.6,262.5,740.0,1,-1,-1,-1
374,328,352.8,316.4,52.9,195.2,1,-1,-1,-1
374,359,965.5,315.6,83.5,204.4,1,-1,-1,-1
375,2,766.3,200.8,163.3,544.5,1,-1,-1,-1
375,283,899.0,223.6,92.4,432.1,1,-1,-1,-1
375,300,402.1,228.4,173.8,490.8,1,-1,-1,-1
375,346,568.5,186.9,172.6,550.2,1,-1,-1,-1
375,349,1109.0,142.0,262.6,745.6,1,-1,-1,-1
375,328,351.8,317.9,53.6,197.8,1,-1,-1,-1
375,359,964.5,316.1,84.9,207.8,1,-1,-1,-1
376,2,768.6,202.4,163.7,547.3,1,-1,-1,-1
376,283,901.0,227.5,91.4,433.1,1,-1,-1,-1
376,300,393.8,227.2,176.7,501.0,1,-1,-1,-1
376,346,562.5,187.8,175.5,555.9,1,-1,-1,-1
376,349,1110.1,145.8,261.4,747.9,1,-1,-1,-1
376,328,351.3,320.7,53.7,197.8,1,-1,-1,-1
376,359,967.2,319.9,85.0,207.1,1,-1,-1,-1
376,369,734.6,315.0,44.2,190.6,1,-1,-1,-1
377,2,771.5,207.6,163.1,546.6,1,-1,-1,-1
377,283,905.0,231.1,89.1,425.9,1,-1,-1,-1
377,300,387.6,228.0,179.1,510.5,1,-1,-1,-1
377,346,558.3,187.7,178.5,560.8,1,-1,-1,-1
377,349,1110.1,148.4,261.5,754.8,1,-1,-1,-1
377,328,350.2,321.7,54.9,199.5,1,-1,-1,-1
377,359,969.7,327.7,83.6,202.8,1,-1,-1,-1
377,369,735.8,316.6,45.5,195.6,1,-1,-1,-1
378,2,775.6,212.2,162.3,544.0,1,-1,-1,-1
378,283,907.4,234.4,87.2,421.1,1,-1,-1,-1
378,300,380.2,217.2,184.8,531.7,1,-1,-1,-1
378,346,554.8,188.0,181.0,563.1,1,-1,-1,-1
378,349,1110.6,152.4,260.1,758.4,1,-1,-1,-1
378,359,972.6,326.2,85.8,209.2,1,-1,-1,-1
378,369,737.3,317.9,46.4,198.1,1,-1,-1,-1
379,2,779.3,215.4,161.7,542.8,1,-1,-1,-1
379,283,910.0,237.0,86.5,421.7,1,-1,-1,-1
379,300,378.4,215.5,185.7,539.1,1,-1,-1,-1
379,346,550.7,187.4,183.5,565.7,1,-1,-1,-1
379,349,1112.0,154.8,258.1,759.8,1,-1,-1,-1
379,359,973.2,328.3,86.6,211.2,1,-1,-1,-1
379,369,738.5,319.4,47.1,199.5,1,-1,-1,-1
380,2,781.1,217.5,162.0,544.2,1,-1,-1,-1
380,283,911.9,240.3,85.2,418.9,1,-1,-1,-1
380,300,374.5,220.6,185.0,541.7,1,-1,-1,-1
380,346,546.3,184.7,187.1,571.7,1,-1,-1,-1
380,349,1112.5,156.5,255.1,757.3,1,-1,-1,-1
380,359,976.2,337.0,83.9,204.6,1,-1,-1,-1
380,369,738.8,321.6,48.1,201.8,1,-1,-1,-1
381,2,783.5,221.0,161.1,541.2,1,-1,-1,-1
381,283,913.1,244.9,84.6,417.1,1,-1,-1,-1
381,300,370.4,222.6,184.1,542.1,1,-1,-1,-1
381,346,539.2,181.9,191.3,578.3,1,-1,-1,-1
381,349,1112.3,158.0,252.0,753.8,1,-1,-1,-1
381,359,976.5,336.6,84.8,207.4,1,-1,-1,-1
381,369,738.0,323.7,49.1,203.5,1,-1,-1,-1
382,2,785.2,223.6,160.2,537.7,1,-1,-1,-1
382,283,913.6,247.3,85.0,421.4,1,-1,-1,-1
382,300,367.8,220.9,185.7,549.4,1,-1,-1,-1
382,346,535.2,181.1,195.9,588.4,1,-1,-1,-1
382,349,1110.4,157.5,250.2,753.2,1,-1,-1,-1
382,359,977.0,335.7,85.1,209.7,1,-1,-1,-1
382,369,737.0,324.7,49.7,203.8,1,-1,-1,-1
383,2,784.9,222.1,161.5,541.7,1,-1,-1,-1
383,283,914.2,248.1,86.2,428.3,1,-1,-1,-1
383,300,363.5,216.9,187.6,558.8,1,-1,-1,-1
383,346,529.3,177.7,201.2,602.0,1,-1,-1,-1
383,349,1108.6,156.4,249.1,753.4,1,-1,-1,-1
383,359,976.3,330.3,86.6,215.0,1,-1,-1,-1
383,369,736.1,323.8,50.6,205.1,1,-1,-1,-1
384,2,784.5,219.2,162.7,545.5,1,-1,-1,-1
384,283,913.1,251.4,86.2,429.4,1,-1,-1,-1
384,300,357.7,210.4,189.3,568.9,1,-1,-1,-1
384,346,520.9,175.7,205.8,611.9,1,-1,-1,-1
384,349,1106.4,154.9,246.1,745.1,1,-1,-1,-1
384,359,975.1,327.9,87.3,218.4,1,-1,-1,-1
384,369,733.3,322.6,51.8,206.6,1,-1,-1,-1
385,2,784.2,219.3,163.0,545.0,1,-1,-1,-1
385,283,914.7,251.6,85.8,429.0,1,-1,-1,-1
385,300,347.7,208.5,189.4,574.6,1,-1,-1,-1
385,346,510.3,175.0,210.4,618.8,1,-1,-1,-1
385,349,1103.5,155.9,248.4,753.7,1,-1,-1,-1
385,359,974.7,331.1,86.2,216.8,1,-1,-1,-1
385,369,731.1,322.9,53.2,207.7,1,-1,-1,-1
386,2,783.4,217.4,161.9,537.7,1,-1,-1,-1
386,283,916.0,250.1,84.5,424.3,1,-1,-1,-1
386,300,337.6,205.6,191.7,584.0,1,-1,-1,-1
386,346,501.9,171.6,215.2,626.6,1,-1,-1,-1
386,349,1102.1,157.1,249.0,755.2,1,-1,-1,-1
386,359,975.4,333.5,85.3,215.5,1,-1,-1,-1
386,369,729.9,321.6,54.6,208.9,1,-1,-1,-1
387,2,781.7,215.8,161.4,531.3,1,-1,-1,-1
387,283,916.6,248.5,82.3,413.6,1,-1,-1,-1
387,300,328.7,200.1,193.1,590.8,1,-1,-1,-1
387,346,494.7,168.3,219.9,636.8,1,-1,-1,-1
387,349,1097.3,157.8,249.8,753.6,1,-1,-1,-1
387,359,974.9,332.0,85.4,217.1,1,-1,-1,-1
387,369,727.8,319.4,56.1,210.2,1,-1,-1,-1
388,2,777.7,214.4,162.7,530.6,1,-1,-1,-1
388,283,914.3,248.6,84.4,428.7,1,-1,-1,-1
388,300,321.5,195.2,194.3,596.8,1,-1,-1,-1
388,346,488.6,166.3,223.8,647.2,1,-1,-1,-1
388,349,1093.3,157.5,250.7,750.4,1,-1,-1,-1
388,359,974.1,331.9,85.1,217.0,1,-1,-1,-1
388,369,724.6,317.7,57.8,211.2,1,-1,-1,-1
389,2,773.9,214.7,164.4,531.2,1,-1,-1,-1
389,283,914.2,247.2,81.3,415.4,1,-1,-1,-1
389,300,313.0,191.0,195.3,601.8,1,-1,-1,-1
389,346,484.7,163.4,227.4,657.4,1,-1,-1,-1
389,349,1089.0,157.8,252.3,749.2,1,-1,-1,-1
389,359,973.8,330.6,84.8,217.5,1,-1,-1,-1
389,369,721.4,317.4,59.5,211.5,1,-1,-1,-1
390,2,769.4,215.0,166.6,534.1,1,-1,-1,-1
390,283,911.7,247.9,82.6,425.3,1,-1,-1,-1
390,300,304.4,186.8,197.2,607.9,1,-1,-1,-1
390,346,480.5,160.5,230.1,665.6,1,-1,-1,-1
390,349,1083.0,158.6,255.2,751.1,1,-1,-1,-1
390,359,973.5,330.6,84.1,218.6,1,-1,-1,-1
390,369,719.9,317.8,61.1,211.5,1,-1,-1,-1
391,2,767.0,216.9,168.5,536.0,1,-1,-1,-1
391,283,909.6,247.9,82.5,427.6,1,-1,-1,-1
391,300,295.2,182.1,199.5,614.0,1,-1,-1,-1
391,346,476.8,154.2,232.9,674.7,1,-1,-1,-1
391,349,1079.8,158.7,258.0,753.8,1,-1,-1,-1
391,359,973.2,329.5,83.8,220.2,1,-1,-1,-1
391,369,718.1,317.1,63.0,212.7,1,-1,-1,-1
392,2,763.5,217.5,170.0,538.7,1,-1,-1,-1
392,283,907.6,245.9,82.6,431.0,1,-1,-1,-1
392,300,287.1,176.5,202.1,621.9,1,-1,-1,-1
392,346,472.5,148.2,235.1,683.6,1,-1,-1,-1
392,349,1076.6,157.6,262.6,762.9,1,-1,-1,-1
392,359,973.6,328.8,83.5,220.7,1,-1,-1,-1
392,369,715.2,315.5,64.9,214.1,1,-1,-1,-1
393,2,761.5,218.5,170.0,537.4,1,-1,-1,-1
393,283,905.8,244.5,82.9,435.6,1,-1,-1,-1
393,300,278.0,173.9,204.6,627.4,1,-1,-1,-1
393,346,467.9,139.9,237.9,694.6,1,-1,-1,-1
393,349,1073.4,157.2,266.1,768.0,1,-1,-1,-1
393,359,972.8,326.7,83.9,222.7,1,-1,-1,-1
393,369,712.3,314.1,66.5,215.2,1,-1,-1,-1
394,2,759.5,218.2,170.6,539.3,1,-1,-1,-1
394,283,904.4,241.7,82.8,437.5,1,-1,-1,-1
394,300,267.3,169.7,206.4,631.3,1,-1,-1,-1
394,346,462.3,131.8,240.8,706.4,1,-1,-1,-1
394,349,1068.2,157.2,269.6,771.0,1,-1,-1,-1
394,359,971.2,326.8,82.8,220.8,1,-1,-1,-1
394,369,709.4,312.9,67.5,215.3,1,-1,-1,-1
395,2,758.0,220.3,169.1,535.8,1,-1,-1,-1
395,283,901.6,239.7,83.3,440.9,1,-1,-1,-1
395,300,250.8,166.1,210.4,636.9,1,-1,-1,-1
395,346,457.6,125.3,243.5,717.3,1,-1,-1,-1
395,349,1063.6,157.1,272.8,773.8,1,-1,-1,-1
395,359,968.1,324.3,83.2,222.6,1,-1,-1,-1
395,369,705.6,312.0,68.6,216.8,1,-1,-1,-1
395,375,1599.9,394.3,35.3,41.4,1,-1,-1,-1
396,2,755.5,220.4,168.7,536.5,1,-1,-1,-1
396,283,899.2,239.4,83.8,443.1,1,-1,-1,-1
396,300,231.7,161.5,217.9,651.6,1,-1,-1,-1
396,346,452.1,118.0,246.6,728.6,1,-1,-1,-1
396,349,1060.2,157.2,275.7,775.6,1,-1,-1,-1
396,359,966.6,325.6,82.7,221.5,1,-1,-1,-1
396,369,701.8,311.0,69.7,218.1,1,-1,-1,-1
396,375,1600.7,393.3,35.1,41.3,1,-1,-1,-1
397,2,752.5,220.0,167.7,535.4,1,-1,-1,-1
397,283,896.7,239.7,84.2,442.8,1,-1,-1,-1
397,300,214.9,156.4,223.8,660.5,1,-1,-1,-1
397,346,445.1,110.6,249.8,739.8,1,-1,-1,-1
397,349,1058.8,157.0,278.7,779.0,1,-1,-1,-1
397,359,966.2,325.6,82.8,221.4,1,-1,-1,-1
397,369,697.4,309.4,70.6,219.8,1,-1,-1,-1
397,375,1601.6,392.8,34.8,40.8,1,-1,-1,-1
398,2,748.7,219.1,167.5,537.6,1,-1,-1,-1
398,283,893.0,239.0,85.3,444.3,1,-1,-1,-1
398,300,193.8,151.9,230.8,671.0,1,-1,-1,-1
398,346,438.1,103.6,252.0,746.1,1,-1,-1,-1
398,349,1057.2,156.2,281.3,782.4,1,-1,-1,-1
398,359,964.7,321.9,83.8,224.4,1,-1,-1,-1
398,369,694.4,307.0,71.6,222.1,1,-1,-1,-1
398,375,1602.8,391.5,34.3,40.2,1,-1,-1,-1
399,2,742.6,216.7,167.7,539.1,1,-1,-1,-1
399,283,889.9,239.1,86.0,445.3,1,-1,-1,-1
399,300,171.4,148.0,240.0,686.4,1,-1,-1,-1
399,346,430.6,96.5,255.4,755.4,1,-1,-1,-1
399,349,1056.0,155.6,283.1,785.0,1,-1,-1,-1
399,359,964.6,321.4,84.2,225.8,1,-1,-1,-1
399,369,691.2,305.5,72.1,223.4,1,-1,-1,-1
399,375,1604.4,392.1,33.1,38.8,1,-1,-1,-1
400,2,736.6,214.7,167.9,538.9,1,-1,-1,-1
400,283,886.7,241.4,86.1,442.6,1,-1,-1,-1
400,300,149.8,143.8,249.1,701.9,1,-1,-1,-1
400,346,422.5,91.6,259.3,764.7,1,-1,-1,-1
400,349,1054.2,155.3,283.7,785.7,1,-1,-1,-1
400,359,964.1,322.1,84.7,227.3,1,-1,-1,-1
400,369,686.8,305.0,72.3,224.2,1,-1,-1,-1
400,375,1606.5,392.1,32.1,37.8,1,-1,-1,-1
401,2,729.9,213.0,166.3,532.8,1,-1,-1,-1
401,283,883.7,244.9,85.7,436.5,1,-1,-1,-1
401,300,134.4,141.4,257.3,718.0,1,-1,-1,-1
401,346,414.7,86.7,263.8,775.5,1,-1,-1,-1
401,349,1053.1,154.7,284.0,787.6,1,-1,-1,-1
401,359,964.8,323.2,84.8,227.0,1,-1,-1,-1
401,369,683.8,305.4,71.4,222.7,1,-1,-1,-1
401,375,1605.8,391.5,31.3,37.2,1,-1,-1,-1
402,2,725.4,209.5,165.5,529.1,1,-1,-1,-1
402,283,881.4,246.1,85.9,433.1,1,-1,-1,-1
402,300,124.0,137.6,262.8,730.8,1,-1,-1,-1
402,346,407.1,81.7,269.0,788.4,1,-1,-1,-1
402,349,1053.9,152.3,285.0,793.2,1,-1,-1,-1
402,359,964.5,325.2,84.2,225.2,1,-1,-1,-1
402,369,681.7,304.9,70.8,222.5,1,-1,-1,-1
402,375,1605.5,389.5,29.0,34.8,1,-1,-1,-1
403,2,722.6,208.4,165.4,526.9,1,-1,-1,-1
403,283,880.1,246.7,86.9,431.8,1,-1,-1,-1
403,300,112.8,132.1,269.4,747.9,1,-1,-1,-1
403,346,399.4,75.5,277.2,810.6,1,-1,-1,-1
403,349,1057.8,150.2,284.2,795.1,1,-1,-1,-1
403,359,966.2,326.3,83.4,223.1,1,-1,-1,-1
403,369,681.1,305.0,70.2,222.7,1,-1,-1,-1
403,375,1606.4,389.3,25.1,30.0,1,-1,-1,-1
404,2,721.1,209.7,165.7,526.6,1,-1,-1,-1
404,283,879.5,246.2,88.5,431.8,1,-1,-1,-1
404,300,78.8,131.9,281.3,767.6,1,-1,-1,-1
404,346,392.6,73.2,283.7,827.1,1,-1,-1,-1
404,349,1063.3,150.7,282.2,793.0,1,-1,-1,-1
404,359,968.0,327.4,83.6,223.5,1,-1,-1,-1
404,369,680.7,305.6,69.4,223.4,1,-1,-1,-1
405,2,720.7,211.5,166.3,528.3,1,-1,-1,-1
405,283,879.8,246.0,88.9,423.9,1,-1,-1,-1
405,300,76.2,130.5,286.0,781.6,1,-1,-1,-1
405,346,386.2,72.4,288.6,837.8,1,-1,-1,-1
405,349,1066.2,151.0,280.5,790.4,1,-1,-1,-1
405,359,969.1,327.7,83.8,224.4,1,-1,-1,-1
405,369,681.9,306.9,68.9,224.4,1,-1,-1,-1
406,2,722.5,212.4,166.2,528.5,1,-1,-1,-1
406,283,879.6,245.8,90.3,421.5,1,-1,-1,-1
406,300,63.4,128.5,290.5,791.0,1,-1,-1,-1
406,346,379.7,71.1,294.6,850.5,1,-1,-1,-1
406,349,1070.7,151.2,279.3,787.1,1,-1,-1,-1
406,359,973.0,331.8,83.0,222.2,1,-1,-1,-1
406,369,683.4,306.7,68.5,226.3,1,-1,-1,-1
407,2,723.0,214.3,166.4,528.5,1,-1,-1,-1
407,283,878.6,244.3,93.2,428.7,1,-1,-1,-1
407,300,57.6,126.1,295.3,804.0,1,-1,-1,-1
407,346,369.1,68.9,302.4,866.2,1,-1,-1,-1
407,349,1074.7,151.6,278.0,783.6,1,-1,-1,-1
407,359,976.6,333.7,83.0,221.5,1,-1,-1,-1
407,369,684.3,307.3,69.1,230.4,1,-1,-1,-1
408,2,723.0,215.9,167.6,532.2,1,-1,-1,-1
408,283,878.8,244.7,95.6,432.3,1,-1,-1,-1
408,300,48.2,121.2,300.5,815.6,1,-1,-1,-1
408,346,364.6,67.1,308.0,878.4,1,-1,-1,-1
408,349,1079.1,151.7,277.5,783.7,1,-1,-1,-1
408,359,978.8,331.8,83.6,224.0,1,-1,-1,-1
408,369,686.1,307.3,69.8,235.3,1,-1,-1,-1
409,2,726.0,218.5,168.2,534.7,1,-1,-1,-1
409,283,879.7,238.6,99.2,441.1,1,-1,-1,-1
409,300,42.8,117.2,304.9,823.4,1,-1,-1,-1
409,346,362.3,66.6,311.6,887.5,1,-1,-1,-1
409,349,1082.7,152.3,277.6,786.3,1,-1,-1,-1
409,359,983.4,332.5,83.4,224.3,1,-1,-1,-1
409,369,690.8,309.8,69.1,236.4,1,-1,-1,-1
409,382,647.2,338.3,46.7,157.0,1,-1,-1,-1
410,2,730.3,223.2,167.4,532.2,1,-1,-1,-1
410,283,883.2,237.1,101.1,444.2,1,-1,-1,-1
410,300,38.0,111.8,310.9,837.7,1,-1,-1,-1
410,346,358.6,65.1,317.7,905.5,1,-1,-1,-1
410,349,1088.1,152.6,277.9,790.5,1,-1,-1,-1
410,359,989.5,329.2,84.5,228.2,1,-1,-1,-1
410,369,696.5,309.4,69.7,241.1,1,-1,-1,-1
410,382,648.4,339.8,52.0,175.0,1,-1,-1,-1
411,2,734.5,225.8,167.3,532.7,1,-1,-1,-1
411,283,885.4,236.0,102.7,446.8,1,-1,-1,-1
411,300,28.3,105.3,314.6,848.3,1,-1,-1,-1
411,346,352.8,58.9,324.6,928.0,1,-1,-1,-1
411,349,1094.3,152.7,277.2,792.2,1,-1,-1,-1
411,359,995.6,330.4,84.4,228.2,1,-1,-1,-1
411,369,701.9,307.0,70.1,244.9,1,-1,-1,-1
411,382,650.1,338.1,54.6,184.0,1,-1,-1,-1
412,2,739.3,225.9,167.6,534.9,1,-1,-1,-1
412,283,891.6,234.7,104.5,449.5,1,-1,-1,-1
412,300,16.8,97.4,318.7,860.8,1,-1,-1,-1
412,346,346.4,49.4,331.6,951.3,1,-1,-1,-1
412,349,1097.8,152.4,277.9,796.8,1,-1,-1,-1
412,359,1000.4,327.0,85.0,231.9,1,-1,-1,-1
412,369,709.1,307.8,69.1,243.5,1,-1,-1,-1
412,382,652.5,338.7,55.7,187.1,1,-1,-1,-1
413,2,744.5,226.9,166.4,531.7,1,-1,-1,-1
413,283,898.2,237.2,103.7,442.3,1,-1,-1,-1
413,300,4.0,92.8,322.3,870.6,1,-1,-1,-1
413,346,338.5,39.8,338.2,974.4,1,-1,-1,-1
413,349,1101.7,152.9,279.5,803.2,1,-1,-1,-1
413,359,1006.5,330.4,84.2,229.3,1,-1,-1,-1
413,369,714.2,307.2,68.4,244.2,1,-1,-1,-1
413,382,654.2,340.5,57.5,192.3,1,-1,-1,-1
414,2,748.1,226.1,166.1,530.1,1,-1,-1,-1
414,283,902.6,237.0,104.6,441.8,1,-1,-1,-1
414,300,0.0,84.9,322.4,887.8,1,-1,-1,-1
414,346,332.7,30.1,340.0,981.9,1,-1,-1,-1
414,349,1106.1,152.5,281.2,809.5,1,-1,-1,-1
414,359,1012.7,332.1,83.7,227.4,1,-1,-1,-1
414,369,719.0,306.6,67.6,243.5,1,-1,-1,-1
414,382,656.7,341.6,57.1,189.3,1,-1,-1,-1
415,2,752.4,226.0,165.9,527.2,1,-1,-1,-1
415,283,908.0,236.3,106.0,442.5,1,-1,-1,-1
415,300,0.0,73.3,321.5,905.4,1,-1,-1,-1
415,346,326.4,23.9,341.9,987.0,1,-1,-1,-1
415,349,1110.4,152.6,281.7,812.5,1,-1,-1,-1
415,359,1018.1,327.6,85.6,232.7,1,-1,-1,-1
415,369,723.7,305.9,66.7,242.5,1,-1,-1,-1
415,382,657.8,341.8,59.9,196.9,1,-1,-1,-1
416,2,755.0,225.0,165.4,521.1,1,-1,-1,-1
416,283,910.9,235.7,107.2,444.1,1,-1,-1,-1
416,300,0.0,67.6,316.9,915.1,1,-1,-1,-1
416,346,314.8,13.8,347.5,1005.0,1,-1,-1,-1
416,349,1115.7,152.5,281.6,815.4,1,-1,-1,-1
416,359,1023.7,326.6,87.2,234.5,1,-1,-1,-1
416,369,727.5,304.3,66.2,242.8,1,-1,-1,-1
416,382,660.4,342.1,60.8,197.8,1,-1,-1,-1
417,2,755.9,222.5,166.8,521.5,1,-1,-1,-1
417,283,912.7,236.0,108.1,445.1,1,-1,-1,-1
417,300,0.0,52.3,318.1,956.5,1,-1,-1,-1
417,346,302.1,5.7,354.0,1023.7,1,-1,-1,-1
417,349,1120.6,152.4,280.5,816.5,1,-1,-1,-1
417,359,1029.6,327.7,87.5,233.0,1,-1,-1,-1
417,369,730.5,302.2,66.2,245.1,1,-1,-1,-1
417,382,661.5,341.2,61.9,199.2,1,-1,-1,-1
418,2,756.8,218.9,168.9,526.1,1,-1,-1,-1
418,283,915.3,235.3,109.5,446.2,1,-1,-1,-1
418,300,0.0,36.4,311.6,993.5,1,-1,-1,-1
418,346,287.0,0.0,359.8,1037.6,1,-1,-1,-1
418,349,1124.1,151.5,277.6,811.5,1,-1,-1,-1
418,359,1031.5,326.6,88.2,233.4,1,-1,-1,-1
418,369,733.1,302.2,65.1,244.2,1,-1,-1,-1
418,382,661.5,339.8,64.5,205.1,1,-1,-1,-1
418,386,1004.6,347.5,53.7,145.5,1,-1,-1,-1
419,2,754.7,216.4,170.7,528.7,1,-1,-1,-1
419,283,915.2,235.9,110.3,445.0,1,-1,-1,-1
419,300,0.0,33.2,301.0,1004.0,1,-1,-1,-1
419,346,275.2,0.0,361.5,1031.9,1,-1,-1,-1
419,349,1124.6,149.8,278.0,816.9,1,-1,-1,-1
419,359,1028.4,325.6,89.5,234.2,1,-1,-1,-1
419,369,730.7,299.8,65.1,246.1,1,-1,-1,-1
419,382,658.0,337.3,65.8,207.3,1,-1,-1,-1
419,386,1006.1,346.1,54.1,146.9,1,-1,-1,-1
420,2,752.3,215.2,172.4,530.1,1,-1,-1,-1
420,283,914.9,237.2,111.2,443.5,1,-1,-1,-1
420,300,0.0,21.9,291.3,1021.9,1,-1,-1,-1
420,346,261.2,0.0,368.1,1040.1,1,-1,-1,-1
420,349,1123.4,147.7,278.4,820.8,1,-1,-1,-1
420,359,1027.9,325.8,90.3,234.1,1,-1,-1,-1
420,369,728.7,298.7,65.4,249.5,1,-1,-1,-1
420,382,652.5,335.8,66.8,208.5,1,-1,-1,-1
420,386,1008.6,345.7,54.4,147.5,1,-1,-1,-1
421,2,751.5,213.4,173.5,531.3,1,-1,-1,-1
421,283,914.3,237.6,112.8,443.4,1,-1,-1,-1
421,300,0.0,14.8,279.1,1021.0,1,-1,-1,-1
421,346,246.0,0.0,374.6,1046.5,1,-1,-1,-1
421,349,1122.7,142.9,279.4,826.7,1,-1,-1,-1
421,359,1028.4,325.7,90.7,234.1,1,-1,-1,-1
421,369,728.1,297.1,65.3,251.3,1,-1,-1,-1
421,382,651.7,334.0,68.9,211.3,1,-1,-1,-1
421,386,1009.6,341.4,55.7,151.7,1,-1,-1,-1
422,2,748.1,212.7,173.9,532.1,1,-1,-1,-1
422,283,911.2,237.5,115.1,443.2,1,-1,-1,-1
422,300,0.0,11.9,262.8,1016.3,1,-1,-1,-1
422,346,228.3,0.0,380.5,1051.6,1,-1,-1,-1
422,349,1121.7,136.4,277.2,819.9,1,-1,-1,-1
422,359,1030.2,323.8,92.2,236.1,1,-1,-1,-1
422,369,727.6,295.1,65.2,252.7,1,-1,-1,-1
422,382,647.9,331.9,71.1,214.0,1,-1,-1,-1
422,386,1007.8,329.4,59.9,163.6,1,-1,-1,-1
423,2,744.7,212.9,173.2,530.5,1,-1,-1,-1
423,283,907.6,238.6,116.8,440.7,1,-1,-1,-1
423,300,0.0,8.4,249.2,1024.3,1,-1,-1,-1
423,346,210.0,0.0,388.9,1064.0,1,-1,-1,-1
423,349,1117.5,132.6,280.3,829.5,1,-1,-1,-1
423,359,1028.6,324.3,92.8,236.1,1,-1,-1,-1
423,369,725.6,293.6,65.5,256.3,1,-1,-1,-1
423,382,643.3,330.2,73.2,215.3,1,-1,-1,-1
423,386,1009.2,336.9,56.7,155.0,1,-1,-1,-1
424,2,741.8,214.6,172.5,529.1,1,-1,-1,-1
424,283,905.3,240.9,118.2,439.0,1,-1,-1,-1
424,300,0.0,2.5,232.8,1020.3,1,-1,-1,-1
424,346,191.7,0.0,393.1,1061.8,1,-1,-1,-1
424,349,1114.4,132.0,280.9,828.9,1,-1,-1,-1
424,359,1024.4,321.9,93.9,239.1,1,-1,-1,-1
424,369,721.7,292.3,65.5,258.3,1,-1,-1,-1
424,382,638.6,330.2,75.2,216.3,1,-1,-1,-1
424,386,1003.1,341.4,54.7,152.2,1,-1,-1,-1
425,2,737.0,215.3,174.4,534.1,1,-1,-1,-1
425,283,901.9,239.9,120.7,439.7,1,-1,-1,-1
425,300,0.0,0.0,216.9,1040.3,1,-1,-1,-1
425,346,169.4,0.0,399.2,1063.4,1,-1,-1,-1
425,349,1112.7,130.9,279.2,818.1,1,-1,-1,-1
425,359,1022.1,320.8,93.4,238.8,1,-1,-1,-1
425,369,717.6,291.6,64.6,256.0,1,-1,-1,-1
425,382,635.0,328.5,76.4,218.2,1,-1,-1,-1
425,386,1003.6,338.7,55.3,153.8,1,-1,-1,-1
426,2,731.6,215.3,174.9,535.9,1,-1,-1,-1
426,283,900.0,237.6,123.0,440.8,1,-1,-1,-1
426,346,145.6,0.0,405.8,1062.5,1,-1,-1,-1
426,349,1109.2,128.5,280.4,814.9,1,-1,-1,-1
426,359,1020.5,324.2,90.9,232.0,1,-1,-1,-1
426,369,714.9,288.7,64.1,254.3,1,-1,-1,-1
426,382,631.5,326.2,78.0,220.6,1,-1,-1,-1
426,386,1001.5,333.2,56.2,157.8,1,-1,-1,-1
427,2,726.6,216.2,174.5,535.9,1,-1,-1,-1
427,283,899.0,235.4,125.7,446.6,1,-1,-1,-1
427,346,119.9,0.0,416.0,1070.1,1,-1,-1,-1
427,349,1103.9,130.1,283.0,814.6,1,-1,-1,-1
427,359,1019.9,325.7,89.7,229.2,1,-1,-1,-1
427,369,710.6,289.0,64.3,256.2,1,-1,-1,-1
427,382,626.8,325.4,79.7,223.9,1,-1,-1,-1
427,386,1012.0,326.6,55.1,153.9,1,-1,-1,-1
427,389,2.0,120.5,95.9,565.8,1,-1,-1,-1
427,390,553.4,328.0,43.6,180.4,1,-1,-1,-1
427,391,0.0,134.6,103.6,895.5,1,-1,-1,-1
428,2,725.4,216.7,174.8,534.1,1,-1,-1,-1
428,283,897.0,235.2,126.6,446.5,1,-1,-1,-1
428,346,95.7,0.0,424.7,1069.4,1,-1,-1,-1
428,349,1098.4,130.5,286.0,814.6,1,-1,-1,-1
428,359,1018.7,325.9,89.6,229.4,1,-1,-1,-1
428,369,707.7,286.5,62.3,248.9,1,-1,-1,-1
428,382,624.1,327.0,80.0,223.5,1,-1,-1,-1
428,386,1018.1,323.3,50.5,140.2,1,-1,-1,-1
428,389,0.0,139.4,86.6,546.9,1,-1,-1,-1
428,390,548.3,328.0,43.9,181.4,1,-1,-1,-1
428,391,0.0,127.7,107.7,907.2,1,-1,-1,-1
429,2,717.1,214.6,177.3,541.8,1,-1,-1,-1
429,283,895.2,235.5,126.8,444.0,1,-1,-1,-1
429,346,63.9,0.0,434.9,1067.0,1,-1,-1,-1
429,349,1093.0,131.5,289.4,816.3,1,-1,-1,-1
429,359,1014.6,325.4,90.2,230.8,1,-1,-1,-1
429,369,700.8,285.4,65.1,262.3,1,-1,-1,-1
429,382,620.6,326.6,79.6,220.8,1,-1,-1,-1
429,386,1008.3,320.6,70.6,202.2,1,-1,-1,-1
429,389,0.0,159.4,78.8,522.9,1,-1,-1,-1
429,390,542.1,325.4,45.8,188.2,1,-1,-1,-1
429,391,16.2,145.9,77.1,622.1,1,-1,-1,-1
430,2,705.5,213.6,179.2,549.2,1,-1,-1,-1
430,283,892.9,235.1,125.6,435.7,1,-1,-1,-1
430,346,44.5,0.0,445.8,1071.0,1,-1,-1,-1
430,349,1087.8,132.9,294.1,821.9,1,-1,-1,-1
430,359,1008.6,322.9,89.0,230.5,1,-1,-1,-1
430,369,694.7,283.2,65.5,265.2,1,-1,-1,-1
430,382,617.0,327.0,79.7,221.0,1,-1,-1,-1
430,386,1003.5,318.3,76.3,224.8,1,-1,-1,-1
430,390,537.2,330.3,45.2,184.9,1,-1,-1,-1
430,392,1031.4,325.7,77.6,239.9,1,-1,-1,-1
431,2,695.5,213.6,176.5,542.2,1,-1,-1,-1
431,283,892.0,235.0,125.2,431.5,1,-1,-1,-1
431,346,32.1,0.0,452.4,1069.3,1,-1,-1,-1
431,349,1083.6,134.0,297.9,824.9,1,-1,-1,-1
431,382,611.3,327.3,80.6,222.7,1,-1,-1,-1
431,386,1005.1,317.5,79.1,233.2,1,-1,-1,-1
431,390,530.8,326.5,46.5,188.3,1,-1,-1,-1
431,392,1029.0,323.9,77.4,239.2,1,-1,-1,-1
431,393,842.1,320.3,55.5,220.8,1,-1,-1,-1
432,2,685.2,211.8,176.4,545.4,1,-1,-1,-1
432,283,891.6,234.4,125.2,430.0,1,-1,-1,-1
432,346,23.5,0.0,457.3,1066.8,1,-1,-1,-1
432,349,1080.1,134.1,302.2,829.7,1,-1,-1,-1
432,382,605.8,328.7,81.0,224.3,1,-1,-1,-1
432,386,1002.6,316.6,79.6,236.8,1,-1,-1,-1
432,390,525.7,328.3,46.3,186.0,1,-1,-1,-1
432,392,1031.5,322.9,78.6,243.6,1,-1,-1,-1
432,393,833.5,314.6,56.1,223.8,1,-1,-1,-1
432,359,1012.1,320.3,88.4,231.4,1,-1,-1,-1
433,2,680.8,208.9,170.3,526.0,1,-1,-1,-1
433,283,889.8,232.9,125.7,430.8,1,-1,-1,-1
433,346,15.7,0.0,463.7,1072.0,1,-1,-1,-1
433,349,1077.8,132.5,305.8,833.3,1,-1,-1,-1
433,382,601.3,328.1,81.8,226.9,1,-1,-1,-1
433,386,998.6,312.7,80.1,241.7,1,-1,-1,-1
433,390,523.0,337.2,44.7,177.1,1,-1,-1,-1
433,392,1033.1,321.3,78.9,245.6,1,-1,-1,-1
433,393,828.0,310.8,57.1,227.7,1,-1,-1,-1
434,2,675.8,205.4,170.3,527.1,1,-1,-1,-1
434,283,889.7,230.7,126.0,431.8,1,-1,-1,-1
434,346,10.8,0.0,465.8,1069.2,1,-1,-1,-1
434,349,1076.9,130.0,309.8,839.2,1,-1,-1,-1
434,382,596.7,324.3,82.6,231.0,1,-1,-1,-1
434,386,997.3,311.5,78.7,242.4,1,-1,-1,-1
434,390,519.2,329.4,47.4,186.5,1,-1,-1,-1
434,392,1036.4,317.5,77.0,241.2,1,-1,-1,-1
434,393,826.4,309.0,57.5,229.3,1,-1,-1,-1
435,2,671.1,201.8,171.1,529.7,1,-1,-1,-1
435,283,889.6,228.5,126.3,433.1,1,-1,-1,-1
435,346,5.1,0.0,468.7,1072.0,1,-1,-1,-1
435,349,1076.7,128.9,312.0,841.4,1,-1,-1,-1
435,382,593.6,320.3,83.3,234.7,1,-1,-1,-1
435,386,997.7,309.1,77.2,241.2,1,-1,-1,-1
435,390,516.7,322.0,49.2,192.9,1,-1,-1,-1
435,392,1037.3,314.3,75.0,236.6,1,-1,-1,-1
435,393,826.5,306.5,58.5,231.1,1,-1,-1,-1
436,2,667.6,198.5,173.0,537.1,1,-1,-1,-1
436,283,889.9,225.9,126.2,433.8,1,-1,-1,-1
436,346,0.0,0.0,468.7,1070.7,1,-1,-1,-1
436,349,1078.3,127.2,313.1,840.3,1,-1,-1,-1
436,382,591.6,317.7,83.0,235.2,1,-1,-1,-1
436,386,998.2,307.5,75.7,238.5,1,-1,-1,-1
436,390,515.6,319.9,49.7,193.8,1,-1,-1,-1
436,392,1038.7,315.1,73.8,235.1,1,-1,-1,-1
436,393,825.2,306.4,58.9,229.5,1,-1,-1,-1
437,2,664.9,196.1,173.3,538.7,1,-1,-1,-1
437,283,890.9,222.9,126.1,435.4,1,-1,-1,-1
437,346,0.0,0.0,460.3,1069.3,1,-1,-1,-1
437,349,1081.5,124.4,313.5,837.9,1,-1,-1,-1
437,382,588.4,313.4,83.1,236.3,1,-1,-1,-1
437,386,999.2,304.8,74.9,237.6,1,-1,-1,-1
437,390,514.7,321.3,49.1,190.3,1,-1,-1,-1
437,392,1042.0,314.7,71.3,230.4,1,-1,-1,-1
437,393,823.4,305.1,59.9,229.3,1,-1,-1,-1
438,2,662.7,195.1,172.2,534.6,1,-1,-1,-1
438,283,891.2,221.4,125.7,436.7,1,-1,-1,-1
438,346,0.0,0.0,450.0,1066.6,1,-1,-1,-1
438,349,1085.4,121.8,312.9,834.0,1,-1,-1,-1
438,382,584.9,310.4,83.6,238.4,1,-1,-1,-1
438,386,999.3,303.8,74.5,237.4,1,-1,-1,-1
438,390,513.0,321.5,48.8,188.8,1,-1,-1,-1
438,392,1044.4,314.4,70.2,229.9,1,-1,-1,-1
438,393,821.2,305.5,60.9,227.9,1,-1,-1,-1
439,2,661.3,194.3,170.7,528.7,1,-1,-1,-1
439,283,891.1,220.8,125.2,437.5,1,-1,-1,-1
439,346,0.0,2.9,434.3,1065.4,1,-1,-1,-1
439,349,1088.2,119.5,314.0,835.1,1,-1,-1,-1
439,382,581.6,310.0,83.9,239.9,1,-1,-1,-1
439,386,998.1,304.3,74.0,236.4,1,-1,-1,-1
439,390,510.0,317.0,50.5,194.3,1,-1,-1,-1
439,392,1047.8,314.6,70.1,232.2,1,-1,-1,-1
439,393,820.0,306.7,62.2,226.8,1,-1,-1,-1
440,2,659.6,193.2,170.4,526.9,1,-1,-1,-1
440,283,887.8,218.9,126.0,440.1,1,-1,-1,-1
440,346,0.0,3.5,418.8,1064.5,1,-1,-1,-1
440,349,1092.3,117.0,312.6,828.3,1,-1,-1,-1
440,382,578.6,308.9,84.0,240.5,1,-1,-1,-1
440,386,996.6,301.9,74.5,238.1,1,-1,-1,-1
440,390,508.1,308.6,52.5,201.4,1,-1,-1,-1
440,392,1050.0,312.8,70.0,233.7,1,-1,-1,-1
440,393,817.8,305.4,64.3,228.2,1,-1,-1,-1
441,2,658.3,193.6,171.1,528.6,1,-1,-1,-1
441,283,889.6,219.7,125.5,439.5,1,-1,-1,-1
441,346,0.0,6.7,403.0,1062.6,1,-1,-1,-1
441,349,1096.9,114.2,310.8,819.5,1,-1,-1,-1
441,382,576.2,307.9,84.2,241.9,1,-1,-1,-1
441,386,995.6,299.3,75.3,240.4,1,-1,-1,-1
441,390,506.8,303.1,53.8,206.3,1,-1,-1,-1
441,392,1051.6,311.6,69.7,234.7,1,-1,-1,-1
441,393,815.7,304.2,66.0,229.1,1,-1,-1,-1
442,2,658.8,195.6,171.6,529.7,1,-1,-1,-1
442,283,891.8,221.5,124.7,438.7,1,-1,-1,-1
442,346,0.0,3.7,383.7,1067.2,1,-1,-1,-1
442,349,1102.8,113.6,308.7,810.2,1,-1,-1,-1
442,382,575.8,307.9,85.1,244.8,1,-1,-1,-1
442,386,996.7,300.2,75.7,241.4,1,-1,-1,-1
442,390,509.5,312.6,51.5,196.8,1,-1,-1,-1
442,392,1052.9,311.1,69.2,234.4,1,-1,-1,-1
442,393,817.2,302.6,67.3,229.3,1,-1,-1,-1
443,2,660.7,200.6,171.7,530.5,1,-1,-1,-1
443,283,896.4,222.6,123.6,438.1,1,-1,-1,-1
443,346,0.0,4.8,359.7,1059.0,1,-1,-1,-1
443,349,1108.2,115.5,309.8,808.5,1,-1,-1,-1
443,382,576.2,308.5,85.9,246.8,1,-1,-1,-1
443,386,999.4,299.5,76.5,242.5,1,-1,-1,-1
443,390,513.0,316.1,50.3,192.0,1,-1,-1,-1
443,392,1057.8,309.7,69.1,237.1,1,-1,-1,-1
443,393,820.1,301.7,69.0,230.3,1,-1,-1,-1
444,2,663.9,201.8,171.4,529.4,1,-1,-1,-1
444,283,903.5,222.3,122.0,437.2,1,-1,-1,-1
444,346,0.0,1.6,383.9,1059.2,1,-1,-1,-1
444,349,1115.3,117.0,310.9,809.2,1,-1,-1,-1
444,382,577.9,307.2,86.4,248.8,1,-1,-1,-1
444,386,1003.4,296.6,77.6,245.2,1,-1,-1,-1
444,390,515.7,317.9,50.1,189.8,1,-1,-1,-1
444,392,1064.6,306.5,68.8,238.3,1,-1,-1,-1
444,393,821.5,300.1,70.8,231.8,1,-1,-1,-1
444,399,0.0,4.6,374.6,1051.2,1,-1,-1,-1
445,2,670.1,202.5,168.8,520.4,1,-1,-1,-1
445,283,907.7,222.0,121.2,438.0,1,-1,-1,-1
445,346,0.0,2.8,374.2,1061.1,1,-1,-1,-1
445,349,1121.0,120.7,312.9,814.1,1,-1,-1,-1
445,382,578.9,307.0,86.9,249.9,1,-1,-1,-1
445,386,1007.0,295.6,78.4,247.5,1,-1,-1,-1
445,390,518.8,319.7,50.1,188.5,1,-1,-1,-1
445,392,1070.8,304.3,68.8,240.6,1,-1,-1,-1
445,393,826.1,298.8,73.0,235.0,1,-1,-1,-1
445,399,0.0,3.7,345.4,1047.1,1,-1,-1,-1
446,2,676.3,203.2,166.5,511.2,1,-1,-1,-1
446,283,911.7,220.5,121.4,442.5,1,-1,-1,-1
446,346,0.0,0.9,356.7,1060.1,1,-1,-1,-1
446,349,1128.7,122.8,314.9,820.1,1,-1,-1,-1
446,382,580.5,308.1,86.9,249.5,1,-1,-1,-1
446,390,522.7,319.0,51.1,190.0,1,-1,-1,-1
446,392,1077.8,302.9,68.7,241.7,1,-1,-1,-1
446,393,832.5,297.2,74.0,235.2,1,-1,-1,-1
446,399,0.0,3.6,320.1,1045.9,1,-1,-1,-1
446,369,667.6,268.8,62.8,254.4,1,-1,-1,-1
446,359,1009.9,298.1,89.4,242.1,1,-1,-1,-1
447,2,681.2,202.8,168.6,517.5,1,-1,-1,-1
447,283,915.3,219.5,122.0,444.9,1,-1,-1,-1
447,349,1136.5,126.5,316.7,826.4,1,-1,-1,-1
447,382,583.4,308.3,87.8,251.2,1,-1,-1,-1
447,390,528.8,318.4,50.6,187.8,1,-1,-1,-1
447,392,1084.5,305.2,67.8,239.9,1,-1,-1,-1
447,393,837.4,296.5,74.9,234.9,1,-1,-1,-1
447,403,1654.0,366.4,56.5,43.0,1,-1,-1,-1
447,369,674.1,264.4,58.0,224.2,1,-1,-1,-1
447,359,1014.7,296.8,87.1,243.4,1,-1,-1,-1
448,2,687.3,204.7,170.4,523.5,1,-1,-1,-1
448,283,920.0,219.3,122.1,446.1,1,-1,-1,-1
448,349,1144.1,130.7,319.0,833.8,1,-1,-1,-1
448,382,586.5,310.4,88.7,252.9,1,-1,-1,-1
448,390,534.4,315.3,52.1,192.9,1,-1,-1,-1
448,392,1092.6,308.0,67.3,238.7,1,-1,-1,-1
448,393,843.8,296.6,76.2,236.6,1,-1,-1,-1
448,403,1662.2,368.7,55.7,42.4,1,-1,-1,-1
448,369,675.6,263.1,63.5,245.9,1,-1,-1,-1
448,359,1020.2,296.6,86.1,244.4,1,-1,-1,-1
448,405,1681.7,367.8,48.4,43.9,1,-1,-1,-1
449,2,696.5,206.1,167.3,513.5,1,-1,-1,-1
449,283,924.5,219.5,122.0,445.9,1,-1,-1,-1
449,349,1154.3,140.6,317.6,832.0,1,-1,-1,-1
449,382,590.6,311.1,89.8,255.7,1,-1,-1,-1
449,390,539.3,310.8,53.6,198.5,1,-1,-1,-1
449,392,1101.2,311.9,66.9,237.8,1,-1,-1,-1
449,393,849.8,297.4,76.7,235.3,1,-1,-1,-1
449,369,683.3,262.3,58.3,212.3,1,-1,-1,-1
449,359,1025.7,295.5,86.4,247.7,1,-1,-1,-1
449,405,1679.7,368.5,48.2,43.5,1,-1,-1,-1
450,2,701.6,203.7,167.2,511.5,1,-1,-1,-1
450,283,929.1,218.8,122.7,447.7,1,-1,-1,-1
450,349,1160.6,146.2,316.3,831.2,1,-1,-1,-1
450,382,595.6,311.8,90.2,255.2,1,-1,-1,-1
450,390,545.4,316.3,51.7,191.7,1,-1,-1,-1
450,392,1108.0,314.1,66.4,237.9,1,-1,-1,-1
450,393,855.1,298.6,78.0,237.3,1,-1,-1,-1
450,369,691.4,260.5,56.7,198.7,1,-1,-1,-1
450,359,1033.4,295.5,85.6,248.6,1,-1,-1,-1
450,405,1684.0,369.3,49.4,44.4,1,-1,-1,-1
451,2,707.3,202.0,167.3,510.7,1,-1,-1,-1
451,283,933.7,218.8,123.1,447.2,1,-1,-1,-1
451,349,1166.8,151.3,314.6,829.3,1,-1,-1,-1
451,382,599.3,311.5,91.4,257.2,1,-1,-1,-1
451,390,551.5,321.1,51.5,189.4,1,-1,-1,-1
451,392,1116.1,313.8,67.2,242.1,1,-1,-1,-1
451,393,858.9,298.8,79.4,238.7,1,-1,-1,-1
451,369,690.4,259.9,70.2,250.1,1,-1,-1,-1
451,359,1043.2,296.1,84.4,249.0,1,-1,-1,-1
451,405,1689.8,371.2,50.6,45.0,1,-1,-1,-1
452,2,714.7,202.3,167.8,512.5,1,-1,-1,-1
452,283,940.5,219.1,122.3,441.8,1,-1,-1,-1
452,349,1176.5,155.1,309.2,815.1,1,-1,-1,-1
452,382,602.7,311.2,92.1,258.9,1,-1,-1,-1
452,390,556.9,315.1,53.5,195.6,1,-1,-1,-1
452,392,1123.6,315.1,67.1,241.4,1,-1,-1,-1
452,393,865.7,302.0,79.2,236.1,1,-1,-1,-1
452,369,693.0,259.7,77.2,281.4,1,-1,-1,-1
452,359,1050.1,297.4,83.6,250.3,1,-1,-1,-1
452,405,1700.3,372.7,52.6,46.1,1,-1,-1,-1
453,2,721.3,202.2,168.4,514.1,1,-1,-1,-1
453,283,947.5,218.5,122.5,438.7,1,-1,-1,-1
453,349,1182.4,157.3,314.3,830.8,1,-1,-1,-1
453,382,607.7,310.4,92.6,260.2,1,-1,-1,-1
453,390,563.9,316.3,53.7,195.4,1,-1,-1,-1
453,392,1131.6,315.6,67.0,241.1,1,-1,-1,-1
453,393,873.6,303.4,78.5,232.9,1,-1,-1,-1
453,369,697.8,258.7,80.2,297.1,1,-1,-1,-1
453,359,1057.9,296.6,83.0,251.0,1,-1,-1,-1
453,405,1709.5,373.8,53.5,46.4,1,-1,-1,-1
454,2,728.3,202.7,168.2,513.0,1,-1,-1,-1
454,283,953.4,218.2,123.6,438.7,1,-1,-1,-1
454,349,1189.2,157.8,311.4,823.4,1,-1,-1,-1
454,382,611.7,308.5,93.0,259.9,1,-1,-1,-1
454,390,571.7,325.3,51.6,185.4,1,-1,-1,-1
454,392,1141.4,316.7,67.0,240.8,1,-1,-1,-1
454,393,881.0,304.4,78.4,231.4,1,-1,-1,-1
454,369,701.8,258.1,81.8,306.0,1,-1,-1,-1
454,359,1066.0,298.5,81.5,249.0,1,-1,-1,-1
454,405,1721.3,374.5,54.9,47.0,1,-1,-1,-1
455,2,738.1,202.3,168.3,514.9,1,-1,-1,-1
455,283,960.0,216.2,125.1,440.2,1,-1,-1,-1
455,349,1195.3,157.1,310.3,821.4,1,-1,-1,-1
455,382,615.7,304.6,94.6,262.8,1,-1,-1,-1
455,390,578.6,331.0,50.9,181.6,1,-1,-1,-1
455,392,1149.7,315.9,67.2,243.1,1,-1,-1,-1
455,393,889.1,305.9,78.3,230.1,1,-1,-1,-1
455,369,707.9,254.8,82.8,314.6,1,-1,-1,-1
455,359,1075.1,297.9,81.4,251.5,1,-1,-1,-1
455,405,1732.3,376.3,54.5,46.1,1,-1,-1,-1
456,2,746.6,202.5,167.3,513.5,1,-1,-1,-1
456,283,967.5,214.3,126.5,440.6,1,-1,-1,-1
456,349,1201.6,156.4,312.0,825.6,1,-1,-1,-1
456,382,621.6,302.4,96.4,265.3,1,-1,-1,-1
456,390,585.0,318.3,53.5,189.5,1,-1,-1,-1
456,392,1156.1,314.9,66.3,243.5,1,-1,-1,-1
456,393,895.5,305.7,79.1,231.0,1,-1,-1,-1
456,369,713.3,250.7,84.3,323.0,1,-1,-1,-1
456,359,1082.6,298.8,80.5,251.6,1,-1,-1,-1
456,405,1743.8,377.7,53.3,44.3,1,-1,-1,-1
457,2,754.9,202.3,166.7,514.2,1,-1,-1,-1
457,283,976.7,213.1,127.6,442.6,1,-1,-1,-1
457,349,1207.1,154.6,311.4,822.2,1,-1,-1,-1
457,382,624.7,299.6,97.9,269.0,1,-1,-1,-1
457,390,590.9,312.8,53.5,189.9,1,-1,-1,-1
457,392,1163.7,315.1,64.9,242.6,1,-1,-1,-1
457,393,903.0,305.5,78.9,230.3,1,-1,-1,-1
457,369,719.0,249.6,85.1,326.8,1,-1,-1,-1
457,359,1090.7,297.3,80.1,252.4,1,-1,-1,-1
457,405,1755.0,377.8,51.2,42.1,1,-1,-1,-1
458,2,762.6,202.0,166.1,515.1,1,-1,-1,-1
458,283,982.6,210.9,128.9,446.6,1,-1,-1,-1
458,349,1213.1,153.1,308.7,810.6,1,-1,-1,-1
458,382,627.3,295.1,99.9,274.1,1,-1,-1,-1
458,390,597.1,325.1,49.5,174.7,1,-1,-1,-1
458,392,1172.1,315.8,62.9,237.7,1,-1,-1,-1
458,393,909.5,304.7,78.3,228.3,1,-1,-1,-1
458,369,723.5,249.5,85.2,327.4,1,-1,-1,-1
458,359,1099.1,297.3,79.1,253.6,1,-1,-1,-1
458,405,1766.8,379.1,49.1,39.5,1,-1,-1,-1
459,2,770.9,202.2,165.6,516.5,1,-1,-1,-1
459,283,989.0,210.8,129.7,448.2,1,-1,-1,-1
459,349,1215.3,151.6,314.8,822.3,1,-1,-1,-1
459,382,632.3,294.0,100.3,276.3,1,-1,-1,-1
459,390,602.2,315.9,53.0,186.8,1,-1,-1,-1
459,392,1180.5,318.0,57.6,220.7,1,-1,-1,-1
459,393,917.3,303.9,79.0,230.3,1,-1,-1,-1
459,369,726.1,247.9,85.9,331.0,1,-1,-1,-1
459,359,1105.0,297.1,78.6,252.7,1,-1,-1,-1
459,405,1777.4,379.3,48.1,38.0,1,-1,-1,-1
460,2,776.5,201.8,165.9,521.2,1,-1,-1,-1
460,283,995.9,211.7,130.2,446.7,1,-1,-1,-1
460,349,1218.8,146.7,318.7,826.6,1,-1,-1,-1
460,382,637.3,292.6,100.6,278.6,1,-1,-1,-1
460,390,606.1,298.2,57.0,202.6,1,-1,-1,-1
460,392,1181.8,312.9,55.0,211.7,1,-1,-1,-1
460,393,923.2,302.6,79.4,231.9,1,-1,-1,-1
460,369,729.8,246.1,86.2,333.6,1,-1,-1,-1
460,359,1112.4,295.6,78.5,255.2,1,-1,-1,-1
460,405,1789.1,378.9,46.6,36.4,1,-1,-1,-1
461,2,780.4,200.6,166.0,525.2,1,-1,-1,-1
461,283,1007.0,209.9,132.4,447.5,1,-1,-1,-1
461,349,1221.3,139.3,320.5,824.8,1,-1,-1,-1
461,382,640.3,291.6,100.9,280.4,1,-1,-1,-1
461,390,606.9,292.6,57.5,205.5,1,-1,-1,-1
461,393,928.7,299.8,79.3,232.1,1,-1,-1,-1
461,369,733.4,244.6,86.2,334.8,1,-1,-1,-1
461,359,1118.0,293.5,77.8,256.1,1,-1,-1,-1
461,405,1797.2,378.4,46.5,35.3,1,-1,-1,-1
462,2,783.6,199.0,163.9,519.4,1,-1,-1,-1
462,283,1010.1,209.6,133.8,448.3,1,-1,-1,-1
462,349,1222.7,134.2,323.1,824.1,1,-1,-1,-1
462,382,641.0,290.7,100.6,281.0,1,-1,-1,-1
462,390,610.6,291.2,57.7,208.3,1,-1,-1,-1
462,393,934.3,298.2,79.4,233.1,1,-1,-1,-1
462,369,735.4,243.8,85.9,334.7,1,-1,-1,-1
462,359,1123.1,292.6,77.2,256.3,1,-1,-1,-1
462,405,1808.4,378.1,47.3,36.0,1,-1,-1,-1
463,2,784.5,196.5,164.2,521.1,1,-1,-1,-1
463,283,1011.3,208.8,134.5,448.7,1,-1,-1,-1
463,349,1222.1,130.7,325.7,823.4,1,-1,-1,-1
463,382,640.7,289.8,100.0,280.4,1,-1,-1,-1
463,390,613.3,293.0,56.2,203.9,1,-1,-1,-1
463,393,937.7,296.1,78.6,231.2,1,-1,-1,-1
463,369,735.7,240.7,86.5,337.7,1,-1,-1,-1
463,359,1126.8,290.7,76.6,256.4,1,-1,-1,-1
463,405,1805.9,375.6,52.9,39.7,1,-1,-1,-1
464,2,783.4,191.1,164.8,521.0,1,-1,-1,-1
464,283,1010.0,207.4,134.0,448.0,1,-1,-1,-1
464,349,1219.4,127.0,328.7,824.8,1,-1,-1,-1
464,382,638.1,287.0,100.1,281.9,1,-1,-1,-1
464,390,613.8,289.8,56.6,207.3,1,-1,-1,-1
464,393,938.7,291.7,78.4,230.5,1,-1,-1,-1
464,369,734.7,237.7,87.1,340.9,1,-1,-1,-1
464,359,1128.2,287.7,76.1,256.1,1,-1,-1,-1
465,2,781.3,186.4,165.3,519.6,1,-1,-1,-1
465,283,1010.3,206.4,133.9,448.0,1,-1,-1,-1
465,349,1216.5,124.4,332.3,827.7,1,-1,-1,-1
465,382,632.9,284.1,100.2,283.5,1,-1,-1,-1
465,390,615.3,285.5,55.5,203.7,1,-1,-1,-1
465,393,938.7,287.5,78.6,231.6,1,-1,-1,-1
465,369,732.7,234.0,87.1,340.7,1,-1,-1,-1
465,359,1127.7,283.4,76.3,258.0,1,-1,-1,-1
466,2,779.9,183.7,163.9,510.1,1,-1,-1,-1
466,283,1012.4,205.4,134.5,447.3,1,-1,-1,-1
466,349,1213.7,121.8,337.5,835.8,1,-1,-1,-1
466,382,630.0,281.7,100.6,286.3,1,-1,-1,-1
466,390,614.2,281.0,55.5,204.2,1,-1,-1,-1
466,393,937.3,283.5,79.2,233.6,1,-1,-1,-1
466,369,728.2,230.8,87.9,345.7,1,-1,-1,-1
466,359,1126.7,280.0,76.5,259.6,1,-1,-1,-1
467,2,776.3,182.2,164.3,506.6,1,-1,-1,-1
467,283,1013.4,204.9,136.0,448.2,1,-1,-1,-1
467,349,1211.8,121.1,339.3,835.5,1,-1,-1,-1
467,382,626.4,278.1,100.9,291.0,1,-1,-1,-1
467,390,610.5,278.3,55.5,205.5,1,-1,-1,-1
467,393,935.8,281.1,79.7,234.8,1,-1,-1,-1
467,369,723.4,225.5,88.7,348.9,1,-1,-1,-1
467,359,1125.4,278.3,76.5,260.7,1,-1,-1,-1
468,2,771.3,177.0,167.1,511.1,1,-1,-1,-1
468,283,1009.2,203.3,138.3,452.3,1,-1,-1,-1
468,349,1207.4,122.1,343.8,842.5,1,-1,-1,-1
468,382,618.9,276.5,101.2,293.9,1,-1,-1,-1
468,390,607.6,277.0,51.4,191.3,1,-1,-1,-1
468,393,933.4,281.3,79.6,234.6,1,-1,-1,-1
468,369,716.7,221.7,89.2,351.5,1,-1,-1,-1
468,359,1122.3,277.0,76.9,261.8,1,-1,-1,-1
469,2,767.6,175.8,168.9,512.6,1,-1,-1,-1
469,283,1003.7,203.7,139.2,451.5,1,-1,-1,-1
469,349,1203.1,123.3,349.6,853.6,1,-1,-1,-1
469,382,613.4,272.8,101.9,297.6,1,-1,-1,-1
469,393,930.8,278.7,80.0,235.0,1,-1,-1,-1
469,369,710.2,216.4,90.8,358.1,1,-1,-1,-1
469,359,1117.5,275.0,77.4,263.5,1,-1,-1,-1
470,2,763.8,175.0,169.9,512.3,1,-1,-1,-1
470,283,998.7,201.5,140.1,452.6,1,-1,-1,-1
470,349,1197.5,123.6,354.3,864.3,1,-1,-1,-1
470,382,606.0,269.6,102.4,300.8,1,-1,-1,-1
470,393,927.3,277.4,80.5,235.6,1,-1,-1,-1
470,369,705.3,213.8,92.2,361.3,1,-1,-1,-1
470,359,1114.5,274.2,77.2,263.8,1,-1,-1,-1
471,2,760.6,175.8,171.0,513.2,1,-1,-1,-1
471,283,989.9,198.7,140.3,454.4,1,-1,-1,-1
471,349,1192.6,124.3,354.4,865.0,1,-1,-1,-1
471,382,597.7,268.2,103.0,303.5,1,-1,-1,-1
471,393,924.9,276.9,80.6,235.3,1,-1,-1,-1
471,369,699.4,212.7,93.5,362.8,1,-1,-1,-1
471,359,1110.3,273.9,77.1,263.5,1,-1,-1,-1
472,2,758.9,176.6,171.7,513.9,1,-1,-1,-1
472,283,987.1,196.7,140.6,455.4,1,-1,-1,-1
472,349,1190.1,123.8,353.2,863.1,1,-1,-1,-1
472,382,591.7,264.8,104.1,307.9,1,-1,-1,-1
472,393,922.4,276.8,80.3,234.0,1,-1,-1,-1
472,369,693.3,210.0,94.4,363.6,1,-1,-1,-1
472,359,1109.7,272.5,77.1,265.6,1,-1,-1,-1
473,2,756.4,177.6,173.0,516.3,1,-1,-1,-1
473,283,985.2,194.9,140.4,455.5,1,-1,-1,-1
473,349,1188.3,120.5,353.2,864.7,1,-1,-1,-1
473,382,584.8,262.3,104.6,310.3,1,-1,-1,-1
473,393,920.9,277.6,80.3,233.4,1,-1,-1,-1
473,369,687.8,206.6,96.1,365.5,1,-1,-1,-1
473,359,1108.0,271.8,76.4,265.7,1,-1,-1,-1
474,2,757.0,179.0,173.3,516.8,1,-1,-1,-1
474,283,981.2,195.6,139.2,453.2,1,-1,-1,-1
474,349,1188.4,117.9,350.8,859.6,1,-1,-1,-1
474,382,577.8,260.2,104.8,312.7,1,-1,-1,-1
474,393,918.9,278.1,80.0,232.7,1,-1,-1,-1
474,369,681.8,204.5,97.9,367.7,1,-1,-1,-1
474,359,1101.4,270.8,76.5,266.2,1,-1,-1,-1
475,2,759.3,179.0,172.1,513.7,1,-1,-1,-1
475,283,980.5,193.6,136.7,447.0,1,-1,-1,-1
475,349,1187.5,115.7,349.8,857.2,1,-1,-1,-1
475,382,571.8,257.6,105.5,316.2,1,-1,-1,-1
475,393,917.2,278.6,79.6,232.2,1,-1,-1,-1
475,369,676.4,203.0,99.9,370.8,1,-1,-1,-1
475,359,1098.5,269.9,76.5,266.8,1,-1,-1,-1
476,2,762.4,179.3,171.4,511.7,1,-1,-1,-1
476,283,979.6,191.5,135.4,444.3,1,-1,-1,-1
476,349,1188.0,112.6,347.4,851.7,1,-1,-1,-1
476,382,565.2,256.4,105.6,317.8,1,-1,-1,-1
476,393,917.3,278.9,78.7,231.5,1,-1,-1,-1
476,369,670.5,202.0,102.9,376.2,1,-1,-1,-1
476,359,1096.6,268.3,76.8,268.6,1,-1,-1,-1
477,2,765.3,182.5,171.1,510.3,1,-1,-1,-1
477,283,979.9,190.8,134.3,443.2,1,-1,-1,-1
477,349,1188.8,108.8,347.2,852.2,1,-1,-1,-1
477,382,559.3,257.2,106.0,319.7,1,-1,-1,-1
477,393,917.9,279.6,78.0,231.8,1,-1,-1,-1
477,369,665.4,201.6,105.5,381.3,1,-1,-1,-1
477,359,1096.3,268.8,76.7,269.4,1,-1,-1,-1
478,2,767.5,185.1,171.4,511.3,1,-1,-1,-1
478,283,977.8,191.5,134.3,443.9,1,-1,-1,-1
478,349,1194.3,106.7,338.8,829.7,1,-1,-1,-1
478,382,555.2,261.6,106.1,320.2,1,-1,-1,-1
478,393,917.8,281.1,77.8,232.6,1,-1,-1,-1
478,369,662.6,201.2,108.2,385.2,1,-1,-1,-1
478,359,1095.9,270.4,76.6,269.9,1,-1,-1,-1
479,2,769.9,186.0,171.9,513.3,1,-1,-1,-1
479,283,975.9,192.9,133.6,443.7,1,-1,-1,-1
479,349,1195.9,103.6,339.8,832.6,1,-1,-1,-1
479,382,548.8,261.9,107.8,325.1,1,-1,-1,-1
479,393,916.8,280.9,78.0,234.3,1,-1,-1,-1
479,369,659.9,201.2,111.0,390.3,1,-1,-1,-1
479,359,1095.4,270.4,76.6,270.3,1,-1,-1,-1
480,2,773.4,186.7,171.9,513.3,1,-1,-1,-1
480,283,974.2,194.1,133.6,445.0,1,-1,-1,-1
480,349,1197.0,101.2,343.8,844.1,1,-1,-1,-1
480,382,544.4,263.4,108.5,327.6,1,-1,-1,-1
480,393,917.7,281.9,78.0,234.7,1,-1,-1,-1
480,369,659.0,204.7,112.3,390.1,1,-1,-1,-1
480,359,1095.8,270.4,76.7,270.9,1,-1,-1,-1
481,2,777.9,186.0,171.6,511.7,1,-1,-1,-1
481,283,975.2,196.5,133.6,447.3,1,-1,-1,-1
481,349,1198.7,103.0,347.5,853.4,1,-1,-1,-1
481,382,542.0,265.1,109.2,329.9,1,-1,-1,-1
481,393,919.0,282.9,77.9,235.8,1,-1,-1,-1
481,369,656.7,206.7,114.8,392.7,1,-1,-1,-1
481,359,1096.1,273.4,76.7,271.0,1,-1,-1,-1
482,2,783.1,186.1,170.0,504.9,1,-1,-1,-1
482,283,976.8,201.7,132.4,446.6,1,-1,-1,-1
482,349,1202.9,105.7,348.8,855.6,1,-1,-1,-1
482,382,540.1,268.3,109.7,330.7,1,-1,-1,-1
482,393,922.5,287.3,76.3,232.7,1,-1,-1,-1
482,369,655.7,209.0,117.6,397.0,1,-1,-1,-1
482,359,1096.5,276.3,77.3,271.0,1,-1,-1,-1
483,2,788.6,185.5,170.4,504.1,1,-1,-1,-1
483,283,978.7,202.1,131.6,448.3,1,-1,-1,-1
483,349,1206.4,109.3,349.7,856.7,1,-1,-1,-1
483,382,538.4,268.9,110.9,333.6,1,-1,-1,-1
483,393,926.7,292.2,75.0,228.0,1,-1,-1,-1
483,369,655.5,209.3,120.3,400.7,1,-1,-1,-1
483,359,1098.7,277.2,78.6,272.7,1,-1,-1,-1
483,426,0.0,239.5,231.4,367.2,1,-1,-1,-1
484,2,795.0,185.7,171.1,504.5,1,-1,-1,-1
484,283,980.3,203.2,130.9,449.2,1,-1,-1,-1
484,349,1209.1,112.2,349.2,854.8,1,-1,-1,-1
484,382,536.6,268.3,113.3,338.6,1,-1,-1,-1
484,393,930.5,289.5,75.9,231.4,1,-1,-1,-1
484,369,654.5,207.4,123.4,407.7,1,-1,-1,-1
484,359,1100.3,277.1,79.8,273.4,1,-1,-1,-1
484,426,0.0,242.0,227.7,369.8,1,-1,-1,-1
485,2,802.1,187.5,171.4,505.8,1,-1,-1,-1
485,283,984.8,205.5,130.1,449.6,1,-1,-1,-1
485,349,1211.5,115.8,351.0,859.0,1,-1,-1,-1
485,382,535.4,268.9,116.1,344.3,1,-1,-1,-1
485,393,934.1,282.0,78.1,241.0,1,-1,-1,-1
485,369,655.6,207.1,125.7,411.2,1,-1,-1,-1
485,359,1103.0,277.6,81.7,277.0,1,-1,-1,-1
486,2,809.5,189.7,172.0,508.6,1,-1,-1,-1
486,283,989.5,210.3,129.2,448.7,1,-1,-1,-1
486,349,1212.8,121.5,356.3,873.6,1,-1,-1,-1
486,382,537.4,268.3,120.1,350.6,1,-1,-1,-1
486,393,941.8,282.0,77.4,244.1,1,-1,-1,-1
486,369,656.9,207.0,127.6,414.5,1,-1,-1,-1
486,359,1107.7,277.9,83.2,279.9,1,-1,-1,-1
487,2,817.4,194.7,172.3,510.3,1,-1,-1,-1
487,283,997.0,215.9,128.5,448.9,1,-1,-1,-1
487,349,1216.4,127.8,359.3,884.4,1,-1,-1,-1
487,382,535.6,269.2,121.7,352.9,1,-1,-1,-1
487,393,950.0,281.2,77.6,249.9,1,-1,-1,-1
487,369,659.7,209.0,128.9,415.6,1,-1,-1,-1
487,359,1114.2,281.4,83.7,278.8,1,-1,-1,-1
488,2,825.3,199.6,172.7,511.0,1,-1,-1,-1
488,283,1003.6,223.0,127.2,445.9,1,-1,-1,-1
488,349,1221.4,134.5,357.1,881.5,1,-1,-1,-1
488,382,535.3,272.8,122.8,353.3,1,-1,-1,-1
488,393,954.7,263.7,82.3,272.6,1,-1,-1,-1
488,369,663.2,209.4,131.7,420.9,1,-1,-1,-1
488,359,1120.7,287.6,84.2,278.4,1,-1,-1,-1
489,2,831.2,204.2,173.1,512.3,1,-1,-1,-1
489,283,1008.0,227.1,126.7,445.9,1,-1,-1,-1
489,349,1225.3,139.2,354.5,876.4,1,-1,-1,-1
489,382,534.2,274.1,124.0,354.4,1,-1,-1,-1
489,393,960.7,256.1,83.5,282.2,1,-1,-1,-1
489,369,665.4,209.5,134.0,424.7,1,-1,-1,-1
489,359,1126.3,292.0,85.3,279.1,1,-1,-1,-1
489,430,1840.2,376.6,79.8,67.8,1,-1,-1,-1
490,2,840.6,211.3,172.8,510.2,1,-1,-1,-1
490,283,1012.0,230.0,127.3,448.5,1,-1,-1,-1
490,349,1228.5,143.3,352.2,870.7,1,-1,-1,-1
490,382,533.3,273.9,126.7,359.1,1,-1,-1,-1
490,369,667.2,210.9,137.2,428.5,1,-1,-1,-1
490,359,1132.3,296.7,85.4,276.8,1,-1,-1,-1
490,430,1839.8,376.7,80.2,73.9,1,-1,-1,-1
491,2,846.8,216.3,173.1,510.0,1,-1,-1,-1
491,283,1014.9,231.8,127.8,450.1,1,-1,-1,-1
491,349,1231.0,143.5,350.3,864.3,1,-1,-1,-1
491,382,532.1,276.8,128.5,360.7,1,-1,-1,-1
491,369,670.8,212.0,140.4,430.9,1,-1,-1,-1
491,359,1134.1,299.2,87.5,280.2,1,-1,-1,-1
491,431,333.0,295.6,63.7,226.5,1,-1,-1,-1
492,2,850.9,222.3,173.2,509.3,1,-1,-1,-1
492,283,1017.4,234.2,128.0,448.5,1,-1,-1,-1
492,349,1229.9,142.9,349.9,863.2,1,-1,-1,-1
492,382,531.3,276.8,131.1,365.3,1,-1,-1,-1
492,369,670.1,213.1,143.1,433.7,1,-1,-1,-1
492,359,1138.3,304.3,87.8,279.1,1,-1,-1,-1
492,431,332.9,297.7,63.4,225.9,1,-1,-1,-1
493,2,854.5,226.4,173.0,508.4,1,-1,-1,-1
493,283,1017.8,235.8,129.3,450.9,1,-1,-1,-1
493,349,1226.0,141.6,349.9,863.8,1,-1,-1,-1
493,382,528.4,279.5,132.9,366.9,1,-1,-1,-1
493,369,669.5,213.9,146.0,436.7,1,-1,-1,-1
493,359,1139.7,307.4,89.6,280.7,1,-1,-1,-1
493,431,333.0,296.4,64.8,231.4,1,-1,-1,-1
494,2,856.7,229.0,173.1,508.3,1,-1,-1,-1
494,283,1016.8,237.2,129.2,448.7,1,-1,-1,-1
494,349,1221.2,138.5,353.5,874.7,1,-1,-1,-1
494,382,525.0,279.3,136.8,375.3,1,-1,-1,-1
494,369,666.8,215.6,149.3,441.7,1,-1,-1,-1
494,359,1142.9,310.8,90.0,279.5,1,-1,-1,-1
494,431,332.6,300.2,63.9,229.2,1,-1,-1,-1
495,2,859.3,230.8,170.7,499.4,1,-1,-1,-1
495,283,1017.9,237.9,128.9,446.1,1,-1,-1,-1
495,349,1215.9,134.3,356.5,884.3,1,-1,-1,-1
495,382,520.2,281.0,138.6,378.8,1,-1,-1,-1
495,369,663.1,216.4,153.0,446.9,1,-1,-1,-1
495,359,1145.5,312.1,90.7,280.3,1,-1,-1,-1
495,431,331.8,311.3,61.2,220.0,1,-1,-1,-1
496,2,861.0,231.2,170.3,497.9,1,-1,-1,-1
496,283,1018.7,237.6,129.1,445.0,1,-1,-1,-1
496,349,1212.7,129.1,357.7,890.0,1,-1,-1,-1
496,382,516.6,282.7,140.6,382.8,1,-1,-1,-1
496,369,657.6,216.7,156.1,451.3,1,-1,-1,-1
496,359,1145.6,313.2,91.4,281.5,1,-1,-1,-1
496,431,332.8,324.8,57.6,207.7,1,-1,-1,-1
497,2,861.7,230.9,170.4,495.6,1,-1,-1,-1
497,283,1018.0,237.6,129.3,445.0,1,-1,-1,-1
497,349,1210.9,125.7,357.8,892.7,1,-1,-1,-1
497,382,513.0,283.4,141.5,384.0,1,-1,-1,-1
497,369,650.7,216.5,158.8,455.0,1,-1,-1,-1
497,359,1145.1,313.6,92.5,283.3,1,-1,-1,-1
498,2,864.4,229.8,168.5,486.6,1,-1,-1,-1
498,283,1017.3,237.6,129.6,445.8,1,-1,-1,-1
498,349,1210.8,121.1,356.3,891.6,1,-1,-1,-1
498,382,508.9,285.4,140.3,379.2,1,-1,-1,-1
498,369,643.7,215.7,161.7,460.6,1,-1,-1,-1
498,359,1144.8,313.5,93.4,285.0,1,-1,-1,-1
499,2,864.5,228.0,169.1,485.2,1,-1,-1,-1
499,283,1017.8,237.2,129.8,446.0,1,-1,-1,-1
499,349,1208.9,118.0,358.2,899.1,1,-1,-1,-1
499,382,503.1,285.8,143.1,385.6,1,-1,-1,-1
499,369,636.6,215.5,164.8,467.9,1,-1,-1,-1
499,359,1144.6,311.4,94.4,288.1,1,-1,-1,-1
500,2,863.5,227.0,171.3,489.9,1,-1,-1,-1
500,283,1016.7,236.6,131.1,448.9,1,-1,-1,-1
500,349,1207.6,115.6,359.2,905.0,1,-1,-1,-1
500,382,494.5,284.9,146.0,394.4,1,-1,-1,-1
500,369,630.1,215.2,167.9,474.9,1,-1,-1,-1
500,359,1143.9,310.3,95.1,290.6,1,-1,-1,-1
501,2,862.9,226.7,173.0,494.5,1,-1,-1,-1
501,283,1015.1,236.0,131.8,449.7,1,-1,-1,-1
501,349,1207.0,115.3,359.0,907.2,1,-1,-1,-1
501,382,486.0,283.9,148.6,402.8,1,-1,-1,-1
501,369,624.7,214.4,170.3,481.0,1,-1,-1,-1
501,359,1143.5,310.1,95.6,292.5,1,-1,-1,-1
501,441,1555.7,406.6,44.6,52.5,1,-1,-1,-1
502,2,862.7,227.4,172.8,493.8,1,-1,-1,-1
502,283,1013.7,236.1,132.2,450.3,1,-1,-1,-1
502,349,1207.4,115.7,357.9,907.1,1,-1,-1,-1
502,382,477.6,284.1,150.0,408.1,1,-1,-1,-1
502,369,618.3,212.5,172.2,486.7,1,-1,-1,-1
502,359,1142.2,310.6,95.6,292.3,1,-1,-1,-1
502,441,1553.1,404.3,48.4,57.2,1,-1,-1,-1
503,2,859.4,227.4,173.9,494.4,1,-1,-1,-1
503,283,1010.2,234.5,133.7,453.6,1,-1,-1,-1
503,349,1206.3,118.6,359.1,913.6,1,-1,-1,-1
503,382,468.3,280.1,151.4,414.5,1,-1,-1,-1
503,369,611.0,208.2,174.1,492.2,1,-1,-1,-1
503,359,1139.9,308.2,96.0,293.0,1,-1,-1,-1
504,2,857.2,225.6,174.7,493.2,1,-1,-1,-1
504,283,1006.0,232.6,134.5,455.7,1,-1,-1,-1
504,349,1205.1,119.5,360.5,921.6,1,-1,-1,-1
504,382,459.7,275.7,152.3,418.4,1,-1,-1,-1
504,369,601.2,202.8,175.4,496.3,1,-1,-1,-1
504,359,1137.4,305.6,96.5,293.4,1,-1,-1,-1
505,2,857.9,223.8,175.6,494.3,1,-1,-1,-1
505,283,1001.4,230.7,134.5,458.8,1,-1,-1,-1
505,349,1206.1,118.0,360.7,926.4,1,-1,-1,-1
505,382,449.6,270.3,154.1,424.1,1,-1,-1,-1
505,369,593.0,195.2,178.0,505.4,1,-1,-1,-1
505,359,1136.3,304.0,96.7,292.3,1,-1,-1,-1
506,2,857.1,223.0,176.7,495.1,1,-1,-1,-1
506,283,1000.2,229.3,134.0,459.7,1,-1,-1,-1
506,349,1208.2,115.4,360.5,930.5,1,-1,-1,-1
506,382,440.7,263.7,156.6,431.5,1,-1,-1,-1
506,369,582.6,189.4,179.2,511.7,1,-1,-1,-1
506,359,1134.6,301.7,97.2,292.8,1,-1,-1,-1
506,445,1095.1,320.1,51.8,203.4,1,-1,-1,-1
507,2,854.2,225.1,179.1,499.7,1,-1,-1,-1
507,283,999.3,229.6,132.9,458.2,1,-1,-1,-1
507,349,1211.4,114.0,356.6,924.2,1,-1,-1,-1
507,382,430.7,262.1,157.9,436.4,1,-1,-1,-1
507,369,572.8,187.1,179.6,515.9,1,-1,-1,-1
507,359,1131.3,299.2,97.7,293.7,1,-1,-1,-1
507,445,1096.1,324.5,52.0,204.4,1,-1,-1,-1
508,2,853.5,226.5,179.6,499.8,1,-1,-1,-1
508,283,996.7,229.4,131.7,457.4,1,-1,-1,-1
508,349,1213.0,112.4,353.2,918.5,1,-1,-1,-1
508,382,416.5,257.9,159.5,442.9,1,-1,-1,-1
508,369,562.0,182.1,181.4,524.2,1,-1,-1,-1
508,359,1128.3,296.3,98.4,295.3,1,-1,-1,-1
508,445,1098.2,323.8,49.4,195.3,1,-1,-1,-1
508,446,1874.5,415.2,45.3,84.6,1,-1,-1,-1
509,2,853.8,226.8,178.5,497.1,1,-1,-1,-1
509,283,993.5,229.1,129.0,452.8,1,-1,-1,-1
509,349,1212.3,110.1,350.5,913.4,1,-1,-1,-1
509,382,405.2,254.0,160.5,447.6,1,-1,-1,-1
509,369,551.2,178.6,181.4,527.2,1,-1,-1,-1
509,359,1124.9,293.6,98.8,296.9,1,-1,-1,-1
509,445,1093.6,321.4,49.5,197.1,1,-1,-1,-1
509,446,1871.4,410.4,46.8,87.4,1,-1,-1,-1
510,2,854.2,224.7,177.3,495.4,1,-1,-1,-1
510,283,989.7,228.4,127.6,453.1,1,-1,-1,-1
510,349,1209.4,107.0,349.1,907.9,1,-1,-1,-1
510,382,392.5,253.8,161.5,452.0,1,-1,-1,-1
510,369,537.9,173.3,183.1,533.7,1,-1,-1,-1
510,359,1121.2,291.4,99.2,298.0,1,-1,-1,-1
510,445,1089.3,318.5,48.6,195.2,1,-1,-1,-1
510,446,1868.4,403.2,47.7,88.7,1,-1,-1,-1
511,2,852.9,221.9,176.3,495.4,1,-1,-1,-1
511,283,985.2,226.1,126.1,455.1,1,-1,-1,-1
511,349,1209.6,102.0,347.7,898.7,1,-1,-1,-1
511,382,379.2,251.7,164.2,460.0,1,-1,-1,-1
511,369,526.4,170.5,183.9,538.6,1,-1,-1,-1
511,359,1114.0,282.8,101.6,304.5,1,-1,-1,-1
511,445,1086.5,317.9,45.1,183.1,1,-1,-1,-1
511,446,1865.5,397.2,49.3,91.0,1,-1,-1,-1
511,449,840.1,307.4,59.8,255.0,1,-1,-1,-1
511,450,835.3,253.7,84.2,310.5,1,-1,-1,-1
512,2,852.6,219.2,175.1,495.4,1,-1,-1,-1
512,283,980.3,223.4,124.5,458.2,1,-1,-1,-1
512,349,1210.4,94.8,347.0,892.9,1,-1,-1,-1
512,382,368.5,250.1,167.7,470.6,1,-1,-1,-1
512,369,515.2,165.8,186.2,547.6,1,-1,-1,-1
512,359,1110.8,282.1,101.2,302.5,1,-1,-1,-1
512,445,1076.6,314.6,46.9,189.8,1,-1,-1,-1
512,446,1862.1,389.7,52.1,95.3,1,-1,-1,-1
512,449,838.5,323.3,56.5,241.1,1,-1,-1,-1
512,450,833.9,258.7,82.8,306.1,1,-1,-1,-1
513,2,851.3,215.7,172.9,491.8,1,-1,-1,-1
513,283,978.0,219.9,122.0,457.8,1,-1,-1,-1
513,349,1212.3,88.2,346.9,890.5,1,-1,-1,-1
513,382,353.6,249.1,168.2,473.6,1,-1,-1,-1
513,369,504.0,164.6,189.0,556.9,1,-1,-1,-1
513,359,1107.3,280.7,101.2,301.2,1,-1,-1,-1
513,445,1071.5,313.1,47.6,192.2,1,-1,-1,-1
513,446,1858.3,374.2,57.8,105.2,1,-1,-1,-1
513,449,838.5,335.7,53.6,227.9,1,-1,-1,-1
513,450,830.0,261.9,81.6,303.4,1,-1,-1,-1
514,2,851.5,209.9,172.5,492.6,1,-1,-1,-1
514,283,976.8,214.3,120.1,459.2,1,-1,-1,-1
514,349,1213.1,80.6,348.3,894.7,1,-1,-1,-1
514,382,341.9,245.9,170.2,480.5,1,-1,-1,-1
514,369,492.7,158.7,193.2,569.6,1,-1,-1,-1
514,359,1105.0,276.5,101.7,301.6,1,-1,-1,-1
514,445,1067.3,311.2,48.5,195.3,1,-1,-1,-1
514,446,1855.9,365.6,60.1,108.6,1,-1,-1,-1
514,449,838.5,339.2,52.6,222.9,1,-1,-1,-1
514,450,829.3,239.6,86.4,323.6,1,-1,-1,-1
515,2,850.1,204.7,171.7,492.9,1,-1,-1,-1
515,283,976.3,210.0,118.4,460.8,1,-1,-1,-1
515,349,1213.1,72.4,349.0,898.0,1,-1,-1,-1
515,382,330.8,244.0,172.3,485.8,1,-1,-1,-1
515,369,484.3,155.5,195.0,576.1,1,-1,-1,-1
515,359,1104.0,274.2,101.7,300.7,1,-1,-1,-1
515,445,1066.9,309.1,48.5,195.4,1,-1,-1,-1
515,446,1855.3,360.6,61.0,109.6,1,-1,-1,-1
515,449,837.3,337.3,53.3,225.3,1,-1,-1,-1
515,450,829.2,235.4,86.5,326.8,1,-1,-1,-1
516,2,850.8,200.1,170.7,493.9,1,-1,-1,-1
516,283,975.5,205.6,116.6,461.2,1,-1,-1,-1
516,349,1212.8,64.5,350.0,903.2,1,-1,-1,-1
516,382,318.2,240.7,175.1,494.7,1,-1,-1,-1
516,369,474.7,151.7,197.4,581.6,1,-1,-1,-1
516,359,1101.9,271.6,102.1,300.9,1,-1,-1,-1
516,445,1064.2,305.9,48.8,196.6,1,-1,-1,-1
516,446,1853.4,350.5,64.3,115.3,1,-1,-1,-1
516,449,835.8,335.7,53.0,223.5,1,-1,-1,-1
517,2,850.4,197.8,169.7,494.7,1,-1,-1,-1
517,283,975.2,203.9,113.5,454.1,1,-1,-1,-1
517,349,1214.5,59.1,349.6,905.2,1,-1,-1,-1
517,382,306.9,239.9,177.5,502.9,1,-1,-1,-1
517,369,467.7,146.2,200.7,591.7,1,-1,-1,-1
517,359,1101.1,269.2,103.0,302.5,1,-1,-1,-1
517,445,1062.1,301.7,50.0,200.8,1,-1,-1,-1
517,446,1855.3,349.6,63.5,113.7,1,-1,-1,-1
517,449,835.6,332.0,53.4,224.3,1,-1,-1,-1
517,450,824.7,242.2,81.9,314.7,1,-1,-1,-1
518,2,849.6,196.5,169.0,497.1,1,-1,-1,-1
518,283,972.9,202.5,111.3,452.0,1,-1,-1,-1
518,349,1215.5,55.5,350.8,911.7,1,-1,-1,-1
518,382,298.7,236.3,182.0,515.6,1,-1,-1,-1
518,369,459.9,143.0,205.5,604.4,1,-1,-1,-1
518,359,1099.7,267.4,104.0,303.8,1,-1,-1,-1
518,445,1057.8,299.9,50.7,201.5,1,-1,-1,-1
518,446,1856.7,353.0,61.9,110.6,1,-1,-1,-1
518,449,835.7,301.7,59.6,252.0,1,-1,-1,-1
518,450,827.2,232.8,81.7,318.1,1,-1,-1,-1
519,2,849.5,195.4,167.4,496.3,1,-1,-1,-1
519,283,970.8,200.8,108.6,449.0,1,-1,-1,-1
519,349,1217.0,52.6,353.0,922.2,1,-1,-1,-1
519,382,287.1,232.1,185.4,527.7,1,-1,-1,-1
519,369,452.2,138.0,210.2,617.0,1,-1,-1,-1
519,359,1098.0,263.0,106.0,307.6,1,-1,-1,-1
519,445,1054.6,293.8,52.8,208.7,1,-1,-1,-1
519,446,1856.2,349.6,63.8,116.6,1,-1,-1,-1
519,449,839.5,313.1,56.5,239.7,1,-1,-1,-1
519,450,828.8,236.2,79.3,314.2,1,-1,-1,-1
520,2,849.9,194.5,166.4,497.4,1,-1,-1,-1
520,283,970.3,198.3,107.9,453.9,1,-1,-1,-1
520,349,1219.7,52.3,352.3,924.8,1,-1,-1,-1
520,382,277.5,228.1,187.3,535.2,1,-1,-1,-1
520,369,447.3,136.4,213.1,624.8,1,-1,-1,-1
520,359,1098.6,262.5,106.8,308.0,1,-1,-1,-1
520,445,1055.0,292.8,52.9,207.5,1,-1,-1,-1
520,446,1859.4,351.4,60.6,110.8,1,-1,-1,-1
520,449,841.8,313.2,56.1,239.5,1,-1,-1,-1
520,450,832.1,233.2,78.4,317.8,1,-1,-1,-1
521,2,853.7,197.8,164.2,496.5,1,-1,-1,-1
521,283,972.3,197.2,107.1,457.6,1,-1,-1,-1
521,349,1223.3,56.3,350.0,923.4,1,-1,-1,-1
521,382,272.2,226.5,189.5,540.2,1,-1,-1,-1
521,369,445.0,136.8,215.6,629.9,1,-1,-1,-1
521,359,1103.0,264.0,106.6,306.8,1,-1,-1,-1
521,445,1058.1,293.1,52.6,206.4,1,-1,-1,-1
521,446,1863.4,353.3,56.6,107.2,1,-1,-1,-1
521,449,846.3,319.4,55.0,235.4,1,-1,-1,-1
522,2,855.5,198.7,162.1,495.0,1,-1,-1,-1
522,283,974.8,196.4,105.5,455.0,1,-1,-1,-1
522,349,1223.6,59.4,350.0,929.9,1,-1,-1,-1
522,382,263.1,224.1,191.4,545.3,1,-1,-1,-1
522,369,441.3,131.9,219.3,639.1,1,-1,-1,-1
522,359,1104.4,261.0,106.9,306.9,1,-1,-1,-1
522,445,1060.3,290.2,52.9,207.2,1,-1,-1,-1
522,446,1865.4,351.0,54.6,110.2,1,-1,-1,-1
522,449,837.2,244.8,69.6,304.3,1,-1,-1,-1
523,2,858.7,197.5,160.3,495.0,1,-1,-1,-1
523,283,975.8,193.9,105.4,462.1,1,-1,-1,-1
523,349,1226.0,59.2,345.4,924.2,1,-1,-1,-1
523,382,254.5,219.1,194.4,552.9,1,-1,-1,-1
523,369,438.1,124.4,223.3,649.5,1,-1,-1,-1
523,359,1105.9,256.7,108.1,308.8,1,-1,-1,-1
523,445,1062.7,288.9,52.8,205.9,1,-1,-1,-1
523,449,843.9,215.6,72.3,325.7,1,-1,-1,-1
524,2,862.3,197.7,158.7,494.5,1,-1,-1,-1
524,283,977.8,192.4,104.6,464.7,1,-1,-1,-1
524,349,1229.3,58.5,341.9,920.4,1,-1,-1,-1
524,382,246.6,215.8,197.0,558.7,1,-1,-1,-1
524,369,436.1,117.7,227.2,659.0,1,-1,-1,-1
524,359,1108.0,255.9,108.5,307.6,1,-1,-1,-1
524,445,1064.7,287.3,53.3,206.9,1,-1,-1,-1
525,2,865.9,196.7,158.0,496.0,1,-1,-1,-1
525,283,981.2,192.6,104.2,468.0,1,-1,-1,-1
525,349,1229.6,55.8,344.0,931.8,1,-1,-1,-1
525,382,240.8,213.7,198.6,562.5,1,-1,-1,-1
525,369,434.3,112.5,231.0,667.4,1,-1,-1,-1
525,359,1110.2,253.5,110.3,311.0,1,-1,-1,-1
525,445,1066.9,285.2,54.2,208.0,1,-1,-1,-1
526,2,870.1,196.9,157.2,497.1,1,-1,-1,-1
526,283,985.4,194.4,102.4,468.1,1,-1,-1,-1
526,349,1230.5,54.5,346.6,945.8,1,-1,-1,-1
526,382,233.7,212.7,200.4,567.5,1,-1,-1,-1
526,369,432.6,108.7,234.9,674.4,1,-1,-1,-1
526,359,1114.1,252.6,111.9,314.1,1,-1,-1,-1
526,445,1069.7,282.8,56.3,215.1,1,-1,-1,-1
527,2,875.3,196.4,156.9,498.2,1,-1,-1,-1
527,283,990.1,196.5,100.7,467.3,1,-1,-1,-1
527,349,1234.2,53.5,345.0,946.2,1,-1,-1,-1
527,382,227.2,211.6,202.5,573.0,1,-1,-1,-1
527,369,429.5,105.2,239.5,681.8,1,-1,-1,-1
527,359,1119.0,255.6,112.6,313.8,1,-1,-1,-1
527,445,1074.2,283.3,57.3,217.9,1,-1,-1,-1
528,2,878.3,196.8,155.7,494.4,1,-1,-1,-1
528,283,994.4,198.6,99.8,468.0,1,-1,-1,-1
528,349,1237.0,52.3,343.0,943.7,1,-1,-1,-1
528,382,222.2,210.7,205.7,581.5,1,-1,-1,-1
528,369,426.0,102.6,245.0,691.5,1,-1,-1,-1
528,359,1122.0,253.1,113.7,316.9,1,-1,-1,-1
528,445,1078.4,284.6,57.5,216.7,1,-1,-1,-1
529,2,880.0,197.4,154.2,489.7,1,-1,-1,-1
529,283,998.9,204.5,97.5,461.7,1,-1,-1,-1
529,349,1240.1,50.4,341.9,942.4,1,-1,-1,-1
529,382,216.4,209.8,211.3,597.7,1,-1,-1,-1
529,369,423.1,99.7,249.9,699.2,1,-1,-1,-1
529,359,1125.8,254.7,114.2,317.6,1,-1,-1,-1
529,445,1083.5,286.1,58.0,215.7,1,-1,-1,-1
530,2,882.0,198.4,153.8,487.7,1,-1,-1,-1
530,283,1004.3,211.0,96.4,458.6,1,-1,-1,-1
530,349,1242.5,49.0,342.1,943.8,1,-1,-1,-1
530,382,210.2,209.0,217.5,616.5,1,-1,-1,-1
530,369,420.4,97.9,257.1,712.6,1,-1,-1,-1
530,359,1130.8,260.1,112.3,313.8,1,-1,-1,-1
530,445,1090.3,287.5,58.5,217.6,1,-1,-1,-1
531,2,883.6,199.3,153.8,486.8,1,-1,-1,-1
531,283,1009.8,207.0,96.6,457.0,1,-1,-1,-1
531,349,1245.5,47.0,343.0,944.5,1,-1,-1,-1
531,382,205.0,210.4,221.1,628.8,1,-1,-1,-1
531,369,415.1,94.6,266.6,733.3,1,-1,-1,-1
531,359,1134.4,263.1,112.0,313.0,1,-1,-1,-1
531,445,1094.6,291.6,57.4,213.0,1,-1,-1,-1
532,2,885.6,200.3,154.2,487.1,1,-1,-1,-1
532,283,1010.8,208.9,99.2,464.4,1,-1,-1,-1
532,349,1247.9,45.1,346.6,953.2,1,-1,-1,-1
532,382,201.0,211.2,221.7,633.0,1,-1,-1,-1
532,369,409.3,93.1,273.9,748.7,1,-1,-1,-1
532,359,1138.4,264.3,112.5,314.6,1,-1,-1,-1
532,445,1098.8,291.4,58.4,216.6,1,-1,-1,-1
533,2,888.4,201.9,155.0,487.7,1,-1,-1,-1
533,283,1010.4,207.0,101.2,469.5,1,-1,-1,-1
533,349,1251.6,43.8,348.4,955.6,1,-1,-1,-1
533,382,195.1,213.1,223.9,639.9,1,-1,-1,-1
533,369,402.2,91.1,279.1,759.9,1,-1,-1,-1
533,359,1143.1,265.5,113.2,316.5,1,-1,-1,-1
533,445,1103.7,293.5,58.8,215.8,1,-1,-1,-1
534,2,891.2,202.4,155.9,489.5,1,-1,-1,-1
534,283,1014.4,205.3,102.4,471.8,1,-1,-1,-1
534,349,1256.5,42.8,352.4,964.6,1,-1,-1,-1
534,382,188.3,212.9,226.7,648.9,1,-1,-1,-1
534,369,394.4,89.6,283.6,769.4,1,-1,-1,-1
534,359,1147.7,266.3,113.4,318.9,1,-1,-1,-1
534,445,1106.9,295.1,59.1,216.0,1,-1,-1,-1
535,2,894.0,203.2,156.7,490.8,1,-1,-1,-1
535,283,1015.9,204.9,102.9,471.7,1,-1,-1,-1
535,349,1261.5,41.8,356.0,972.8,1,-1,-1,-1
535,382,178.2,210.2,232.1,666.9,1,-1,-1,-1
535,369,384.4,86.8,288.8,781.7,1,-1,-1,-1
535,359,1153.7,267.4,114.6,321.3,1,-1,-1,-1
535,445,1110.3,296.7,59.2,216.2,1,-1,-1,-1
536,2,897.0,204.2,157.2,491.6,1,-1,-1,-1
536,283,1017.8,205.5,102.4,468.6,1,-1,-1,-1
536,349,1265.3,40.7,359.0,978.5,1,-1,-1,-1
536,382,167.4,207.4,236.3,680.6,1,-1,-1,-1
536,369,373.4,84.9,295.5,799.6,1,-1,-1,-1
536,359,1156.4,267.5,115.0,321.4,1,-1,-1,-1
536,445,1113.3,296.6,60.0,220.3,1,-1,-1,-1
537,2,899.6,206.3,156.9,491.0,1,-1,-1,-1
537,283,1018.7,206.2,101.8,464.1,1,-1,-1,-1
537,349,1269.5,39.6,360.8,980.9,1,-1,-1,-1
537,382,153.6,201.8,241.5,697.3,1,-1,-1,-1
537,369,364.1,79.0,302.6,821.1,1,-1,-1,-1
537,359,1157.0,268.0,115.8,321.4,1,-1,-1,-1
537,445,1114.1,293.9,61.5,226.5,1,-1,-1,-1
538,2,901.3,206.1,157.4,494.2,1,-1,-1,-1
538,283,1021.8,205.9,102.0,462.0,1,-1,-1,-1
538,349,1272.7,38.2,364.1,988.2,1,-1,-1,-1
538,382,139.5,197.4,245.5,709.9,1,-1,-1,-1
538,369,352.2,70.8,308.5,840.4,1,-1,-1,-1
538,359,1158.7,268.2,115.6,321.0,1,-1,-1,-1
538,445,1115.5,288.5,63.3,234.9,1,-1,-1,-1
538,472,1623.0,309.3,62.9,127.8,1,-1,-1,-1
539,2,901.7,204.7,157.5,496.3,1,-1,-1,-1
539,283,1024.7,202.5,101.8,456.9,1,-1,-1,-1
539,349,1273.1,36.6,368.7,998.8,1,-1,-1,-1
539,382,121.0,190.6,250.1,721.4,1,-1,-1,-1
539,369,341.8,60.4,315.8,861.8,1,-1,-1,-1
539,359,1156.2,262.5,116.8,326.5,1,-1,-1,-1
539,445,1116.2,282.8,64.1,240.2,1,-1,-1,-1
539,472,1628.4,309.5,61.2,124.4,1,-1,-1,-1
540,2,900.8,205.8,157.2,496.1,1,-1,-1,-1
540,283,1020.6,202.7,103.3,462.4,1,-1,-1,-1
540,349,1274.6,36.6,371.6,1006.0,1,-1,-1,-1
540,382,99.8,183.6,253.9,735.4,1,-1,-1,-1
540,369,323.4,50.8,318.2,877.2,1,-1,-1,-1
540,359,1150.5,263.3,116.6,326.3,1,-1,-1,-1
540,445,1115.7,285.2,62.7,236.1,1,-1,-1,-1
540,472,1633.1,310.2,62.4,127.0,1,-1,-1,-1
541,2,900.4,207.2,156.4,494.1,1,-1,-1,-1
541,283,1017.4,204.3,104.4,465.2,1,-1,-1,-1
541,349,1275.5,42.9,371.5,1003.9,1,-1,-1,-1
541,382,79.3,178.1,256.5,745.4,1,-1,-1,-1
541,369,306.7,40.4,321.8,891.6,1,-1,-1,-1
541,359,1145.8,265.9,115.8,324.8,1,-1,-1,-1
541,445,1115.3,297.4,59.0,222.0,1,-1,-1,-1
541,472,1631.9,298.5,69.5,141.9,1,-1,-1,-1
542,2,898.1,207.0,156.7,494.9,1,-1,-1,-1
542,283,1012.0,198.2,104.9,465.5,1,-1,-1,-1
542,349,1276.0,46.4,371.7,1003.2,1,-1,-1,-1
542,382,56.1,168.9,260.6,759.6,1,-1,-1,-1
542,369,284.4,27.9,324.7,907.5,1,-1,-1,-1
542,359,1141.8,264.7,114.9,325.9,1,-1,-1,-1
542,445,1111.8,305.4,56.1,214.7,1,-1,-1,-1
542,472,1631.3,292.5,72.7,149.3,1,-1,-1,-1
542,474,591.3,291.6,62.6,253.4,1,-1,-1,-1
543,2,895.8,205.2,157.1,495.6,1,-1,-1,-1
543,283,1013.2,198.0,105.7,465.1,1,-1,-1,-1
543,349,1278.9,46.5,370.4,998.8,1,-1,-1,-1
543,382,34.3,161.9,265.0,772.2,1,-1,-1,-1
543,369,265.2,25.2,324.9,914.4,1,-1,-1,-1
543,359,1135.4,262.7,114.9,328.1,1,-1,-1,-1
543,445,1109.7,294.5,57.8,222.6,1,-1,-1,-1
543,472,1633.5,296.4,70.7,145.7,1,-1,-1,-1
543,474,589.6,292.1,62.6,252.8,1,-1,-1,-1
544,2,894.7,204.1,155.5,489.2,1,-1,-1,-1
544,283,1013.0,198.4,106.6,465.8,1,-1,-1,-1
544,349,1280.3,47.4,372.3,1005.2,1,-1,-1,-1
544,382,12.0,155.1,269.7,788.6,1,-1,-1,-1
544,369,244.7,16.4,328.6,931.0,1,-1,-1,-1
544,359,1124.4,261.2,116.5,330.3,1,-1,-1,-1
544,472,1634.1,295.2,71.6,148.3,1,-1,-1,-1
544,474,584.5,290.6,63.0,254.3,1,-1,-1,-1
545,2,893.3,204.8,154.2,484.2,1,-1,-1,-1
545,283,1008.9,199.7,105.1,458.5,1,-1,-1,-1
545,349,1282.3,48.4,371.8,1005.1,1,-1,-1,-1
545,382,0.0,150.9,267.6,801.3,1,-1,-1,-1
545,369,222.3,7.4,335.4,950.9,1,-1,-1,-1
545,359,1119.9,262.4,116.6,329.8,1,-1,-1,-1
545,472,1637.1,304.1,67.3,140.1,1,-1,-1,-1
545,474,579.3,284.7,64.8,261.2,1,-1,-1,-1
546,2,890.3,205.8,153.5,481.4,1,-1,-1,-1
546,283,1008.2,200.2,100.1,436.3,1,-1,-1,-1
546,349,1283.2,50.4,369.9,1000.5,1,-1,-1,-1
546,382,0.0,144.9,255.5,816.4,1,-1,-1,-1
546,369,202.9,3.7,338.1,960.9,1,-1,-1,-1
546,359,1113.5,263.9,116.7,329.8,1,-1,-1,-1
546,472,1635.0,301.6,69.2,145.3,1,-1,-1,-1
546,474,575.0,284.2,65.4,262.8,1,-1,-1,-1
547,2,883.7,204.2,154.8,483.9,1,-1,-1,-1
547,283,1005.1,203.7,100.0,437.0,1,-1,-1,-1
547,349,1283.6,49.6,365.8,988.8,1,-1,-1,-1
547,382,0.0,133.7,252.3,840.0,1,-1,-1,-1
547,369,187.3,0.5,342.9,972.0,1,-1,-1,-1
547,359,1109.0,266.3,116.9,330.0,1,-1,-1,-1
547,472,1629.7,293.4,72.9,154.8,1,-1,-1,-1
547,474,572.7,285.4,65.9,261.8,1,-1,-1,-1
548,2,877.8,204.9,154.6,484.2,1,-1,-1,-1
548,283,1000.6,205.6,102.2,446.3,1,-1,-1,-1
548,349,1284.8,48.8,360.7,972.6,1,-1,-1,-1
548,382,0.0,131.3,242.8,845.5,1,-1,-1,-1
548,369,166.8,1.4,348.0,980.6,1,-1,-1,-1
548,359,1102.2,267.7,116.6,329.3,1,-1,-1,-1
548,472,1627.5,294.0,72.3,155.7,1,-1,-1,-1
548,474,564.6,285.4,65.9,261.9,1,-1,-1,-1
549,2,871.1,205.1,155.2,487.9,1,-1,-1,-1
549,283,1001.6,207.3,106.1,455.1,1,-1,-1,-1
549,349,1283.1,48.0,359.0,966.5,1,-1,-1,-1
549,382,0.0,142.8,232.9,834.4,1,-1,-1,-1
549,369,142.5,1.7,353.4,986.9,1,-1,-1,-1
549,359,1097.8,268.8,115.7,328.2,1,-1,-1,-1
549,472,1624.2,295.0,71.5,156.3,1,-1,-1,-1
549,474,557.0,288.8,65.9,260.9,1,-1,-1,-1
550,2,866.5,207.7,154.2,485.1,1,-1,-1,-1
550,283,1023.5,245.5,94.7,392.1,1,-1,-1,-1
550,349,1279.9,47.1,360.6,971.1,1,-1,-1,-1
550,382,0.0,162.8,217.7,824.2,1,-1,-1,-1
550,369,107.2,2.1,361.1,1005.0,1,-1,-1,-1
550,359,1092.8,270.4,114.9,328.4,1,-1,-1,-1
550,472,1618.5,288.3,74.3,164.8,1,-1,-1,-1
550,474,548.6,287.1,66.2,263.0,1,-1,-1,-1
550,476,1057.0,277.0,58.3,272.0,1,-1,-1,-1
551,2,860.6,211.3,153.0,484.4,1,-1,-1,-1
551,283,1028.4,270.9,90.3,358.7,1,-1,-1,-1
551,349,1276.8,45.8,363.4,980.7,1,-1,-1,-1
551,382,0.0,156.7,200.2,836.9,1,-1,-1,-1
551,369,77.7,1.4,373.1,1031.4,1,-1,-1,-1
551,359,1089.5,271.6,114.0,328.5,1,-1,-1,-1
551,472,1613.2,283.7,76.1,171.6,1,-1,-1,-1
551,474,545.1,286.7,67.5,265.1,1,-1,-1,-1
551,476,1044.7,277.6,66.1,307.6,1,-1,-1,-1
551,477,973.0,211.6,94.0,440.0,1,-1,-1,-1
552,2,855.8,213.7,151.5,481.2,1,-1,-1,-1
552,283,1026.8,283.1,91.0,347.8,1,-1,-1,-1
552,349,1276.2,44.8,363.0,982.2,1,-1,-1,-1
552,382,0.0,179.0,181.8,822.3,1,-1,-1,-1
552,369,57.2,1.3,377.3,1028.0,1,-1,-1,-1
552,359,1084.1,268.0,114.9,334.1,1,-1,-1,-1
552,472,1610.3,281.1,76.7,175.5,1,-1,-1,-1
552,474,537.6,286.9,68.0,267.5,1,-1,-1,-1
552,476,1038.1,280.8,72.2,335.5,1,-1,-1,-1
552,477,968.3,214.7,94.9,444.5,1,-1,-1,-1
553,2,850.2,215.2,150.1,478.5,1,-1,-1,-1
553,283,1023.4,283.0,94.9,351.8,1,-1,-1,-1
553,349,1277.0,45.2,361.1,980.6,1,-1,-1,-1
553,382,0.0,179.5,165.6,826.4,1,-1,-1,-1
553,369,33.2,3.7,387.6,1039.8,1,-1,-1,-1
553,359,1084.6,267.5,113.7,336.5,1,-1,-1,-1
553,472,1609.6,283.2,75.1,173.3,1,-1,-1,-1
553,474,535.3,286.1,69.5,269.6,1,-1,-1,-1
553,476,1039.0,278.8,73.1,338.4,1,-1,-1,-1
553,477,965.2,216.0,97.5,458.2,1,-1,-1,-1
554,2,845.3,217.8,149.7,479.8,1,-1,-1,-1
554,283,1021.8,278.0,99.4,359.4,1,-1,-1,-1
554,349,1276.7,46.4,361.6,987.6,1,-1,-1,-1
554,369,16.6,3.5,395.4,1050.6,1,-1,-1,-1
554,359,1082.7,267.7,112.4,337.5,1,-1,-1,-1
554,472,1615.7,314.5,63.7,143.2,1,-1,-1,-1
554,474,529.3,289.0,69.4,267.4,1,-1,-1,-1
554,476,1049.4,271.4,82.6,363.3,1,-1,-1,-1
554,477,965.8,215.7,94.7,446.4,1,-1,-1,-1
555,2,842.6,218.2,149.1,481.4,1,-1,-1,-1
555,283,1032.0,274.4,105.1,363.6,1,-1,-1,-1
555,349,1277.8,48.0,357.6,981.8,1,-1,-1,-1
555,369,4.5,3.2,399.9,1057.7,1,-1,-1,-1
555,359,1081.5,274.6,109.6,341.0,1,-1,-1,-1
555,472,1608.8,296.4,72.3,163.5,1,-1,-1,-1
555,474,524.1,289.3,70.3,268.7,1,-1,-1,-1
555,477,965.1,215.5,93.1,439.1,1,-1,-1,-1
556,2,839.9,219.4,148.8,483.6,1,-1,-1,-1
556,283,1042.2,277.3,107.0,360.0,1,-1,-1,-1
556,349,1263.4,29.3,371.2,1027.4,1,-1,-1,-1
556,369,0.0,1.2,400.0,1069.0,1,-1,-1,-1
556,359,1084.1,278.3,106.5,346.9,1,-1,-1,-1
556,472,1609.0,293.9,74.2,167.5,1,-1,-1,-1
556,474,518.7,288.5,71.6,273.4,1,-1,-1,-1
556,477,961.0,219.6,96.4,454.1,1,-1,-1,-1
557,2,836.4,219.9,148.4,485.0,1,-1,-1,-1
557,283,1047.7,273.2,110.1,366.2,1,-1,-1,-1
557,349,1259.4,25.5,373.2,1041.5,1,-1,-1,-1
557,369,0.0,0.0,392.3,1067.4,1,-1,-1,-1
557,472,1607.3,294.0,74.3,167.2,1,-1,-1,-1
557,474,515.2,289.6,71.6,273.6,1,-1,-1,-1
557,477,958.8,221.4,98.2,460.7,1,-1,-1,-1
558,2,833.6,220.2,148.2,485.8,1,-1,-1,-1
558,283,1051.6,264.1,114.2,378.9,1,-1,-1,-1
558,349,1261.1,26.3,371.3,1047.7,1,-1,-1,-1
558,369,0.0,7.6,381.8,1063.3,1,-1,-1,-1
558,472,1608.1,293.2,75.9,169.1,1,-1,-1,-1
558,474,514.6,290.2,71.6,273.9,1,-1,-1,-1
558,477,958.7,219.3,99.4,465.2,1,-1,-1,-1
559,2,831.4,220.5,148.3,484.6,1,-1,-1,-1
559,283,1058.0,259.3,117.3,387.2,1,-1,-1,-1
559,349,1272.3,45.2,356.2,1016.6,1,-1,-1,-1
559,369,0.0,4.4,375.1,1064.3,1,-1,-1,-1
559,472,1608.9,292.3,79.0,172.4,1,-1,-1,-1
559,474,515.3,293.1,71.7,273.7,1,-1,-1,-1
559,477,961.0,220.8,99.9,461.9,1,-1,-1,-1
560,2,828.4,221.1,147.4,477.6,1,-1,-1,-1
560,283,1063.1,274.3,113.5,375.8,1,-1,-1,-1
560,349,1278.2,55.6,346.6,998.6,1,-1,-1,-1
560,369,0.0,1.0,368.1,1068.9,1,-1,-1,-1
560,472,1609.6,291.1,82.3,176.0,1,-1,-1,-1
560,474,516.8,293.8,72.4,275.4,1,-1,-1,-1
560,477,959.8,221.1,100.4,458.5,1,-1,-1,-1
561,2,825.3,219.6,147.6,474.7,1,-1,-1,-1
561,283,1067.8,274.3,113.3,374.5,1,-1,-1,-1
561,349,1280.5,59.0,341.6,992.6,1,-1,-1,-1
561,369,0.0,0.0,358.0,1067.9,1,-1,-1,-1
561,472,1614.2,290.0,84.9,176.8,1,-1,-1,-1
561,474,518.8,293.8,72.3,274.9,1,-1,-1,-1
561,477,961.1,217.7,101.3,458.1,1,-1,-1,-1
562,2,823.2,218.7,148.5,474.1,1,-1,-1,-1
562,283,1086.2,272.8,114.0,378.6,1,-1,-1,-1
562,349,1285.1,57.5,337.5,987.9,1,-1,-1,-1
562,369,0.0,0.0,351.6,1063.7,1,-1,-1,-1
562,472,1622.8,288.6,88.0,178.7,1,-1,-1,-1
562,474,521.6,294.4,72.5,274.5,1,-1,-1,-1
562,477,965.0,217.5,102.3,456.9,1,-1,-1,-1
562,476,1059.5,274.7,80.8,353.6,1,-1,-1,-1
563,2,824.2,218.8,150.1,474.1,1,-1,-1,-1
563,283,1106.7,274.1,116.0,381.3,1,-1,-1,-1
563,349,1291.4,56.6,336.8,990.4,1,-1,-1,-1
563,369,0.0,0.0,344.1,1064.5,1,-1,-1,-1
563,472,1631.9,286.8,91.8,182.4,1,-1,-1,-1
563,474,526.4,293.5,73.5,278.3,1,-1,-1,-1
563,477,967.5,217.1,103.8,460.3,1,-1,-1,-1
563,476,1068.0,275.4,80.4,348.1,1,-1,-1,-1
564,2,826.7,220.5,152.0,474.7,1,-1,-1,-1
564,283,1124.7,275.3,118.6,382.3,1,-1,-1,-1
564,349,1301.1,56.0,337.5,992.2,1,-1,-1,-1
564,369,0.0,0.0,328.1,1060.6,1,-1,-1,-1
564,472,1645.6,284.5,96.2,187.6,1,-1,-1,-1
564,474,533.8,299.0,72.9,275.0,1,-1,-1,-1
564,477,972.2,216.6,105.4,463.0,1,-1,-1,-1
564,476,1077.8,274.4,80.1,344.3,1,-1,-1,-1
565,2,832.9,223.8,152.9,474.9,1,-1,-1,-1
565,283,1143.4,278.0,123.3,383.9,1,-1,-1,-1
565,349,1310.5,54.4,340.2,996.1,1,-1,-1,-1
565,369,0.0,1.7,318.8,1054.3,1,-1,-1,-1
565,472,1660.2,283.3,100.8,192.8,1,-1,-1,-1
565,474,541.0,295.9,74.5,279.7,1,-1,-1,-1
565,477,978.3,217.8,106.4,462.2,1,-1,-1,-1
565,476,1085.8,275.7,81.6,343.0,1,-1,-1,-1
566,2,839.0,225.0,154.4,477.5,1,-1,-1,-1
566,283,1158.9,279.8,129.2,385.8,1,-1,-1,-1
566,349,1320.6,54.1,344.1,997.1,1,-1,-1,-1
566,369,0.0,1.0,276.2,860.0,1,-1,-1,-1
566,472,1673.1,282.8,103.2,195.0,1,-1,-1,-1
566,474,548.5,298.5,75.0,278.4,1,-1,-1,-1
566,477,983.5,218.7,108.2,464.7,1,-1,-1,-1
566,476,1094.2,274.8,84.1,341.6,1,-1,-1,-1
567,2,844.2,226.9,155.7,479.8,1,-1,-1,-1
567,283,1174.6,278.5,138.0,390.4,1,-1,-1,-1
567,349,1327.1,54.5,349.5,1000.6,1,-1,-1,-1
567,369,0.0,0.1,284.0,991.1,1,-1,-1,-1
567,472,1686.2,283.5,104.1,196.9,1,-1,-1,-1
567,474,553.0,296.7,76.0,281.5,1,-1,-1,-1
567,477,990.9,219.5,108.8,466.3,1,-1,-1,-1
567,476,1101.8,275.7,86.5,343.5,1,-1,-1,-1
568,2,850.1,229.4,156.4,481.0,1,-1,-1,-1
568,283,1177.9,278.8,144.2,394.2,1,-1,-1,-1
568,349,1331.8,55.3,357.9,1010.4,1,-1,-1,-1
568,472,1701.5,284.8,103.8,196.0,1,-1,-1,-1
568,474,557.5,294.8,77.6,286.4,1,-1,-1,-1
568,477,995.0,219.9,109.6,468.3,1,-1,-1,-1
568,476,1108.7,276.5,89.2,346.0,1,-1,-1,-1
569,2,854.3,230.2,156.7,481.9,1,-1,-1,-1
569,283,1183.1,279.8,150.5,398.1,1,-1,-1,-1
569,349,1336.1,56.1,364.0,1013.3,1,-1,-1,-1
569,472,1716.4,286.0,103.8,196.0,1,-1,-1,-1
569,474,562.0,296.8,77.8,285.9,1,-1,-1,-1
569,477,1000.8,221.3,110.9,470.9,1,-1,-1,-1
569,476,1114.6,276.7,91.4,347.7,1,-1,-1,-1
570,2,859.4,232.8,157.2,482.2,1,-1,-1,-1
570,283,1186.4,281.2,156.5,401.6,1,-1,-1,-1
570,349,1342.9,57.1,370.6,1013.6,1,-1,-1,-1
570,472,1726.0,287.9,104.4,197.6,1,-1,-1,-1
570,474,566.7,297.2,78.0,285.9,1,-1,-1,-1
570,477,1006.2,225.7,111.8,471.8,1,-1,-1,-1
570,476,1120.0,278.7,93.8,348.3,1,-1,-1,-1
571,2,866.7,237.2,156.3,479.2,1,-1,-1,-1
571,283,1191.3,282.0,161.5,404.4,1,-1,-1,-1
571,349,1349.6,57.6,376.6,1013.7,1,-1,-1,-1
571,472,1737.1,290.3,105.6,200.1,1,-1,-1,-1
571,474,574.1,296.6,79.2,288.0,1,-1,-1,-1
571,477,1012.4,231.6,111.8,469.7,1,-1,-1,-1
571,476,1127.9,281.8,97.3,351.1,1,-1,-1,-1
572,2,872.6,241.0,155.1,476.0,1,-1,-1,-1
572,283,1199.2,283.4,163.9,406.7,1,-1,-1,-1
572,349,1353.6,57.9,382.8,1015.2,1,-1,-1,-1
572,472,1748.2,292.0,107.2,203.2,1,-1,-1,-1
572,474,578.7,301.4,79.0,284.6,1,-1,-1,-1
572,477,1014.9,233.5,112.7,469.1,1,-1,-1,-1
572,476,1135.9,282.6,99.9,351.9,1,-1,-1,-1
573,2,879.2,242.6,154.8,474.7,1,-1,-1,-1
573,283,1216.3,282.7,166.5,410.8,1,-1,-1,-1
573,349,1359.2,58.6,388.5,1016.6,1,-1,-1,-1
573,472,1758.3,294.0,107.1,202.8,1,-1,-1,-1
573,474,583.2,303.6,79.0,283.8,1,-1,-1,-1
573,477,1018.6,234.6,113.9,470.5,1,-1,-1,-1
573,476,1140.2,282.3,102.9,354.1,1,-1,-1,-1
574,2,883.8,242.4,154.3,472.8,1,-1,-1,-1
574,283,1228.8,282.6,167.5,413.6,1,-1,-1,-1
574,349,1366.5,58.7,393.2,1015.7,1,-1,-1,-1
574,472,1768.1,295.4,107.1,202.2,1,-1,-1,-1
574,474,586.2,304.2,78.7,283.4,1,-1,-1,-1
574,477,1026.3,235.6,113.8,469.0,1,-1,-1,-1
574,476,1144.1,281.9,105.9,356.9,1,-1,-1,-1
575,2,886.9,241.4,154.0,471.9,1,-1,-1,-1
575,283,1245.2,282.2,167.0,416.9,1,-1,-1,-1
575,349,1369.9,60.6,396.8,1014.1,1,-1,-1,-1
575,472,1779.2,296.0,105.4,197.6,1,-1,-1,-1
575,474,588.5,302.1,79.1,286.1,1,-1,-1,-1
575,477,1028.8,236.6,114.0,467.2,1,-1,-1,-1
575,476,1148.4,282.1,108.7,359.2,1,-1,-1,-1
576,2,890.2,242.2,153.5,470.1,1,-1,-1,-1
576,283,1259.0,281.9,166.6,423.1,1,-1,-1,-1
576,349,1373.6,63.0,399.4,1012.7,1,-1,-1,-1
576,472,1787.8,297.7,106.8,198.9,1,-1,-1,-1
576,474,591.1,301.2,79.3,288.8,1,-1,-1,-1
576,477,1033.3,237.6,114.1,466.0,1,-1,-1,-1
576,476,1152.7,284.2,111.2,361.8,1,-1,-1,-1
577,2,892.4,241.1,152.6,466.8,1,-1,-1,-1
577,283,1275.5,279.0,165.1,429.1,1,-1,-1,-1
577,349,1379.5,64.0,401.4,1010.8,1,-1,-1,-1
577,472,1796.8,297.5,109.2,200.3,1,-1,-1,-1
577,474,593.0,301.8,78.9,288.6,1,-1,-1,-1
577,477,1035.5,236.0,114.7,468.5,1,-1,-1,-1
577,476,1154.5,286.2,112.6,361.1,1,-1,-1,-1
578,2,892.8,239.7,153.2,469.0,1,-1,-1,-1
578,283,1295.8,275.8,164.2,438.0,1,-1,-1,-1
578,349,1385.7,66.0,403.5,1009.6,1,-1,-1,-1
578,472,1801.6,297.5,113.2,205.9,1,-1,-1,-1
578,474,594.2,296.2,81.0,296.1,1,-1,-1,-1
578,477,1037.0,234.3,115.3,470.1,1,-1,-1,-1
578,476,1155.6,285.5,114.6,364.1,1,-1,-1,-1
579,2,892.4,242.2,153.3,469.3,1,-1,-1,-1
579,283,1308.8,281.2,160.7,442.9,1,-1,-1,-1
579,349,1394.5,69.6,404.6,1007.4,1,-1,-1,-1
579,472,1804.5,300.6,115.5,210.3,1,-1,-1,-1
579,474,591.4,297.7,80.4,296.5,1,-1,-1,-1
579,477,1036.8,236.2,115.7,470.7,1,-1,-1,-1
579,476,1154.0,287.8,115.9,366.1,1,-1,-1,-1
579,501,1225.7,308.9,61.1,299.4,1,-1,-1,-1
580,2,889.7,244.5,152.6,468.1,1,-1,-1,-1
580,283,1320.6,285.9,158.2,445.3,1,-1,-1,-1
580,349,1402.4,72.2,405.3,1005.4,1,-1,-1,-1
580,472,1807.9,303.7,112.1,210.7,1,-1,-1,-1
580,474,588.0,303.9,78.6,291.6,1,-1,-1,-1
580,477,1034.5,237.6,116.4,471.2,1,-1,-1,-1
580,476,1152.1,287.8,116.5,366.2,1,-1,-1,-1
580,501,1226.4,309.1,57.8,282.9,1,-1,-1,-1
581,2,887.3,246.6,152.3,467.6,1,-1,-1,-1
581,283,1333.9,286.1,158.8,451.8,1,-1,-1,-1
581,349,1413.4,74.7,405.8,1004.9,1,-1,-1,-1
581,472,1813.4,305.2,106.6,212.3,1,-1,-1,-1
581,474,584.6,303.9,78.4,292.5,1,-1,-1,-1
581,477,1032.0,237.6,116.7,469.3,1,-1,-1,-1
581,476,1150.2,289.0,116.7,366.6,1,-1,-1,-1
581,501,1227.5,309.3,57.3,280.1,1,-1,-1,-1
582,2,884.5,247.8,151.6,467.1,1,-1,-1,-1
582,283,1344.5,286.2,160.5,454.1,1,-1,-1,-1
582,349,1424.3,72.9,406.9,1005.6,1,-1,-1,-1
582,472,1818.1,306.2,101.9,214.7,1,-1,-1,-1
582,474,582.4,305.0,77.9,291.9,1,-1,-1,-1
582,477,1030.7,237.2,117.4,467.4,1,-1,-1,-1
582,476,1150.2,289.3,117.5,368.0,1,-1,-1,-1
582,501,1229.0,309.9,55.1,267.0,1,-1,-1,-1
583,2,881.3,248.5,151.2,469.0,1,-1,-1,-1
583,283,1349.1,287.1,161.5,454.8,1,-1,-1,-1
583,349,1436.1,75.9,406.2,1002.2,1,-1,-1,-1
583,472,1824.4,307.5,95.6,214.2,1,-1,-1,-1
583,474,579.4,305.1,78.6,294.9,1,-1,-1,-1
583,477,1025.8,237.4,119.6,467.1,1,-1,-1,-1
583,476,1148.9,289.7,118.4,369.8,1,-1,-1,-1
583,501,1233.3,310.9,47.6,225.9,1,-1,-1,-1
584,2,876.3,251.2,150.5,469.9,1,-1,-1,-1
584,283,1348.0,287.9,162.4,455.5,1,-1,-1,-1
584,349,1443.3,77.0,406.9,1001.6,1,-1,-1,-1
584,472,1827.7,308.3,92.3,220.0,1,-1,-1,-1
584,474,576.0,300.2,79.9,302.0,1,-1,-1,-1
584,477,1022.9,237.6,121.7,467.4,1,-1,-1,-1
584,476,1146.5,289.8,119.7,373.1,1,-1,-1,-1
584,501,1233.3,312.1,44.2,204.3,1,-1,-1,-1
585,2,870.7,252.5,150.1,470.7,1,-1,-1,-1
585,283,1347.0,287.5,164.4,458.4,1,-1,-1,-1
585,349,1451.0,77.1,407.5,999.8,1,-1,-1,-1
585,472,1831.6,308.9,88.4,224.3,1,-1,-1,-1
585,474,571.4,296.5,80.5,306.8,1,-1,-1,-1
585,477,1019.4,234.7,123.9,468.9,1,-1,-1,-1
585,476,1144.2,290.7,120.7,373.9,1,-1,-1,-1
585,501,1232.9,310.8,44.3,199.7,1,-1,-1,-1
586,2,864.9,254.1,149.6,472.6,1,-1,-1,-1
586,283,1347.1,286.1,166.0,460.0,1,-1,-1,-1
586,349,1459.8,78.2,408.2,999.3,1,-1,-1,-1
586,472,1835.5,309.8,84.5,222.2,1,-1,-1,-1
586,474,566.9,297.2,80.5,308.4,1,-1,-1,-1
586,477,1014.7,233.0,125.9,469.1,1,-1,-1,-1
586,476,1142.9,291.0,121.7,375.6,1,-1,-1,-1
586,501,1231.9,309.7,45.7,200.7,1,-1,-1,-1
587,2,860.0,255.5,148.3,471.5,1,-1,-1,-1
587,283,1349.5,285.2,167.7,459.5,1,-1,-1,-1
587,349,1464.1,78.1,408.8,1000.0,1,-1,-1,-1
587,472,1839.4,310.4,80.6,217.2,1,-1,-1,-1
587,474,562.9,301.1,79.5,307.2,1,-1,-1,-1
587,477,1004.6,235.5,127.7,469.8,1,-1,-1,-1
587,476,1141.6,292.2,121.2,373.7,1,-1,-1,-1
587,501,1229.9,309.3,46.8,200.5,1,-1,-1,-1
588,2,855.8,256.5,146.5,469.3,1,-1,-1,-1
588,283,1349.8,283.9,171.9,465.3,1,-1,-1,-1
588,349,1468.1,76.4,409.1,1000.9,1,-1,-1,-1
588,472,1841.6,310.1,78.4,217.0,1,-1,-1,-1
588,474,557.3,303.1,78.6,303.8,1,-1,-1,-1
588,477,1000.4,237.6,130.6,469.9,1,-1,-1,-1
588,476,1141.6,292.7,121.4,374.7,1,-1,-1,-1
588,501,1220.7,299.2,51.4,210.5,1,-1,-1,-1
589,2,849.3,255.4,146.1,470.6,1,-1,-1,-1
589,283,1351.2,281.1,176.5,472.4,1,-1,-1,-1
589,349,1473.2,75.3,408.1,1000.2,1,-1,-1,-1
589,474,552.4,303.6,79.0,304.8,1,-1,-1,-1
589,477,990.6,238.5,132.7,470.6,1,-1,-1,-1
589,476,1143.9,292.0,122.6,377.3,1,-1,-1,-1
589,501,1216.6,295.2,54.7,215.6,1,-1,-1,-1
590,2,842.7,253.6,145.8,470.7,1,-1,-1,-1
590,283,1357.9,278.1,178.4,475.9,1,-1,-1,-1
590,349,1476.3,73.3,407.8,1001.4,1,-1,-1,-1
590,474,548.5,304.6,79.4,305.2,1,-1,-1,-1
590,477,984.0,238.8,135.1,473.3,1,-1,-1,-1
590,476,1146.2,291.5,123.9,379.3,1,-1,-1,-1
590,501,1214.5,293.5,57.7,221.3,1,-1,-1,-1
591,2,835.5,252.2,145.7,470.3,1,-1,-1,-1
591,283,1368.5,273.4,180.0,483.1,1,-1,-1,-1
591,349,1481.5,71.1,406.1,999.1,1,-1,-1,-1
591,474,543.6,304.0,79.6,306.9,1,-1,-1,-1
591,477,978.7,238.9,137.0,475.4,1,-1,-1,-1
591,476,1145.3,285.2,125.5,384.2,1,-1,-1,-1
591,501,1213.3,291.8,59.1,224.3,1,-1,-1,-1
591,508,1105.7,322.9,45.3,239.5,1,-1,-1,-1
591,509,1091.9,303.2,63.3,259.6,1,-1,-1,-1
592,2,828.3,251.6,144.3,463.2,1,-1,-1,-1
592,283,1382.8,272.1,177.8,485.3,1,-1,-1,-1
592,349,1485.3,71.8,403.3,992.0,1,-1,-1,-1
592,474,539.9,302.8,79.5,307.1,1,-1,-1,-1
592,477,975.9,239.3,137.6,474.6,1,-1,-1,-1
592,476,1147.9,286.2,127.1,386.2,1,-1,-1,-1
592,508,1106.3,328.2,44.5,234.8,1,-1,-1,-1
592,509,1092.0,308.8,62.2,254.3,1,-1,-1,-1
593,2,822.3,249.7,144.8,460.9,1,-1,-1,-1
593,283,1406.5,269.1,173.3,487.7,1,-1,-1,-1
593,349,1488.7,67.2,401.7,989.5,1,-1,-1,-1
593,474,535.7,304.7,79.7,308.1,1,-1,-1,-1
593,477,974.9,240.0,138.2,474.7,1,-1,-1,-1
593,476,1148.8,285.2,128.5,389.2,1,-1,-1,-1
593,508,1108.8,329.0,44.3,232.6,1,-1,-1,-1
593,511,1462.8,270.8,83.7,351.9,1,-1,-1,-1
594,2,817.1,248.7,147.0,461.1,1,-1,-1,-1
594,283,1427.9,314.6,153.8,443.4,1,-1,-1,-1
594,349,1489.4,66.1,401.4,989.4,1,-1,-1,-1
594,474,534.1,315.2,78.0,300.9,1,-1,-1,-1
594,477,974.2,241.2,138.6,475.3,1,-1,-1,-1
594,476,1150.4,284.5,130.0,392.3,1,-1,-1,-1
594,508,1108.7,328.8,45.0,233.8,1,-1,-1,-1
595,2,813.3,248.8,148.9,462.5,1,-1,-1,-1
595,283,1445.6,347.1,138.7,410.5,1,-1,-1,-1
595,349,1489.9,65.4,401.7,992.4,1,-1,-1,-1
595,474,532.5,311.8,79.4,305.8,1,-1,-1,-1
595,477,974.0,242.5,139.4,475.5,1,-1,-1,-1
595,476,1152.5,282.2,131.8,395.6,1,-1,-1,-1
595,508,1109.6,328.9,45.9,234.6,1,-1,-1,-1
596,2,809.9,248.6,151.8,464.1,1,-1,-1,-1
596,349,1493.8,63.7,400.2,991.4,1,-1,-1,-1
596,474,530.5,307.9,81.0,311.1,1,-1,-1,-1
596,477,974.6,243.4,140.2,475.9,1,-1,-1,-1
596,476,1151.1,278.9,132.3,398.6,1,-1,-1,-1
596,508,1111.6,327.5,47.0,236.7,1,-1,-1,-1
597,2,805.1,247.9,154.4,467.7,1,-1,-1,-1
597,349,1496.8,60.3,399.5,994.5,1,-1,-1,-1
597,474,530.1,313.5,80.1,306.9,1,-1,-1,-1
597,477,975.6,244.1,141.0,476.6,1,-1,-1,-1
597,476,1151.1,277.1,133.1,402.1,1,-1,-1,-1
597,508,1112.2,327.9,48.0,237.5,1,-1,-1,-1
598,2,801.9,252.7,154.8,466.6,1,-1,-1,-1
598,349,1499.3,57.8,403.6,1011.1,1,-1,-1,-1
598,474,531.4,318.6,79.1,304.2,1,-1,-1,-1
598,477,976.0,246.2,142.5,480.1,1,-1,-1,-1
598,476,1155.2,279.3,134.0,402.6,1,-1,-1,-1
598,508,1113.7,330.4,48.9,238.3,1,-1,-1,-1
599,2,801.5,256.2,155.1,465.9,1,-1,-1,-1
599,349,1504.4,58.5,401.3,1011.5,1,-1,-1,-1
599,474,531.7,319.7,79.4,305.9,1,-1,-1,-1
599,477,978.2,247.9,143.1,481.3,1,-1,-1,-1
599,476,1162.2,283.1,134.1,401.4,1,-1,-1,-1
599,508,1113.7,329.8,50.2,239.8,1,-1,-1,-1
600,2,803.4,259.7,155.5,466.2,1,-1,-1,-1
600,349,1507.9,54.9,402.9,1019.4,1,-1,-1,-1
600,474,533.9,320.4,79.9,308.1,1,-1,-1,-1
600,477,982.5,249.2,142.6,480.0,1,-1,-1,-1
600,476,1169.3,282.3,135.2,404.2,1,-1,-1,-1
600,508,1116.7,328.8,51.3,241.1,1,-1,-1,-1
600,516,944.8,362.4,47.4,170.5,1,-1,-1,-1
601,2,805.7,263.7,156.0,468.2,1,-1,-1,-1
601,349,1514.5,58.1,401.8,1017.9,1,-1,-1,-1
601,474,535.9,319.8,81.3,312.5,1,-1,-1,-1
601,477,985.4,249.8,142.7,481.1,1,-1,-1,-1
601,476,1175.2,280.7,136.7,408.9,1,-1,-1,-1
601,508,1122.4,332.4,51.7,237.8,1,-1,-1,-1
601,516,948.5,363.0,47.5,170.4,1,-1,-1,-1
601,517,1170.9,326.0,54.1,200.5,1,-1,-1,-1
602,2,810.5,267.5,156.6,470.1,1,-1,-1,-1
602,349,1516.5,60.0,401.1,1014.0,1,-1,-1,-1
602,474,538.5,319.2,82.6,316.8,1,-1,-1,-1
602,477,988.8,251.4,142.9,482.5,1,-1,-1,-1
602,476,1181.7,281.2,138.3,412.7,1,-1,-1,-1
602,508,1126.6,337.8,51.9,234.7,1,-1,-1,-1
602,516,951.6,361.7,49.0,175.1,1,-1,-1,-1
602,517,1174.6,320.2,64.2,238.5,1,-1,-1,-1
603,2,815.7,272.2,156.1,467.9,1,-1,-1,-1
603,349,1518.0,59.0,402.0,1016.5,1,-1,-1,-1
603,474,541.2,320.2,84.0,321.3,1,-1,-1,-1
603,477,996.6,253.7,141.9,480.8,1,-1,-1,-1
603,476,1190.9,285.3,139.8,415.1,1,-1,-1,-1
603,508,1132.2,345.8,51.8,230.1,1,-1,-1,-1
603,516,956.1,361.7,50.4,179.1,1,-1,-1,-1
603,517,1181.7,314.6,78.2,290.7,1,-1,-1,-1
604,2,819.8,275.6,156.1,468.8,1,-1,-1,-1
604,349,1520.3,63.5,399.7,1015.3,1,-1,-1,-1
604,474,545.3,324.8,84.4,321.0,1,-1,-1,-1
604,477,1002.9,258.4,140.2,477.1,1,-1,-1,-1
604,476,1199.8,287.5,141.2,419.3,1,-1,-1,-1
604,508,1137.6,350.5,52.6,230.6,1,-1,-1,-1
604,516,962.2,373.0,48.9,172.5,1,-1,-1,-1
604,517,1185.3,325.1,77.9,291.3,1,-1,-1,-1
605,2,826.6,277.8,156.5,469.3,1,-1,-1,-1
605,349,1524.0,65.6,396.0,1011.6,1,-1,-1,-1
605,474,551.5,322.6,86.2,327.0,1,-1,-1,-1
605,477,1009.8,261.6,137.1,467.4,1,-1,-1,-1
605,476,1209.5,289.4,142.8,422.5,1,-1,-1,-1
605,508,1142.4,353.9,53.2,229.1,1,-1,-1,-1
605,517,1191.4,335.2,77.8,292.3,1,-1,-1,-1
606,2,835.0,278.7,156.9,471.0,1,-1,-1,-1
606,349,1529.1,68.4,390.9,1004.9,1,-1,-1,-1
606,474,557.2,324.2,86.4,328.0,1,-1,-1,-1
606,477,1016.2,260.6,136.7,468.1,1,-1,-1,-1
606,476,1220.3,291.2,143.2,423.8,1,-1,-1,-1
606,508,1147.5,356.0,54.4,230.1,1,-1,-1,-1
606,517,1199.4,340.3,78.3,296.1,1,-1,-1,-1
607,2,841.8,280.2,155.2,467.2,1,-1,-1,-1
607,349,1534.7,70.4,385.3,1001.1,1,-1,-1,-1
607,474,563.1,326.1,86.1,327.4,1,-1,-1,-1
607,477,1023.0,261.6,136.7,469.1,1,-1,-1,-1
607,476,1232.8,292.0,143.4,424.2,1,-1,-1,-1
607,508,1154.3,359.1,55.4,230.4,1,-1,-1,-1
607,517,1211.3,329.8,80.7,305.3,1,-1,-1,-1
608,2,848.5,280.0,154.2,465.4,1,-1,-1,-1
608,349,1542.3,75.4,377.7,996.2,1,-1,-1,-1
608,474,568.6,326.5,86.0,327.4,1,-1,-1,-1
608,477,1031.4,262.4,136.6,470.0,1,-1,-1,-1
608,476,1244.1,292.7,143.9,428.0,1,-1,-1,-1
608,508,1161.2,358.7,56.4,230.6,1,-1,-1,-1
608,517,1218.7,333.6,79.1,301.0,1,-1,-1,-1
609,2,855.4,280.5,152.8,462.2,1,-1,-1,-1
609,349,1548.9,79.0,371.1,992.4,1,-1,-1,-1
609,474,574.2,326.5,86.4,327.9,1,-1,-1,-1
609,477,1037.3,263.8,136.5,470.3,1,-1,-1,-1
609,476,1258.5,293.1,143.0,429.3,1,-1,-1,-1
609,508,1166.6,357.4,57.3,230.4,1,-1,-1,-1
609,517,1226.9,334.9,82.3,314.8,1,-1,-1,-1
610,2,862.5,279.4,152.5,462.7,1,-1,-1,-1
610,349,1558.0,80.7,362.0,989.7,1,-1,-1,-1
610,474,579.5,328.3,86.7,326.3,1,-1,-1,-1
610,477,1041.6,265.5,137.1,472.0,1,-1,-1,-1
610,476,1269.2,291.7,142.8,431.2,1,-1,-1,-1
610,508,1171.9,358.0,58.7,232.5,1,-1,-1,-1
610,517,1232.7,342.5,80.6,309.2,1,-1,-1,-1
611,2,867.6,280.4,151.9,462.9,1,-1,-1,-1
611,349,1566.5,80.5,353.5,985.6,1,-1,-1,-1
611,474,583.2,331.9,86.6,324.5,1,-1,-1,-1
611,477,1040.9,267.6,138.0,473.7,1,-1,-1,-1
611,476,1275.8,291.3,143.9,435.9,1,-1,-1,-1
611,508,1175.3,358.0,59.8,233.6,1,-1,-1,-1
611,517,1241.2,345.0,79.1,304.1,1,-1,-1,-1
612,2,871.3,281.2,151.5,462.7,1,-1,-1,-1
612,349,1575.1,82.9,344.9,981.8,1,-1,-1,-1
612,474,586.0,332.2,88.0,327.3,1,-1,-1,-1
612,477,1038.9,269.9,139.1,473.1,1,-1,-1,-1
612,476,1286.5,292.8,143.2,439.1,1,-1,-1,-1
612,508,1178.2,357.7,61.4,237.1,1,-1,-1,-1
612,517,1248.8,339.5,80.0,309.3,1,-1,-1,-1
613,2,874.0,283.0,151.0,463.7,1,-1,-1,-1
613,349,1583.2,83.1,336.8,987.0,1,-1,-1,-1
613,474,587.9,340.0,86.4,321.1,1,-1,-1,-1
613,477,1038.8,271.7,141.9,475.5,1,-1,-1,-1
613,476,1294.6,294.8,142.4,442.3,1,-1,-1,-1
613,508,1181.4,358.1,61.6,235.0,1,-1,-1,-1
613,517,1257.1,325.6,86.5,332.8,1,-1,-1,-1
614,2,877.4,287.3,150.0,463.5,1,-1,-1,-1
614,349,1592.7,82.7,327.3,987.5,1,-1,-1,-1
614,474,588.7,343.6,86.2,319.7,1,-1,-1,-1
614,477,1040.3,276.2,143.5,474.7,1,-1,-1,-1
614,476,1303.0,295.9,141.3,445.7,1,-1,-1,-1
614,508,1184.9,360.6,61.6,232.7,1,-1,-1,-1
614,517,1261.5,323.3,90.0,344.6,1,-1,-1,-1
615,2,881.7,291.0,149.2,464.4,1,-1,-1,-1
615,349,1603.1,84.9,316.9,987.1,1,-1,-1,-1
615,474,589.8,344.0,87.0,322.4,1,-1,-1,-1
615,477,1042.5,278.9,146.3,476.4,1,-1,-1,-1
615,476,1311.1,296.0,140.7,450.2,1,-1,-1,-1
615,508,1189.3,363.8,62.0,232.8,1,-1,-1,-1
615,517,1265.1,322.6,93.3,354.3,1,-1,-1,-1
616,2,886.2,293.7,149.6,466.1,1,-1,-1,-1
616,349,1613.7,86.5,306.3,986.2,1,-1,-1,-1
616,474,590.2,336.5,89.7,332.8,1,-1,-1,-1
616,477,1044.2,281.3,149.3,477.4,1,-1,-1,-1
616,476,1317.9,296.7,139.6,453.7,1,-1,-1,-1
616,508,1191.1,363.2,63.3,237.0,1,-1,-1,-1
616,517,1271.3,324.5,95.3,361.2,1,-1,-1,-1
616,522,1256.6,330.6,85.2,341.9,1,-1,-1,-1
617,2,885.6,297.1,149.5,466.7,1,-1,-1,-1
617,349,1621.8,86.3,298.2,982.7,1,-1,-1,-1
617,474,588.8,338.7,89.8,334.5,1,-1,-1,-1
617,477,1045.9,285.3,151.9,476.0,1,-1,-1,-1
617,476,1322.9,299.2,138.4,457.0,1,-1,-1,-1
617,508,1191.5,368.6,63.6,237.6,1,-1,-1,-1
617,517,1275.9,326.9,95.7,363.5,1,-1,-1,-1
617,522,1256.5,337.7,83.8,336.7,1,-1,-1,-1
617,523,1250.8,352.2,63.8,331.8,1,-1,-1,-1
618,2,883.1,301.2,148.8,467.3,1,-1,-1,-1
618,349,1634.1,103.3,285.9,960.7,1,-1,-1,-1
618,474,588.1,344.3,89.4,333.1,1,-1,-1,-1
618,477,1047.5,290.4,154.4,475.1,1,-1,-1,-1
618,476,1325.5,303.5,137.4,460.7,1,-1,-1,-1
618,508,1191.8,372.3,64.0,239.4,1,-1,-1,-1
618,517,1276.6,328.5,96.7,364.8,1,-1,-1,-1
618,522,1253.6,355.2,67.3,269.3,1,-1,-1,-1
618,523,1254.3,353.3,64.4,334.8,1,-1,-1,-1
619,2,879.8,303.4,147.2,465.9,1,-1,-1,-1
619,349,1643.0,110.8,277.0,946.9,1,-1,-1,-1
619,474,585.3,340.1,91.6,339.2,1,-1,-1,-1
619,477,1046.2,292.3,157.5,475.2,1,-1,-1,-1
619,476,1326.7,304.9,136.6,464.7,1,-1,-1,-1
619,508,1191.2,374.1,63.6,238.2,1,-1,-1,-1
619,517,1276.9,328.8,99.3,376.0,1,-1,-1,-1
619,522,1243.7,360.5,71.9,291.3,1,-1,-1,-1
619,523,1253.7,354.0,65.7,341.7,1,-1,-1,-1
620,2,876.6,304.5,145.9,464.6,1,-1,-1,-1
620,349,1649.4,116.9,270.6,939.4,1,-1,-1,-1
620,474,582.8,339.4,93.0,342.5,1,-1,-1,-1
620,477,1030.7,291.0,156.5,478.6,1,-1,-1,-1
620,476,1329.0,307.8,134.3,461.1,1,-1,-1,-1
620,508,1191.1,375.1,62.6,234.1,1,-1,-1,-1
620,517,1276.3,329.1,100.7,382.1,1,-1,-1,-1
620,522,1242.6,363.7,71.4,293.7,1,-1,-1,-1
620,523,1253.7,352.3,66.3,344.9,1,-1,-1,-1
620,526,1134.6,341.0,85.6,309.7,1,-1,-1,-1
621,2,874.0,304.7,145.9,465.6,1,-1,-1,-1
621,349,1658.0,125.3,262.0,929.2,1,-1,-1,-1
621,474,578.2,343.5,92.3,339.4,1,-1,-1,-1
621,477,1024.4,289.6,155.4,481.5,1,-1,-1,-1
621,476,1329.6,308.9,133.0,460.7,1,-1,-1,-1
621,508,1190.5,375.7,60.9,226.6,1,-1,-1,-1
621,517,1273.6,329.7,101.5,384.5,1,-1,-1,-1
621,522,1242.4,360.8,71.8,300.7,1,-1,-1,-1
621,523,1253.3,352.4,66.6,346.0,1,-1,-1,-1
621,526,1127.3,340.9,94.2,341.7,1,-1,-1,-1
621,527,991.7,411.1,48.3,163.8,1,-1,-1,-1
622,2,868.9,303.0,145.3,464.9,1,-1,-1,-1
622,349,1662.6,126.1,257.4,925.3,1,-1,-1,-1
622,474,572.2,342.8,92.3,341.5,1,-1,-1,-1
622,477,1020.3,289.6,154.2,483.5,1,-1,-1,-1
622,476,1329.1,309.2,132.9,465.0,1,-1,-1,-1
622,508,1190.6,380.5,56.2,205.4,1,-1,-1,-1
622,517,1269.5,330.5,103.9,393.0,1,-1,-1,-1
622,522,1241.4,360.5,71.0,302.0,1,-1,-1,-1
622,523,1252.1,358.5,63.6,327.2,1,-1,-1,-1
622,526,1122.0,335.6,102.1,371.9,1,-1,-1,-1
622,529,1646.4,445.7,72.2,238.9,1,-1,-1,-1
623,2,865.6,302.8,145.8,461.5,1,-1,-1,-1
623,349,1669.2,127.1,250.8,934.2,1,-1,-1,-1
623,474,571.3,339.9,93.3,345.6,1,-1,-1,-1
623,477,1015.3,289.6,153.4,486.1,1,-1,-1,-1
623,476,1329.4,310.0,132.2,465.8,1,-1,-1,-1
623,508,1190.4,384.7,51.7,184.0,1,-1,-1,-1
623,517,1264.5,331.7,105.7,400.1,1,-1,-1,-1
623,523,1250.4,358.0,64.1,327.2,1,-1,-1,-1
623,526,1115.4,329.9,107.1,391.4,1,-1,-1,-1
623,529,1648.3,445.7,70.1,231.5,1,-1,-1,-1
624,2,857.7,302.3,146.3,460.5,1,-1,-1,-1
624,349,1666.0,94.7,254.0,975.4,1,-1,-1,-1
624,474,564.1,338.2,93.4,348.5,1,-1,-1,-1
624,477,1008.5,288.0,151.6,484.1,1,-1,-1,-1
624,476,1328.8,309.9,131.7,467.7,1,-1,-1,-1
624,508,1187.8,386.6,50.1,174.5,1,-1,-1,-1
624,517,1261.8,333.9,105.7,399.7,1,-1,-1,-1
624,523,1248.4,370.7,61.5,310.4,1,-1,-1,-1
624,526,1110.4,331.2,110.0,403.5,1,-1,-1,-1
624,529,1643.9,445.5,67.7,223.1,1,-1,-1,-1
624,522,1239.1,397.8,62.2,267.3,1,-1,-1,-1
625,2,852.8,303.6,147.2,457.0,1,-1,-1,-1
625,349,1668.3,81.9,251.7,990.8,1,-1,-1,-1
625,474,559.3,343.6,92.3,344.7,1,-1,-1,-1
625,477,1004.4,286.3,149.2,479.8,1,-1,-1,-1
625,476,1327.5,309.9,131.1,469.4,1,-1,-1,-1
625,508,1185.0,389.4,47.2,159.7,1,-1,-1,-1
625,517,1258.0,334.6,107.6,405.9,1,-1,-1,-1
625,523,1244.0,361.3,64.3,322.0,1,-1,-1,-1
625,526,1107.3,333.3,110.4,406.2,1,-1,-1,-1
625,529,1639.9,444.3,67.2,219.8,1,-1,-1,-1
625,522,1237.4,390.4,63.7,278.2,1,-1,-1,-1
626,2,848.2,302.8,149.1,456.7,1,-1,-1,-1
626,349,1671.0,71.3,249.0,1002.8,1,-1,-1,-1
626,474,554.0,351.4,90.8,338.3,1,-1,-1,-1
626,477,998.0,284.3,147.4,477.3,1,-1,-1,-1
626,476,1326.6,310.0,130.5,471.1,1,-1,-1,-1
626,508,1181.9,390.0,50.0,166.3,1,-1,-1,-1
626,517,1253.7,333.7,108.9,411.7,1,-1,-1,-1
626,523,1240.6,364.0,65.0,322.0,1,-1,-1,-1
626,526,1103.0,332.2,111.5,413.5,1,-1,-1,-1
626,529,1629.9,444.5,71.4,230.0,1,-1,-1,-1
626,522,1233.8,366.1,69.4,311.8,1,-1,-1,-1
627,2,841.0,301.6,151.0,457.0,1,-1,-1,-1
627,349,1676.1,78.3,243.9,996.2,1,-1,-1,-1
627,474,547.1,351.2,91.3,340.5,1,-1,-1,-1
627,477,990.3,284.9,145.6,475.7,1,-1,-1,-1
627,476,1324.5,309.6,130.1,472.5,1,-1,-1,-1
627,508,1176.7,388.5,50.9,167.8,1,-1,-1,-1
627,517,1247.8,336.7,108.1,410.4,1,-1,-1,-1
627,523,1237.4,358.9,68.2,335.3,1,-1,-1,-1
627,526,1100.3,336.8,110.5,411.7,1,-1,-1,-1
627,522,1231.9,357.8,69.3,320.1,1,-1,-1,-1
628,2,833.5,301.4,153.2,458.1,1,-1,-1,-1
628,349,1677.3,101.4,242.7,975.1,1,-1,-1,-1
628,474,541.5,350.2,93.0,345.2,1,-1,-1,-1
628,477,984.6,285.5,144.5,475.4,1,-1,-1,-1
628,476,1322.5,308.8,129.6,473.8,1,-1,-1,-1
628,508,1174.3,388.0,50.7,165.8,1,-1,-1,-1
628,517,1244.9,337.4,108.2,411.9,1,-1,-1,-1
628,523,1234.9,353.4,65.6,329.9,1,-1,-1,-1
628,526,1094.7,337.8,111.2,414.1,1,-1,-1,-1
628,522,1229.5,354.3,72.6,333.7,1,-1,-1,-1
629,2,828.9,301.9,155.2,458.4,1,-1,-1,-1
629,349,1669.0,89.0,251.0,981.9,1,-1,-1,-1
629,474,534.2,349.9,92.8,347.9,1,-1,-1,-1
629,477,975.9,284.5,143.8,476.4,1,-1,-1,-1
629,476,1321.1,308.8,128.9,474.8,1,-1,-1,-1
629,508,1171.4,387.2,52.4,171.6,1,-1,-1,-1
629,517,1241.0,336.2,108.4,414.5,1,-1,-1,-1
629,523,1233.5,354.7,54.3,256.2,1,-1,-1,-1
629,526,1090.9,338.9,111.8,415.1,1,-1,-1,-1
629,522,1225.9,350.0,74.6,343.9,1,-1,-1,-1
630,2,823.7,303.0,157.0,459.3,1,-1,-1,-1
630,349,1658.9,83.6,261.1,986.4,1,-1,-1,-1
630,474,529.1,348.3,92.9,351.5,1,-1,-1,-1
630,477,969.1,283.7,142.7,478.0,1,-1,-1,-1
630,476,1320.5,307.8,128.5,476.7,1,-1,-1,-1
630,508,1165.8,385.9,56.1,184.8,1,-1,-1,-1
630,517,1238.9,332.8,108.9,417.6,1,-1,-1,-1
630,523,1234.3,352.4,49.8,219.4,1,-1,-1,-1
630,526,1088.2,338.4,112.8,417.2,1,-1,-1,-1
630,522,1221.3,350.7,73.6,338.5,1,-1,-1,-1
631,2,820.0,304.1,158.2,459.6,1,-1,-1,-1
631,349,1668.6,66.5,251.4,1001.0,1,-1,-1,-1
631,474,525.1,349.8,91.8,350.6,1,-1,-1,-1
631,477,964.0,283.2,141.2,477.1,1,-1,-1,-1
631,476,1320.9,305.7,128.1,479.5,1,-1,-1,-1
631,517,1236.4,330.9,109.1,417.8,1,-1,-1,-1
631,526,1088.2,336.8,114.3,419.5,1,-1,-1,-1
631,522,1218.7,349.3,75.0,346.9,1,-1,-1,-1
632,2,817.6,305.6,159.3,459.2,1,-1,-1,-1
632,349,1674.7,68.1,245.3,1002.3,1,-1,-1,-1
632,474,522.9,350.6,91.5,350.5,1,-1,-1,-1
632,477,962.2,282.8,140.2,478.0,1,-1,-1,-1
632,476,1322.9,305.8,127.4,481.1,1,-1,-1,-1
632,517,1236.3,329.6,110.1,420.7,1,-1,-1,-1
632,526,1088.2,335.1,116.0,422.6,1,-1,-1,-1
632,522,1216.8,351.4,74.7,346.1,1,-1,-1,-1
633,2,816.1,308.1,160.4,458.6,1,-1,-1,-1
633,349,1681.8,71.9,238.2,997.7,1,-1,-1,-1
633,474,521.7,350.8,91.9,352.2,1,-1,-1,-1
633,477,962.2,283.0,139.2,478.6,1,-1,-1,-1
633,476,1326.8,304.7,127.5,485.3,1,-1,-1,-1
633,517,1238.4,328.6,111.2,424.5,1,-1,-1,-1
633,526,1089.7,331.5,118.4,428.2,1,-1,-1,-1
633,522,1216.1,352.2,74.6,347.3,1,-1,-1,-1
634,2,814.7,310.2,162.0,459.2,1,-1,-1,-1
634,349,1693.2,83.2,226.8,986.6,1,-1,-1,-1
634,474,521.2,350.8,93.0,356.0,1,-1,-1,-1
634,477,963.9,283.7,139.4,481.1,1,-1,-1,-1
634,476,1330.1,302.6,127.7,489.3,1,-1,-1,-1
634,517,1240.0,327.0,113.7,432.9,1,-1,-1,-1
634,526,1093.2,332.3,119.7,429.4,1,-1,-1,-1
634,522,1217.3,358.5,74.5,346.2,1,-1,-1,-1
635,2,814.7,312.1,163.5,459.8,1,-1,-1,-1
635,349,1702.6,86.2,217.4,980.8,1,-1,-1,-1
635,474,520.4,350.8,93.8,359.6,1,-1,-1,-1
635,477,965.7,284.1,139.5,481.7,1,-1,-1,-1
635,476,1334.4,299.9,128.0,493.3,1,-1,-1,-1
635,517,1240.8,318.4,117.0,444.3,1,-1,-1,-1
635,526,1095.0,329.8,121.6,433.1,1,-1,-1,-1
635,522,1220.4,394.0,67.4,308.9,1,-1,-1,-1
636,2,817.5,314.7,163.7,457.4,1,-1,-1,-1
636,349,1705.7,84.7,214.3,980.9,1,-1,-1,-1
636,474,519.1,350.4,95.6,365.1,1,-1,-1,-1
636,477,966.9,285.9,140.0,482.9,1,-1,-1,-1
636,476,1341.6,301.5,127.5,493.8,1,-1,-1,-1
636,517,1242.7,316.3,118.5,448.5,1,-1,-1,-1
636,526,1099.4,331.4,122.3,433.3,1,-1,-1,-1
636,522,1223.2,406.1,66.9,302.9,1,-1,-1,-1
637,2,820.1,318.7,163.0,452.8,1,-1,-1,-1
637,349,1705.2,84.9,214.8,984.5,1,-1,-1,-1
637,474,518.2,351.9,96.6,367.7,1,-1,-1,-1
637,477,969.8,290.2,139.0,481.4,1,-1,-1,-1
637,476,1345.9,303.8,126.9,494.3,1,-1,-1,-1
637,517,1245.7,318.0,118.6,447.3,1,-1,-1,-1
637,526,1102.6,333.5,123.0,434.4,1,-1,-1,-1
638,2,823.1,318.9,162.9,451.4,1,-1,-1,-1
638,349,1702.8,86.2,217.2,983.5,1,-1,-1,-1
638,474,516.6,350.9,97.8,370.8,1,-1,-1,-1
638,477,971.2,293.1,138.0,480.1,1,-1,-1,-1
638,476,1348.7,302.8,126.7,495.7,1,-1,-1,-1
638,517,1247.9,317.5,118.5,444.5,1,-1,-1,-1
638,526,1104.8,333.6,124.0,436.0,1,-1,-1,-1
639,2,828.1,318.7,162.8,452.5,1,-1,-1,-1
639,349,1701.3,85.2,218.7,984.5,1,-1,-1,-1
639,474,516.4,351.5,98.6,373.1,1,-1,-1,-1
639,477,973.3,296.6,138.1,482.2,1,-1,-1,-1
639,476,1353.6,299.5,128.0,502.7,1,-1,-1,-1
639,517,1251.6,320.7,117.9,440.6,1,-1,-1,-1
639,526,1109.0,333.8,125.3,438.3,1,-1,-1,-1
640,2,834.0,319.0,161.2,450.6,1,-1,-1,-1
640,349,1699.7,86.5,220.3,982.2,1,-1,-1,-1
640,474,517.0,349.2,99.3,379.2,1,-1,-1,-1
640,477,974.7,300.1,138.2,484.7,1,-1,-1,-1
640,476,1359.9,298.0,128.3,505.8,1,-1,-1,-1
640,517,1256.5,322.2,120.2,447.6,1,-1,-1,-1
640,526,1113.3,332.9,126.8,441.5,1,-1,-1,-1
641,2,839.6,320.6,159.4,448.4,1,-1,-1,-1
641,349,1698.4,87.9,221.6,981.3,1,-1,-1,-1
641,474,518.9,354.1,98.6,377.0,1,-1,-1,-1
641,477,979.6,303.7,136.2,479.9,1,-1,-1,-1
641,476,1366.8,297.2,129.4,509.3,1,-1,-1,-1
641,517,1262.1,324.1,122.4,455.0,1,-1,-1,-1
641,526,1121.3,331.4,129.0,444.8,1,-1,-1,-1
642,2,846.7,322.8,158.9,448.9,1,-1,-1,-1
642,349,1695.5,73.2,224.5,994.4,1,-1,-1,-1
642,474,521.8,358.7,98.4,375.4,1,-1,-1,-1
642,477,985.7,309.6,135.0,476.9,1,-1,-1,-1
642,476,1373.0,298.5,129.7,511.2,1,-1,-1,-1
642,517,1267.4,329.8,122.2,453.3,1,-1,-1,-1
642,526,1127.1,333.0,131.5,447.2,1,-1,-1,-1
643,2,852.7,324.9,158.2,449.8,1,-1,-1,-1
643,349,1692.2,69.7,227.8,998.7,1,-1,-1,-1
643,474,528.9,359.2,100.6,378.4,1,-1,-1,-1
643,477,989.9,312.3,135.1,476.9,1,-1,-1,-1
643,476,1381.6,298.2,130.7,515.0,1,-1,-1,-1
643,517,1271.5,319.5,126.8,473.0,1,-1,-1,-1
643,526,1133.3,331.7,135.4,454.4,1,-1,-1,-1
643,545,815.5,400.7,54.0,207.3,1,-1,-1,-1
644,2,857.9,323.7,159.4,456.6,1,-1,-1,-1
644,349,1692.7,89.9,224.8,975.9,1,-1,-1,-1
644,474,530.7,360.1,101.7,381.8,1,-1,-1,-1
644,477,997.7,312.6,135.6,477.2,1,-1,-1,-1
644,476,1390.7,298.7,131.4,518.5,1,-1,-1,-1
644,517,1279.0,315.4,128.4,482.5,1,-1,-1,-1
644,526,1138.4,331.6,138.7,460.5,1,-1,-1,-1
644,545,818.3,399.4,55.3,212.1,1,-1,-1,-1
645,2,864.3,324.3,158.6,457.7,1,-1,-1,-1
645,349,1693.3,101.8,221.7,956.9,1,-1,-1,-1
645,474,535.2,363.7,102.4,380.5,1,-1,-1,-1
645,477,1000.9,311.9,136.4,481.9,1,-1,-1,-1
645,476,1397.5,298.6,132.8,524.2,1,-1,-1,-1
645,517,1286.4,318.8,126.9,477.7,1,-1,-1,-1
645,526,1142.2,332.4,143.2,469.7,1,-1,-1,-1
645,545,822.2,400.4,56.1,214.5,1,-1,-1,-1
645,546,1270.3,342.5,73.6,393.6,1,-1,-1,-1
646,2,868.9,325.5,157.9,459.5,1,-1,-1,-1
646,349,1693.9,111.3,219.3,940.2,1,-1,-1,-1
646,474,537.7,364.3,103.6,382.1,1,-1,-1,-1
646,477,1005.3,312.2,136.3,482.8,1,-1,-1,-1
646,476,1402.0,298.0,133.9,528.7,1,-1,-1,-1
646,517,1292.3,316.2,127.3,480.7,1,-1,-1,-1
646,526,1142.8,327.1,147.6,479.7,1,-1,-1,-1
646,545,824.6,401.0,56.6,215.2,1,-1,-1,-1
646,546,1275.4,339.4,75.1,401.7,1,-1,-1,-1
647,2,873.4,327.5,156.4,459.4,1,-1,-1,-1
647,349,1693.0,114.1,220.7,941.5,1,-1,-1,-1
647,474,536.6,365.9,103.6,381.8,1,-1,-1,-1
647,477,1009.2,311.6,136.9,485.3,1,-1,-1,-1
647,476,1410.1,299.0,134.6,531.9,1,-1,-1,-1
647,517,1297.8,314.5,128.2,485.0,1,-1,-1,-1
647,526,1144.9,330.7,149.8,480.7,1,-1,-1,-1
647,545,827.2,400.8,56.6,214.0,1,-1,-1,-1
647,546,1268.0,344.9,74.2,393.4,1,-1,-1,-1
648,2,876.3,329.3,154.9,457.9,1,-1,-1,-1
648,349,1693.9,127.8,219.3,930.5,1,-1,-1,-1
648,474,535.3,367.5,103.4,382.1,1,-1,-1,-1
648,477,1013.0,311.3,136.1,484.1,1,-1,-1,-1
648,476,1418.1,298.0,135.9,535.6,1,-1,-1,-1
648,517,1301.0,312.1,130.6,493.1,1,-1,-1,-1
648,526,1145.8,330.6,152.9,483.5,1,-1,-1,-1
648,545,828.8,403.0,57.0,214.8,1,-1,-1,-1
648,546,1269.0,347.1,74.7,392.5,1,-1,-1,-1
649,2,878.6,330.9,153.6,456.9,1,-1,-1,-1
649,349,1706.7,227.9,199.1,828.1,1,-1,-1,-1
649,474,535.3,363.1,104.3,387.6,1,-1,-1,-1
649,477,1015.6,311.1,135.3,484.3,1,-1,-1,-1
649,476,1424.2,297.5,136.8,538.5,1,-1,-1,-1
649,517,1304.7,310.9,131.9,497.2,1,-1,-1,-1
649,526,1145.7,332.3,155.8,486.1,1,-1,-1,-1
649,545,828.0,400.5,58.8,220.4,1,-1,-1,-1
649,546,1275.7,345.2,76.2,403.8,1,-1,-1,-1
650,2,881.1,332.5,152.8,456.3,1,-1,-1,-1
650,349,1715.6,267.9,189.5,775.5,1,-1,-1,-1
650,474,537.2,361.1,105.2,390.4,1,-1,-1,-1
650,477,1018.0,311.2,134.5,484.6,1,-1,-1,-1
650,476,1430.2,295.9,137.9,542.2,1,-1,-1,-1
650,517,1309.0,313.0,132.4,497.7,1,-1,-1,-1
650,526,1145.2,332.5,159.5,492.1,1,-1,-1,-1
650,545,827.2,399.4,60.4,225.2,1,-1,-1,-1
650,546,1277.0,346.0,76.4,407.7,1,-1,-1,-1
651,2,884.0,333.5,152.0,454.5,1,-1,-1,-1
651,349,1727.5,282.0,177.5,714.2,1,-1,-1,-1
651,474,539.0,359.9,106.4,392.6,1,-1,-1,-1
651,477,1020.1,309.8,133.2,482.5,1,-1,-1,-1
651,476,1434.5,293.9,138.5,545.5,1,-1,-1,-1
651,517,1311.8,312.2,133.7,501.8,1,-1,-1,-1
651,526,1144.4,331.7,163.8,499.3,1,-1,-1,-1
651,545,827.3,405.1,59.6,220.5,1,-1,-1,-1
651,546,1279.3,346.4,76.5,410.9,1,-1,-1,-1
652,2,884.5,334.3,151.9,453.0,1,-1,-1,-1
652,349,1739.9,290.9,166.5,659.8,1,-1,-1,-1
652,474,535.5,360.2,106.2,393.5,1,-1,-1,-1
652,477,1021.1,309.3,132.3,482.4,1,-1,-1,-1
652,476,1439.2,292.8,138.5,546.9,1,-1,-1,-1
652,517,1314.7,309.2,134.6,504.8,1,-1,-1,-1
652,526,1140.9,321.0,171.7,518.9,1,-1,-1,-1
652,545,825.6,407.5,59.9,219.0,1,-1,-1,-1
652,546,1281.4,347.5,75.5,405.6,1,-1,-1,-1
653,2,883.9,335.7,152.0,450.7,1,-1,-1,-1
653,349,1746.8,289.7,164.6,647.6,1,-1,-1,-1
653,474,532.2,359.6,106.7,396.0,1,-1,-1,-1
653,477,1021.7,310.1,131.1,480.8,1,-1,-1,-1
653,476,1444.2,292.6,139.3,548.7,1,-1,-1,-1
653,517,1317.3,307.0,136.4,508.9,1,-1,-1,-1
653,526,1140.0,315.1,177.7,530.8,1,-1,-1,-1
653,545,820.7,409.3,61.3,220.4,1,-1,-1,-1
653,546,1282.8,347.6,76.5,409.7,1,-1,-1,-1
654,2,883.9,334.7,153.6,450.9,1,-1,-1,-1
654,349,1746.0,284.5,174.0,698.4,1,-1,-1,-1
654,474,533.3,359.4,108.2,397.2,1,-1,-1,-1
654,477,1022.3,309.2,129.7,478.6,1,-1,-1,-1
654,476,1448.0,290.2,140.6,552.3,1,-1,-1,-1
654,517,1319.4,303.1,138.3,514.1,1,-1,-1,-1
654,526,1138.6,316.7,181.1,533.8,1,-1,-1,-1
654,545,817.5,408.5,62.4,221.8,1,-1,-1,-1
654,546,1282.9,344.8,77.4,412.2,1,-1,-1,-1
655,2,881.0,333.4,155.8,453.1,1,-1,-1,-1
655,349,1749.0,276.7,171.0,731.1,1,-1,-1,-1
655,474,529.8,358.5,110.6,401.9,1,-1,-1,-1
655,477,1022.3,308.2,128.9,480.0,1,-1,-1,-1
655,476,1451.1,290.3,141.6,554.2,1,-1,-1,-1
655,517,1320.2,300.1,140.4,519.4,1,-1,-1,-1
655,526,1134.4,316.9,184.9,538.6,1,-1,-1,-1
655,545,814.9,406.5,63.1,224.1,1,-1,-1,-1
655,546,1281.1,341.6,79.8,425.6,1,-1,-1,-1
656,2,872.6,332.8,159.2,460.0,1,-1,-1,-1
656,349,1754.2,275.8,165.8,756.8,1,-1,-1,-1
656,474,519.4,359.0,110.5,403.6,1,-1,-1,-1
656,477,1021.0,308.6,128.0,480.6,1,-1,-1,-1
656,476,1453.8,292.0,142.8,555.8,1,-1,-1,-1
656,517,1319.8,300.2,142.4,523.8,1,-1,-1,-1
656,526,1128.8,315.7,187.4,542.3,1,-1,-1,-1
656,545,810.0,406.7,64.2,226.9,1,-1,-1,-1
656,546,1283.2,341.9,71.8,379.0,1,-1,-1,-1
657,2,868.4,334.4,159.0,456.0,1,-1,-1,-1
657,349,1760.4,281.5,159.6,763.4,1,-1,-1,-1
657,474,516.6,361.8,111.6,404.2,1,-1,-1,-1
657,477,1020.0,309.9,126.9,479.3,1,-1,-1,-1
657,476,1454.5,294.8,143.2,555.7,1,-1,-1,-1
657,517,1318.1,301.8,144.2,527.8,1,-1,-1,-1
657,526,1123.7,314.6,189.6,545.0,1,-1,-1,-1
657,545,807.1,406.0,65.0,229.5,1,-1,-1,-1
657,546,1281.8,342.5,68.9,360.3,1,-1,-1,-1
658,2,864.7,334.1,159.4,454.8,1,-1,-1,-1
658,349,1766.6,281.8,153.4,770.7,1,-1,-1,-1
658,474,512.9,358.9,113.2,408.1,1,-1,-1,-1
658,477,1017.3,310.8,126.5,480.1,1,-1,-1,-1
658,476,1457.1,293.8,144.2,557.3,1,-1,-1,-1
658,517,1317.0,300.6,146.7,534.1,1,-1,-1,-1
658,526,1119.1,313.5,191.4,547.7,1,-1,-1,-1
658,545,803.4,406.4,64.7,226.2,1,-1,-1,-1
658,546,1279.1,340.3,69.1,359.3,1,-1,-1,-1
659,2,862.1,332.4,158.8,450.9,1,-1,-1,-1
659,349,1774.0,283.3,146.0,772.9,1,-1,-1,-1
659,474,507.7,357.1,113.6,410.4,1,-1,-1,-1
659,477,1012.8,310.2,126.6,482.5,1,-1,-1,-1
659,476,1459.3,289.9,145.6,562.6,1,-1,-1,-1
659,517,1314.6,297.3,150.6,545.1,1,-1,-1,-1
659,526,1115.6,311.3,193.3,550.8,1,-1,-1,-1
659,545,798.6,402.5,66.1,229.8,1,-1,-1,-1
659,546,1271.6,336.6,76.4,398.8,1,-1,-1,-1
660,2,860.2,331.1,159.2,450.5,1,-1,-1,-1
660,349,1780.6,282.5,139.4,779.9,1,-1,-1,-1
660,474,501.6,355.9,112.9,411.3,1,-1,-1,-1
660,477,1008.6,308.4,127.2,486.5,1,-1,-1,-1
660,476,1460.7,287.4,146.6,567.1,1,-1,-1,-1
660,517,1312.9,295.5,153.3,551.7,1,-1,-1,-1
660,526,1113.5,307.0,196.0,556.0,1,-1,-1,-1
660,545,795.1,397.3,67.8,236.0,1,-1,-1,-1
660,546,1267.4,334.8,79.8,418.9,1,-1,-1,-1
661,2,856.1,330.0,163.2,462.2,1,-1,-1,-1
661,349,1786.2,278.7,133.8,788.0,1,-1,-1,-1
661,474,494.4,354.8,112.6,414.1,1,-1,-1,-1
661,477,1006.4,310.1,126.3,484.5,1,-1,-1,-1
661,476,1462.3,285.5,147.6,571.4,1,-1,-1,-1
661,517,1311.5,295.9,154.9,553.1,1,-1,-1,-1
661,526,1109.3,302.3,198.5,562.0,1,-1,-1,-1
661,545,788.9,393.6,69.4,239.7,1,-1,-1,-1
661,546,1262.6,332.5,81.2,429.1,1,-1,-1,-1
662,2,854.7,331.0,161.9,456.2,1,-1,-1,-1
662,349,1789.3,273.9,130.7,795.0,1,-1,-1,-1
662,474,492.5,355.1,114.5,416.2,1,-1,-1,-1
662,477,1005.6,311.8,124.8,480.9,1,-1,-1,-1
662,476,1462.9,285.0,148.3,574.5,1,-1,-1,-1
662,517,1308.7,296.2,156.9,556.1,1,-1,-1,-1
662,526,1105.4,298.1,202.1,570.7,1,-1,-1,-1
662,545,785.7,396.5,69.2,238.4,1,-1,-1,-1
662,546,1258.3,328.1,82.3,438.3,1,-1,-1,-1
662,549,1707.9,432.8,79.6,59.7,1,-1,-1,-1
663,2,850.8,331.5,160.7,452.8,1,-1,-1,-1
663,349,1792.2,273.8,127.8,795.9,1,-1,-1,-1
663,474,483.5,355.4,114.8,418.8,1,-1,-1,-1
663,477,1000.4,312.9,124.6,480.6,1,-1,-1,-1
663,476,1462.0,285.1,148.9,576.6,1,-1,-1,-1
663,517,1304.6,293.8,160.0,562.4,1,-1,-1,-1
663,526,1100.2,294.5,204.6,577.0,1,-1,-1,-1
663,545,780.5,398.6,69.5,238.7,1,-1,-1,-1
663,546,1252.6,327.3,86.3,465.7,1,-1,-1,-1
663,549,1703.0,430.4,82.6,62.0,1,-1,-1,-1
664,2,848.0,331.9,160.2,451.4,1,-1,-1,-1
664,349,1794.7,273.4,125.3,796.1,1,-1,-1,-1
664,474,480.1,355.3,116.5,421.2,1,-1,-1,-1
664,477,992.9,313.8,127.1,489.4,1,-1,-1,-1
664,476,1461.1,285.4,149.6,578.6,1,-1,-1,-1
664,517,1299.7,287.3,163.9,572.8,1,-1,-1,-1
664,526,1093.8,292.3,207.8,585.5,1,-1,-1,-1
664,545,775.9,400.0,69.0,235.6,1,-1,-1,-1
664,546,1245.6,329.0,88.5,486.1,1,-1,-1,-1
664,549,1700.0,428.2,84.7,63.7,1,-1,-1,-1
665,2,847.8,333.5,159.7,447.4,1,-1,-1,-1
665,349,1797.9,272.2,122.1,798.6,1,-1,-1,-1
665,474,473.3,354.4,118.2,423.9,1,-1,-1,-1
665,477,992.2,313.8,125.1,483.4,1,-1,-1,-1
665,476,1459.5,285.6,150.6,579.7,1,-1,-1,-1
665,517,1294.2,283.9,166.2,578.3,1,-1,-1,-1
665,526,1088.0,291.2,211.6,597.2,1,-1,-1,-1
665,545,770.5,400.8,69.7,236.0,1,-1,-1,-1
665,546,1244.5,330.5,83.2,460.7,1,-1,-1,-1
665,549,1698.0,429.3,82.4,61.9,1,-1,-1,-1
666,2,846.1,333.5,159.8,445.5,1,-1,-1,-1
666,349,1795.4,267.8,124.6,803.3,1,-1,-1,-1
666,474,465.8,353.1,119.8,426.5,1,-1,-1,-1
666,477,988.4,312.1,124.1,482.2,1,-1,-1,-1
666,476,1457.4,285.4,151.4,580.8,1,-1,-1,-1
666,517,1286.6,281.3,168.1,582.0,1,-1,-1,-1
666,526,1081.3,288.7,216.7,613.7,1,-1,-1,-1
666,545,765.5,400.3,70.5,237.5,1,-1,-1,-1
667,2,838.0,333.6,159.0,444.8,1,-1,-1,-1
667,349,1788.8,260.5,131.2,813.9,1,-1,-1,-1
667,474,455.1,352.9,120.2,427.5,1,-1,-1,-1
667,477,980.8,306.5,125.2,486.7,1,-1,-1,-1
667,476,1454.7,284.9,152.4,580.5,1,-1,-1,-1
667,517,1281.5,278.5,169.0,582.9,1,-1,-1,-1
667,526,1076.9,285.8,221.1,628.9,1,-1,-1,-1
667,545,760.6,399.3,71.3,238.2,1,-1,-1,-1
668,2,835.3,333.3,158.3,443.4,1,-1,-1,-1
668,349,1785.4,258.9,134.6,817.7,1,-1,-1,-1
668,474,448.7,351.8,121.3,430.1,1,-1,-1,-1
668,477,977.9,302.7,125.2,488.5,1,-1,-1,-1
668,476,1453.8,283.9,155.1,583.5,1,-1,-1,-1
668,517,1277.7,274.5,170.7,586.5,1,-1,-1,-1
668,526,1075.1,282.9,224.6,640.0,1,-1,-1,-1
668,545,755.7,399.5,72.1,239.1,1,-1,-1,-1
669,2,833.6,332.0,158.0,442.1,1,-1,-1,-1
669,349,1789.8,252.5,130.2,824.8,1,-1,-1,-1
669,474,442.5,350.0,122.4,432.4,1,-1,-1,-1
669,477,973.5,299.1,126.1,492.8,1,-1,-1,-1
669,476,1451.7,280.7,157.1,583.9,1,-1,-1,-1
669,517,1273.8,268.2,173.3,594.5,1,-1,-1,-1
669,526,1076.1,280.2,226.6,644.5,1,-1,-1,-1
669,545,749.9,396.3,73.9,244.1,1,-1,-1,-1
670,2,831.2,329.8,156.8,439.6,1,-1,-1,-1
670,349,1788.1,222.3,131.9,855.0,1,-1,-1,-1
670,474,434.4,347.2,123.6,436.2,1,-1,-1,-1
670,477,970.7,296.8,126.0,493.4,1,-1,-1,-1
670,476,1450.9,277.7,160.0,586.8,1,-1,-1,-1
670,517,1272.1,264.1,175.3,601.7,1,-1,-1,-1
670,526,1074.7,279.3,229.6,652.2,1,-1,-1,-1
670,545,746.1,393.9,75.3,248.0,1,-1,-1,-1
670,560,1208.2,317.3,75.1,110.2,1,-1,-1,-1
671,2,830.3,329.0,156.8,441.1,1,-1,-1,-1
671,349,1785.2,156.2,134.8,919.7,1,-1,-1,-1
671,474,430.3,347.2,124.6,437.9,1,-1,-1,-1
671,477,969.9,295.6,125.5,490.5,1,-1,-1,-1
671,476,1451.6,276.8,162.4,586.9,1,-1,-1,-1
671,517,1273.2,259.8,176.9,608.1,1,-1,-1,-1
671,526,1073.7,278.4,234.6,666.1,1,-1,-1,-1
671,545,742.8,391.4,76.6,251.7,1,-1,-1,-1
671,560,1209.2,316.2,73.6,107.9,1,-1,-1,-1
672,2,828.2,327.8,155.6,442.0,1,-1,-1,-1
672,349,1783.5,114.0,136.5,961.5,1,-1,-1,-1
672,474,425.9,346.3,126.6,441.3,1,-1,-1,-1
672,477,967.7,299.5,125.1,486.4,1,-1,-1,-1
672,476,1452.1,276.6,164.8,587.5,1,-1,-1,-1
672,517,1274.9,257.1,177.9,612.4,1,-1,-1,-1
672,526,1073.0,276.9,239.7,680.3,1,-1,-1,-1
672,545,741.0,390.5,77.4,253.9,1,-1,-1,-1
672,560,1212.2,312.5,66.7,97.6,1,-1,-1,-1
673,2,827.2,325.5,153.5,441.8,1,-1,-1,-1
673,349,1781.5,84.0,138.5,985.5,1,-1,-1,-1
673,474,420.7,346.2,128.1,444.5,1,-1,-1,-1
673,477,966.5,299.5,125.4,484.5,1,-1,-1,-1
673,476,1452.6,274.7,167.5,590.5,1,-1,-1,-1
673,517,1275.7,254.5,180.3,623.4,1,-1,-1,-1
673,526,1071.5,273.5,244.4,693.9,1,-1,-1,-1
673,545,739.2,388.4,78.1,256.4,1,-1,-1,-1
673,560,1221.0,307.8,56.0,80.9,1,-1,-1,-1
674,2,827.7,325.3,151.1,440.9,1,-1,-1,-1
674,349,1778.5,88.2,141.5,977.9,1,-1,-1,-1
674,474,419.6,347.1,129.7,446.8,1,-1,-1,-1
674,477,966.8,299.4,125.7,482.3,1,-1,-1,-1
674,476,1455.2,273.4,170.0,594.5,1,-1,-1,-1
674,517,1278.1,252.5,183.0,634.4,1,-1,-1,-1
674,526,1073.3,267.8,249.7,706.3,1,-1,-1,-1
674,545,737.6,385.6,79.2,259.4,1,-1,-1,-1
675,2,828.5,326.6,148.7,439.3,1,-1,-1,-1
675,349,1773.6,74.8,146.4,993.8,1,-1,-1,-1
675,474,417.8,346.9,131.4,449.3,1,-1,-1,-1
675,477,966.1,298.7,127.8,486.1,1,-1,-1,-1
675,476,1458.7,273.3,170.9,593.6,1,-1,-1,-1
675,517,1283.0,251.8,186.7,648.5,1,-1,-1,-1
675,526,1073.4,262.0,255.5,719.0,1,-1,-1,-1
675,545,735.9,388.3,79.5,260.0,1,-1,-1,-1
676,2,829.2,328.4,146.6,437.6,1,-1,-1,-1
676,349,1769.8,82.3,150.2,984.1,1,-1,-1,-1
676,474,414.8,346.5,133.0,452.6,1,-1,-1,-1
676,477,966.0,299.3,129.3,487.6,1,-1,-1,-1
676,476,1463.1,273.5,170.3,586.6,1,-1,-1,-1
676,517,1288.2,248.1,192.5,665.7,1,-1,-1,-1
676,526,1075.2,260.1,261.5,728.4,1,-1,-1,-1
676,545,734.6,388.7,80.3,262.6,1,-1,-1,-1
677,2,830.0,325.9,145.9,438.6,1,-1,-1,-1
677,349,1767.6,135.6,145.2,927.5,1,-1,-1,-1
677,474,406.9,345.6,132.4,454.8,1,-1,-1,-1
677,477,966.5,297.1,129.7,484.8,1,-1,-1,-1
677,476,1466.8,271.7,171.0,584.8,1,-1,-1,-1
677,517,1294.5,244.4,196.7,677.6,1,-1,-1,-1
677,526,1074.8,253.7,267.5,737.9,1,-1,-1,-1
677,545,734.2,386.1,80.9,264.5,1,-1,-1,-1
678,2,831.8,325.0,145.6,439.5,1,-1,-1,-1
678,349,1765.9,176.7,142.0,887.2,1,-1,-1,-1
678,474,403.9,343.7,132.1,456.7,1,-1,-1,-1
678,477,969.6,294.2,130.2,483.7,1,-1,-1,-1
678,476,1471.5,269.9,171.9,585.2,1,-1,-1,-1
678,517,1302.3,243.9,199.6,686.3,1,-1,-1,-1
678,526,1071.8,247.0,273.7,750.5,1,-1,-1,-1
678,545,734.2,382.4,81.8,267.8,1,-1,-1,-1
679,2,834.3,326.3,145.3,437.8,1,-1,-1,-1
679,349,1762.6,210.1,140.5,853.4,1,-1,-1,-1
679,474,402.9,343.1,131.5,457.7,1,-1,-1,-1
679,477,976.2,294.4,130.5,484.7,1,-1,-1,-1
679,476,1476.8,267.5,173.3,587.2,1,-1,-1,-1
679,517,1309.6,245.8,202.2,695.5,1,-1,-1,-1
679,526,1067.9,240.3,280.4,767.4,1,-1,-1,-1
679,545,735.2,380.0,82.1,268.8,1,-1,-1,-1
680,2,837.3,328.1,145.4,436.5,1,-1,-1,-1
680,349,1760.1,225.0,141.1,832.9,1,-1,-1,-1
680,474,403.1,341.8,131.6,461.0,1,-1,-1,-1
680,477,979.8,295.5,131.1,490.1,1,-1,-1,-1
680,476,1482.6,265.4,175.7,592.9,1,-1,-1,-1
680,517,1317.1,245.6,205.4,707.6,1,-1,-1,-1
680,526,1068.9,234.4,282.6,771.4,1,-1,-1,-1
680,545,736.8,379.7,82.9,270.9,1,-1,-1,-1
681,2,840.1,329.7,146.0,435.9,1,-1,-1,-1
681,349,1762.1,240.1,133.8,755.5,1,-1,-1,-1
681,474,403.5,342.9,131.5,464.0,1,-1,-1,-1
681,477,984.8,296.0,130.0,487.3,1,-1,-1,-1
681,476,1488.6,263.6,177.7,599.0,1,-1,-1,-1
681,517,1326.1,241.9,207.8,719.1,1,-1,-1,-1
681,526,1072.4,230.5,284.7,775.5,1,-1,-1,-1
681,545,739.7,381.6,83.0,270.7,1,-1,-1,-1
682,2,844.4,330.8,146.9,438.3,1,-1,-1,-1
682,349,1767.9,246.6,120.9,639.1,1,-1,-1,-1
682,474,405.2,342.2,131.6,467.4,1,-1,-1,-1
682,477,988.5,295.6,129.9,485.5,1,-1,-1,-1
682,476,1494.5,263.1,179.0,605.0,1,-1,-1,-1
682,517,1335.3,235.2,210.6,734.6,1,-1,-1,-1
682,526,1076.0,227.6,289.0,787.3,1,-1,-1,-1
682,545,742.2,381.5,83.8,272.5,1,-1,-1,-1
683,2,849.4,332.5,147.9,438.5,1,-1,-1,-1
683,349,1772.1,255.7,114.9,570.1,1,-1,-1,-1
683,474,408.5,342.0,131.7,469.6,1,-1,-1,-1
683,477,989.7,295.6,130.5,487.0,1,-1,-1,-1
683,476,1501.6,262.8,178.1,606.2,1,-1,-1,-1
683,517,1346.9,230.6,214.1,747.6,1,-1,-1,-1
683,526,1078.3,219.2,298.0,813.6,1,-1,-1,-1
683,545,745.5,387.3,83.3,269.3,1,-1,-1,-1
684,2,852.8,334.4,148.2,438.4,1,-1,-1,-1
684,349,1776.1,255.8,114.5,539.7,1,-1,-1,-1
684,474,411.9,342.9,131.6,470.7,1,-1,-1,-1
684,477,993.0,298.1,130.6,488.4,1,-1,-1,-1
684,476,1508.9,265.2,177.6,607.3,1,-1,-1,-1
684,517,1358.9,226.5,216.7,755.9,1,-1,-1,-1
684,526,1083.5,215.4,303.3,830.7,1,-1,-1,-1
684,545,749.2,388.2,84.0,270.5,1,-1,-1,-1
685,2,857.5,334.1,148.6,436.9,1,-1,-1,-1
685,349,1780.2,262.3,115.3,522.2,1,-1,-1,-1
685,474,417.6,343.2,132.4,471.5,1,-1,-1,-1
685,477,1000.3,297.9,130.8,490.5,1,-1,-1,-1
685,476,1518.8,265.8,176.7,608.4,1,-1,-1,-1
685,517,1373.4,220.7,221.4,767.8,1,-1,-1,-1
685,526,1088.0,213.1,309.1,850.7,1,-1,-1,-1
685,545,753.4,388.0,85.9,274.9,1,-1,-1,-1
686,2,867.0,332.4,150.5,436.7,1,-1,-1,-1
686,349,1782.7,273.1,122.0,543.6,1,-1,-1,-1
686,474,419.9,340.9,132.9,473.7,1,-1,-1,-1
686,477,1005.1,296.3,133.0,502.7,1,-1,-1,-1
686,476,1526.7,266.9,175.3,607.9,1,-1,-1,-1
686,517,1392.3,212.9,228.6,782.1,1,-1,-1,-1
686,526,1096.3,210.3,311.2,858.0,1,-1,-1,-1
686,545,758.8,387.6,87.3,277.2,1,-1,-1,-1
687,2,874.8,328.9,152.7,439.7,1,-1,-1,-1
687,349,1790.9,292.9,122.6,544.9,1,-1,-1,-1
687,474,426.3,336.8,134.4,476.3,1,-1,-1,-1
687,477,1014.3,295.6,131.5,500.0,1,-1,-1,-1
687,476,1537.6,256.6,174.6,616.4,1,-1,-1,-1
687,517,1405.5,202.7,235.7,796.8,1,-1,-1,-1
687,526,1104.6,207.0,311.6,860.4,1,-1,-1,-1
687,545,765.3,381.0,89.6,283.3,1,-1,-1,-1
687,566,1545.5,268.5,154.8,369.8,1,-1,-1,-1
688,2,878.6,325.3,152.9,440.3,1,-1,-1,-1
688,349,1801.4,308.9,118.6,543.6,1,-1,-1,-1
688,474,430.9,331.3,135.6,479.2,1,-1,-1,-1
688,477,1018.5,294.2,131.1,499.4,1,-1,-1,-1
688,476,1571.3,284.2,159.8,585.1,1,-1,-1,-1
688,517,1424.8,194.4,243.0,805.7,1,-1,-1,-1
688,526,1108.6,200.6,316.0,874.2,1,-1,-1,-1
688,545,769.4,372.3,92.2,289.9,1,-1,-1,-1
689,2,887.8,322.2,152.9,436.8,1,-1,-1,-1
689,349,1814.1,344.7,105.9,523.0,1,-1,-1,-1
689,474,436.0,325.9,136.8,481.4,1,-1,-1,-1
689,477,1021.6,292.2,131.3,499.9,1,-1,-1,-1
689,517,1438.8,186.5,248.9,808.6,1,-1,-1,-1
689,526,1113.0,192.0,317.9,879.1,1,-1,-1,-1
689,545,774.1,370.1,92.8,288.8,1,-1,-1,-1
690,2,895.0,317.3,153.4,437.1,1,-1,-1,-1
690,349,1831.5,387.6,88.5,479.2,1,-1,-1,-1
690,474,436.6,321.6,136.7,483.1,1,-1,-1,-1
690,477,1027.9,289.2,130.3,495.3,1,-1,-1,-1
690,517,1450.6,177.4,257.4,819.3,1,-1,-1,-1
690,526,1114.1,180.8,324.7,896.6,1,-1,-1,-1
690,545,778.1,369.6,93.3,286.9,1,-1,-1,-1
690,571,867.3,386.1,44.1,203.6,1,-1,-1,-1
691,2,902.3,313.7,154.0,435.8,1,-1,-1,-1
691,474,437.0,318.0,136.2,483.7,1,-1,-1,-1
691,477,1032.9,285.5,128.5,490.7,1,-1,-1,-1
691,517,1460.4,167.4,273.9,855.8,1,-1,-1,-1
691,526,1117.4,172.2,327.8,900.7,1,-1,-1,-1
691,545,780.6,366.1,94.4,288.0,1,-1,-1,-1
691,571,867.0,383.3,48.1,222.5,1,-1,-1,-1
692,2,908.0,306.1,155.9,438.4,1,-1,-1,-1
692,474,437.5,313.5,136.3,486.6,1,-1,-1,-1
692,477,1035.2,279.7,134.5,521.3,1,-1,-1,-1
692,517,1471.1,155.9,286.2,876.4,1,-1,-1,-1
692,526,1119.9,161.0,333.0,907.1,1,-1,-1,-1
692,545,783.1,360.2,95.9,289.2,1,-1,-1,-1
692,571,871.1,380.1,49.4,227.8,1,-1,-1,-1
693,2,907.0,300.2,156.3,440.9,1,-1,-1,-1
693,474,437.5,310.1,135.9,487.9,1,-1,-1,-1
693,477,1040.9,276.2,127.3,494.5,1,-1,-1,-1
693,517,1481.8,148.1,297.9,891.4,1,-1,-1,-1
693,526,1121.4,141.5,341.9,923.1,1,-1,-1,-1
693,545,785.5,355.6,97.8,290.3,1,-1,-1,-1
693,571,873.6,377.0,49.8,229.4,1,-1,-1,-1
693,579,1039.9,272.1,163.2,600.0,1,-1,-1,-1
694,2,910.0,299.1,155.9,439.8,1,-1,-1,-1
694,474,444.3,306.2,138.5,489.6,1,-1,-1,-1
694,477,1042.2,271.7,126.8,497.3,1,-1,-1,-1
694,517,1490.7,140.9,310.1,907.5,1,-1,-1,-1
694,526,1122.9,127.8,352.4,939.0,1,-1,-1,-1
694,545,782.9,350.0,100.3,295.7,1,-1,-1,-1
694,571,873.9,374.4,50.0,229.9,1,-1,-1,-1
694,579,1050.8,265.4,170.0,627.5,1,-1,-1,-1
695,2,913.0,297.9,156.2,439.5,1,-1,-1,-1
695,474,436.9,303.2,138.8,492.1,1,-1,-1,-1
695,477,1044.2,267.6,127.1,506.8,1,-1,-1,-1
695,517,1499.1,134.3,320.9,917.1,1,-1,-1,-1
695,526,1122.0,113.6,365.3,957.6,1,-1,-1,-1
695,545,781.2,347.8,100.2,294.9,1,-1,-1,-1
695,571,873.4,372.1,50.9,233.2,1,-1,-1,-1
695,579,1051.4,261.7,174.0,645.0,1,-1,-1,-1
695,586,1088.4,240.6,143.8,723.4,1,-1,-1,-1
696,2,913.0,297.2,155.1,437.6,1,-1,-1,-1
696,474,430.8,300.5,138.5,494.3,1,-1,-1,-1
696,477,1049.6,263.9,113.7,459.1,1,-1,-1,-1
696,517,1507.0,129.2,332.5,927.8,1,-1,-1,-1
696,526,1118.1,103.6,377.3,973.7,1,-1,-1,-1
696,545,777.8,347.4,100.2,295.4,1,-1,-1,-1
696,571,872.7,370.3,51.6,234.0,1,-1,-1,-1
696,579,1042.5,262.1,176.2,655.1,1,-1,-1,-1
696,586,1081.8,238.6,148.0,745.4,1,-1,-1,-1
697,2,917.7,294.6,154.6,435.6,1,-1,-1,-1
697,474,425.7,294.5,139.1,498.3,1,-1,-1,-1
697,477,1056.8,262.9,106.2,429.6,1,-1,-1,-1
697,517,1512.5,122.9,344.5,938.9,1,-1,-1,-1
697,526,1121.0,89.6,388.1,989.5,1,-1,-1,-1
697,545,776.5,343.2,101.0,298.3,1,-1,-1,-1
697,571,871.6,365.4,52.3,234.2,1,-1,-1,-1
697,579,1036.6,253.3,179.4,669.6,1,-1,-1,-1
697,586,1076.4,235.0,152.3,768.9,1,-1,-1,-1
698,2,922.6,291.8,155.5,435.8,1,-1,-1,-1
698,474,422.6,288.3,139.3,500.9,1,-1,-1,-1
698,477,1063.4,251.6,118.6,489.3,1,-1,-1,-1
698,517,1518.9,111.6,357.3,954.2,1,-1,-1,-1
698,526,1125.4,73.1,399.2,1006.9,1,-1,-1,-1
698,545,778.2,339.8,102.7,299.7,1,-1,-1,-1
698,571,870.7,360.4,52.9,234.0,1,-1,-1,-1
698,579,1023.8,175.2,198.6,753.2,1,-1,-1,-1
698,586,1068.9,221.6,152.0,765.9,1,-1,-1,-1
699,2,925.3,287.5,156.5,436.4,1,-1,-1,-1
699,474,422.1,281.6,139.3,501.7,1,-1,-1,-1
699,477,1067.6,242.7,124.4,516.6,1,-1,-1,-1
699,517,1524.7,101.0,364.8,957.6,1,-1,-1,-1
699,526,1133.7,57.0,407.6,1021.9,1,-1,-1,-1
699,545,778.8,335.2,105.2,301.9,1,-1,-1,-1
699,571,870.2,353.4,53.6,234.7,1,-1,-1,-1
699,586,1060.3,208.0,146.6,733.3,1,-1,-1,-1
700,2,925.7,284.4,156.4,435.5,1,-1,-1,-1
700,474,419.5,275.8,139.9,505.8,1,-1,-1,-1
700,517,1525.9,87.4,374.5,970.4,1,-1,-1,-1
700,526,1139.7,33.6,418.0,1044.3,1,-1,-1,-1
700,545,779.7,332.2,105.9,300.2,1,-1,-1,-1
700,571,870.2,347.7,55.0,237.2,1,-1,-1,-1
700,586,1053.9,197.9,147.0,730.4,1,-1,-1,-1
700,594,1485.8,216.2,99.4,188.4,1,-1,-1,-1
701,2,925.0,282.9,155.3,433.0,1,-1,-1,-1
701,474,415.5,272.9,140.5,510.0,1,-1,-1,-1
701,517,1525.8,72.3,384.2,988.4,1,-1,-1,-1
701,526,1143.3,14.3,427.3,1064.6,1,-1,-1,-1
701,545,777.7,332.0,108.1,303.0,1,-1,-1,-1
701,571,868.7,344.6,56.7,240.9,1,-1,-1,-1
701,586,1050.2,190.6,148.5,736.0,1,-1,-1,-1
701,594,1487.1,214.3,98.7,187.7,1,-1,-1,-1
702,2,922.4,279.3,154.3,433.5,1,-1,-1,-1
702,474,411.2,268.5,140.9,512.4,1,-1,-1,-1
702,517,1525.7,52.0,392.9,1008.5,1,-1,-1,-1
702,526,1146.5,5.3,432.4,1073.5,1,-1,-1,-1
702,545,774.1,327.0,109.8,306.1,1,-1,-1,-1
702,571,866.4,340.9,58.2,242.9,1,-1,-1,-1
702,586,1049.1,181.1,152.2,750.2,1,-1,-1,-1
702,594,1487.6,210.6,92.5,176.7,1,-1,-1,-1
703,2,917.9,276.8,151.7,432.9,1,-1,-1,-1
703,474,406.3,262.6,141.8,516.8,1,-1,-1,-1
703,517,1528.9,47.7,391.1,1013.4,1,-1,-1,-1
703,526,1152.7,0.0,435.6,1077.7,1,-1,-1,-1
703,545,770.8,322.6,110.0,306.4,1,-1,-1,-1
703,571,865.1,335.6,59.9,244.5,1,-1,-1,-1
703,586,1050.4,170.3,156.9,765.6,1,-1,-1,-1
703,594,1489.6,206.6,85.5,164.8,1,-1,-1,-1
704,2,913.6,272.7,148.5,431.9,1,-1,-1,-1
704,474,401.2,256.9,142.9,520.1,1,-1,-1,-1
704,517,1531.6,33.9,388.4,1024.9,1,-1,-1,-1
704,526,1158.9,0.0,438.0,1077.6,1,-1,-1,-1
704,545,768.3,317.4,111.0,308.4,1,-1,-1,-1
704,571,862.7,332.2,60.5,242.3,1,-1,-1,-1
704,594,1493.4,201.4,74.8,145.6,1,-1,-1,-1
704,579,1033.0,154.5,207.1,783.6,1,-1,-1,-1
705,2,910.3,270.4,143.4,425.6,1,-1,-1,-1
705,474,394.9,251.6,143.8,523.3,1,-1,-1,-1
705,517,1536.5,17.9,383.5,1041.3,1,-1,-1,-1
705,526,1164.7,0.0,439.2,1077.7,1,-1,-1,-1
705,545,766.8,312.6,112.2,310.9,1,-1,-1,-1
705,571,860.3,328.7,61.7,243.5,1,-1,-1,-1
705,579,1024.5,143.7,210.2,797.5,1,-1,-1,-1
706,2,910.1,263.8,140.2,424.6,1,-1,-1,-1
706,474,391.4,246.3,144.4,525.0,1,-1,-1,-1
706,517,1542.2,5.3,377.8,1057.6,1,-1,-1,-1
706,526,1176.5,0.0,441.4,1077.9,1,-1,-1,-1
706,545,766.0,305.3,114.2,316.4,1,-1,-1,-1
706,571,859.3,323.2,62.7,245.5,1,-1,-1,-1
706,579,1008.5,120.7,216.9,827.2,1,-1,-1,-1
707,2,912.9,253.6,138.8,428.2,1,-1,-1,-1
707,474,387.7,238.6,145.3,527.4,1,-1,-1,-1
707,517,1549.8,0.0,370.2,1071.0,1,-1,-1,-1
707,526,1187.9,0.0,444.3,1078.2,1,-1,-1,-1
707,545,765.1,299.2,115.3,318.8,1,-1,-1,-1
707,571,857.2,318.2,63.4,245.4,1,-1,-1,-1
707,579,996.3,122.8,219.0,836.7,1,-1,-1,-1
708,2,912.1,244.9,137.4,430.0,1,-1,-1,-1
708,474,383.9,231.1,145.6,529.6,1,-1,-1,-1
708,517,1562.3,0.0,357.7,1074.3,1,-1,-1,-1
708,526,1200.0,0.0,447.6,1077.7,1,-1,-1,-1
708,545,763.1,291.3,116.1,320.7,1,-1,-1,-1
708,571,856.8,312.3,64.5,247.2,1,-1,-1,-1
708,579,985.6,111.2,223.4,853.0,1,-1,-1,-1
709,2,908.4,236.4,137.2,434.9,1,-1,-1,-1
709,474,381.9,222.6,146.3,534.2,1,-1,-1,-1
709,517,1579.4,0.0,340.6,1071.1,1,-1,-1,-1
709,526,1215.9,0.0,450.9,1074.0,1,-1,-1,-1
709,545,762.0,283.6,117.2,323.7,1,-1,-1,-1
709,571,856.9,306.5,65.6,250.4,1,-1,-1,-1
709,579,974.8,97.7,237.9,898.6,1,-1,-1,-1
710,474,379.3,215.4,147.3,538.7,1,-1,-1,-1
710,517,1600.9,0.0,319.1,1064.5,1,-1,-1,-1
710,526,1242.9,0.0,456.6,1071.1,1,-1,-1,-1
710,545,761.4,276.8,117.9,325.5,1,-1,-1,-1
710,571,855.6,301.6,67.0,255.2,1,-1,-1,-1
710,579,957.1,85.1,255.0,943.8,1,-1,-1,-1
711,474,376.2,208.1,148.6,544.2,1,-1,-1,-1
711,517,1626.1,0.0,293.9,1056.6,1,-1,-1,-1
711,526,1270.7,0.0,463.1,1064.0,1,-1,-1,-1
711,545,761.0,270.4,118.8,328.0,1,-1,-1,-1
711,571,854.5,298.4,67.5,255.7,1,-1,-1,-1
711,579,945.7,78.1,264.2,957.3,1,-1,-1,-1
712,474,371.3,203.2,149.3,548.1,1,-1,-1,-1
712,517,1651.0,0.0,269.0,1050.2,1,-1,-1,-1
712,526,1297.3,0.0,473.4,1063.9,1,-1,-1,-1
712,545,760.0,264.9,121.4,334.9,1,-1,-1,-1
712,571,853.7,291.5,68.5,258.4,1,-1,-1,-1
712,579,937.6,66.8,272.6,969.7,1,-1,-1,-1
713,474,365.8,195.8,150.8,554.3,1,-1,-1,-1
713,526,1324.5,0.0,486.8,1064.8,1,-1,-1,-1
713,545,758.7,261.0,122.8,338.0,1,-1,-1,-1
713,571,850.6,283.7,69.4,261.4,1,-1,-1,-1
713,579,929.8,54.0,281.8,989.6,1,-1,-1,-1
713,476,1715.7,1.7,204.3,846.1,1,-1,-1,-1
714,474,360.9,191.9,151.8,557.6,1,-1,-1,-1
714,526,1349.7,0.0,498.8,1061.3,1,-1,-1,-1
714,545,757.7,257.4,123.3,339.0,1,-1,-1,-1
714,571,849.7,279.8,69.7,263.2,1,-1,-1,-1
714,579,919.8,39.3,291.1,1013.8,1,-1,-1,-1
714,598,1229.2,332.9,62.0,198.2,1,-1,-1,-1
714,476,1718.5,0.0,201.5,926.9,1,-1,-1,-1
715,474,357.8,188.1,152.9,561.2,1,-1,-1,-1
715,526,1352.6,0.0,510.3,1057.8,1,-1,-1,-1
715,545,756.6,253.3,124.0,341.2,1,-1,-1,-1
715,571,846.1,278.6,68.8,263.3,1,-1,-1,-1
715,579,908.3,26.7,299.1,1033.2,1,-1,-1,-1
715,598,1232.9,330.2,61.8,197.6,1,-1,-1,-1
715,599,1207.4,336.6,42.2,156.3,1,-1,-1,-1
716,474,354.7,185.9,153.8,563.8,1,-1,-1,-1
716,526,1345.2,0.0,525.2,1063.5,1,-1,-1,-1
716,545,755.4,250.8,125.8,344.5,1,-1,-1,-1
716,571,843.5,275.8,69.4,271.4,1,-1,-1,-1
716,579,897.5,16.3,305.1,1047.0,1,-1,-1,-1
716,598,1236.0,324.0,62.5,200.4,1,-1,-1,-1
716,599,1210.4,337.9,40.7,150.2,1,-1,-1,-1
716,601,1227.8,307.8,36.0,64.7,1,-1,-1,-1
717,474,351.7,182.1,155.2,568.0,1,-1,-1,-1
717,526,1337.5,0.0,535.1,1059.4,1,-1,-1,-1
717,545,754.8,247.2,127.0,346.7,1,-1,-1,-1
717,571,839.3,269.9,66.5,270.7,1,-1,-1,-1
717,579,879.1,6.4,311.0,1057.4,1,-1,-1,-1
717,598,1237.5,317.4,64.3,206.9,1,-1,-1,-1
717,599,1211.2,336.0,41.5,152.7,1,-1,-1,-1
717,601,1226.5,302.5,40.2,72.5,1,-1,-1,-1
718,474,348.0,178.7,156.6,572.4,1,-1,-1,-1
718,526,1326.8,0.0,547.8,1061.9,1,-1,-1,-1
718,545,749.8,244.5,127.0,350.0,1,-1,-1,-1
718,579,863.0,1.5,315.2,1062.0,1,-1,-1,-1
718,598,1239.8,315.4,63.9,205.7,1,-1,-1,-1
718,599,1210.4,328.0,43.7,160.2,1,-1,-1,-1
718,601,1225.2,299.5,44.3,80.4,1,-1,-1,-1
719,474,343.5,175.6,158.1,576.2,1,-1,-1,-1
719,526,1322.3,0.0,555.9,1058.3,1,-1,-1,-1
719,545,744.1,241.7,127.5,358.8,1,-1,-1,-1
719,579,840.1,0.0,319.1,1061.3,1,-1,-1,-1
719,598,1242.9,311.0,65.2,209.6,1,-1,-1,-1
719,599,1208.5,322.5,45.5,164.9,1,-1,-1,-1
719,601,1218.1,297.4,61.1,112.3,1,-1,-1,-1
720,474,338.9,173.4,159.5,579.8,1,-1,-1,-1
720,526,1320.4,0.8,565.9,1063.9,1,-1,-1,-1
720,545,737.2,238.4,127.1,368.2,1,-1,-1,-1
720,579,816.5,0.0,323.8,1066.2,1,-1,-1,-1
720,598,1245.8,310.3,65.7,210.9,1,-1,-1,-1
720,599,1207.8,321.0,46.6,167.2,1,-1,-1,-1
720,601,1200.5,296.4,90.2,169.1,1,-1,-1,-1
720,477,1093.2,167.6,122.9,520.5,1,-1,-1,-1
721,474,334.2,170.8,161.1,585.9,1,-1,-1,-1
721,526,1321.9,0.0,571.4,1062.8,1,-1,-1,-1
721,545,730.6,236.9,123.5,371.3,1,-1,-1,-1
721,579,791.0,1.3,329.7,1071.9,1,-1,-1,-1
721,598,1247.7,307.4,66.6,213.6,1,-1,-1,-1
721,599,1210.4,310.9,48.7,174.9,1,-1,-1,-1
721,601,1194.5,295.9,100.2,192.3,1,-1,-1,-1
721,477,1094.0,165.4,122.2,519.2,1,-1,-1,-1
722,474,328.7,167.7,162.4,590.2,1,-1,-1,-1
722,526,1323.9,0.7,573.0,1056.1,1,-1,-1,-1
722,579,766.4,0.0,333.8,1069.5,1,-1,-1,-1
722,598,1249.2,306.7,66.8,214.3,1,-1,-1,-1
722,599,1215.9,299.9,52.1,186.2,1,-1,-1,-1
722,477,1094.5,164.1,123.5,516.5,1,-1,-1,-1
722,608,1305.2,113.1,173.9,478.9,1,-1,-1,-1
723,474,323.3,164.4,163.8,594.9,1,-1,-1,-1
723,526,1320.1,0.0,577.2,1053.3,1,-1,-1,-1
723,579,746.2,0.0,336.9,1065.6,1,-1,-1,-1
723,598,1249.0,306.7,66.6,214.3,1,-1,-1,-1
723,599,1218.1,295.5,53.5,191.1,1,-1,-1,-1
723,477,1091.5,161.1,126.0,514.4,1,-1,-1,-1
723,608,1289.9,111.1,193.0,532.9,1,-1,-1,-1
724,474,318.7,161.9,164.4,597.6,1,-1,-1,-1
724,526,1325.1,0.2,580.0,1053.5,1,-1,-1,-1
724,579,731.8,0.0,341.5,1065.4,1,-1,-1,-1
724,598,1249.5,307.7,68.1,219.3,1,-1,-1,-1
724,599,1220.1,293.3,53.1,189.0,1,-1,-1,-1
724,477,1086.9,160.0,128.2,511.3,1,-1,-1,-1
724,608,1263.7,109.3,221.5,615.3,1,-1,-1,-1
725,474,313.9,158.1,165.2,601.4,1,-1,-1,-1
725,526,1321.4,0.3,582.9,1051.9,1,-1,-1,-1
725,579,708.2,0.0,348.0,1070.5,1,-1,-1,-1
725,598,1248.6,308.5,67.4,215.3,1,-1,-1,-1
725,599,1220.8,291.9,52.3,187.1,1,-1,-1,-1
725,477,1082.6,156.5,130.3,510.7,1,-1,-1,-1
725,608,1240.2,105.5,237.0,661.6,1,-1,-1,-1
726,474,308.5,152.0,166.3,606.5,1,-1,-1,-1
726,526,1340.8,4.1,579.2,1048.0,1,-1,-1,-1
726,579,681.1,0.0,351.7,1070.0,1,-1,-1,-1
726,599,1219.4,290.3,53.9,194.2,1,-1,-1,-1
726,477,1078.9,154.2,131.6,510.0,1,-1,-1,-1
726,608,1221.1,102.6,250.1,701.8,1,-1,-1,-1
727,474,301.2,148.5,167.2,609.9,1,-1,-1,-1
727,526,1373.1,2.0,546.9,1056.5,1,-1,-1,-1
727,579,642.4,0.0,358.4,1072.4,1,-1,-1,-1
727,599,1219.6,289.5,47.6,168.3,1,-1,-1,-1
727,477,1080.2,151.6,134.4,509.3,1,-1,-1,-1
727,608,1204.2,98.7,257.7,721.1,1,-1,-1,-1
727,612,980.6,220.9,92.0,402.6,1,-1,-1,-1
728,474,292.4,144.3,168.7,613.2,1,-1,-1,-1
728,526,1438.2,0.5,481.8,1063.4,1,-1,-1,-1
728,579,606.4,0.0,364.9,1071.5,1,-1,-1,-1
728,477,1074.4,148.0,137.9,509.2,1,-1,-1,-1
728,608,1185.5,96.3,262.3,726.3,1,-1,-1,-1
728,612,961.2,199.3,98.4,428.6,1,-1,-1,-1
729,474,280.7,136.3,170.6,621.1,1,-1,-1,-1
729,579,566.2,0.0,371.3,1068.6,1,-1,-1,-1
729,477,1071.5,144.7,141.4,512.3,1,-1,-1,-1
729,608,1172.2,94.9,266.1,726.9,1,-1,-1,-1
729,612,946.9,188.7,101.3,438.9,1,-1,-1,-1
729,615,1221.3,287.6,37.0,90.2,1,-1,-1,-1
730,474,268.6,128.6,172.1,627.7,1,-1,-1,-1
730,579,520.9,3.9,380.0,1068.2,1,-1,-1,-1
730,477,1064.4,141.7,144.3,513.5,1,-1,-1,-1
730,608,1162.2,93.8,270.2,726.7,1,-1,-1,-1
730,612,939.7,186.6,102.2,435.9,1,-1,-1,-1
731,474,255.3,121.8,173.0,633.2,1,-1,-1,-1
731,579,475.0,2.4,390.7,1066.0,1,-1,-1,-1
731,477,1055.3,139.9,145.0,516.9,1,-1,-1,-1
731,608,1148.5,95.6,274.6,723.2,1,-1,-1,-1
731,612,929.5,181.5,105.3,441.8,1,-1,-1,-1
732,474,242.6,114.5,174.7,641.6,1,-1,-1,-1
732,579,421.2,8.0,402.0,1056.3,1,-1,-1,-1
732,477,1049.1,138.2,143.5,516.7,1,-1,-1,-1
732,608,1132.9,89.4,281.8,726.0,1,-1,-1,-1
732,612,924.1,180.7,107.3,441.1,1,-1,-1,-1
733,579,350.9,2.4,423.1,1054.7,1,-1,-1,-1
733,477,1043.8,135.3,141.6,515.0,1,-1,-1,-1
733,608,1122.1,81.9,289.0,731.1,1,-1,-1,-1
733,612,921.9,178.0,110.4,442.9,1,-1,-1,-1
734,579,302.2,10.8,436.8,1046.6,1,-1,-1,-1
734,477,1033.0,134.6,141.7,519.1,1,-1,-1,-1
734,608,1102.3,77.0,297.6,741.9,1,-1,-1,-1
734,612,910.8,179.2,112.6,443.8,1,-1,-1,-1
735,579,252.2,7.3,453.2,1047.7,1,-1,-1,-1
735,477,1021.7,136.6,140.4,521.1,1,-1,-1,-1
735,608,1084.4,76.5,301.6,746.0,1,-1,-1,-1
735,612,902.5,180.7,113.9,443.4,1,-1,-1,-1
735,624,777.7,215.2,72.3,330.2,1,-1,-1,-1
735,545,720.8,185.6,134.3,424.8,1,-1,-1,-1
736,579,185.1,7.8,472.1,1046.7,1,-1,-1,-1
736,477,1013.0,142.6,135.9,510.7,1,-1,-1,-1
736,608,1064.9,75.1,300.3,741.8,1,-1,-1,-1
736,612,894.7,181.3,114.2,438.4,1,-1,-1,-1
736,624,777.7,216.1,69.0,316.0,1,-1,-1,-1
736,545,712.0,183.0,132.9,428.2,1,-1,-1,-1
737,579,111.2,10.7,491.3,1044.6,1,-1,-1,-1
737,477,1000.8,140.7,133.5,510.2,1,-1,-1,-1
737,608,1044.3,71.3,295.2,732.9,1,-1,-1,-1
737,612,887.3,177.5,116.1,441.4,1,-1,-1,-1
737,624,768.0,218.7,66.9,306.3,1,-1,-1,-1
737,545,691.8,177.4,137.4,432.9,1,-1,-1,-1
738,579,82.1,10.3,508.0,1038.8,1,-1,-1,-1
738,477,986.0,142.8,128.9,503.5,1,-1,-1,-1
738,608,1014.7,67.4,290.2,731.7,1,-1,-1,-1
738,612,874.0,175.1,117.0,438.7,1,-1,-1,-1
738,545,665.5,172.9,142.4,437.8,1,-1,-1,-1
739,579,59.9,10.8,520.6,1035.0,1,-1,-1,-1
739,477,965.8,172.5,122.2,493.6,1,-1,-1,-1
739,608,981.5,66.2,287.5,739.8,1,-1,-1,-1
739,612,856.9,173.9,118.1,436.7,1,-1,-1,-1
739,545,642.3,167.8,147.0,444.3,1,-1,-1,-1
740,579,31.4,4.8,535.3,1049.6,1,-1,-1,-1
740,608,949.5,65.4,278.3,737.3,1,-1,-1,-1
740,612,838.9,173.2,119.7,435.9,1,-1,-1,-1
740,545,618.6,165.5,151.1,450.7,1,-1,-1,-1
740,637,1161.9,293.3,61.4,187.3,1,-1,-1,-1
741,579,10.3,8.4,535.3,1042.2,1,-1,-1,-1
741,608,921.4,63.5,274.4,746.3,1,-1,-1,-1
741,612,826.9,175.6,120.9,433.4,1,-1,-1,-1
741,545,602.9,162.8,154.8,456.5,1,-1,-1,-1
741,637,1148.9,292.4,70.6,215.9,1,-1,-1,-1
742,579,0.0,2.7,495.7,1031.3,1,-1,-1,-1
742,608,893.6,63.9,273.8,761.9,1,-1,-1,-1
742,612,812.6,176.6,124.2,435.8,1,-1,-1,-1
742,545,586.0,158.8,158.8,463.9,1,-1,-1,-1
742,637,1136.0,296.5,74.9,230.9,1,-1,-1,-1
743,579,0.0,29.4,438.1,1020.2,1,-1,-1,-1
743,608,877.4,65.7,266.9,758.8,1,-1,-1,-1
743,612,801.5,178.6,126.4,434.5,1,-1,-1,-1
743,545,572.8,158.2,161.2,468.2,1,-1,-1,-1
743,637,1123.9,295.9,77.6,241.5,1,-1,-1,-1
743,645,1091.3,233.4,60.5,277.2,1,-1,-1,-1
744,579,0.0,53.9,315.6,841.0,1,-1,-1,-1
744,608,856.1,65.0,262.2,757.3,1,-1,-1,-1
744,612,787.3,179.0,128.6,433.1,1,-1,-1,-1
744,545,557.5,155.5,165.3,476.5,1,-1,-1,-1
744,637,1113.7,299.1,75.6,238.0,1,-1,-1,-1
744,645,1081.0,228.0,64.4,293.7,1,-1,-1,-1
745,579,0.0,57.4,264.1,789.5,1,-1,-1,-1
745,608,830.9,62.3,260.2,763.5,1,-1,-1,-1
745,612,770.3,181.8,129.2,430.2,1,-1,-1,-1
745,545,538.8,155.4,169.5,485.9,1,-1,-1,-1
745,637,1105.2,307.6,72.4,230.5,1,-1,-1,-1
745,645,1075.6,225.2,68.9,310.3,1,-1,-1,-1
746,579,0.0,52.7,235.2,775.6,1,-1,-1,-1
746,608,777.3,58.1,267.9,768.9,1,-1,-1,-1
746,612,752.7,182.7,129.8,431.2,1,-1,-1,-1
746,545,520.7,154.5,173.5,493.3,1,-1,-1,-1
746,645,1067.1,224.3,71.2,315.5,1,-1,-1,-1
747,579,0.0,52.7,212.1,775.4,1,-1,-1,-1
747,608,733.1,53.4,276.8,775.3,1,-1,-1,-1
747,612,731.8,180.8,127.1,422.5,1,-1,-1,-1
747,545,504.9,152.5,177.1,501.4,1,-1,-1,-1
747,645,1057.6,221.8,73.6,320.3,1,-1,-1,-1
748,579,0.0,57.1,190.2,773.8,1,-1,-1,-1
748,608,697.7,53.9,286.5,778.4,1,-1,-1,-1
748,612,712.5,177.1,124.9,419.7,1,-1,-1,-1
748,545,486.8,150.2,181.0,510.6,1,-1,-1,-1
748,645,1052.0,219.8,75.5,323.3,1,-1,-1,-1
748,669,1004.6,233.3,70.8,312.7,1,-1,-1,-1
749,608,676.7,48.8,297.3,789.3,1,-1,-1,-1
749,612,689.3,147.1,123.7,421.9,1,-1,-1,-1
749,545,472.2,149.6,185.3,518.3,1,-1,-1,-1
749,645,1045.2,219.3,77.6,325.7,1,-1,-1,-1
749,669,994.6,234.3,72.4,318.6,1,-1,-1,-1
749,477,917.7,140.9,101.3,410.1,1,-1,-1,-1
750,608,658.3,53.1,306.7,795.0,1,-1,-1,-1
750,612,659.5,128.6,124.6,433.0,1,-1,-1,-1
750,545,456.6,151.4,189.5,525.9,1,-1,-1,-1
750,645,1036.9,222.0,79.4,326.9,1,-1,-1,-1
750,669,989.4,239.1,73.0,319.8,1,-1,-1,-1
750,675,0.8,115.5,79.4,735.9,1,-1,-1,-1
750,676,0.0,151.3,58.3,663.4,1,-1,-1,-1
750,477,906.6,140.7,101.7,418.0,1,-1,-1,-1
751,608,644.6,51.6,315.4,801.8,1,-1,-1,-1
751,545,442.5,149.1,193.7,533.7,1,-1,-1,-1
751,645,1033.2,223.8,81.3,326.7,1,-1,-1,-1
751,669,978.3,241.3,74.8,324.1,1,-1,-1,-1
751,477,885.8,148.3,114.4,478.8,1,-1,-1,-1
752,608,628.8,50.8,322.6,808.7,1,-1,-1,-1
752,545,429.1,146.8,197.9,544.1,1,-1,-1,-1
752,645,1030.7,225.2,82.9,325.7,1,-1,-1,-1
752,669,977.3,241.2,76.6,324.6,1,-1,-1,-1
752,477,871.5,147.4,118.8,502.0,1,-1,-1,-1
752,686,1870.3,346.1,43.0,337.0,1,-1,-1,-1
752,687,1740.5,320.8,135.9,105.3,1,-1,-1,-1
753,608,612.7,39.1,332.7,828.0,1,-1,-1,-1
753,545,417.9,142.1,202.1,555.0,1,-1,-1,-1
753,645,1030.3,227.6,84.4,324.2,1,-1,-1,-1
753,669,975.3,247.7,78.2,323.0,1,-1,-1,-1
753,477,862.1,148.6,122.8,517.0,1,-1,-1,-1
753,686,1861.0,330.2,47.6,368.7,1,-1,-1,-1
753,687,1738.9,321.8,139.8,108.5,1,-1,-1,-1
754,608,594.4,35.8,337.1,839.8,1,-1,-1,-1
754,545,404.4,134.8,208.0,569.0,1,-1,-1,-1
754,645,1030.8,230.3,86.2,323.9,1,-1,-1,-1
754,669,971.8,251.9,80.2,322.8,1,-1,-1,-1
754,477,855.3,150.9,125.1,522.7,1,-1,-1,-1
754,686,1851.8,304.9,51.3,389.1,1,-1,-1,-1
754,687,1738.1,324.1,139.7,108.5,1,-1,-1,-1
755,608,573.1,35.6,338.5,846.5,1,-1,-1,-1
755,545,394.7,134.7,212.4,576.6,1,-1,-1,-1
755,645,1030.0,229.2,89.8,329.9,1,-1,-1,-1
755,669,969.7,252.8,82.9,324.1,1,-1,-1,-1
755,477,849.4,152.0,128.1,528.2,1,-1,-1,-1
755,686,1841.0,304.3,60.4,448.7,1,-1,-1,-1
755,687,1738.8,324.2,141.1,109.6,1,-1,-1,-1
756,608,545.0,34.8,339.3,851.6,1,-1,-1,-1
756,545,383.8,134.0,214.5,580.6,1,-1,-1,-1
756,645,1032.8,228.0,93.0,333.1,1,-1,-1,-1
756,669,967.7,252.6,86.6,329.6,1,-1,-1,-1
756,477,842.7,154.5,130.6,529.2,1,-1,-1,-1
756,686,1834.0,308.9,66.0,476.3,1,-1,-1,-1
756,687,1742.4,325.6,143.9,112.0,1,-1,-1,-1
757,608,513.9,37.2,339.8,854.0,1,-1,-1,-1
757,545,374.5,134.8,215.1,583.4,1,-1,-1,-1
757,645,1037.4,228.4,94.9,333.0,1,-1,-1,-1
757,669,967.0,253.0,90.2,335.7,1,-1,-1,-1
757,477,838.9,158.9,131.8,528.0,1,-1,-1,-1
757,686,1829.2,310.9,70.6,494.5,1,-1,-1,-1
757,687,1745.0,327.2,144.2,112.4,1,-1,-1,-1
757,696,1774.2,323.5,120.9,471.0,1,-1,-1,-1
757,700,1443.1,324.5,31.9,31.6,1,-1,-1,-1
758,608,477.0,36.3,342.4,865.8,1,-1,-1,-1
758,545,364.0,134.7,214.5,587.6,1,-1,-1,-1
758,645,1041.1,228.2,98.2,337.7,1,-1,-1,-1
758,669,969.3,252.2,93.4,340.3,1,-1,-1,-1
758,477,835.7,162.5,133.2,527.7,1,-1,-1,-1
758,686,1824.9,311.6,75.1,509.8,1,-1,-1,-1
758,687,1749.9,330.3,145.7,114.0,1,-1,-1,-1
758,696,1773.6,326.2,115.4,448.1,1,-1,-1,-1
758,700,1441.7,324.0,34.9,34.6,1,-1,-1,-1
759,608,453.4,37.3,343.2,878.1,1,-1,-1,-1
759,545,361.6,135.2,215.5,593.9,1,-1,-1,-1
759,645,1043.5,229.8,101.2,342.1,1,-1,-1,-1
759,669,971.4,251.6,96.5,344.8,1,-1,-1,-1
759,477,833.2,166.6,134.2,524.8,1,-1,-1,-1
759,686,1823.0,311.3,79.0,521.0,1,-1,-1,-1
759,696,1783.4,328.2,116.7,451.6,1,-1,-1,-1
759,702,733.7,196.3,127.5,444.9,1,-1,-1,-1
760,608,419.7,38.1,343.1,880.7,1,-1,-1,-1
760,545,360.2,138.3,215.5,598.0,1,-1,-1,-1
760,645,1047.0,231.0,104.2,348.8,1,-1,-1,-1
760,669,975.3,250.9,100.0,349.2,1,-1,-1,-1
760,477,834.0,169.5,135.4,525.6,1,-1,-1,-1
760,686,1824.6,317.9,80.7,520.2,1,-1,-1,-1
760,702,725.3,193.9,126.9,443.5,1,-1,-1,-1
761,608,385.4,37.4,351.3,901.3,1,-1,-1,-1
761,545,359.5,137.5,218.3,609.7,1,-1,-1,-1
761,645,1050.7,230.5,106.7,354.9,1,-1,-1,-1
761,669,979.6,250.7,103.3,351.9,1,-1,-1,-1
761,477,834.6,172.0,136.2,524.5,1,-1,-1,-1
761,686,1826.9,329.7,81.2,513.2,1,-1,-1,-1
761,702,718.5,198.8,126.5,441.9,1,-1,-1,-1
762,608,367.6,35.6,353.7,906.2,1,-1,-1,-1
762,545,349.9,137.4,217.5,614.9,1,-1,-1,-1
762,645,1054.0,229.9,108.8,361.8,1,-1,-1,-1
762,669,982.0,251.2,108.6,361.6,1,-1,-1,-1
762,477,837.0,172.8,137.9,527.0,1,-1,-1,-1
762,686,1832.1,339.3,81.4,511.6,1,-1,-1,-1
762,702,714.3,199.8,126.3,439.4,1,-1,-1,-1
762,710,1828.8,348.3,91.2,343.1,1,-1,-1,-1
763,608,355.4,36.6,356.3,911.7,1,-1,-1,-1
763,545,335.6,138.5,214.1,612.9,1,-1,-1,-1
763,645,1057.2,230.0,110.3,368.8,1,-1,-1,-1
763,669,984.6,251.7,112.3,363.5,1,-1,-1,-1
763,477,840.6,172.8,138.3,527.0,1,-1,-1,-1
763,686,1839.8,351.3,78.8,497.2,1,-1,-1,-1
763,702,713.8,202.0,128.4,444.7,1,-1,-1,-1
763,710,1829.9,339.7,90.1,352.3,1,-1,-1,-1
764,608,342.4,35.0,360.5,919.2,1,-1,-1,-1
764,545,321.2,138.5,211.7,614.4,1,-1,-1,-1
764,645,1062.2,228.9,110.2,371.7,1,-1,-1,-1
764,669,989.2,251.3,117.1,368.5,1,-1,-1,-1
764,477,843.4,172.2,139.1,527.4,1,-1,-1,-1
764,686,1832.1,339.4,82.9,515.4,1,-1,-1,-1
764,702,717.2,205.3,129.4,444.9,1,-1,-1,-1
764,710,1825.1,338.8,94.9,369.7,1,-1,-1,-1
765,608,328.6,30.6,367.6,929.9,1,-1,-1,-1
765,545,319.3,199.3,190.3,551.8,1,-1,-1,-1
765,645,1067.0,227.7,110.2,375.0,1,-1,-1,-1
765,669,992.1,250.0,121.9,373.3,1,-1,-1,-1
765,477,844.7,170.6,139.2,523.9,1,-1,-1,-1
765,686,1824.3,336.1,87.3,530.5,1,-1,-1,-1
765,702,722.9,207.4,131.3,447.4,1,-1,-1,-1
765,710,1816.6,341.3,101.6,375.4,1,-1,-1,-1
766,608,320.1,25.4,375.8,941.5,1,-1,-1,-1
766,645,1071.0,228.6,110.9,381.5,1,-1,-1,-1
766,669,994.0,249.0,126.7,376.9,1,-1,-1,-1
766,477,849.2,169.1,138.6,519.3,1,-1,-1,-1
766,702,726.1,209.8,131.8,444.8,1,-1,-1,-1
766,710,1814.9,336.1,104.6,386.9,1,-1,-1,-1
766,722,652.7,279.5,80.4,327.1,1,-1,-1,-1
767,608,306.9,12.4,386.8,961.0,1,-1,-1,-1
767,645,1076.8,227.8,111.6,386.7,1,-1,-1,-1
767,669,996.0,247.5,132.1,381.8,1,-1,-1,-1
767,477,851.7,167.9,137.8,515.0,1,-1,-1,-1
767,702,727.8,209.7,132.5,443.5,1,-1,-1,-1
767,710,1818.6,347.0,101.4,385.3,1,-1,-1,-1
767,722,646.4,274.8,82.8,335.4,1,-1,-1,-1
768,608,290.4,13.6,390.8,958.8,1,-1,-1,-1
768,645,1081.6,231.3,111.8,387.0,1,-1,-1,-1
768,669,996.2,246.9,137.1,384.2,1,-1,-1,-1
768,477,852.0,165.5,137.8,514.6,1,-1,-1,-1
768,702,728.3,208.3,133.3,443.2,1,-1,-1,-1
768,722,642.5,272.1,83.9,337.9,1,-1,-1,-1
769,608,272.3,17.3,396.0,957.3,1,-1,-1,-1
769,645,1085.4,231.5,113.2,390.7,1,-1,-1,-1
769,669,995.9,246.5,142.7,386.9,1,-1,-1,-1
769,477,850.4,163.9,138.9,516.6,1,-1,-1,-1
769,702,728.3,206.9,133.8,442.4,1,-1,-1,-1
769,722,640.1,269.5,85.2,340.0,1,-1,-1,-1
770,608,255.2,15.1,400.9,954.2,1,-1,-1,-1
770,645,1085.2,229.0,112.5,393.2,1,-1,-1,-1
770,669,995.7,247.9,148.3,388.7,1,-1,-1,-1
770,477,851.1,161.5,139.7,518.3,1,-1,-1,-1
770,702,728.1,205.6,133.9,442.1,1,-1,-1,-1
770,722,640.2,266.3,87.3,343.3,1,-1,-1,-1
771,608,227.7,8.0,408.0,959.3,1,-1,-1,-1
771,645,1084.7,224.0,112.8,400.0,1,-1,-1,-1
771,669,994.7,246.0,154.3,391.8,1,-1,-1,-1
771,477,850.0,156.2,140.7,521.5,1,-1,-1,-1
771,702,727.2,201.4,134.2,442.3,1,-1,-1,-1
771,722,639.5,260.0,90.2,350.2,1,-1,-1,-1
772,608,204.5,9.1,414.7,963.4,1,-1,-1,-1
772,645,1086.6,221.2,114.4,408.2,1,-1,-1,-1
772,669,988.7,245.0,160.6,395.8,1,-1,-1,-1
772,477,846.6,157.0,141.4,523.7,1,-1,-1,-1
772,702,724.9,198.3,134.9,444.1,1,-1,-1,-1
772,722,632.7,260.1,92.4,354.4,1,-1,-1,-1
773,608,176.7,7.6,410.0,945.9,1,-1,-1,-1
773,645,1085.3,218.4,115.5,413.7,1,-1,-1,-1
773,669,982.4,243.6,166.4,401.1,1,-1,-1,-1
773,477,843.4,158.5,140.1,517.6,1,-1,-1,-1
773,702,720.9,195.6,134.3,442.8,1,-1,-1,-1
773,722,626.7,258.0,94.0,355.0,1,-1,-1,-1
773,739,442.2,82.5,187.2,756.9,1,-1,-1,-1
774,608,139.1,4.7,408.9,951.1,1,-1,-1,-1
774,645,1083.7,209.8,117.6,421.7,1,-1,-1,-1
774,669,978.0,241.0,171.5,406.3,1,-1,-1,-1
774,477,839.1,154.7,142.4,525.4,1,-1,-1,-1
774,702,716.5,190.9,134.2,442.7,1,-1,-1,-1
774,722,621.1,254.2,96.2,358.3,1,-1,-1,-1
774,739,430.4,73.4,189.9,766.9,1,-1,-1,-1
775,608,112.8,0.9,405.2,955.5,1,-1,-1,-1
775,645,1082.1,203.3,119.4,428.2,1,-1,-1,-1
775,669,972.3,235.9,175.7,411.4,1,-1,-1,-1
775,477,831.9,152.4,142.6,528.1,1,-1,-1,-1
775,702,712.6,186.7,134.0,443.6,1,-1,-1,-1
775,722,614.3,250.7,98.4,362.2,1,-1,-1,-1
775,739,417.9,60.1,193.0,776.0,1,-1,-1,-1
776,608,89.1,0.5,401.2,960.2,1,-1,-1,-1
776,645,1083.2,198.1,121.1,433.6,1,-1,-1,-1
776,669,968.8,230.3,179.2,417.6,1,-1,-1,-1
776,477,825.6,151.4,141.8,529.1,1,-1,-1,-1
776,702,704.8,184.4,134.3,444.5,1,-1,-1,-1
776,722,607.6,247.5,100.2,364.6,1,-1,-1,-1
776,739,402.1,45.0,196.5,783.3,1,-1,-1,-1
777,608,68.7,0.0,397.2,965.9,1,-1,-1,-1
777,645,1084.5,196.1,122.9,437.3,1,-1,-1,-1
777,669,964.0,225.7,182.8,426.7,1,-1,-1,-1
777,477,820.6,153.5,139.4,522.0,1,-1,-1,-1
777,702,697.4,186.0,134.8,445.6,1,-1,-1,-1
777,722,599.9,245.7,102.0,367.8,1,-1,-1,-1
777,739,384.0,36.1,203.3,798.8,1,-1,-1,-1
778,608,47.2,0.0,392.7,971.8,1,-1,-1,-1
778,645,1082.8,192.8,125.2,441.5,1,-1,-1,-1
778,669,959.6,222.1,183.6,431.8,1,-1,-1,-1
778,477,815.2,155.4,139.1,521.2,1,-1,-1,-1
778,702,692.5,188.4,134.3,441.8,1,-1,-1,-1
778,722,590.7,244.7,103.6,371.3,1,-1,-1,-1
778,739,370.7,31.5,214.4,833.0,1,-1,-1,-1
779,608,23.8,0.0,390.6,982.2,1,-1,-1,-1
779,645,1081.4,191.2,127.1,443.5,1,-1,-1,-1
779,669,952.9,218.3,184.2,436.2,1,-1,-1,-1
779,477,808.3,156.4,139.4,522.1,1,-1,-1,-1
779,702,684.7,190.1,134.4,441.9,1,-1,-1,-1
779,722,580.2,246.5,103.6,367.2,1,-1,-1,-1
779,739,350.1,23.6,227.5,872.1,1,-1,-1,-1
780,608,0.0,0.9,387.8,998.4,1,-1,-1,-1
780,645,1079.8,190.2,130.0,446.7,1,-1,-1,-1
780,669,945.8,213.0,185.4,442.3,1,-1,-1,-1
780,477,800.5,155.7,140.2,523.9,1,-1,-1,-1
780,702,679.3,191.5,135.2,445.2,1,-1,-1,-1
780,722,570.9,247.4,104.3,367.2,1,-1,-1,-1
780,739,330.0,20.9,236.4,891.5,1,-1,-1,-1
781,608,0.0,3.4,360.4,1007.2,1,-1,-1,-1
781,645,1077.2,189.2,133.6,453.8,1,-1,-1,-1
781,669,941.5,209.1,186.1,448.1,1,-1,-1,-1
781,477,794.7,156.7,140.7,525.6,1,-1,-1,-1
781,702,673.8,193.2,134.3,443.5,1,-1,-1,-1
781,722,561.9,245.3,105.7,373.8,1,-1,-1,-1
781,739,319.1,20.1,242.7,901.7,1,-1,-1,-1
782,608,0.0,0.9,342.5,1015.1,1,-1,-1,-1
782,645,1075.4,188.7,136.9,458.8,1,-1,-1,-1
782,669,939.7,207.0,186.6,454.6,1,-1,-1,-1
782,477,790.4,158.1,140.7,526.2,1,-1,-1,-1
782,702,669.5,193.3,133.9,443.2,1,-1,-1,-1
782,722,547.5,243.4,108.7,379.9,1,-1,-1,-1
782,739,307.0,18.1,249.3,909.6,1,-1,-1,-1
783,608,0.0,1.3,325.9,1021.7,1,-1,-1,-1
783,645,1072.8,186.7,140.7,465.3,1,-1,-1,-1
783,669,937.8,205.1,188.8,466.0,1,-1,-1,-1
783,477,787.6,157.2,141.2,528.1,1,-1,-1,-1
783,702,668.3,193.9,133.0,442.4,1,-1,-1,-1
783,722,528.8,241.3,113.2,386.3,1,-1,-1,-1
783,739,287.9,12.8,262.7,937.7,1,-1,-1,-1
783,764,635.8,253.8,71.1,366.8,1,-1,-1,-1
784,608,0.0,15.9,305.0,1013.2,1,-1,-1,-1
784,645,1071.4,184.6,144.2,471.8,1,-1,-1,-1
784,669,936.4,202.8,190.2,475.6,1,-1,-1,-1
784,477,784.4,155.5,141.1,528.1,1,-1,-1,-1
784,702,668.8,190.7,131.8,442.8,1,-1,-1,-1
784,722,516.4,240.1,116.8,388.5,1,-1,-1,-1
784,739,267.5,8.3,277.2,968.0,1,-1,-1,-1
784,764,633.6,254.4,70.9,364.5,1,-1,-1,-1
784,767,1698.7,336.4,28.1,41.0,1,-1,-1,-1
785,608,0.0,12.2,288.8,1010.0,1,-1,-1,-1
785,645,1071.9,182.6,148.4,479.5,1,-1,-1,-1
785,669,936.0,201.7,190.5,481.8,1,-1,-1,-1
785,477,784.0,153.8,140.9,528.5,1,-1,-1,-1
785,702,671.5,191.4,131.6,445.5,1,-1,-1,-1
785,722,519.4,237.5,115.6,387.4,1,-1,-1,-1
785,739,247.9,2.6,287.9,985.9,1,-1,-1,-1
785,764,631.5,252.6,71.7,365.5,1,-1,-1,-1
785,767,1699.9,333.4,26.3,38.4,1,-1,-1,-1
785,772,1744.2,336.7,31.6,82.7,1,-1,-1,-1
786,608,0.0,8.1,273.8,1021.0,1,-1,-1,-1
786,645,1074.0,180.9,152.7,487.2,1,-1,-1,-1
786,669,937.0,201.6,189.4,483.4,1,-1,-1,-1
786,477,785.2,152.1,140.1,525.9,1,-1,-1,-1
786,702,673.7,191.2,132.3,450.2,1,-1,-1,-1
786,722,504.6,234.7,119.7,396.4,1,-1,-1,-1
786,739,232.5,0.0,295.1,993.3,1,-1,-1,-1
786,764,629.1,251.3,73.1,368.2,1,-1,-1,-1
786,767,1701.1,332.7,24.7,35.8,1,-1,-1,-1
786,772,1745.8,336.3,30.4,79.6,1,-1,-1,-1
787,608,0.0,13.3,260.6,1017.1,1,-1,-1,-1
787,645,1075.8,179.3,157.6,497.1,1,-1,-1,-1
787,669,939.0,201.4,190.3,489.6,1,-1,-1,-1
787,477,786.8,151.3,139.7,524.3,1,-1,-1,-1
787,702,674.4,190.9,131.6,450.8,1,-1,-1,-1
787,722,498.2,233.0,122.6,402.3,1,-1,-1,-1
787,739,217.6,0.0,305.6,1010.9,1,-1,-1,-1
787,764,625.1,250.3,74.6,370.6,1,-1,-1,-1
787,767,1702.6,335.9,23.6,33.9,1,-1,-1,-1
787,772,1746.0,337.2,30.7,80.4,1,-1,-1,-1
788,608,0.0,18.3,249.6,1022.7,1,-1,-1,-1
788,645,1076.1,175.9,161.5,503.8,1,-1,-1,-1
788,669,943.9,203.4,191.7,496.4,1,-1,-1,-1
788,477,786.4,151.1,139.3,521.4,1,-1,-1,-1
788,702,675.2,191.6,130.3,449.4,1,-1,-1,-1
788,722,493.7,232.4,124.5,406.2,1,-1,-1,-1
788,739,205.7,0.0,314.7,1024.1,1,-1,-1,-1
788,764,623.9,250.7,76.8,371.7,1,-1,-1,-1
788,772,1746.9,338.3,31.0,81.1,1,-1,-1,-1
788,775,1858.9,260.6,54.5,486.6,1,-1,-1,-1
789,608,0.0,32.9,236.6,1017.8,1,-1,-1,-1
789,645,1078.8,172.0,165.2,510.6,1,-1,-1,-1
789,669,941.9,202.4,195.7,506.8,1,-1,-1,-1
789,477,786.7,152.2,138.8,519.0,1,-1,-1,-1
789,702,677.4,191.2,129.6,449.7,1,-1,-1,-1
789,722,492.6,232.3,124.7,409.0,1,-1,-1,-1
789,739,196.1,0.0,321.7,1027.5,1,-1,-1,-1
789,764,622.6,251.5,80.0,372.7,1,-1,-1,-1
789,775,1854.5,261.7,55.1,487.3,1,-1,-1,-1
790,608,0.0,44.7,220.7,1015.8,1,-1,-1,-1
790,645,1082.6,170.2,167.8,514.7,1,-1,-1,-1
790,669,946.7,200.2,199.1,516.1,1,-1,-1,-1
790,477,789.1,150.4,138.9,520.0,1,-1,-1,-1
790,702,683.0,191.3,129.0,448.7,1,-1,-1,-1
790,722,501.3,232.5,119.3,398.6,1,-1,-1,-1
790,739,185.4,0.0,334.1,1048.4,1,-1,-1,-1
790,764,621.1,251.0,84.3,376.7,1,-1,-1,-1
790,775,1850.9,259.9,54.1,470.2,1,-1,-1,-1
790,776,922.4,279.9,68.9,229.7,1,-1,-1,-1
791,608,0.0,44.5,206.6,1020.9,1,-1,-1,-1
791,645,1089.4,169.0,170.1,518.1,1,-1,-1,-1
791,669,953.1,200.9,201.4,521.0,1,-1,-1,-1
791,477,793.5,150.9,139.3,521.5,1,-1,-1,-1
791,702,689.2,191.2,129.3,451.1,1,-1,-1,-1
791,722,505.8,233.0,117.3,398.3,1,-1,-1,-1
791,739,174.7,0.0,344.6,1062.2,1,-1,-1,-1
791,764,620.3,252.3,87.5,378.0,1,-1,-1,-1
791,775,1849.6,256.6,54.6,465.0,1,-1,-1,-1
791,776,927.6,283.7,69.2,230.8,1,-1,-1,-1
791,777,0.0,74.8,91.7,982.0,1,-1,-1,-1
792,645,1097.3,169.7,169.7,513.0,1,-1,-1,-1
792,669,960.6,200.7,204.4,527.5,1,-1,-1,-1
792,477,801.7,154.9,139.0,521.9,1,-1,-1,-1
792,702,695.8,192.9,130.0,453.9,1,-1,-1,-1
792,722,516.5,234.4,101.3,340.3,1,-1,-1,-1
792,739,170.0,0.0,352.6,1061.5,1,-1,-1,-1
792,764,617.6,255.6,91.1,381.1,1,-1,-1,-1
792,775,1852.1,313.8,49.2,403.0,1,-1,-1,-1
792,776,932.7,285.6,69.2,230.6,1,-1,-1,-1
792,777,7.2,63.8,102.1,990.8,1,-1,-1,-1
793,645,1106.6,166.1,170.6,513.7,1,-1,-1,-1
793,669,969.4,195.1,208.5,536.9,1,-1,-1,-1
793,477,811.2,156.6,138.4,522.1,1,-1,-1,-1
793,702,701.0,194.5,131.1,458.7,1,-1,-1,-1
793,722,512.0,235.4,113.3,384.9,1,-1,-1,-1
793,739,166.4,0.0,363.2,1059.8,1,-1,-1,-1
793,764,623.6,254.9,95.6,386.6,1,-1,-1,-1
793,776,936.6,283.0,71.4,237.5,1,-1,-1,-1
793,777,4.0,64.9,102.0,990.1,1,-1,-1,-1
794,645,1117.2,160.4,175.5,529.5,1,-1,-1,-1
794,669,980.8,189.3,213.0,545.4,1,-1,-1,-1
794,477,821.0,157.1,138.1,523.0,1,-1,-1,-1
794,702,709.8,195.8,130.5,456.0,1,-1,-1,-1
794,722,512.0,235.1,117.8,404.7,1,-1,-1,-1
794,739,153.3,0.0,375.5,1064.5,1,-1,-1,-1
794,764,626.6,251.9,101.3,395.9,1,-1,-1,-1
794,776,950.4,284.0,70.7,237.3,1,-1,-1,-1
794,777,0.0,19.8,101.9,1029.5,1,-1,-1,-1
795,645,1127.9,158.2,178.9,545.4,1,-1,-1,-1
795,669,989.9,184.0,219.1,557.3,1,-1,-1,-1
795,477,832.0,160.1,138.0,523.2,1,-1,-1,-1
795,702,720.6,198.0,130.5,454.2,1,-1,-1,-1
795,722,518.3,235.4,118.3,408.9,1,-1,-1,-1
795,739,143.8,0.0,388.1,1064.0,1,-1,-1,-1
795,764,634.2,254.5,103.2,394.9,1,-1,-1,-1
795,776,960.0,284.4,70.5,235.8,1,-1,-1,-1
795,777,0.0,26.4,96.5,1014.5,1,-1,-1,-1
796,645,1140.1,159.6,180.2,554.8,1,-1,-1,-1
796,669,998.9,179.5,224.4,566.7,1,-1,-1,-1
796,477,841.7,163.1,139.0,527.5,1,-1,-1,-1
796,702,731.7,201.2,130.2,450.9,1,-1,-1,-1
796,722,523.4,235.1,118.0,411.8,1,-1,-1,-1
796,739,132.5,0.0,401.2,1060.0,1,-1,-1,-1
796,764,636.5,253.5,108.0,403.4,1,-1,-1,-1
796,776,970.9,286.0,70.5,234.4,1,-1,-1,-1
796,777,0.0,123.2,88.2,915.6,1,-1,-1,-1
797,645,1150.8,159.7,183.0,572.4,1,-1,-1,-1
797,669,1006.5,182.0,228.3,571.7,1,-1,-1,-1
797,477,848.7,168.3,139.9,530.7,1,-1,-1,-1
797,702,741.6,203.5,130.3,451.0,1,-1,-1,-1
797,722,531.5,238.9,109.4,379.1,1,-1,-1,-1
797,739,117.3,0.0,415.6,1054.2,1,-1,-1,-1
797,764,641.5,254.4,112.1,408.5,1,-1,-1,-1
797,776,980.5,289.8,70.6,233.9,1,-1,-1,-1
798,645,1163.0,161.1,183.8,584.3,1,-1,-1,-1
798,669,1011.4,183.5,236.4,586.3,1,-1,-1,-1
798,477,854.9,175.5,140.0,531.7,1,-1,-1,-1
798,702,750.2,206.0,130.7,454.4,1,-1,-1,-1
798,722,538.4,242.3,104.7,356.5,1,-1,-1,-1
798,739,101.8,0.0,430.4,1043.3,1,-1,-1,-1
798,764,642.9,255.8,114.8,412.1,1,-1,-1,-1
798,776,988.4,293.0,70.8,232.6,1,-1,-1,-1
799,645,1171.0,162.9,185.7,596.1,1,-1,-1,-1
799,669,1015.8,184.3,244.4,601.3,1,-1,-1,-1
799,477,861.7,181.2,139.6,529.8,1,-1,-1,-1
799,702,757.3,212.9,130.5,456.2,1,-1,-1,-1
799,722,540.4,246.5,105.0,351.9,1,-1,-1,-1
799,739,88.8,0.0,448.0,1039.8,1,-1,-1,-1
799,764,644.7,258.1,117.5,415.5,1,-1,-1,-1
799,776,996.8,297.4,71.7,233.5,1,-1,-1,-1
800,645,1179.4,164.4,189.1,614.9,1,-1,-1,-1
800,669,1016.9,186.3,252.3,615.9,1,-1,-1,-1
800,477,867.1,185.0,140.3,533.4,1,-1,-1,-1
800,702,763.2,220.8,131.2,461.2,1,-1,-1,-1
800,722,541.0,249.6,105.5,346.5,1,-1,-1,-1
800,739,78.4,0.0,468.7,1048.7,1,-1,-1,-1
800,764,646.1,261.8,119.3,416.3,1,-1,-1,-1
800,776,1005.1,301.2,73.3,236.0,1,-1,-1,-1
801,645,1188.6,165.8,189.7,626.5,1,-1,-1,-1
801,669,1018.7,187.6,259.5,626.9,1,-1,-1,-1
801,477,873.2,188.6,140.4,536.9,1,-1,-1,-1
801,702,768.3,224.9,130.4,461.9,1,-1,-1,-1
801,722,541.3,252.3,108.1,347.2,1,-1,-1,-1
801,739,70.7,0.0,486.6,1054.5,1,-1,-1,-1
801,764,647.4,265.4,120.3,418.1,1,-1,-1,-1
801,776,1008.3,303.1,76.3,240.7,1,-1,-1,-1
802,645,1194.8,166.0,190.6,635.4,1,-1,-1,-1
802,669,1014.4,187.3,270.9,646.3,1,-1,-1,-1
802,477,879.4,191.6,139.2,535.6,1,-1,-1,-1
802,702,774.0,228.8,127.7,456.1,1,-1,-1,-1
802,722,539.1,254.6,112.4,353.6,1,-1,-1,-1
802,739,64.4,0.0,502.3,1058.6,1,-1,-1,-1
802,764,648.4,268.1,120.9,421.4,1,-1,-1,-1
802,776,1008.6,306.5,79.0,244.5,1,-1,-1,-1
802,804,732.2,276.6,65.2,261.4,1,-1,-1,-1
803,645,1204.5,165.1,192.3,646.0,1,-1,-1,-1
803,669,1014.0,187.6,279.2,658.4,1,-1,-1,-1
803,477,885.4,193.8,136.9,529.8,1,-1,-1,-1
803,702,779.7,231.7,124.6,447.2,1,-1,-1,-1
803,722,540.0,255.0,112.4,345.4,1,-1,-1,-1
803,739,56.5,0.0,515.3,1060.9,1,-1,-1,-1
803,764,650.2,269.7,121.3,423.9,1,-1,-1,-1
803,776,1009.8,313.0,80.2,241.7,1,-1,-1,-1
803,804,736.3,278.0,65.1,261.0,1,-1,-1,-1
804,645,1217.4,162.9,194.4,655.8,1,-1,-1,-1
804,669,1014.1,185.8,288.6,673.7,1,-1,-1,-1
804,477,888.0,193.9,136.6,527.7,1,-1,-1,-1
804,702,784.2,232.1,123.9,447.0,1,-1,-1,-1
804,722,543.3,255.1,110.5,328.7,1,-1,-1,-1
804,739,47.2,0.0,528.8,1068.2,1,-1,-1,-1
804,764,651.0,270.1,121.9,427.7,1,-1,-1,-1
804,776,1012.2,314.7,83.4,244.7,1,-1,-1,-1
804,804,739.7,280.1,65.0,261.6,1,-1,-1,-1
805,645,1229.9,158.4,197.0,665.7,1,-1,-1,-1
805,669,1014.3,177.1,299.2,693.9,1,-1,-1,-1
805,477,892.3,193.0,137.3,528.2,1,-1,-1,-1
805,702,788.2,232.1,122.9,446.6,1,-1,-1,-1
805,722,544.0,255.0,109.7,316.5,1,-1,-1,-1
805,739,26.2,0.0,534.9,1072.7,1,-1,-1,-1
805,764,652.7,270.9,122.9,432.2,1,-1,-1,-1
805,776,1014.5,316.9,87.0,249.5,1,-1,-1,-1
805,804,744.5,281.4,65.3,263.5,1,-1,-1,-1
805,818,390.1,33.0,228.3,787.4,1,-1,-1,-1
806,645,1242.1,152.7,200.3,676.8,1,-1,-1,-1
806,669,1017.4,171.1,307.8,710.2,1,-1,-1,-1
806,477,896.7,191.6,137.6,526.7,1,-1,-1,-1
806,702,791.8,229.9,122.1,447.2,1,-1,-1,-1
806,722,542.6,251.7,111.2,310.8,1,-1,-1,-1
806,739,17.3,0.0,537.9,1071.8,1,-1,-1,-1
806,764,655.6,269.5,124.5,437.8,1,-1,-1,-1
806,776,1017.9,315.7,90.9,256.3,1,-1,-1,-1
806,804,748.0,281.0,64.2,259.2,1,-1,-1,-1
806,818,380.2,46.7,226.9,784.3,1,-1,-1,-1
807,645,1255.6,148.0,204.2,686.6,1,-1,-1,-1
807,669,1023.1,167.4,312.8,720.1,1,-1,-1,-1
807,477,902.4,188.9,137.3,524.1,1,-1,-1,-1
807,702,796.7,227.3,122.2,448.7,1,-1,-1,-1
807,722,538.2,248.5,116.1,315.3,1,-1,-1,-1
807,739,8.7,0.7,540.8,1074.6,1,-1,-1,-1
807,764,657.8,270.1,124.9,439.2,1,-1,-1,-1
807,776,1024.3,320.2,91.3,255.1,1,-1,-1,-1
807,804,749.1,280.8,64.6,260.9,1,-1,-1,-1
807,818,355.2,45.7,230.3,798.7,1,-1,-1,-1
808,645,1267.8,139.0,209.4,702.2,1,-1,-1,-1
808,669,1029.8,162.8,317.1,730.1,1,-1,-1,-1
808,477,907.4,187.1,135.8,516.2,1,-1,-1,-1
808,702,799.7,226.2,120.6,444.7,1,-1,-1,-1
808,722,529.3,247.0,125.3,328.6,1,-1,-1,-1
808,739,0.0,0.1,536.5,1067.0,1,-1,-1,-1
808,764,657.1,268.6,127.5,448.8,1,-1,-1,-1
808,804,752.3,280.8,64.2,260.3,1,-1,-1,-1
808,818,328.9,65.4,230.2,803.1,1,-1,-1,-1
809,645,1278.9,130.2,214.3,713.8,1,-1,-1,-1
809,669,1036.4,155.9,321.7,741.7,1,-1,-1,-1
809,477,909.7,183.3,137.5,518.9,1,-1,-1,-1
809,702,804.2,225.0,119.8,440.4,1,-1,-1,-1
809,722,514.2,244.1,154.0,402.8,1,-1,-1,-1
809,739,0.0,8.1,524.2,1055.4,1,-1,-1,-1
809,764,657.4,265.6,130.2,456.5,1,-1,-1,-1
809,804,753.7,275.1,64.2,262.5,1,-1,-1,-1
810,645,1289.0,121.2,220.3,728.2,1,-1,-1,-1
810,669,1042.3,147.0,328.6,760.6,1,-1,-1,-1
810,477,910.8,180.2,139.6,523.2,1,-1,-1,-1
810,702,806.5,223.2,120.0,439.8,1,-1,-1,-1
810,722,502.2,239.5,177.1,466.9,1,-1,-1,-1
810,739,0.0,10.0,510.6,1051.1,1,-1,-1,-1
810,764,657.5,264.7,131.8,460.5,1,-1,-1,-1
810,804,753.6,272.4,64.2,264.7,1,-1,-1,-1
810,834,1784.5,363.2,24.7,46.0,1,-1,-1,-1
811,645,1299.4,117.1,226.3,742.8,1,-1,-1,-1
811,669,1049.9,143.4,332.0,772.6,1,-1,-1,-1
811,477,909.6,180.4,141.2,525.3,1,-1,-1,-1
811,702,805.6,223.3,120.2,441.5,1,-1,-1,-1
811,722,495.0,237.0,187.1,498.8,1,-1,-1,-1
811,739,0.0,15.1,489.8,1038.0,1,-1,-1,-1
811,764,658.2,266.1,133.3,464.4,1,-1,-1,-1
811,804,749.1,270.6,65.7,270.4,1,-1,-1,-1
811,834,1786.7,364.1,25.9,48.3,1,-1,-1,-1
811,818,360.9,113.7,177.1,628.2,1,-1,-1,-1
812,645,1307.8,112.4,235.4,765.1,1,-1,-1,-1
812,669,1056.5,136.8,335.1,784.2,1,-1,-1,-1
812,477,910.5,178.8,142.5,527.9,1,-1,-1,-1
812,702,804.5,222.8,120.6,442.8,1,-1,-1,-1
812,722,490.6,232.4,191.3,516.4,1,-1,-1,-1
812,739,0.0,7.9,458.4,1049.9,1,-1,-1,-1
812,764,656.8,264.7,136.1,472.0,1,-1,-1,-1
812,804,746.8,269.0,64.6,265.7,1,-1,-1,-1
812,834,1785.6,365.0,25.4,47.1,1,-1,-1,-1
812,818,329.0,85.9,201.7,723.9,1,-1,-1,-1
813,645,1312.4,108.2,245.3,792.6,1,-1,-1,-1
813,669,1065.0,131.0,337.3,795.4,1,-1,-1,-1
813,477,909.8,176.8,143.4,529.0,1,-1,-1,-1
813,702,803.3,222.3,121.1,443.1,1,-1,-1,-1
813,722,485.8,227.7,193.0,527.1,1,-1,-1,-1
813,739,0.0,12.7,431.8,1040.8,1,-1,-1,-1
813,764,655.5,262.5,138.3,477.8,1,-1,-1,-1
813,804,745.2,265.5,65.0,267.0,1,-1,-1,-1
813,834,1786.1,364.0,25.7,47.7,1,-1,-1,-1
813,818,298.1,71.5,217.9,784.1,1,-1,-1,-1
813,776,1040.1,312.4,85.5,249.1,1,-1,-1,-1
814,645,1317.5,105.4,252.6,812.9,1,-1,-1,-1
814,669,1074.9,120.5,343.3,820.9,1,-1,-1,-1
814,477,908.5,175.3,144.0,528.4,1,-1,-1,-1
814,702,801.2,221.7,121.5,443.2,1,-1,-1,-1
814,722,480.8,223.3,192.4,533.7,1,-1,-1,-1
814,764,653.5,258.9,140.8,484.4,1,-1,-1,-1
814,804,745.4,263.6,63.6,260.6,1,-1,-1,-1
814,834,1784.8,361.0,26.8,49.8,1,-1,-1,-1
814,818,270.7,62.1,227.6,815.5,1,-1,-1,-1
814,776,1043.9,308.5,83.8,250.7,1,-1,-1,-1
815,645,1324.9,103.0,259.9,832.7,1,-1,-1,-1
815,669,1079.6,114.8,352.5,856.2,1,-1,-1,-1
815,477,906.9,174.7,145.3,530.5,1,-1,-1,-1
815,702,798.0,221.9,121.6,443.1,1,-1,-1,-1
815,722,477.9,221.5,191.4,539.3,1,-1,-1,-1
815,764,649.3,257.1,143.7,489.9,1,-1,-1,-1
815,804,748.3,262.4,60.0,245.8,1,-1,-1,-1
815,834,1785.1,360.0,27.1,50.4,1,-1,-1,-1
815,818,246.6,49.9,237.0,837.7,1,-1,-1,-1
815,776,1047.6,308.0,82.8,253.6,1,-1,-1,-1
816,645,1327.9,100.5,269.2,859.8,1,-1,-1,-1
816,669,1082.5,112.7,360.9,892.2,1,-1,-1,-1
816,477,904.7,175.4,146.7,532.6,1,-1,-1,-1
816,702,794.8,222.2,121.6,443.4,1,-1,-1,-1
816,722,471.6,219.7,191.9,547.4,1,-1,-1,-1
816,764,647.3,255.5,146.9,496.9,1,-1,-1,-1
816,804,744.9,263.1,61.0,249.1,1,-1,-1,-1
816,834,1782.9,359.2,27.8,51.3,1,-1,-1,-1
816,818,231.5,41.5,244.3,853.2,1,-1,-1,-1
816,776,1050.7,307.2,82.4,255.4,1,-1,-1,-1
817,645,1331.7,97.8,276.4,877.6,1,-1,-1,-1
817,669,1087.3,110.1,362.1,909.2,1,-1,-1,-1
817,477,902.4,176.4,148.1,534.5,1,-1,-1,-1
817,702,790.2,222.5,121.8,443.4,1,-1,-1,-1
817,722,463.5,218.2,193.0,554.4,1,-1,-1,-1
817,764,644.6,253.2,150.0,504.2,1,-1,-1,-1
817,804,744.2,262.5,59.9,244.9,1,-1,-1,-1
817,834,1780.0,358.2,28.1,51.0,1,-1,-1,-1
817,818,218.0,35.8,251.8,869.3,1,-1,-1,-1
817,776,1052.5,305.1,83.2,257.9,1,-1,-1,-1
818,645,1336.7,94.9,283.1,891.5,1,-1,-1,-1
818,669,1093.9,106.6,361.1,920.4,1,-1,-1,-1
818,477,901.7,178.8,147.0,526.1,1,-1,-1,-1
818,702,785.8,223.7,122.4,443.5,1,-1,-1,-1
818,722,451.8,217.7,195.8,563.7,1,-1,-1,-1
818,764,641.6,251.4,152.9,511.3,1,-1,-1,-1
818,804,738.9,262.8,64.3,265.1,1,-1,-1,-1
818,834,1779.1,357.3,27.5,49.9,1,-1,-1,-1
818,818,206.3,32.1,260.8,891.3,1,-1,-1,-1
818,776,1054.8,303.5,84.6,260.1,1,-1,-1,-1
819,645,1341.3,88.3,289.5,904.7,1,-1,-1,-1
819,669,1099.6,106.8,362.6,938.2,1,-1,-1,-1
819,477,899.3,179.6,149.6,535.0,1,-1,-1,-1
819,702,781.3,224.1,123.3,445.1,1,-1,-1,-1
819,722,442.6,216.9,197.7,568.9,1,-1,-1,-1
819,764,636.9,249.8,155.5,515.1,1,-1,-1,-1
819,804,735.9,262.2,61.7,255.7,1,-1,-1,-1
819,834,1777.7,356.0,27.0,49.1,1,-1,-1,-1
819,818,192.6,29.1,270.0,914.4,1,-1,-1,-1
819,776,1055.6,302.2,86.6,264.0,1,-1,-1,-1
820,645,1342.0,71.7,304.8,949.7,1,-1,-1,-1
820,669,1105.2,100.8,366.8,962.2,1,-1,-1,-1
820,477,899.3,179.7,150.3,538.9,1,-1,-1,-1
820,702,776.2,223.8,124.4,446.7,1,-1,-1,-1
820,722,431.9,216.4,199.5,572.9,1,-1,-1,-1
820,764,631.7,246.3,158.2,519.0,1,-1,-1,-1
820,804,731.3,260.4,61.5,256.5,1,-1,-1,-1
820,834,1776.0,353.9,27.2,50.0,1,-1,-1,-1
820,818,178.5,24.0,279.1,936.4,1,-1,-1,-1
820,776,1055.6,301.5,87.9,265.3,1,-1,-1,-1
821,645,1351.5,58.5,307.5,956.1,1,-1,-1,-1
821,669,1116.5,97.5,363.3,959.7,1,-1,-1,-1
821,477,898.4,180.2,150.5,541.6,1,-1,-1,-1
821,702,771.9,223.3,125.9,449.7,1,-1,-1,-1
821,722,425.7,215.5,201.1,577.0,1,-1,-1,-1
821,764,627.5,244.5,160.5,521.2,1,-1,-1,-1
821,804,728.7,260.8,63.2,264.1,1,-1,-1,-1
821,834,1774.5,350.9,27.7,51.6,1,-1,-1,-1
821,818,167.5,20.4,285.5,948.3,1,-1,-1,-1
821,776,1055.4,300.7,89.3,266.0,1,-1,-1,-1
821,839,733.0,261.3,49.0,102.7,1,-1,-1,-1
822,645,1354.7,39.1,315.1,978.8,1,-1,-1,-1
822,669,1123.4,76.9,370.8,987.9,1,-1,-1,-1
822,477,898.0,180.5,150.3,542.4,1,-1,-1,-1
822,702,768.7,221.0,127.5,452.9,1,-1,-1,-1
822,722,418.1,214.9,204.3,586.1,1,-1,-1,-1
822,764,622.7,242.2,163.2,524.8,1,-1,-1,-1
822,834,1772.8,349.5,27.0,50.1,1,-1,-1,-1
822,818,152.9,17.9,295.0,974.2,1,-1,-1,-1
822,776,1055.6,299.0,91.4,267.8,1,-1,-1,-1
822,839,726.6,256.6,51.4,107.6,1,-1,-1,-1
823,645,1358.7,23.5,323.3,1008.7,1,-1,-1,-1
823,669,1129.1,59.1,378.1,1012.2,1,-1,-1,-1
823,477,898.0,180.5,150.2,542.0,1,-1,-1,-1
823,702,765.9,220.1,128.0,452.4,1,-1,-1,-1
823,722,411.1,212.0,209.1,601.0,1,-1,-1,-1
823,764,618.0,239.5,167.0,531.2,1,-1,-1,-1
823,834,1772.6,348.7,26.0,47.9,1,-1,-1,-1
823,818,139.2,8.1,301.9,991.8,1,-1,-1,-1
823,776,1054.9,297.6,93.1,269.6,1,-1,-1,-1
823,839,723.7,255.2,45.9,95.6,1,-1,-1,-1
824,645,1368.6,8.8,324.9,1018.2,1,-1,-1,-1
824,669,1138.1,37.9,386.0,1033.5,1,-1,-1,-1
824,477,901.0,180.7,149.5,540.0,1,-1,-1,-1
824,702,763.4,218.1,128.9,450.6,1,-1,-1,-1
824,722,404.4,207.6,212.3,612.5,1,-1,-1,-1
824,764,612.7,237.8,171.4,540.6,1,-1,-1,-1
824,834,1772.8,348.4,25.9,47.4,1,-1,-1,-1
824,818,125.2,5.3,310.4,1014.3,1,-1,-1,-1
824,776,1055.5,297.4,93.4,267.4,1,-1,-1,-1
824,839,721.6,251.7,43.9,90.3,1,-1,-1,-1
825,645,1384.5,1.3,324.4,1026.9,1,-1,-1,-1
825,669,1146.4,18.7,392.4,1045.2,1,-1,-1,-1
825,477,902.6,180.4,149.3,538.2,1,-1,-1,-1
825,702,762.2,216.3,129.9,447.4,1,-1,-1,-1
825,722,397.5,203.2,214.9,624.4,1,-1,-1,-1
825,764,609.0,235.6,176.1,553.3,1,-1,-1,-1
825,834,1775.5,347.0,25.8,47.4,1,-1,-1,-1
825,818,111.4,2.0,318.3,1033.8,1,-1,-1,-1
825,776,1059.9,297.9,94.0,265.6,1,-1,-1,-1
825,839,719.2,250.1,44.6,91.0,1,-1,-1,-1
826,645,1398.1,0.0,325.2,1038.8,1,-1,-1,-1
826,669,1153.7,6.9,399.8,1053.2,1,-1,-1,-1
826,477,902.9,179.5,150.6,538.4,1,-1,-1,-1
826,702,761.5,213.9,131.9,446.7,1,-1,-1,-1
826,722,391.5,199.7,216.8,633.9,1,-1,-1,-1
826,764,605.7,234.2,180.8,566.3,1,-1,-1,-1
826,834,1777.8,345.9,25.2,46.5,1,-1,-1,-1
826,818,98.4,0.0,322.0,1036.2,1,-1,-1,-1
826,776,1062.2,297.8,95.4,265.5,1,-1,-1,-1
826,839,716.7,248.8,46.4,94.0,1,-1,-1,-1
827,645,1411.8,0.0,323.8,1048.0,1,-1,-1,-1
827,669,1161.5,0.0,412.5,1066.3,1,-1,-1,-1
827,477,901.6,176.9,152.1,538.5,1,-1,-1,-1
827,702,760.3,211.1,134.7,447.4,1,-1,-1,-1
827,722,385.3,196.5,218.0,640.7,1,-1,-1,-1
827,764,601.1,232.9,184.8,576.4,1,-1,-1,-1
827,834,1777.0,342.6,26.6,47.8,1,-1,-1,-1
827,818,84.5,0.0,329.2,1051.7,1,-1,-1,-1
827,776,1063.4,297.0,97.6,269.0,1,-1,-1,-1
827,839,715.4,248.5,45.3,91.0,1,-1,-1,-1
828,645,1435.3,0.0,318.9,1049.1,1,-1,-1,-1
828,669,1173.6,0.0,423.1,1064.4,1,-1,-1,-1
828,477,906.1,173.6,152.8,536.6,1,-1,-1,-1
828,702,759.1,208.4,138.5,451.3,1,-1,-1,-1
828,722,381.4,192.1,219.9,649.0,1,-1,-1,-1
828,764,597.5,231.8,188.1,583.7,1,-1,-1,-1
828,834,1779.8,340.2,27.6,49.1,1,-1,-1,-1
828,818,71.2,0.0,333.7,1057.6,1,-1,-1,-1
828,776,1066.1,295.1,99.0,271.6,1,-1,-1,-1
828,839,713.7,246.0,47.4,94.8,1,-1,-1,-1
829,645,1461.2,0.0,314.5,1051.6,1,-1,-1,-1
829,669,1187.3,0.0,437.3,1063.0,1,-1,-1,-1
829,477,915.0,173.6,151.7,530.7,1,-1,-1,-1
829,702,760.0,209.2,142.6,456.3,1,-1,-1,-1
829,722,381.5,190.7,221.0,655.9,1,-1,-1,-1
829,764,594.2,231.6,192.2,594.4,1,-1,-1,-1
829,818,57.3,0.0,338.1,1061.1,1,-1,-1,-1
829,776,1070.4,295.4,100.0,273.5,1,-1,-1,-1
829,839,712.4,246.4,52.8,106.0,1,-1,-1,-1
830,645,1490.2,0.0,305.7,1034.4,1,-1,-1,-1
830,669,1200.3,0.0,455.6,1065.9,1,-1,-1,-1
830,477,920.5,175.2,151.4,524.1,1,-1,-1,-1
830,702,761.5,212.8,144.6,454.8,1,-1,-1,-1
830,722,381.0,190.5,221.6,661.2,1,-1,-1,-1
830,764,590.0,231.4,197.2,609.0,1,-1,-1,-1
830,818,43.3,0.0,344.3,1066.4,1,-1,-1,-1
830,776,1075.5,297.4,100.2,272.2,1,-1,-1,-1
830,839,712.6,247.0,53.7,107.6,1,-1,-1,-1
831,645,1521.2,0.0,302.8,1031.1,1,-1,-1,-1
831,669,1215.9,0.0,477.3,1068.8,1,-1,-1,-1
831,477,922.2,174.8,152.4,520.7,1,-1,-1,-1
831,702,764.6,214.6,145.9,452.4,1,-1,-1,-1
831,722,377.8,189.4,222.7,668.4,1,-1,-1,-1
831,764,586.3,229.4,201.4,621.1,1,-1,-1,-1
831,818,32.7,0.0,350.4,1065.4,1,-1,-1,-1
831,776,1078.6,293.9,102.0,276.5,1,-1,-1,-1
831,839,713.8,246.1,53.7,107.5,1,-1,-1,-1
832,645,1555.8,0.0,298.1,1020.4,1,-1,-1,-1
832,669,1223.8,0.0,500.3,1071.7,1,-1,-1,-1
832,477,925.4,174.1,154.4,521.7,1,-1,-1,-1
832,702,766.3,214.2,148.0,452.6,1,-1,-1,-1
832,722,373.5,188.8,224.5,677.0,1,-1,-1,-1
832,764,583.7,230.4,205.4,632.9,1,-1,-1,-1
832,818,27.2,0.0,357.6,1067.0,1,-1,-1,-1
832,776,1083.6,292.4,103.3,280.0,1,-1,-1,-1
832,839,715.1,245.4,58.4,117.2,1,-1,-1,-1
833,645,1586.4,0.0,306.2,1051.0,1,-1,-1,-1
833,669,1238.0,0.0,525.6,1073.1,1,-1,-1,-1
833,477,929.6,175.0,155.6,522.6,1,-1,-1,-1
833,702,770.7,214.8,150.3,451.8,1,-1,-1,-1
833,722,369.2,188.9,226.9,687.5,1,-1,-1,-1
833,764,581.3,230.2,208.9,643.2,1,-1,-1,-1
833,818,25.0,0.0,365.7,1071.3,1,-1,-1,-1
833,776,1088.0,294.1,103.6,278.8,1,-1,-1,-1
833,839,714.9,245.2,62.4,123.8,1,-1,-1,-1
834,645,1614.4,0.0,302.8,1039.3,1,-1,-1,-1
834,669,1245.4,0.0,550.2,1069.9,1,-1,-1,-1
834,477,932.6,176.7,156.9,523.7,1,-1,-1,-1
834,702,774.8,217.7,152.2,449.5,1,-1,-1,-1
834,722,365.4,187.9,231.4,705.8,1,-1,-1,-1
834,764,580.5,226.9,211.4,649.8,1,-1,-1,-1
834,818,25.8,0.0,369.5,1062.4,1,-1,-1,-1
834,776,1093.0,293.4,103.7,278.0,1,-1,-1,-1
834,839,713.8,245.8,70.8,140.7,1,-1,-1,-1
835,645,1637.6,0.0,282.4,1042.5,1,-1,-1,-1
835,669,1244.2,0.0,568.8,1059.8,1,-1,-1,-1
835,477,939.5,178.0,157.7,526.2,1,-1,-1,-1
835,702,781.9,220.7,155.1,451.1,1,-1,-1,-1
835,722,364.0,187.7,234.0,718.8,1,-1,-1,-1
835,764,580.3,224.3,214.3,657.9,1,-1,-1,-1
835,818,24.2,0.0,374.3,1058.4,1,-1,-1,-1
835,776,1099.3,296.2,104.5,279.2,1,-1,-1,-1
835,839,714.6,246.9,75.6,151.0,1,-1,-1,-1
836,645,1657.9,0.0,262.1,1047.3,1,-1,-1,-1
836,669,1242.6,0.0,588.5,1060.7,1,-1,-1,-1
836,477,944.8,179.4,158.2,527.7,1,-1,-1,-1
836,702,787.9,222.2,158.0,453.1,1,-1,-1,-1
836,722,361.9,186.4,236.6,731.3,1,-1,-1,-1
836,764,580.0,221.4,218.2,666.8,1,-1,-1,-1
836,818,23.2,0.0,378.4,1053.3,1,-1,-1,-1
836,776,1104.8,296.9,106.1,282.4,1,-1,-1,-1
837,669,1244.8,0.0,601.6,1054.6,1,-1,-1,-1
837,477,950.6,182.5,159.3,528.7,1,-1,-1,-1
837,702,793.8,223.3,159.8,453.3,1,-1,-1,-1
837,722,359.1,184.5,239.3,742.4,1,-1,-1,-1
837,764,580.3,218.9,222.3,674.8,1,-1,-1,-1
837,818,22.9,0.0,382.7,1049.2,1,-1,-1,-1
837,776,1110.8,298.0,107.2,284.5,1,-1,-1,-1
837,843,732.5,248.0,81.4,225.9,1,-1,-1,-1
838,669,1251.0,0.0,615.1,1060.4,1,-1,-1,-1
838,477,957.9,184.8,159.0,529.2,1,-1,-1,-1
838,702,800.1,222.3,162.5,456.7,1,-1,-1,-1
838,722,357.5,182.2,243.6,760.0,1,-1,-1,-1
838,764,581.5,215.1,225.5,681.6,1,-1,-1,-1
838,818,23.1,0.0,388.3,1048.7,1,-1,-1,-1
838,776,1119.1,298.4,107.8,286.7,1,-1,-1,-1
838,843,735.3,247.9,83.3,231.1,1,-1,-1,-1
839,669,1277.9,2.7,619.0,1061.9,1,-1,-1,-1
839,477,963.2,186.4,158.9,530.9,1,-1,-1,-1
839,702,806.8,221.2,164.6,458.0,1,-1,-1,-1
839,722,356.2,179.4,247.1,774.5,1,-1,-1,-1
839,764,583.4,209.4,229.1,690.5,1,-1,-1,-1
839,818,21.6,0.0,393.4,1049.0,1,-1,-1,-1
839,776,1124.5,295.7,109.7,291.5,1,-1,-1,-1
839,843,739.2,246.8,83.7,232.1,1,-1,-1,-1
840,669,1322.6,0.3,597.4,1062.4,1,-1,-1,-1
840,477,969.9,187.2,157.9,530.5,1,-1,-1,-1
840,702,813.1,221.5,164.4,455.3,1,-1,-1,-1
840,722,354.0,176.3,252.8,797.7,1,-1,-1,-1
840,764,587.0,203.8,233.0,699.1,1,-1,-1,-1
840,818,20.7,0.0,397.8,1047.5,1,-1,-1,-1
840,776,1134.8,294.5,109.4,293.2,1,-1,-1,-1
840,843,742.3,245.4,90.8,252.6,1,-1,-1,-1
840,848,1353.7,229.5,138.9,414.2,1,-1,-1,-1
841,669,1373.5,0.0,546.5,1057.6,1,-1,-1,-1
841,477,975.3,188.1,156.3,526.7,1,-1,-1,-1
841,702,819.8,218.2,165.2,455.5,1,-1,-1,-1
841,722,351.9,171.1,255.5,811.3,1,-1,-1,-1
841,764,588.1,198.0,236.6,706.8,1,-1,-1,-1
841,818,18.4,0.0,403.8,1052.4,1,-1,-1,-1
841,776,1137.7,292.2,110.0,294.9,1,-1,-1,-1
841,843,744.9,241.4,94.7,264.7,1,-1,-1,-1
841,848,1369.0,226.2,153.6,457.6,1,-1,-1,-1
842,669,1459.3,0.0,460.7,967.3,1,-1,-1,-1
842,477,979.4,187.5,155.6,524.3,1,-1,-1,-1
842,702,826.3,217.2,165.3,452.7,1,-1,-1,-1
842,722,350.4,162.6,256.8,821.0,1,-1,-1,-1
842,764,588.2,192.6,240.2,715.0,1,-1,-1,-1
842,818,16.7,0.0,408.8,1055.6,1,-1,-1,-1
842,776,1148.7,289.1,109.9,298.6,1,-1,-1,-1
842,843,745.8,237.6,100.4,282.4,1,-1,-1,-1
842,848,1379.0,223.1,209.6,625.8,1,-1,-1,-1
843,669,1550.1,0.0,369.9,822.9,1,-1,-1,-1
843,477,985.7,183.1,154.9,523.9,1,-1,-1,-1
843,702,831.3,214.4,164.9,448.9,1,-1,-1,-1
843,722,347.6,154.2,259.8,835.8,1,-1,-1,-1
843,764,588.6,186.2,245.8,732.1,1,-1,-1,-1
843,818,13.0,0.0,413.4,1060.5,1,-1,-1,-1
843,776,1155.8,285.9,108.4,298.7,1,-1,-1,-1
843,843,750.6,235.0,100.6,284.7,1,-1,-1,-1
843,848,1397.6,216.4,234.8,700.6,1,-1,-1,-1
844,669,1572.0,0.0,348.0,921.3,1,-1,-1,-1
844,477,989.4,179.1,155.9,525.2,1,-1,-1,-1
844,702,835.1,210.4,165.4,446.6,1,-1,-1,-1
844,722,347.3,144.0,261.7,845.3,1,-1,-1,-1
844,764,588.4,179.2,252.8,754.5,1,-1,-1,-1
844,818,6.4,0.0,413.5,1058.2,1,-1,-1,-1
844,776,1160.9,282.3,108.7,302.2,1,-1,-1,-1
844,843,753.6,229.8,103.0,294.1,1,-1,-1,-1
844,848,1414.3,208.1,251.1,748.3,1,-1,-1,-1
845,477,991.7,175.4,155.8,525.6,1,-1,-1,-1
845,702,837.8,206.1,166.6,447.0,1,-1,-1,-1
845,722,340.1,132.9,266.0,857.8,1,-1,-1,-1
845,764,588.7,172.1,259.9,781.9,1,-1,-1,-1
845,818,0.1,0.0,412.1,1056.2,1,-1,-1,-1
845,776,1164.4,278.5,108.6,301.9,1,-1,-1,-1
845,843,753.3,224.1,105.8,305.5,1,-1,-1,-1
845,848,1428.3,200.1,262.7,782.2,1,-1,-1,-1
846,477,995.5,169.5,156.3,529.4,1,-1,-1,-1
846,702,839.8,202.0,168.0,448.7,1,-1,-1,-1
846,722,331.6,125.3,270.6,868.0,1,-1,-1,-1
846,764,588.5,165.4,264.1,800.9,1,-1,-1,-1
846,818,0.0,9.6,396.8,1028.1,1,-1,-1,-1
846,776,1170.9,275.6,107.7,303.5,1,-1,-1,-1
846,843,752.0,218.6,107.9,314.8,1,-1,-1,-1
846,848,1440.4,194.5,269.8,803.2,1,-1,-1,-1
847,477,1002.4,163.4,154.1,526.5,1,-1,-1,-1
847,702,839.7,199.0,168.3,449.1,1,-1,-1,-1
847,722,325.0,114.2,276.4,880.4,1,-1,-1,-1
847,764,587.1,158.4,266.9,813.3,1,-1,-1,-1
847,818,0.0,5.6,379.6,1030.5,1,-1,-1,-1
847,776,1178.8,271.0,107.3,305.0,1,-1,-1,-1
847,843,750.6,213.2,110.1,325.1,1,-1,-1,-1
847,848,1451.5,189.0,270.9,808.3,1,-1,-1,-1
848,477,1003.2,155.9,152.9,524.9,1,-1,-1,-1
848,702,838.2,194.3,169.9,450.3,1,-1,-1,-1
848,722,316.9,102.0,282.0,892.1,1,-1,-1,-1
848,764,580.4,151.4,269.5,822.3,1,-1,-1,-1
848,818,0.0,4.0,355.2,1039.7,1,-1,-1,-1
848,776,1181.2,265.6,106.0,306.9,1,-1,-1,-1
848,843,751.3,207.9,107.2,319.2,1,-1,-1,-1
848,848,1461.1,182.7,274.1,821.4,1,-1,-1,-1
849,477,999.9,152.1,152.2,521.8,1,-1,-1,-1
849,702,834.8,191.6,171.1,451.5,1,-1,-1,-1
849,722,303.9,94.3,290.4,913.8,1,-1,-1,-1
849,764,568.0,148.0,279.5,853.6,1,-1,-1,-1
849,818,0.0,3.0,315.7,1042.9,1,-1,-1,-1
849,776,1179.0,262.3,105.5,309.1,1,-1,-1,-1
849,843,752.1,204.9,103.7,309.5,1,-1,-1,-1
849,848,1470.0,178.7,281.7,850.8,1,-1,-1,-1
850,477,998.5,149.4,151.3,517.5,1,-1,-1,-1
850,702,832.0,189.1,172.1,452.1,1,-1,-1,-1
850,722,290.7,85.2,296.3,928.0,1,-1,-1,-1
850,764,569.4,142.9,283.1,874.6,1,-1,-1,-1
850,776,1180.3,259.6,103.7,308.8,1,-1,-1,-1
850,843,754.3,203.2,93.8,276.0,1,-1,-1,-1
850,848,1483.5,175.4,284.3,866.5,1,-1,-1,-1
851,477,996.6,144.0,151.8,516.4,1,-1,-1,-1
851,702,829.7,184.8,173.3,454.4,1,-1,-1,-1
851,722,277.9,78.9,302.1,942.5,1,-1,-1,-1
851,764,562.5,133.9,287.8,894.1,1,-1,-1,-1
851,776,1180.5,254.6,102.5,310.3,1,-1,-1,-1
851,843,741.4,199.9,112.9,335.6,1,-1,-1,-1
851,848,1497.8,170.2,286.0,877.2,1,-1,-1,-1
851,852,0.0,6.0,125.4,880.4,1,-1,-1,-1
852,477,994.0,138.4,153.1,517.3,1,-1,-1,-1
852,702,826.6,180.3,174.2,456.7,1,-1,-1,-1
852,722,265.6,67.6,309.5,961.7,1,-1,-1,-1
852,764,559.7,122.4,291.4,911.9,1,-1,-1,-1
852,776,1179.3,249.5,101.7,312.3,1,-1,-1,-1
852,843,735.7,194.3,114.8,342.6,1,-1,-1,-1
852,848,1510.1,162.1,288.4,889.2,1,-1,-1,-1
853,477,991.4,133.0,155.4,520.4,1,-1,-1,-1
853,702,823.7,175.9,174.5,459.1,1,-1,-1,-1
853,722,251.5,60.1,315.0,975.3,1,-1,-1,-1
853,764,547.3,109.0,296.3,926.6,1,-1,-1,-1
853,776,1179.0,243.0,100.6,313.1,1,-1,-1,-1
853,848,1521.6,152.0,291.4,901.8,1,-1,-1,-1
854,477,988.2,130.2,157.7,522.8,1,-1,-1,-1
854,702,821.9,173.8,174.1,459.4,1,-1,-1,-1
854,722,234.9,49.5,322.7,995.2,1,-1,-1,-1
854,764,539.3,98.2,302.0,943.2,1,-1,-1,-1
854,776,1177.8,240.4,99.7,314.0,1,-1,-1,-1
854,848,1532.1,140.3,295.1,914.8,1,-1,-1,-1
855,477,985.8,127.0,159.8,525.4,1,-1,-1,-1
855,702,819.6,171.3,174.0,460.4,1,-1,-1,-1
855,722,214.9,38.3,330.1,1011.8,1,-1,-1,-1
855,764,529.6,89.3,307.6,956.9,1,-1,-1,-1
855,776,1170.0,237.7,100.9,315.9,1,-1,-1,-1
855,848,1539.7,129.0,300.0,926.0,1,-1,-1,-1
856,477,983.8,122.6,161.7,528.5,1,-1,-1,-1
856,702,813.5,168.8,174.3,460.7,1,-1,-1,-1
856,722,197.0,30.0,336.3,1023.5,1,-1,-1,-1
856,764,518.8,77.4,314.6,974.2,1,-1,-1,-1
856,776,1166.4,233.4,102.1,318.8,1,-1,-1,-1
856,848,1547.1,114.6,307.3,940.2,1,-1,-1,-1
857,477,979.7,120.5,163.0,530.1,1,-1,-1,-1
857,702,808.4,166.3,174.2,461.2,1,-1,-1,-1
857,722,170.8,20.7,344.5,1041.9,1,-1,-1,-1
857,764,506.1,62.6,324.7,997.9,1,-1,-1,-1
857,776,1166.3,227.8,103.0,322.6,1,-1,-1,-1
857,848,1557.4,104.5,313.3,948.1,1,-1,-1,-1
858,477,974.3,120.1,163.4,529.1,1,-1,-1,-1
858,702,803.1,162.8,174.5,462.2,1,-1,-1,-1
858,722,140.4,9.6,353.1,1058.0,1,-1,-1,-1
858,764,495.7,45.7,334.1,1020.1,1,-1,-1,-1
858,776,1162.6,226.1,101.9,321.7,1,-1,-1,-1
858,848,1566.2,91.3,325.4,972.6,1,-1,-1,-1
859,477,967.4,119.6,163.8,528.1,1,-1,-1,-1
859,702,799.2,158.8,174.9,463.5,1,-1,-1,-1
859,722,117.4,2.7,359.3,1066.9,1,-1,-1,-1
859,764,485.9,34.2,341.3,1033.3,1,-1,-1,-1
859,776,1159.8,221.7,101.9,324.6,1,-1,-1,-1
859,848,1572.3,81.9,334.8,991.3,1,-1,-1,-1
860,477,964.1,118.3,164.9,528.3,1,-1,-1,-1
860,702,795.3,153.5,175.1,464.5,1,-1,-1,-1
860,722,95.1,0.0,365.5,1070.5,1,-1,-1,-1
860,764,477.2,25.4,347.4,1042.4,1,-1,-1,-1
860,776,1158.8,218.5,101.1,325.1,1,-1,-1,-1
860,848,1574.2,63.9,342.2,1007.2,1,-1,-1,-1
861,477,962.8,116.9,165.5,526.7,1,-1,-1,-1
861,702,792.3,147.2,174.8,464.4,1,-1,-1,-1
861,722,65.5,0.0,371.6,1072.1,1,-1,-1,-1
861,764,466.1,16.9,354.3,1052.0,1,-1,-1,-1
861,776,1158.6,215.4,100.4,326.0,1,-1,-1,-1
861,848,1572.3,49.8,347.7,1018.4,1,-1,-1,-1
862,477,961.5,116.4,165.9,524.3,1,-1,-1,-1
862,702,790.6,141.5,173.9,462.4,1,-1,-1,-1
862,722,35.3,0.0,377.6,1071.2,1,-1,-1,-1
862,764,455.0,3.6,362.3,1065.4,1,-1,-1,-1
862,776,1159.4,210.2,99.9,325.7,1,-1,-1,-1
862,848,1576.4,41.0,343.6,1027.3,1,-1,-1,-1
863,477,962.1,113.6,167.1,525.7,1,-1,-1,-1
863,702,789.8,141.0,172.8,458.2,1,-1,-1,-1
863,722,17.4,0.0,381.6,1071.9,1,-1,-1,-1
863,764,442.1,0.0,368.6,1071.4,1,-1,-1,-1
863,776,1159.9,206.8,99.7,326.4,1,-1,-1,-1
863,848,1589.7,28.1,330.3,1035.0,1,-1,-1,-1
864,477,965.3,111.6,167.4,524.5,1,-1,-1,-1
864,702,792.0,139.2,173.6,459.7,1,-1,-1,-1
864,722,4.4,0.0,383.3,1072.7,1,-1,-1,-1
864,764,430.4,0.0,373.3,1073.0,1,-1,-1,-1
864,776,1160.3,204.8,99.6,327.8,1,-1,-1,-1
864,848,1590.7,18.1,329.3,1050.2,1,-1,-1,-1
865,477,969.5,109.0,167.9,526.3,1,-1,-1,-1
865,702,792.0,137.0,174.3,461.7,1,-1,-1,-1
865,722,0.0,0.0,375.3,1066.0,1,-1,-1,-1
865,764,418.6,0.0,377.2,1072.3,1,-1,-1,-1
865,776,1162.7,202.2,99.8,330.9,1,-1,-1,-1
865,848,1602.4,13.6,317.6,1055.5,1,-1,-1,-1
866,477,971.7,106.3,168.7,529.0,1,-1,-1,-1
866,702,792.8,136.3,174.9,463.1,1,-1,-1,-1
866,722,0.0,0.0,362.2,1058.7,1,-1,-1,-1
866,764,403.5,0.0,381.6,1071.8,1,-1,-1,-1
866,776,1166.5,198.9,100.4,335.7,1,-1,-1,-1
866,848,1621.2,10.2,298.8,1061.8,1,-1,-1,-1
867,477,974.4,106.5,168.7,528.3,1,-1,-1,-1
867,702,793.1,137.9,175.3,464.7,1,-1,-1,-1
867,722,0.0,0.0,350.5,1059.6,1,-1,-1,-1
867,764,384.8,0.0,386.7,1069.8,1,-1,-1,-1
867,776,1169.4,199.3,100.9,339.2,1,-1,-1,-1
867,848,1640.3,7.5,279.7,1053.8,1,-1,-1,-1
868,477,977.1,107.5,167.4,524.3,1,-1,-1,-1
868,702,794.5,142.0,175.4,465.5,1,-1,-1,-1
868,722,0.0,0.0,337.7,1057.9,1,-1,-1,-1
868,764,366.9,0.0,390.5,1064.1,1,-1,-1,-1
868,776,1172.1,200.2,100.4,340.8,1,-1,-1,-1
868,848,1675.5,126.1,244.5,927.2,1,-1,-1,-1
868,863,746.9,210.3,70.9,327.2,1,-1,-1,-1
869,477,978.7,108.5,165.7,519.3,1,-1,-1,-1
869,702,794.3,143.7,176.0,468.1,1,-1,-1,-1
869,722,0.0,0.2,323.6,1057.1,1,-1,-1,-1
869,764,340.8,0.0,397.5,1063.2,1,-1,-1,-1
869,776,1172.7,200.1,100.5,342.8,1,-1,-1,-1
869,848,1711.0,186.1,209.0,831.1,1,-1,-1,-1
869,863,742.8,212.2,71.4,329.7,1,-1,-1,-1
870,477,979.8,108.5,164.8,517.7,1,-1,-1,-1
870,702,794.2,146.4,176.4,469.7,1,-1,-1,-1
870,722,0.0,0.0,309.5,1059.6,1,-1,-1,-1
870,764,311.7,0.0,406.2,1062.2,1,-1,-1,-1
870,776,1175.5,200.0,99.9,344.0,1,-1,-1,-1
870,848,1741.6,182.4,178.4,680.2,1,-1,-1,-1
870,863,739.5,214.7,73.6,339.9,1,-1,-1,-1
870,865,625.4,140.7,152.5,363.9,1,-1,-1,-1
871,477,978.9,110.8,164.0,517.2,1,-1,-1,-1
871,702,794.4,151.7,175.5,467.8,1,-1,-1,-1
871,722,0.0,2.1,295.8,1058.2,1,-1,-1,-1
871,764,287.2,0.0,415.3,1062.3,1,-1,-1,-1
871,776,1177.1,200.6,100.0,346.9,1,-1,-1,-1
871,848,1777.5,254.5,142.5,582.1,1,-1,-1,-1
871,863,739.3,212.5,71.8,332.2,1,-1,-1,-1
871,865,607.0,140.8,177.7,426.2,1,-1,-1,-1
872,477,977.7,114.1,163.7,519.1,1,-1,-1,-1
872,702,793.9,157.1,175.9,469.4,1,-1,-1,-1
872,722,0.0,7.1,269.5,1051.6,1,-1,-1,-1
872,764,256.0,0.0,424.7,1060.7,1,-1,-1,-1
872,776,1179.5,203.1,99.6,348.7,1,-1,-1,-1
872,863,736.3,215.8,75.4,350.1,1,-1,-1,-1
872,865,593.3,142.9,196.5,475.1,1,-1,-1,-1
873,477,976.0,117.6,163.3,520.5,1,-1,-1,-1
873,702,794.4,161.2,176.0,470.2,1,-1,-1,-1
873,722,0.0,18.8,246.7,1034.3,1,-1,-1,-1
873,764,226.8,0.0,435.8,1058.1,1,-1,-1,-1
873,776,1182.4,204.8,98.6,349.1,1,-1,-1,-1
873,863,733.8,220.1,76.4,353.6,1,-1,-1,-1
873,865,584.0,145.6,202.2,494.5,1,-1,-1,-1
874,477,975.5,120.9,163.3,524.2,1,-1,-1,-1
874,702,795.0,164.4,175.8,470.2,1,-1,-1,-1
874,722,0.0,12.7,280.1,1044.0,1,-1,-1,-1
874,764,200.4,0.0,444.0,1051.5,1,-1,-1,-1
874,776,1185.3,206.1,98.0,350.5,1,-1,-1,-1
874,863,734.7,222.0,71.0,325.0,1,-1,-1,-1
874,865,579.4,147.7,202.8,502.5,1,-1,-1,-1
874,867,1808.9,263.3,30.5,43.6,1,-1,-1,-1
874,852,0.0,123.7,139.1,913.4,1,-1,-1,-1
875,477,974.8,124.8,161.9,523.3,1,-1,-1,-1
875,702,796.8,167.3,175.0,468.1,1,-1,-1,-1
875,722,0.0,95.4,263.6,956.4,1,-1,-1,-1
875,764,162.4,0.0,455.6,1045.4,1,-1,-1,-1
875,776,1188.7,207.4,97.4,351.2,1,-1,-1,-1
875,863,736.7,223.2,64.6,289.7,1,-1,-1,-1
875,865,576.8,148.8,200.9,504.6,1,-1,-1,-1
875,867,1813.0,263.7,30.6,43.7,1,-1,-1,-1
876,477,974.0,129.2,160.1,521.2,1,-1,-1,-1
876,702,798.5,168.9,174.0,466.4,1,-1,-1,-1
876,722,0.0,48.4,243.9,992.5,1,-1,-1,-1
876,764,118.2,0.0,471.2,1044.8,1,-1,-1,-1
876,776,1190.4,208.8,97.0,351.8,1,-1,-1,-1
876,863,730.7,222.6,71.8,318.2,1,-1,-1,-1
876,865,571.6,147.5,199.5,506.7,1,-1,-1,-1
876,867,1817.8,265.2,30.4,43.3,1,-1,-1,-1
876,871,1355.3,288.0,40.5,93.7,1,-1,-1,-1
877,477,972.1,131.6,158.8,520.7,1,-1,-1,-1
877,702,799.0,168.6,173.6,466.0,1,-1,-1,-1
877,764,86.9,0.0,485.9,1041.9,1,-1,-1,-1
877,776,1190.3,210.2,96.3,351.4,1,-1,-1,-1
877,863,729.0,220.3,71.7,310.6,1,-1,-1,-1
877,865,566.2,147.2,199.1,511.0,1,-1,-1,-1
877,867,1821.0,265.3,30.7,43.6,1,-1,-1,-1
877,871,1355.4,289.0,40.8,94.4,1,-1,-1,-1
877,852,12.1,236.1,126.6,777.1,1,-1,-1,-1
878,477,970.7,133.0,157.4,520.0,1,-1,-1,-1
878,702,798.4,167.4,173.4,466.5,1,-1,-1,-1
878,764,61.6,0.0,500.5,1045.3,1,-1,-1,-1
878,776,1190.5,209.1,96.8,352.6,1,-1,-1,-1
878,863,721.4,219.6,81.0,348.4,1,-1,-1,-1
878,865,559.4,145.3,198.9,514.9,1,-1,-1,-1
878,867,1825.2,266.1,29.4,41.6,1,-1,-1,-1
878,871,1354.8,288.2,41.3,95.7,1,-1,-1,-1
879,477,969.8,133.7,155.6,519.5,1,-1,-1,-1
879,702,797.3,165.8,173.3,466.7,1,-1,-1,-1
879,764,42.2,0.0,511.0,1047.5,1,-1,-1,-1
879,776,1191.0,208.3,97.0,353.6,1,-1,-1,-1
879,863,714.1,218.9,87.1,372.0,1,-1,-1,-1
879,865,553.7,143.9,198.8,517.9,1,-1,-1,-1
879,867,1830.0,266.3,28.3,40.2,1,-1,-1,-1
879,871,1353.5,287.4,40.7,94.5,1,-1,-1,-1
880,477,968.8,133.4,153.9,518.4,1,-1,-1,-1
880,702,797.3,163.7,172.3,463.6,1,-1,-1,-1
880,764,26.3,7.0,517.3,1048.4,1,-1,-1,-1
880,776,1190.3,208.1,97.1,354.2,1,-1,-1,-1
880,863,706.9,211.9,91.4,385.9,1,-1,-1,-1
880,865,544.7,143.4,199.6,521.2,1,-1,-1,-1
880,867,1833.6,266.7,26.4,37.5,1,-1,-1,-1
880,871,1352.5,286.3,41.0,95.5,1,-1,-1,-1
881,477,966.1,131.9,152.6,518.2,1,-1,-1,-1
881,702,796.3,160.3,172.3,462.8,1,-1,-1,-1
881,764,9.1,2.6,526.8,1063.6,1,-1,-1,-1
881,776,1191.0,207.2,97.6,354.7,1,-1,-1,-1
881,863,704.8,214.2,88.7,367.3,1,-1,-1,-1
881,865,535.0,141.7,201.5,526.8,1,-1,-1,-1
881,867,1836.6,267.4,24.7,34.9,1,-1,-1,-1
881,871,1351.8,285.6,41.2,96.3,1,-1,-1,-1
882,477,961.7,129.5,151.9,519.4,1,-1,-1,-1
882,702,794.7,157.3,173.1,464.3,1,-1,-1,-1
882,764,0.0,1.0,522.7,1062.5,1,-1,-1,-1
882,776,1187.0,206.7,99.3,355.1,1,-1,-1,-1
882,863,697.7,207.6,94.2,386.9,1,-1,-1,-1
882,865,525.1,140.0,203.8,532.7,1,-1,-1,-1
882,871,1351.5,285.6,41.4,97.0,1,-1,-1,-1
883,477,958.5,127.0,152.1,521.5,1,-1,-1,-1
883,702,792.2,154.9,174.3,467.7,1,-1,-1,-1
883,764,0.0,0.8,509.1,1062.1,1,-1,-1,-1
883,776,1185.5,206.6,100.9,356.0,1,-1,-1,-1
883,863,691.8,208.7,95.8,387.6,1,-1,-1,-1
883,865,514.7,139.7,208.1,541.8,1,-1,-1,-1
883,871,1350.0,285.9,41.1,96.3,1,-1,-1,-1
884,477,956.5,124.4,152.3,523.1,1,-1,-1,-1
884,702,789.6,154.1,174.2,467.7,1,-1,-1,-1
884,764,0.0,11.3,493.3,1063.3,1,-1,-1,-1
884,776,1186.5,205.1,101.9,358.2,1,-1,-1,-1
884,863,687.2,205.1,92.5,363.1,1,-1,-1,-1
884,865,503.1,136.8,211.8,549.8,1,-1,-1,-1
884,871,1348.5,287.0,40.1,94.0,1,-1,-1,-1
885,477,954.6,120.5,152.1,524.1,1,-1,-1,-1
885,702,787.9,152.8,174.3,468.3,1,-1,-1,-1
885,764,0.0,6.3,470.3,1061.5,1,-1,-1,-1
885,776,1187.6,201.5,104.6,364.2,1,-1,-1,-1
885,863,677.4,197.2,96.0,368.5,1,-1,-1,-1
885,865,491.7,133.7,215.9,556.0,1,-1,-1,-1
885,881,1115.5,262.5,60.5,146.1,1,-1,-1,-1
886,477,949.3,119.0,150.7,517.8,1,-1,-1,-1
886,702,781.6,152.6,175.9,472.5,1,-1,-1,-1
886,764,0.0,2.1,437.8,1058.6,1,-1,-1,-1
886,776,1183.3,203.3,106.3,364.2,1,-1,-1,-1
886,863,669.8,197.9,91.4,339.2,1,-1,-1,-1
886,865,476.8,131.0,221.2,563.7,1,-1,-1,-1
886,881,1104.4,259.4,74.5,180.5,1,-1,-1,-1
887,477,941.6,118.9,148.4,511.9,1,-1,-1,-1
887,702,774.5,156.5,176.3,471.3,1,-1,-1,-1
887,776,1180.0,205.7,107.3,364.2,1,-1,-1,-1
887,863,659.2,201.1,91.4,329.0,1,-1,-1,-1
887,865,459.8,127.6,225.0,569.8,1,-1,-1,-1
887,881,1100.2,263.4,79.2,192.6,1,-1,-1,-1
888,477,933.8,119.1,148.4,510.4,1,-1,-1,-1
888,702,766.3,157.7,176.4,470.8,1,-1,-1,-1
888,776,1176.2,206.2,109.1,366.5,1,-1,-1,-1
888,863,640.6,202.6,102.5,363.8,1,-1,-1,-1
888,865,443.7,122.7,230.2,577.9,1,-1,-1,-1
888,881,1097.9,265.3,80.1,195.9,1,-1,-1,-1
889,477,926.7,116.3,150.2,513.0,1,-1,-1,-1
889,702,759.4,156.5,176.9,472.5,1,-1,-1,-1
889,776,1171.4,205.9,111.2,368.8,1,-1,-1,-1
889,863,624.7,202.8,101.5,349.5,1,-1,-1,-1
889,865,426.4,113.2,238.2,591.3,1,-1,-1,-1
889,881,1087.2,256.8,83.8,206.4,1,-1,-1,-1
890,477,910.6,117.4,149.8,513.5,1,-1,-1,-1
890,702,749.6,156.6,176.7,474.6,1,-1,-1,-1
890,776,1162.3,207.8,112.3,369.4,1,-1,-1,-1
890,863,602.0,205.1,108.3,370.3,1,-1,-1,-1
890,865,402.8,103.5,246.3,606.2,1,-1,-1,-1
891,477,896.1,118.2,152.4,517.2,1,-1,-1,-1
891,702,731.3,160.9,176.2,473.2,1,-1,-1,-1
891,776,1150.5,211.7,112.9,371.3,1,-1,-1,-1
891,863,581.6,203.7,114.4,389.1,1,-1,-1,-1
891,865,377.0,92.6,253.3,620.2,1,-1,-1,-1
892,477,885.9,122.0,154.0,518.5,1,-1,-1,-1
892,702,718.1,164.6,175.9,472.1,1,-1,-1,-1
892,776,1140.3,214.1,113.9,372.5,1,-1,-1,-1
892,863,564.5,205.8,115.8,385.2,1,-1,-1,-1
892,865,354.8,87.4,260.5,630.6,1,-1,-1,-1
893,477,872.1,124.4,156.5,521.2,1,-1,-1,-1
893,702,697.4,166.0,177.7,472.3,1,-1,-1,-1
893,776,1128.8,216.3,114.6,375.2,1,-1,-1,-1
893,863,533.6,189.2,129.4,429.5,1,-1,-1,-1
893,865,329.1,84.0,266.4,642.3,1,-1,-1,-1
894,477,857.9,127.6,159.6,524.1,1,-1,-1,-1
894,702,683.8,166.6,179.2,475.1,1,-1,-1,-1
894,776,1120.6,220.5,114.9,375.6,1,-1,-1,-1
894,863,510.9,191.4,134.1,442.3,1,-1,-1,-1
894,865,309.9,82.6,273.0,655.7,1,-1,-1,-1
895,477,848.5,131.6,162.1,524.4,1,-1,-1,-1
895,702,672.5,168.0,178.7,471.8,1,-1,-1,-1
895,776,1113.6,222.9,116.2,378.4,1,-1,-1,-1
895,863,496.6,182.7,139.7,461.6,1,-1,-1,-1
895,865,288.3,79.7,280.7,671.7,1,-1,-1,-1
896,477,840.4,137.0,164.0,522.8,1,-1,-1,-1
896,702,665.3,169.1,177.3,468.5,1,-1,-1,-1
896,776,1107.2,225.5,117.1,378.4,1,-1,-1,-1
896,863,484.7,178.1,142.9,475.5,1,-1,-1,-1
896,865,269.0,77.3,287.9,686.9,1,-1,-1,-1
897,477,832.1,140.6,164.4,522.2,1,-1,-1,-1
897,702,654.4,168.6,178.4,468.1,1,-1,-1,-1
897,776,1102.3,228.5,117.7,377.9,1,-1,-1,-1
897,863,475.0,176.9,143.4,481.2,1,-1,-1,-1
897,865,251.1,74.8,294.1,701.3,1,-1,-1,-1
898,477,830.1,145.6,166.0,521.8,1,-1,-1,-1
898,702,655.3,170.0,176.7,466.2,1,-1,-1,-1
898,776,1098.9,230.9,118.7,378.2,1,-1,-1,-1
898,863,461.0,174.5,145.1,488.6,1,-1,-1,-1
898,865,231.8,69.6,301.6,722.8,1,-1,-1,-1
898,903,1292.3,272.5,45.1,76.3,1,-1,-1,-1
899,477,829.9,148.7,167.0,520.8,1,-1,-1,-1
899,702,652.1,170.0,178.2,471.0,1,-1,-1,-1
899,776,1097.1,232.5,119.4,378.5,1,-1,-1,-1
899,863,451.9,171.2,147.9,501.1,1,-1,-1,-1
899,865,220.0,66.3,307.5,737.2,1,-1,-1,-1
899,903,1292.0,275.6,43.3,73.4,1,-1,-1,-1
900,477,829.3,150.6,167.8,520.7,1,-1,-1,-1
900,702,650.8,170.5,179.1,474.7,1,-1,-1,-1
900,776,1099.4,231.2,120.8,381.8,1,-1,-1,-1
900,863,448.5,169.7,149.3,508.6,1,-1,-1,-1
900,865,210.1,61.9,315.3,756.5,1,-1,-1,-1
900,903,1289.4,269.4,48.1,81.8,1,-1,-1,-1
