1,1,499.1,157.5,29.6,75.2,1,-1,-1,-1
1,2,253.1,219.7,29.4,88.3,1,-1,-1,-1
1,3,639.3,240.8,45.1,80.4,1,-1,-1,-1
2,1,498.7,159.0,29.9,75.7,1,-1,-1,-1
2,2,262.4,219.3,29.9,89.0,1,-1,-1,-1
2,3,635.8,242.3,46.2,82.2,1,-1,-1,-1
3,1,497.6,159.8,30.4,76.7,1,-1,-1,-1
3,2,266.9,219.5,30.3,88.4,1,-1,-1,-1
3,3,631.5,242.2,45.8,81.7,1,-1,-1,-1
4,1,494.4,160.5,30.3,76.7,1,-1,-1,-1
4,2,274.5,217.6,29.4,85.3,1,-1,-1,-1
4,3,615.0,240.8,46.1,83.3,1,-1,-1,-1
5,1,491.6,161.2,30.0,76.5,1,-1,-1,-1
5,2,281.2,214.1,30.3,87.2,1,-1,-1,-1
5,3,601.5,241.0,46.6,84.0,1,-1,-1,-1
6,1,486.4,162.5,30.3,77.1,1,-1,-1,-1
6,2,286.1,212.5,31.3,88.8,1,-1,-1,-1
6,3,593.1,241.5,47.2,84.2,1,-1,-1,-1
7,1,483.3,163.8,30.4,77.2,1,-1,-1,-1
7,2,290.8,211.8,31.8,88.5,1,-1,-1,-1
7,3,586.7,240.5,47.3,84.9,1,-1,-1,-1
8,1,481.9,164.3,30.4,77.3,1,-1,-1,-1
8,2,295.8,212.0,31.9,87.2,1,-1,-1,-1
8,3,576.4,238.7,46.1,85.4,1,-1,-1,-1
9,1,478.3,164.6,30.4,77.3,1,-1,-1,-1
9,2,300.9,210.4,32.2,88.2,1,-1,-1,-1
9,3,566.4,238.2,45.8,86.9,1,-1,-1,-1
10,1,473.8,165.3,30.4,77.1,1,-1,-1,-1
10,2,306.6,209.2,31.2,86.1,1,-1,-1,-1
10,3,556.8,239.2,45.5,85.4,1,-1,-1,-1
11,1,468.6,167.2,31.6,78.4,1,-1,-1,-1
11,2,317.6,207.4,32.1,86.8,1,-1,-1,-1
11,3,545.3,238.1,45.3,86.8,1,-1,-1,-1
12,1,464.5,168.2,32.2,79.1,1,-1,-1,-1
12,2,322.5,205.6,32.8,87.1,1,-1,-1,-1
12,3,534.0,237.2,43.9,87.7,1,-1,-1,-1
13,1,455.8,168.9,32.7,79.3,1,-1,-1,-1
13,2,325.6,204.0,33.1,87.3,1,-1,-1,-1
13,3,522.6,237.4,43.5,87.4,1,-1,-1,-1
13,6,743.5,296.1,21.9,112.6,1,-1,-1,-1
14,1,450.1,170.3,32.2,78.8,1,-1,-1,-1
14,2,333.1,201.5,32.7,86.3,1,-1,-1,-1
14,3,510.8,238.0,43.8,87.1,1,-1,-1,-1
14,6,737.2,294.0,22.8,115.1,1,-1,-1,-1
15,1,445.2,171.7,32.5,78.4,1,-1,-1,-1
15,2,337.4,200.0,33.0,86.5,1,-1,-1,-1
15,3,502.0,236.6,42.3,86.5,1,-1,-1,-1
15,6,733.1,290.9,23.6,116.1,1,-1,-1,-1
16,1,441.5,171.8,33.3,78.8,1,-1,-1,-1
16,2,341.3,199.6,33.2,86.2,1,-1,-1,-1
16,3,492.0,235.6,41.0,87.0,1,-1,-1,-1
16,6,728.7,287.8,24.0,114.4,1,-1,-1,-1
17,1,437.5,172.0,32.8,78.5,1,-1,-1,-1
17,2,345.3,198.1,33.4,87.3,1,-1,-1,-1
17,3,481.3,235.7,40.8,85.9,1,-1,-1,-1
17,6,724.7,283.6,24.2,111.7,1,-1,-1,-1
18,1,434.1,172.6,25.2,58.2,1,-1,-1,-1
18,2,353.7,195.7,33.0,85.2,1,-1,-1,-1
18,3,471.4,235.7,40.9,84.9,1,-1,-1,-1
18,6,713.0,281.2,25.2,111.0,1,-1,-1,-1
18,10,749.3,276.8,13.8,105.6,1,-1,-1,-1
19,1,432.1,173.6,21.6,48.7,1,-1,-1,-1
19,2,360.2,194.9,33.1,83.3,1,-1,-1,-1
19,3,462.6,234.4,40.0,84.7,1,-1,-1,-1
19,6,705.4,279.7,26.5,110.8,1,-1,-1,-1
19,10,746.2,275.7,14.2,106.5,1,-1,-1,-1
20,2,363.3,193.9,33.7,82.7,1,-1,-1,-1
20,3,453.1,232.7,39.5,86.6,1,-1,-1,-1
20,6,701.7,277.5,27.7,110.7,1,-1,-1,-1
20,10,743.0,275.1,14.9,106.9,1,-1,-1,-1
21,2,366.3,192.9,34.2,83.0,1,-1,-1,-1
21,3,441.1,232.4,39.7,86.0,1,-1,-1,-1
21,6,692.6,272.7,27.5,106.8,1,-1,-1,-1
21,10,736.1,271.3,14.7,101.2,1,-1,-1,-1
22,2,367.4,191.7,34.7,83.7,1,-1,-1,-1
22,3,432.6,231.0,38.9,86.2,1,-1,-1,-1
22,6,685.5,270.0,28.4,106.8,1,-1,-1,-1
22,10,729.3,268.8,15.3,100.0,1,-1,-1,-1
23,2,367.0,191.0,34.3,82.5,1,-1,-1,-1
23,3,426.4,229.4,37.5,85.4,1,-1,-1,-1
23,6,679.2,268.7,29.5,107.6,1,-1,-1,-1
23,10,722.2,267.0,16.9,100.6,1,-1,-1,-1
23,19,401.0,173.7,23.5,76.3,1,-1,-1,-1
24,2,369.1,189.7,33.5,82.0,1,-1,-1,-1
24,3,418.0,236.6,33.9,76.6,1,-1,-1,-1
24,6,670.6,266.0,30.4,107.7,1,-1,-1,-1
24,10,713.3,263.9,18.3,101.7,1,-1,-1,-1
24,19,395.0,175.0,23.9,77.8,1,-1,-1,-1
25,2,370.5,189.0,32.8,82.0,1,-1,-1,-1
25,3,413.1,240.6,32.0,71.9,1,-1,-1,-1
25,6,665.1,262.7,30.2,105.5,1,-1,-1,-1
25,10,705.9,260.4,18.9,99.7,1,-1,-1,-1
25,19,391.9,175.3,23.8,77.5,1,-1,-1,-1
26,2,371.4,189.0,32.2,81.8,1,-1,-1,-1
26,3,409.7,241.2,29.9,66.7,1,-1,-1,-1
26,6,658.3,260.1,31.0,105.6,1,-1,-1,-1
26,10,700.6,258.6,20.0,98.1,1,-1,-1,-1
26,19,388.1,175.4,24.5,79.4,1,-1,-1,-1
27,2,372.4,188.0,31.8,82.1,1,-1,-1,-1
27,6,654.4,258.9,30.9,104.4,1,-1,-1,-1
27,10,695.2,257.0,21.8,99.4,1,-1,-1,-1
27,19,386.1,175.4,26.3,84.9,1,-1,-1,-1
28,2,373.1,186.9,31.5,82.4,1,-1,-1,-1
28,6,646.8,258.5,32.1,104.2,1,-1,-1,-1
28,10,689.8,255.9,23.6,100.9,1,-1,-1,-1
28,19,385.5,175.3,28.1,90.9,1,-1,-1,-1
28,3,401.4,236.2,30.5,68.9,1,-1,-1,-1
29,2,374.8,185.3,31.1,81.7,1,-1,-1,-1
29,6,640.5,256.1,32.8,103.7,1,-1,-1,-1
29,10,682.7,252.1,23.7,98.5,1,-1,-1,-1
29,19,385.8,176.5,26.9,88.1,1,-1,-1,-1
29,3,397.7,230.2,32.2,74.4,1,-1,-1,-1
30,2,376.1,184.4,30.9,81.3,1,-1,-1,-1
30,6,635.4,254.3,32.5,100.8,1,-1,-1,-1
30,10,676.2,249.4,23.6,96.3,1,-1,-1,-1
30,19,385.3,178.2,26.2,87.3,1,-1,-1,-1
30,3,396.8,226.6,31.8,74.8,1,-1,-1,-1
31,2,377.2,182.5,31.0,82.6,1,-1,-1,-1
31,6,629.6,252.0,33.2,101.2,1,-1,-1,-1
31,10,669.5,247.7,24.3,96.2,1,-1,-1,-1
31,19,386.0,178.2,25.3,85.9,1,-1,-1,-1
31,3,396.3,222.0,31.6,74.9,1,-1,-1,-1
32,2,378.2,179.7,31.7,85.5,1,-1,-1,-1
32,6,622.4,251.0,33.8,101.1,1,-1,-1,-1
32,10,659.7,246.9,25.8,95.6,1,-1,-1,-1
32,3,395.3,214.5,33.3,80.2,1,-1,-1,-1
33,6,616.6,249.3,34.8,102.7,1,-1,-1,-1
33,10,654.4,245.3,26.7,95.4,1,-1,-1,-1
33,19,382.7,180.2,25.2,84.7,1,-1,-1,-1
34,6,611.9,247.0,34.6,101.7,1,-1,-1,-1
34,10,647.7,242.7,26.8,94.2,1,-1,-1,-1
34,19,377.6,179.2,24.3,82.3,1,-1,-1,-1
34,2,383.8,180.1,30.7,83.7,1,-1,-1,-1
35,6,607.6,244.1,34.7,101.3,1,-1,-1,-1
35,10,641.0,240.8,27.5,96.0,1,-1,-1,-1
35,19,375.4,179.1,23.2,80.2,1,-1,-1,-1
35,2,386.8,181.1,29.4,82.0,1,-1,-1,-1
36,6,604.2,242.3,34.4,100.2,1,-1,-1,-1
36,10,637.0,239.7,28.0,95.9,1,-1,-1,-1
36,19,374.5,179.4,22.6,78.9,1,-1,-1,-1
36,2,388.1,181.3,29.0,82.9,1,-1,-1,-1
37,6,596.4,241.8,34.4,98.1,1,-1,-1,-1
37,10,629.7,238.3,28.8,96.4,1,-1,-1,-1
37,19,375.0,179.7,22.7,78.2,1,-1,-1,-1
37,2,390.7,181.5,28.2,80.7,1,-1,-1,-1
38,6,592.5,239.9,34.9,98.3,1,-1,-1,-1
38,10,623.5,236.2,29.0,95.7,1,-1,-1,-1
38,19,375.9,179.4,23.3,78.5,1,-1,-1,-1
38,2,394.5,181.5,28.1,80.0,1,-1,-1,-1
38,36,415.9,201.7,31.4,76.2,1,-1,-1,-1
38,37,292.6,184.5,13.2,23.4,1,-1,-1,-1
39,6,587.4,237.2,34.6,96.8,1,-1,-1,-1
39,10,616.6,234.7,27.9,91.7,1,-1,-1,-1
39,19,374.8,179.5,23.3,78.0,1,-1,-1,-1
39,2,396.8,182.3,28.0,79.5,1,-1,-1,-1
39,36,424.2,202.4,29.5,72.0,1,-1,-1,-1
39,37,292.7,184.4,13.2,23.4,1,-1,-1,-1
40,6,576.2,235.0,34.7,96.9,1,-1,-1,-1
40,10,606.5,233.5,28.8,92.1,1,-1,-1,-1
40,19,374.9,178.9,23.8,79.3,1,-1,-1,-1
40,2,398.4,182.8,27.8,79.1,1,-1,-1,-1
40,36,430.4,196.5,30.9,76.2,1,-1,-1,-1
40,37,292.5,184.6,13.5,23.9,1,-1,-1,-1
41,6,569.0,234.9,34.7,96.4,1,-1,-1,-1
41,10,602.1,232.1,29.3,92.4,1,-1,-1,-1
41,19,376.0,178.6,23.6,78.3,1,-1,-1,-1
41,2,398.7,183.8,27.4,77.9,1,-1,-1,-1
41,36,432.7,189.9,33.0,82.4,1,-1,-1,-1
41,37,292.4,184.5,13.3,23.4,1,-1,-1,-1
41,40,744.9,280.4,15.6,115.3,1,-1,-1,-1
41,41,400.7,183.7,17.8,83.1,1,-1,-1,-1
42,6,564.2,233.0,35.5,97.5,1,-1,-1,-1
42,10,597.6,229.6,29.8,93.2,1,-1,-1,-1
42,19,377.4,178.2,23.7,78.3,1,-1,-1,-1
42,2,398.1,184.2,27.1,77.7,1,-1,-1,-1
42,36,436.4,187.7,32.0,81.4,1,-1,-1,-1
42,37,292.4,184.5,13.2,23.1,1,-1,-1,-1
42,40,742.4,280.4,15.4,110.5,1,-1,-1,-1
42,41,401.4,184.4,17.0,79.2,1,-1,-1,-1
43,6,559.0,230.4,34.7,95.5,1,-1,-1,-1
43,10,592.1,227.2,29.4,91.4,1,-1,-1,-1
43,19,378.1,177.9,23.7,78.5,1,-1,-1,-1
43,36,438.7,186.5,30.2,77.8,1,-1,-1,-1
43,37,292.3,184.2,13.7,24.0,1,-1,-1,-1
43,40,740.2,278.3,17.3,120.6,1,-1,-1,-1
43,41,401.6,185.0,16.8,77.6,1,-1,-1,-1
44,6,550.3,227.5,34.2,94.7,1,-1,-1,-1
44,10,586.3,224.8,29.9,91.5,1,-1,-1,-1
44,19,378.5,176.9,23.7,78.9,1,-1,-1,-1
44,36,441.8,186.0,29.4,76.0,1,-1,-1,-1
44,37,292.1,184.3,14.0,24.4,1,-1,-1,-1
44,40,732.9,274.2,17.9,118.3,1,-1,-1,-1
44,41,403.8,184.7,15.4,71.3,1,-1,-1,-1
44,2,401.6,184.2,26.8,77.6,1,-1,-1,-1
45,6,542.0,226.5,34.5,94.1,1,-1,-1,-1
45,10,581.8,224.2,31.1,92.2,1,-1,-1,-1
45,19,378.9,176.7,23.9,79.7,1,-1,-1,-1
45,36,443.5,185.3,29.1,75.3,1,-1,-1,-1
45,37,292.3,184.3,13.6,23.6,1,-1,-1,-1
45,40,725.2,270.8,19.2,119.2,1,-1,-1,-1
45,41,405.4,183.8,16.4,75.6,1,-1,-1,-1
45,2,403.4,183.5,27.0,78.6,1,-1,-1,-1
46,6,536.9,226.2,35.2,93.5,1,-1,-1,-1
46,10,578.3,222.5,31.9,92.2,1,-1,-1,-1
46,19,378.8,177.2,24.8,82.3,1,-1,-1,-1
46,36,444.7,182.9,28.9,74.6,1,-1,-1,-1
46,37,292.4,184.7,13.7,23.6,1,-1,-1,-1
46,40,717.6,269.4,20.6,120.4,1,-1,-1,-1
46,41,406.0,183.8,14.5,65.2,1,-1,-1,-1
46,2,403.1,182.9,27.3,79.5,1,-1,-1,-1
47,6,533.6,224.6,35.5,93.1,1,-1,-1,-1
47,10,574.9,220.2,31.4,89.7,1,-1,-1,-1
47,19,378.9,178.1,25.0,82.5,1,-1,-1,-1
47,36,445.1,180.9,28.6,73.4,1,-1,-1,-1
47,37,292.3,184.7,13.8,23.7,1,-1,-1,-1
47,40,711.9,268.1,21.9,119.8,1,-1,-1,-1
47,41,408.1,183.3,11.9,51.9,1,-1,-1,-1
47,2,403.4,182.3,27.0,80.0,1,-1,-1,-1
48,6,523.9,221.7,35.3,92.5,1,-1,-1,-1
48,10,569.1,218.0,30.9,89.2,1,-1,-1,-1
48,19,377.4,178.3,24.9,81.5,1,-1,-1,-1
48,36,443.6,179.8,28.6,73.6,1,-1,-1,-1
48,37,292.5,184.7,13.5,23.2,1,-1,-1,-1
48,40,704.5,264.0,22.0,117.0,1,-1,-1,-1
48,2,403.6,181.7,26.8,80.6,1,-1,-1,-1
49,6,516.6,219.8,35.8,93.2,1,-1,-1,-1
49,10,562.2,216.2,31.7,89.8,1,-1,-1,-1
49,19,376.2,178.7,24.9,80.9,1,-1,-1,-1
49,36,442.1,177.6,28.7,73.8,1,-1,-1,-1
49,37,292.5,184.6,13.3,22.9,1,-1,-1,-1
49,40,697.6,260.1,22.4,115.9,1,-1,-1,-1
49,2,403.9,181.4,26.3,80.8,1,-1,-1,-1
49,41,409.8,181.8,11.3,46.8,1,-1,-1,-1
50,6,511.3,219.5,36.2,93.4,1,-1,-1,-1
50,10,557.3,216.2,32.3,89.3,1,-1,-1,-1
50,19,375.4,179.2,25.0,80.3,1,-1,-1,-1
50,36,439.9,176.3,28.1,72.0,1,-1,-1,-1
50,37,292.5,184.7,13.2,22.9,1,-1,-1,-1
50,40,687.6,257.3,23.8,116.6,1,-1,-1,-1
50,2,404.0,181.0,26.0,81.3,1,-1,-1,-1
51,6,504.6,217.1,36.2,93.4,1,-1,-1,-1
51,10,553.1,214.0,32.2,88.1,1,-1,-1,-1
51,19,374.8,179.2,25.4,80.3,1,-1,-1,-1
51,36,434.3,174.9,27.8,71.7,1,-1,-1,-1
51,37,292.5,184.5,13.2,22.9,1,-1,-1,-1
51,40,679.6,255.8,25.3,115.6,1,-1,-1,-1
51,2,405.5,181.2,25.4,80.8,1,-1,-1,-1
52,6,501.3,214.8,35.4,92.1,1,-1,-1,-1
52,10,547.6,212.2,31.7,87.2,1,-1,-1,-1
52,19,374.5,179.5,25.5,80.0,1,-1,-1,-1
52,36,431.3,174.2,27.4,70.8,1,-1,-1,-1
52,37,292.7,184.9,13.0,22.6,1,-1,-1,-1
52,40,674.7,254.0,26.6,115.2,1,-1,-1,-1
52,2,405.0,181.3,25.4,81.1,1,-1,-1,-1
53,6,498.9,213.6,34.6,91.0,1,-1,-1,-1
53,10,542.0,211.3,31.5,87.5,1,-1,-1,-1
53,19,374.5,179.4,25.7,80.0,1,-1,-1,-1
53,37,292.5,184.9,12.8,22.3,1,-1,-1,-1
53,40,667.7,251.6,27.1,112.5,1,-1,-1,-1
53,2,405.0,181.4,25.2,81.1,1,-1,-1,-1
54,6,495.4,212.6,34.1,90.0,1,-1,-1,-1
54,10,537.7,210.6,31.5,88.0,1,-1,-1,-1
54,19,374.5,179.5,25.8,79.8,1,-1,-1,-1
54,37,292.8,185.1,12.6,21.9,1,-1,-1,-1
54,40,659.7,249.7,28.1,111.6,1,-1,-1,-1
54,2,404.3,181.8,24.9,81.2,1,-1,-1,-1
55,6,488.9,211.8,34.4,90.3,1,-1,-1,-1
55,10,532.3,209.5,31.7,88.0,1,-1,-1,-1
55,19,374.7,179.5,25.9,80.0,1,-1,-1,-1
55,37,292.6,184.6,13.4,23.2,1,-1,-1,-1
55,40,650.1,248.1,29.4,112.7,1,-1,-1,-1
55,2,402.9,174.5,27.1,89.0,1,-1,-1,-1
56,6,484.5,210.3,34.4,89.9,1,-1,-1,-1
56,10,528.2,208.0,31.4,87.2,1,-1,-1,-1
56,19,375.0,179.6,25.8,79.8,1,-1,-1,-1
56,37,292.7,184.7,13.1,22.5,1,-1,-1,-1
56,40,644.6,246.2,30.5,112.7,1,-1,-1,-1
56,2,402.4,172.0,27.9,91.9,1,-1,-1,-1
57,6,480.0,209.0,34.4,89.0,1,-1,-1,-1
57,10,524.7,206.1,30.6,85.7,1,-1,-1,-1
57,19,375.4,179.2,25.9,80.6,1,-1,-1,-1
57,37,292.7,184.7,13.1,22.4,1,-1,-1,-1
57,40,640.0,243.9,30.4,111.6,1,-1,-1,-1
57,2,400.3,168.5,28.8,95.3,1,-1,-1,-1
58,6,474.3,207.7,35.0,89.2,1,-1,-1,-1
58,10,516.8,204.6,31.0,85.7,1,-1,-1,-1
58,19,376.1,177.8,26.4,83.2,1,-1,-1,-1
58,37,292.5,184.7,13.1,22.4,1,-1,-1,-1
58,40,632.7,239.7,30.2,110.6,1,-1,-1,-1
58,2,401.1,177.7,26.4,85.9,1,-1,-1,-1
59,6,470.5,207.2,35.5,89.4,1,-1,-1,-1
59,10,511.9,203.6,31.9,86.7,1,-1,-1,-1
59,19,376.3,173.7,27.3,87.2,1,-1,-1,-1
59,37,292.5,184.8,13.1,22.6,1,-1,-1,-1
59,40,625.0,237.6,30.9,110.1,1,-1,-1,-1
59,2,401.6,181.5,25.5,82.6,1,-1,-1,-1
60,6,467.7,206.5,36.0,89.9,1,-1,-1,-1
60,10,509.5,202.7,32.0,86.5,1,-1,-1,-1
60,19,375.0,174.1,27.1,85.9,1,-1,-1,-1
60,37,292.6,184.6,13.0,22.5,1,-1,-1,-1
60,40,621.3,236.5,31.0,109.1,1,-1,-1,-1
60,2,401.5,183.1,25.1,80.7,1,-1,-1,-1
61,6,464.9,203.9,35.7,89.0,1,-1,-1,-1
61,10,503.0,201.0,30.9,84.3,1,-1,-1,-1
61,19,375.7,178.4,25.4,82.0,1,-1,-1,-1
61,37,292.7,184.6,12.9,22.3,1,-1,-1,-1
61,40,616.5,232.9,31.5,109.5,1,-1,-1,-1
61,2,401.5,184.1,24.9,79.8,1,-1,-1,-1
62,6,463.4,202.4,35.0,87.9,1,-1,-1,-1
62,10,498.2,199.5,30.8,84.5,1,-1,-1,-1
62,19,375.9,180.4,24.7,80.0,1,-1,-1,-1
62,37,292.6,184.6,13.1,22.7,1,-1,-1,-1
62,40,612.9,229.8,31.7,108.0,1,-1,-1,-1
62,2,401.4,184.3,25.0,79.7,1,-1,-1,-1
62,49,360.5,169.8,17.0,67.8,1,-1,-1,-1
63,6,461.8,200.8,34.3,87.1,1,-1,-1,-1
63,10,494.7,199.0,31.0,85.4,1,-1,-1,-1
63,19,375.3,180.6,24.7,79.7,1,-1,-1,-1
63,37,292.8,184.7,13.2,22.7,1,-1,-1,-1
63,40,610.1,228.1,32.1,107.1,1,-1,-1,-1
63,2,401.6,184.5,25.1,79.4,1,-1,-1,-1
63,49,355.8,170.4,17.1,67.1,1,-1,-1,-1
64,6,460.6,200.2,33.5,86.1,1,-1,-1,-1
64,10,492.4,198.3,31.1,85.9,1,-1,-1,-1
64,19,374.3,180.6,24.9,79.8,1,-1,-1,-1
64,37,292.8,184.7,12.9,22.4,1,-1,-1,-1
64,40,607.0,227.1,32.5,107.1,1,-1,-1,-1
64,2,401.5,184.1,25.4,79.7,1,-1,-1,-1
64,49,351.0,170.4,17.7,66.8,1,-1,-1,-1
65,6,457.3,198.8,33.4,86.6,1,-1,-1,-1
65,10,490.4,196.5,29.8,83.4,1,-1,-1,-1
65,19,373.3,180.8,25.1,79.3,1,-1,-1,-1
65,37,292.4,184.7,13.6,23.6,1,-1,-1,-1
65,40,603.5,224.0,32.6,107.7,1,-1,-1,-1
65,2,402.6,182.8,25.8,80.9,1,-1,-1,-1
66,6,454.2,197.3,33.1,85.8,1,-1,-1,-1
66,10,488.9,194.7,29.0,82.2,1,-1,-1,-1
66,19,372.9,180.6,25.7,79.4,1,-1,-1,-1
66,37,292.6,184.8,13.0,22.6,1,-1,-1,-1
66,40,601.2,221.2,32.1,105.9,1,-1,-1,-1
66,2,403.0,182.1,25.8,81.9,1,-1,-1,-1
66,50,331.9,168.2,19.6,68.9,1,-1,-1,-1
67,6,450.8,195.6,32.9,84.5,1,-1,-1,-1
67,10,487.3,194.1,28.8,82.1,1,-1,-1,-1
67,19,373.8,180.8,26.5,79.3,1,-1,-1,-1
67,37,292.7,184.6,13.2,22.8,1,-1,-1,-1
67,40,599.5,218.6,31.5,103.7,1,-1,-1,-1
67,2,403.0,181.9,25.7,82.2,1,-1,-1,-1
67,50,327.4,169.5,19.5,67.4,1,-1,-1,-1
68,6,448.3,194.8,33.1,84.7,1,-1,-1,-1
68,10,485.3,193.5,28.8,82.1,1,-1,-1,-1
68,19,373.7,180.7,26.9,80.0,1,-1,-1,-1
68,37,292.5,184.7,13.3,23.0,1,-1,-1,-1
68,40,597.5,216.4,31.4,103.0,1,-1,-1,-1
68,2,403.7,181.5,25.3,82.5,1,-1,-1,-1
68,50,322.0,169.5,19.8,67.4,1,-1,-1,-1
69,6,445.4,193.8,33.4,85.5,1,-1,-1,-1
69,10,482.7,191.2,28.8,82.9,1,-1,-1,-1
69,19,372.7,180.6,26.9,80.2,1,-1,-1,-1
69,40,593.5,214.2,31.2,102.4,1,-1,-1,-1
69,2,404.5,181.9,24.8,81.8,1,-1,-1,-1
69,50,310.2,168.4,19.7,67.1,1,-1,-1,-1
70,6,443.3,191.5,33.7,86.5,1,-1,-1,-1
70,10,480.2,189.2,28.6,82.8,1,-1,-1,-1
70,19,371.7,180.4,27.2,80.4,1,-1,-1,-1
70,40,590.6,211.8,31.4,102.6,1,-1,-1,-1
70,2,405.8,182.1,24.2,81.0,1,-1,-1,-1
70,50,302.6,168.6,20.0,66.3,1,-1,-1,-1
70,52,410.8,182.8,15.5,21.0,1,-1,-1,-1
71,6,442.3,189.3,33.8,87.3,1,-1,-1,-1
71,10,478.2,188.3,28.1,81.3,1,-1,-1,-1
71,19,372.9,180.5,27.0,79.8,1,-1,-1,-1
71,40,587.8,209.0,31.1,100.1,1,-1,-1,-1
71,2,405.9,182.6,23.8,80.8,1,-1,-1,-1
71,50,297.4,169.1,20.7,65.7,1,-1,-1,-1
71,52,411.5,182.9,15.2,20.6,1,-1,-1,-1
72,6,442.1,187.8,32.9,85.6,1,-1,-1,-1
72,10,476.2,187.2,27.9,80.5,1,-1,-1,-1
72,19,371.1,180.3,27.5,79.8,1,-1,-1,-1
72,40,585.2,207.1,31.4,99.8,1,-1,-1,-1
72,2,406.4,183.7,23.4,79.7,1,-1,-1,-1
72,50,293.7,169.3,21.5,66.1,1,-1,-1,-1
72,52,412.3,183.3,14.7,20.0,1,-1,-1,-1
73,6,441.3,186.3,32.2,84.2,1,-1,-1,-1
73,10,475.7,186.4,28.0,80.9,1,-1,-1,-1
73,19,370.8,180.2,27.9,80.5,1,-1,-1,-1
73,40,581.6,205.6,31.8,100.7,1,-1,-1,-1
73,2,406.3,183.8,23.4,79.8,1,-1,-1,-1
73,50,283.5,169.2,21.5,66.1,1,-1,-1,-1
73,52,412.2,183.8,14.4,19.7,1,-1,-1,-1
74,6,440.6,186.0,31.5,83.1,1,-1,-1,-1
74,10,475.6,185.1,28.1,81.8,1,-1,-1,-1
74,19,371.2,180.2,27.6,80.6,1,-1,-1,-1
74,40,579.7,204.1,31.6,100.1,1,-1,-1,-1
74,2,403.5,183.2,23.9,80.4,1,-1,-1,-1
74,50,275.2,169.4,22.2,66.3,1,-1,-1,-1
74,52,411.7,184.1,14.3,19.5,1,-1,-1,-1
75,6,439.6,184.8,31.3,82.9,1,-1,-1,-1
75,10,476.1,183.4,27.6,80.7,1,-1,-1,-1
75,19,371.6,180.1,27.5,80.4,1,-1,-1,-1
75,40,578.3,201.1,31.4,99.7,1,-1,-1,-1
75,2,404.2,186.6,23.1,76.8,1,-1,-1,-1
75,50,271.3,170.0,22.8,66.2,1,-1,-1,-1
75,52,411.8,183.5,14.6,20.0,1,-1,-1,-1
76,6,438.7,182.3,30.7,81.0,1,-1,-1,-1
76,10,477.2,180.9,27.4,79.6,1,-1,-1,-1
76,19,372.3,180.1,27.9,80.4,1,-1,-1,-1
76,40,576.6,197.8,30.7,97.1,1,-1,-1,-1
76,50,265.3,169.8,23.4,67.3,1,-1,-1,-1
76,52,411.6,182.6,15.5,21.3,1,-1,-1,-1
77,6,438.7,181.4,30.4,80.0,1,-1,-1,-1
77,10,477.3,179.5,27.7,79.9,1,-1,-1,-1
77,19,374.4,180.3,28.6,80.1,1,-1,-1,-1
77,40,575.4,196.3,30.4,96.0,1,-1,-1,-1
77,50,261.7,169.9,24.3,69.4,1,-1,-1,-1
77,52,411.6,182.5,15.4,21.2,1,-1,-1,-1
77,53,282.5,61.9,11.7,21.3,1,-1,-1,-1
78,6,439.1,180.9,30.2,79.6,1,-1,-1,-1
78,10,477.1,179.7,27.6,79.4,1,-1,-1,-1
78,19,374.9,180.6,29.2,79.6,1,-1,-1,-1
78,40,573.9,195.2,30.2,95.2,1,-1,-1,-1
78,50,259.6,170.7,24.6,69.8,1,-1,-1,-1
78,52,411.4,182.1,15.6,21.5,1,-1,-1,-1
78,53,280.5,61.1,12.3,22.5,1,-1,-1,-1
79,6,440.9,178.2,30.5,80.2,1,-1,-1,-1
79,10,476.0,177.6,27.0,77.9,1,-1,-1,-1
79,19,372.7,180.5,29.2,80.1,1,-1,-1,-1
79,40,571.6,191.6,30.2,94.6,1,-1,-1,-1
79,50,257.5,171.5,24.9,70.5,1,-1,-1,-1
79,52,410.7,182.0,15.9,22.0,1,-1,-1,-1
79,53,274.7,54.1,16.8,30.9,1,-1,-1,-1
79,2,401.4,182.3,24.7,81.0,1,-1,-1,-1
80,6,441.7,175.6,30.4,79.9,1,-1,-1,-1
80,10,475.0,175.2,26.8,77.2,1,-1,-1,-1
80,19,372.2,180.3,29.1,80.3,1,-1,-1,-1
80,40,569.6,188.3,30.6,95.3,1,-1,-1,-1
80,50,257.1,172.1,25.0,70.5,1,-1,-1,-1
80,52,410.7,182.0,16.1,22.3,1,-1,-1,-1
80,53,272.1,52.0,18.2,33.7,1,-1,-1,-1
80,2,405.9,181.9,23.0,78.3,1,-1,-1,-1
81,6,443.1,174.0,30.4,79.4,1,-1,-1,-1
81,10,474.1,173.0,27.1,77.9,1,-1,-1,-1
81,19,371.9,180.3,28.9,80.5,1,-1,-1,-1
81,40,568.2,186.4,31.1,96.4,1,-1,-1,-1
81,50,257.3,172.7,25.3,71.3,1,-1,-1,-1
81,52,410.7,182.1,15.8,22.1,1,-1,-1,-1
81,53,270.6,51.5,18.2,34.2,1,-1,-1,-1
81,2,405.2,181.9,23.4,80.3,1,-1,-1,-1
82,6,444.1,172.4,30.7,80.0,1,-1,-1,-1
82,10,474.2,172.6,26.8,77.2,1,-1,-1,-1
82,19,372.4,180.2,28.5,80.3,1,-1,-1,-1
82,40,566.4,185.8,31.2,96.4,1,-1,-1,-1
82,50,258.1,174.6,25.4,71.4,1,-1,-1,-1
82,52,410.5,182.1,15.9,22.3,1,-1,-1,-1
82,53,269.4,51.9,17.9,34.2,1,-1,-1,-1
82,2,405.2,181.5,23.5,81.2,1,-1,-1,-1
83,6,446.0,171.6,30.7,80.0,1,-1,-1,-1
83,10,475.4,171.8,26.7,77.2,1,-1,-1,-1
83,19,374.5,179.8,28.9,81.3,1,-1,-1,-1
83,40,565.1,184.6,30.4,94.5,1,-1,-1,-1
83,50,260.3,176.4,25.4,71.3,1,-1,-1,-1
83,52,410.5,182.0,15.7,22.2,1,-1,-1,-1
83,53,267.3,51.9,17.5,33.9,1,-1,-1,-1
83,2,405.6,181.4,23.1,81.6,1,-1,-1,-1
84,6,447.0,169.3,30.3,79.2,1,-1,-1,-1
84,10,477.7,170.6,26.3,76.1,1,-1,-1,-1
84,19,374.8,179.4,28.7,82.0,1,-1,-1,-1
84,40,564.3,181.9,30.1,93.5,1,-1,-1,-1
84,50,262.4,177.8,25.1,70.7,1,-1,-1,-1
84,52,410.4,182.1,15.7,22.3,1,-1,-1,-1
84,53,265.5,52.3,17.6,34.3,1,-1,-1,-1
84,2,402.9,181.3,23.6,81.9,1,-1,-1,-1
85,6,447.8,167.3,29.9,77.7,1,-1,-1,-1
85,10,480.4,169.2,26.0,75.0,1,-1,-1,-1
85,19,374.4,179.2,28.5,82.6,1,-1,-1,-1
85,40,564.1,180.3,29.8,92.1,1,-1,-1,-1
85,50,264.7,178.0,25.3,71.3,1,-1,-1,-1
85,52,410.4,181.9,15.6,22.3,1,-1,-1,-1
85,53,263.9,52.6,17.4,34.3,1,-1,-1,-1
85,2,401.2,181.2,24.3,82.3,1,-1,-1,-1
86,6,449.6,165.9,29.4,76.4,1,-1,-1,-1
86,10,482.8,167.6,26.2,75.6,1,-1,-1,-1
86,19,375.3,179.2,28.1,81.4,1,-1,-1,-1
86,40,563.7,178.9,30.0,92.2,1,-1,-1,-1
86,52,410.6,182.4,15.0,21.7,1,-1,-1,-1
86,53,259.5,52.8,17.1,34.1,1,-1,-1,-1
86,2,403.2,181.6,24.0,81.9,1,-1,-1,-1
86,49,277.3,181.3,21.6,70.4,1,-1,-1,-1
87,6,450.8,165.3,29.1,76.0,1,-1,-1,-1
87,10,484.0,167.0,26.1,75.5,1,-1,-1,-1
87,19,375.6,178.9,28.3,80.4,1,-1,-1,-1
87,40,563.8,177.3,30.0,91.9,1,-1,-1,-1
87,52,410.7,182.3,15.0,21.7,1,-1,-1,-1
87,53,256.9,53.6,17.0,34.0,1,-1,-1,-1
87,2,404.5,181.1,23.8,82.6,1,-1,-1,-1
87,49,276.7,182.0,23.2,71.1,1,-1,-1,-1
88,6,452.9,164.4,28.9,75.4,1,-1,-1,-1
88,10,484.2,165.5,26.3,76.2,1,-1,-1,-1
88,19,375.0,178.7,29.1,80.2,1,-1,-1,-1
88,40,564.4,175.1,29.6,90.9,1,-1,-1,-1
88,52,410.7,182.6,14.8,21.6,1,-1,-1,-1
88,53,255.0,54.2,16.8,33.7,1,-1,-1,-1
88,2,405.0,181.3,23.5,82.3,1,-1,-1,-1
88,49,277.8,182.6,23.9,71.3,1,-1,-1,-1
89,6,456.1,160.8,28.9,75.3,1,-1,-1,-1
89,10,486.0,163.0,25.7,74.6,1,-1,-1,-1
89,19,373.4,178.9,29.5,79.2,1,-1,-1,-1
89,40,565.7,172.5,29.1,90.0,1,-1,-1,-1
89,52,410.1,182.2,15.3,22.4,1,-1,-1,-1
89,53,251.6,55.0,16.3,33.2,1,-1,-1,-1
89,2,404.6,180.9,23.7,82.9,1,-1,-1,-1
89,49,282.1,183.9,24.4,72.5,1,-1,-1,-1
90,6,458.3,159.3,28.9,75.0,1,-1,-1,-1
90,10,487.9,161.6,25.6,73.6,1,-1,-1,-1
90,19,372.5,179.0,30.5,80.2,1,-1,-1,-1
90,40,567.2,171.8,28.4,88.1,1,-1,-1,-1
90,52,410.7,181.9,15.0,22.1,1,-1,-1,-1
90,53,249.7,55.4,16.2,33.3,1,-1,-1,-1
90,2,404.8,180.6,23.7,83.3,1,-1,-1,-1
90,49,285.9,185.5,24.9,73.5,1,-1,-1,-1
91,6,460.4,158.7,29.5,76.2,1,-1,-1,-1
91,10,490.0,160.9,26.0,73.1,1,-1,-1,-1
91,19,373.1,178.9,30.8,80.1,1,-1,-1,-1
91,40,568.6,171.2,28.2,88.2,1,-1,-1,-1
91,52,410.7,182.2,14.9,21.9,1,-1,-1,-1
91,53,248.5,56.0,16.1,33.3,1,-1,-1,-1
91,2,405.5,180.9,23.4,82.7,1,-1,-1,-1
91,49,289.5,186.8,25.2,74.3,1,-1,-1,-1
92,6,462.7,158.6,29.3,75.6,1,-1,-1,-1
92,10,491.9,160.8,26.3,72.9,1,-1,-1,-1
92,19,374.4,179.1,30.6,79.4,1,-1,-1,-1
92,40,570.3,169.3,28.1,87.7,1,-1,-1,-1
92,52,411.9,182.2,14.5,21.2,1,-1,-1,-1
92,53,247.2,56.3,16.1,33.5,1,-1,-1,-1
92,2,406.1,180.4,23.4,83.2,1,-1,-1,-1
92,49,293.1,188.4,24.9,73.4,1,-1,-1,-1
93,6,465.9,155.9,28.9,74.9,1,-1,-1,-1
93,10,495.1,159.0,26.7,73.6,1,-1,-1,-1
93,19,377.3,178.6,30.8,80.5,1,-1,-1,-1
93,40,572.6,166.1,28.1,86.7,1,-1,-1,-1
93,52,413.2,182.1,14.3,21.1,1,-1,-1,-1
93,53,242.7,56.3,16.4,34.9,1,-1,-1,-1
93,49,299.4,189.6,25.4,73.6,1,-1,-1,-1
94,6,469.3,154.2,28.7,74.3,1,-1,-1,-1
94,10,497.8,158.3,26.3,72.4,1,-1,-1,-1
94,19,379.1,178.5,30.8,80.6,1,-1,-1,-1
94,40,574.2,164.3,28.4,86.5,1,-1,-1,-1
94,53,239.8,56.8,16.1,34.7,1,-1,-1,-1
94,49,305.7,190.8,26.6,74.7,1,-1,-1,-1
95,6,472.2,153.6,28.5,73.7,1,-1,-1,-1
95,10,500.3,157.8,26.0,71.7,1,-1,-1,-1
95,19,379.2,178.2,31.3,81.0,1,-1,-1,-1
95,40,576.0,164.2,28.6,86.0,1,-1,-1,-1
95,53,237.0,57.5,16.1,34.8,1,-1,-1,-1
95,49,309.9,191.7,27.1,74.7,1,-1,-1,-1
96,6,475.8,153.8,28.3,72.8,1,-1,-1,-1
96,10,502.3,157.7,25.8,71.5,1,-1,-1,-1
96,19,379.4,177.7,31.7,81.0,1,-1,-1,-1
96,40,577.6,163.0,28.7,86.2,1,-1,-1,-1
96,53,234.9,58.1,15.7,34.2,1,-1,-1,-1
96,49,313.8,191.8,27.1,74.8,1,-1,-1,-1
97,6,479.8,152.5,28.2,72.7,1,-1,-1,-1
97,10,504.8,155.2,26.0,73.0,1,-1,-1,-1
97,19,379.8,177.7,31.8,80.8,1,-1,-1,-1
97,40,580.3,160.6,27.6,83.5,1,-1,-1,-1
97,53,232.6,57.9,15.9,35.1,1,-1,-1,-1
97,49,321.2,193.9,27.4,76.2,1,-1,-1,-1
98,6,483.2,150.9,28.0,72.2,1,-1,-1,-1
98,10,508.2,153.9,25.0,70.7,1,-1,-1,-1
98,19,381.4,177.4,31.0,79.8,1,-1,-1,-1
98,40,582.1,158.6,27.4,83.8,1,-1,-1,-1
98,53,230.9,59.4,15.6,34.2,1,-1,-1,-1
98,49,327.4,196.4,27.7,76.8,1,-1,-1,-1
99,6,485.5,149.9,27.6,71.7,1,-1,-1,-1
99,10,510.6,152.7,24.8,70.0,1,-1,-1,-1
99,19,381.4,177.6,30.6,79.6,1,-1,-1,-1
99,40,583.9,158.1,27.0,82.8,1,-1,-1,-1
99,53,228.9,60.0,15.6,33.6,1,-1,-1,-1
99,49,332.3,197.2,27.7,77.5,1,-1,-1,-1
100,6,489.1,148.6,27.7,72.0,1,-1,-1,-1
100,10,514.0,151.6,24.7,69.5,1,-1,-1,-1
100,19,379.2,177.8,30.7,79.0,1,-1,-1,-1
100,40,586.5,156.7,26.7,81.2,1,-1,-1,-1
100,53,224.8,60.7,15.5,34.0,1,-1,-1,-1
100,49,341.1,198.3,27.4,76.7,1,-1,-1,-1
101,6,492.4,148.2,27.4,71.8,1,-1,-1,-1
101,10,515.8,151.6,24.7,69.0,1,-1,-1,-1
101,19,377.9,178.0,31.1,78.9,1,-1,-1,-1
101,40,589.4,154.1,26.8,81.1,1,-1,-1,-1
101,53,222.3,61.2,15.5,34.0,1,-1,-1,-1
101,49,349.2,199.1,28.0,76.2,1,-1,-1,-1
102,6,494.8,146.4,27.0,71.4,1,-1,-1,-1
102,10,518.0,150.4,25.3,69.9,1,-1,-1,-1
102,19,377.6,178.0,31.5,78.7,1,-1,-1,-1
102,40,591.9,153.0,26.7,79.9,1,-1,-1,-1
102,53,220.5,61.8,15.5,33.9,1,-1,-1,-1
102,49,353.3,200.0,28.8,76.3,1,-1,-1,-1
103,6,497.6,144.8,26.7,70.9,1,-1,-1,-1
103,10,521.3,149.2,25.1,69.0,1,-1,-1,-1
103,19,378.4,177.2,31.5,78.5,1,-1,-1,-1
103,40,593.6,151.0,27.5,81.2,1,-1,-1,-1
103,53,217.7,62.1,15.2,33.8,1,-1,-1,-1
103,49,356.9,200.5,28.7,75.8,1,-1,-1,-1
104,6,502.1,143.7,26.6,70.5,1,-1,-1,-1
104,10,526.7,147.5,25.0,69.3,1,-1,-1,-1
104,19,377.5,176.0,30.4,76.6,1,-1,-1,-1
104,40,597.3,149.5,27.5,81.0,1,-1,-1,-1
104,53,214.6,63.0,14.9,33.1,1,-1,-1,-1
104,49,368.1,202.3,29.0,76.2,1,-1,-1,-1
105,6,505.6,143.5,26.8,70.7,1,-1,-1,-1
105,10,529.7,147.5,24.5,68.1,1,-1,-1,-1
105,19,373.1,175.4,37.4,94.7,1,-1,-1,-1
105,40,600.4,148.0,26.8,79.6,1,-1,-1,-1
105,53,212.1,64.2,15.1,32.7,1,-1,-1,-1
105,49,375.7,204.6,29.5,74.6,1,-1,-1,-1
105,64,429.8,177.0,24.4,81.9,1,-1,-1,-1
106,6,508.8,142.6,26.5,69.6,1,-1,-1,-1
106,10,534.2,145.9,24.6,68.4,1,-1,-1,-1
106,19,377.6,176.1,34.8,87.1,1,-1,-1,-1
106,40,604.1,145.8,26.4,79.2,1,-1,-1,-1
106,53,207.3,64.0,15.0,33.2,1,-1,-1,-1
106,49,380.2,186.9,36.6,93.9,1,-1,-1,-1
107,6,511.7,141.3,26.2,68.8,1,-1,-1,-1
107,10,537.8,144.6,24.5,68.3,1,-1,-1,-1
107,19,378.5,176.5,32.0,79.8,1,-1,-1,-1
107,40,607.9,145.3,26.1,78.1,1,-1,-1,-1
107,53,203.4,64.4,14.8,33.2,1,-1,-1,-1
107,49,391.2,198.0,31.7,83.2,1,-1,-1,-1
108,6,515.3,140.2,26.1,68.5,1,-1,-1,-1
108,10,540.7,143.7,24.5,68.0,1,-1,-1,-1
108,19,377.5,175.6,31.5,79.7,1,-1,-1,-1
108,40,609.5,144.6,26.2,78.0,1,-1,-1,-1
108,53,200.5,64.6,15.4,34.5,1,-1,-1,-1
108,49,400.1,202.0,30.3,79.3,1,-1,-1,-1
109,6,519.5,139.2,26.4,68.9,1,-1,-1,-1
109,10,544.7,143.0,24.6,67.7,1,-1,-1,-1
109,19,374.9,175.2,31.2,79.5,1,-1,-1,-1
109,40,613.2,143.1,26.0,77.3,1,-1,-1,-1
109,53,196.6,64.6,15.6,35.3,1,-1,-1,-1
109,49,409.9,199.4,32.5,83.0,1,-1,-1,-1
110,6,522.8,139.1,26.7,69.4,1,-1,-1,-1
110,10,546.6,143.0,24.5,66.9,1,-1,-1,-1
110,19,374.1,175.4,31.1,79.6,1,-1,-1,-1
110,40,616.0,141.2,26.0,76.8,1,-1,-1,-1
110,53,194.4,64.7,15.6,35.4,1,-1,-1,-1
111,6,525.8,138.6,26.2,68.1,1,-1,-1,-1
111,10,549.4,142.6,24.5,66.8,1,-1,-1,-1
111,19,373.3,176.0,30.8,78.7,1,-1,-1,-1
111,40,618.3,140.5,26.2,76.5,1,-1,-1,-1
111,53,193.1,64.5,15.9,36.0,1,-1,-1,-1
111,49,426.7,203.5,30.4,80.4,1,-1,-1,-1
112,6,528.4,137.2,25.8,67.6,1,-1,-1,-1
112,10,551.9,142.1,24.2,65.9,1,-1,-1,-1
112,19,371.7,176.3,30.9,79.0,1,-1,-1,-1
112,40,620.8,140.1,26.4,76.3,1,-1,-1,-1
112,53,192.2,64.8,16.1,36.3,1,-1,-1,-1
112,49,435.6,205.2,30.6,79.3,1,-1,-1,-1
113,6,531.4,136.4,25.3,66.8,1,-1,-1,-1
113,10,556.2,141.1,23.9,65.2,1,-1,-1,-1
113,19,369.7,176.7,30.6,78.7,1,-1,-1,-1
113,40,623.7,139.4,26.4,76.0,1,-1,-1,-1
113,53,189.7,65.1,16.4,36.9,1,-1,-1,-1
113,49,440.6,207.0,31.1,78.0,1,-1,-1,-1
114,6,536.9,136.0,25.2,66.4,1,-1,-1,-1
114,10,561.1,140.1,24.5,66.5,1,-1,-1,-1
114,19,368.4,178.0,30.3,78.9,1,-1,-1,-1
114,40,627.9,137.2,25.7,75.2,1,-1,-1,-1
114,53,185.5,65.9,16.4,37.7,1,-1,-1,-1
114,49,450.7,207.5,30.1,77.3,1,-1,-1,-1
115,6,540.2,136.0,25.4,66.6,1,-1,-1,-1
115,10,564.4,139.4,24.4,66.4,1,-1,-1,-1
115,19,368.5,178.9,30.1,78.8,1,-1,-1,-1
115,40,630.6,135.4,25.5,75.6,1,-1,-1,-1
115,53,183.0,66.8,16.3,37.7,1,-1,-1,-1
115,49,458.2,207.7,29.7,77.7,1,-1,-1,-1
116,6,541.7,134.7,25.8,67.4,1,-1,-1,-1
116,10,566.9,138.2,24.1,66.2,1,-1,-1,-1
116,19,369.3,179.8,29.9,78.7,1,-1,-1,-1
116,40,633.9,135.1,25.1,74.5,1,-1,-1,-1
116,53,180.9,67.9,16.1,37.2,1,-1,-1,-1
116,49,466.8,208.5,30.6,78.3,1,-1,-1,-1
116,70,736.1,226.5,30.6,84.7,1,-1,-1,-1
117,6,544.3,133.3,25.6,66.9,1,-1,-1,-1
117,10,569.7,137.3,23.4,65.1,1,-1,-1,-1
117,19,370.1,180.4,29.9,78.3,1,-1,-1,-1
117,40,635.3,134.8,25.1,74.2,1,-1,-1,-1
117,53,178.2,68.3,15.8,36.8,1,-1,-1,-1
117,49,471.6,210.1,31.6,78.3,1,-1,-1,-1
117,70,735.5,224.8,31.4,86.8,1,-1,-1,-1
118,6,549.3,131.5,25.6,67.0,1,-1,-1,-1
118,10,574.9,135.7,23.7,65.0,1,-1,-1,-1
118,19,370.8,181.1,30.5,79.8,1,-1,-1,-1
118,40,639.1,133.4,25.0,73.3,1,-1,-1,-1
118,53,175.2,68.7,16.1,36.9,1,-1,-1,-1
118,49,481.9,210.4,31.3,79.1,1,-1,-1,-1
118,70,723.3,223.7,31.8,86.7,1,-1,-1,-1
119,6,552.5,131.3,25.3,65.8,1,-1,-1,-1
119,10,578.7,135.6,23.7,64.0,1,-1,-1,-1
119,19,371.2,182.3,30.2,79.4,1,-1,-1,-1
119,40,642.4,131.6,25.1,73.0,1,-1,-1,-1
119,53,173.4,69.8,16.2,36.6,1,-1,-1,-1
119,49,489.6,210.8,31.5,81.8,1,-1,-1,-1
119,70,712.6,223.1,32.5,87.2,1,-1,-1,-1
120,6,554.7,130.8,25.3,65.4,1,-1,-1,-1
120,10,580.7,135.6,24.0,64.0,1,-1,-1,-1
120,19,371.1,182.1,29.9,79.7,1,-1,-1,-1
120,40,644.7,130.1,25.7,74.1,1,-1,-1,-1
120,53,171.0,69.8,16.4,36.7,1,-1,-1,-1
120,49,497.9,212.2,31.7,81.1,1,-1,-1,-1
120,70,705.1,222.1,33.3,87.8,1,-1,-1,-1
120,72,415.2,178.7,10.4,23.9,1,-1,-1,-1
121,6,558.8,128.1,25.7,66.8,1,-1,-1,-1
121,10,585.3,134.0,24.0,64.2,1,-1,-1,-1
121,19,372.6,181.4,29.8,80.2,1,-1,-1,-1
121,40,649.3,129.4,25.7,73.8,1,-1,-1,-1
121,53,166.2,70.6,16.2,36.7,1,-1,-1,-1
121,49,507.2,213.8,31.5,81.1,1,-1,-1,-1
121,70,689.7,209.9,35.8,94.7,1,-1,-1,-1
121,72,416.1,179.9,10.0,22.9,1,-1,-1,-1
122,6,562.3,127.4,25.4,66.5,1,-1,-1,-1
122,10,588.8,131.6,24.4,65.7,1,-1,-1,-1
122,19,374.4,181.2,29.7,80.1,1,-1,-1,-1
122,40,652.7,128.4,25.3,73.3,1,-1,-1,-1
122,53,163.6,71.1,16.2,36.5,1,-1,-1,-1
122,49,516.4,214.0,30.9,81.4,1,-1,-1,-1
122,70,677.4,208.5,36.5,94.7,1,-1,-1,-1
122,72,416.7,180.1,9.9,22.6,1,-1,-1,-1
123,6,568.7,127.4,24.9,64.7,1,-1,-1,-1
123,10,593.1,131.6,24.2,65.6,1,-1,-1,-1
123,19,376.6,181.1,29.6,80.2,1,-1,-1,-1
123,40,657.3,126.3,24.8,73.2,1,-1,-1,-1
123,53,158.5,71.7,15.8,36.1,1,-1,-1,-1
123,49,529.0,216.1,31.9,81.6,1,-1,-1,-1
123,70,668.2,211.6,34.8,88.9,1,-1,-1,-1
124,6,571.1,127.1,24.9,64.3,1,-1,-1,-1
124,10,595.6,131.6,24.1,65.4,1,-1,-1,-1
124,19,378.2,180.9,29.6,80.6,1,-1,-1,-1
124,40,661.0,125.1,24.5,73.1,1,-1,-1,-1
124,53,155.7,72.2,15.7,36.2,1,-1,-1,-1
124,49,535.5,217.2,33.0,81.6,1,-1,-1,-1
124,70,660.1,211.3,34.0,87.1,1,-1,-1,-1
125,6,573.6,125.9,25.1,64.8,1,-1,-1,-1
125,10,597.1,130.2,24.1,65.9,1,-1,-1,-1
125,19,379.6,180.8,29.7,81.2,1,-1,-1,-1
125,40,663.7,125.4,24.0,72.0,1,-1,-1,-1
125,53,153.6,73.1,15.6,35.7,1,-1,-1,-1
125,49,540.9,217.4,33.1,81.9,1,-1,-1,-1
125,70,650.4,210.6,34.5,87.3,1,-1,-1,-1
126,6,577.0,124.9,24.7,64.0,1,-1,-1,-1
126,10,599.5,129.4,23.2,64.0,1,-1,-1,-1
126,19,380.8,180.3,29.8,81.7,1,-1,-1,-1
126,40,664.6,125.1,24.1,71.9,1,-1,-1,-1
126,53,151.9,73.8,15.9,35.6,1,-1,-1,-1
126,49,548.8,217.5,32.5,82.8,1,-1,-1,-1
126,70,640.9,210.6,35.3,87.0,1,-1,-1,-1
127,6,579.7,124.3,24.5,63.4,1,-1,-1,-1
127,10,601.7,128.9,22.2,62.0,1,-1,-1,-1
127,19,380.7,179.9,30.0,82.5,1,-1,-1,-1
127,40,667.0,124.4,23.9,71.3,1,-1,-1,-1
127,53,149.3,74.4,16.0,35.7,1,-1,-1,-1
127,49,556.3,218.8,32.4,83.8,1,-1,-1,-1
127,70,634.5,210.0,36.1,86.9,1,-1,-1,-1
128,6,583.5,123.9,24.6,64.1,1,-1,-1,-1
128,10,605.5,128.4,22.2,60.8,1,-1,-1,-1
128,19,380.9,179.7,29.6,82.9,1,-1,-1,-1
128,40,670.6,122.4,24.2,71.0,1,-1,-1,-1
128,53,144.2,74.6,16.0,36.1,1,-1,-1,-1
128,49,566.0,221.5,33.3,83.8,1,-1,-1,-1
128,70,625.2,207.7,35.4,85.5,1,-1,-1,-1
129,6,586.0,123.0,24.7,64.2,1,-1,-1,-1
129,10,607.1,127.7,22.3,60.8,1,-1,-1,-1
129,19,380.7,179.8,29.5,84.6,1,-1,-1,-1
129,40,673.0,121.2,24.7,71.8,1,-1,-1,-1
129,53,141.7,76.0,15.8,35.6,1,-1,-1,-1
129,49,574.0,222.4,32.8,83.3,1,-1,-1,-1
129,70,614.6,206.1,35.9,85.0,1,-1,-1,-1
130,6,588.7,121.7,24.3,63.3,1,-1,-1,-1
130,10,609.1,126.6,22.6,61.3,1,-1,-1,-1
130,19,380.5,180.4,29.4,85.9,1,-1,-1,-1
130,40,675.8,120.9,24.7,71.1,1,-1,-1,-1
130,53,138.6,76.6,16.8,37.4,1,-1,-1,-1
130,49,583.6,222.2,32.2,83.9,1,-1,-1,-1
130,70,608.6,206.0,35.5,83.7,1,-1,-1,-1
130,76,29.7,111.4,18.4,29.6,1,-1,-1,-1
131,6,591.5,120.2,24.1,63.0,1,-1,-1,-1
131,10,614.8,124.8,22.8,61.5,1,-1,-1,-1
131,19,380.3,182.0,28.8,85.1,1,-1,-1,-1
131,40,680.7,119.4,23.9,70.1,1,-1,-1,-1
131,53,134.2,77.2,16.4,37.3,1,-1,-1,-1
131,49,596.2,224.3,33.7,83.4,1,-1,-1,-1
132,6,594.0,119.5,24.1,63.4,1,-1,-1,-1
132,10,619.1,124.4,23.0,61.5,1,-1,-1,-1
132,19,380.3,183.5,28.3,83.7,1,-1,-1,-1
132,40,684.1,118.0,23.6,70.5,1,-1,-1,-1
132,53,131.6,77.6,16.4,37.0,1,-1,-1,-1
132,49,602.5,224.7,34.8,84.0,1,-1,-1,-1
132,78,748.6,269.3,19.4,80.9,1,-1,-1,-1
132,70,586.4,201.5,35.4,84.2,1,-1,-1,-1
133,6,596.4,119.1,23.7,62.5,1,-1,-1,-1
133,10,621.4,124.0,23.6,61.6,1,-1,-1,-1
133,19,379.8,184.1,27.9,82.8,1,-1,-1,-1
133,40,686.9,116.9,23.5,70.8,1,-1,-1,-1
133,53,129.9,78.5,16.5,36.9,1,-1,-1,-1
133,49,609.4,224.7,34.5,84.2,1,-1,-1,-1
133,78,746.5,258.7,21.5,91.4,1,-1,-1,-1
133,70,578.5,201.5,35.5,83.2,1,-1,-1,-1
134,6,597.8,118.6,23.7,62.8,1,-1,-1,-1
134,10,623.3,123.4,23.9,61.4,1,-1,-1,-1
134,19,379.2,184.8,27.3,81.9,1,-1,-1,-1
134,40,689.7,117.1,23.3,69.6,1,-1,-1,-1
134,53,127.4,78.8,16.7,37.4,1,-1,-1,-1
134,49,618.3,225.1,34.1,85.8,1,-1,-1,-1
134,78,741.5,253.0,25.6,96.9,1,-1,-1,-1
134,70,571.5,200.1,36.3,83.7,1,-1,-1,-1
135,6,599.1,118.0,23.5,62.5,1,-1,-1,-1
135,10,624.1,122.1,24.3,61.9,1,-1,-1,-1
135,19,378.9,185.2,26.8,81.2,1,-1,-1,-1
135,40,689.8,117.5,23.5,69.1,1,-1,-1,-1
135,53,123.8,79.2,16.2,36.8,1,-1,-1,-1
135,49,627.4,226.0,34.5,85.4,1,-1,-1,-1
135,78,732.2,251.3,26.7,97.4,1,-1,-1,-1
135,70,565.8,198.6,36.7,83.7,1,-1,-1,-1
136,6,600.9,117.2,23.5,63.0,1,-1,-1,-1
136,10,624.5,121.4,24.2,61.8,1,-1,-1,-1
136,19,379.4,185.3,27.1,82.1,1,-1,-1,-1
136,40,691.7,116.9,23.6,68.8,1,-1,-1,-1
136,53,121.5,79.8,16.3,37.5,1,-1,-1,-1
136,49,633.5,227.6,35.2,84.0,1,-1,-1,-1
136,78,726.2,250.7,27.8,97.1,1,-1,-1,-1
136,70,561.6,196.8,35.8,81.7,1,-1,-1,-1
137,6,603.5,116.2,23.3,62.4,1,-1,-1,-1
137,10,625.3,121.3,23.6,60.9,1,-1,-1,-1
137,19,380.4,185.1,27.1,82.6,1,-1,-1,-1
137,40,695.1,116.2,23.5,68.6,1,-1,-1,-1
137,53,119.2,80.7,16.5,37.8,1,-1,-1,-1
137,49,638.2,228.3,35.9,83.7,1,-1,-1,-1
137,78,720.6,249.2,28.2,95.7,1,-1,-1,-1
137,70,557.5,195.5,35.8,81.5,1,-1,-1,-1
138,6,606.9,115.9,22.8,62.1,1,-1,-1,-1
138,10,627.5,121.5,22.5,58.6,1,-1,-1,-1
138,19,382.5,184.4,27.2,83.3,1,-1,-1,-1
138,40,698.5,114.9,23.8,69.0,1,-1,-1,-1
138,53,114.6,80.9,16.2,37.7,1,-1,-1,-1
138,49,651.8,227.6,35.2,84.9,1,-1,-1,-1
138,78,706.5,247.7,28.5,95.4,1,-1,-1,-1
138,70,545.1,195.2,36.4,80.7,1,-1,-1,-1
139,6,609.7,116.3,22.5,61.4,1,-1,-1,-1
139,10,629.5,121.1,22.1,57.4,1,-1,-1,-1
139,19,384.2,183.8,27.3,83.8,1,-1,-1,-1
139,40,701.0,114.8,23.7,68.1,1,-1,-1,-1
139,53,111.7,81.6,15.9,37.2,1,-1,-1,-1
139,49,661.5,228.5,35.0,84.0,1,-1,-1,-1
139,78,695.9,247.1,29.6,95.9,1,-1,-1,-1
139,70,538.2,193.5,36.5,80.5,1,-1,-1,-1
140,6,612.1,115.0,22.5,62.0,1,-1,-1,-1
140,10,631.9,119.6,22.6,58.8,1,-1,-1,-1
140,19,385.4,184.0,27.3,83.4,1,-1,-1,-1
140,40,703.0,114.8,23.4,67.1,1,-1,-1,-1
140,53,109.8,82.6,16.0,37.2,1,-1,-1,-1
140,49,665.1,228.8,34.8,83.4,1,-1,-1,-1
140,78,689.4,245.4,30.6,96.5,1,-1,-1,-1
140,70,532.0,191.5,36.1,80.4,1,-1,-1,-1
140,81,428.4,177.0,28.9,47.7,1,-1,-1,-1
141,6,616.0,113.5,21.9,60.9,1,-1,-1,-1
141,10,636.0,118.1,22.8,58.9,1,-1,-1,-1
141,19,385.5,184.3,27.3,83.4,1,-1,-1,-1
141,40,704.6,112.9,23.1,66.7,1,-1,-1,-1
141,53,105.7,82.5,16.2,38.1,1,-1,-1,-1
141,78,679.6,240.8,30.9,96.4,1,-1,-1,-1
141,70,518.7,190.2,36.5,80.4,1,-1,-1,-1
141,81,428.5,175.8,29.5,49.0,1,-1,-1,-1
142,6,618.8,112.8,22.0,61.1,1,-1,-1,-1
142,10,639.2,118.7,22.3,57.3,1,-1,-1,-1
142,19,385.2,184.6,26.8,83.4,1,-1,-1,-1
142,40,705.8,111.8,23.0,67.2,1,-1,-1,-1
142,53,102.0,82.6,16.1,38.4,1,-1,-1,-1
142,78,666.9,239.9,31.4,94.9,1,-1,-1,-1
142,70,510.2,188.8,37.2,80.8,1,-1,-1,-1
142,49,689.4,227.8,33.5,83.1,1,-1,-1,-1
143,6,621.5,112.8,22.2,61.0,1,-1,-1,-1
143,10,640.9,118.2,22.2,56.8,1,-1,-1,-1
143,19,384.8,185.1,26.3,83.9,1,-1,-1,-1
143,40,707.0,111.5,23.1,67.3,1,-1,-1,-1
143,53,99.6,83.5,15.9,38.4,1,-1,-1,-1
143,78,659.2,239.0,32.8,94.5,1,-1,-1,-1
143,70,504.5,187.6,36.7,79.6,1,-1,-1,-1
143,49,699.0,229.1,34.1,82.8,1,-1,-1,-1
144,6,623.9,112.2,21.9,60.1,1,-1,-1,-1
144,10,643.2,115.8,22.7,58.2,1,-1,-1,-1
144,19,384.7,186.8,25.7,82.9,1,-1,-1,-1
144,40,708.7,111.2,22.9,66.8,1,-1,-1,-1
144,53,95.8,84.1,16.2,39.4,1,-1,-1,-1
144,78,651.0,237.1,32.2,93.2,1,-1,-1,-1
144,70,495.2,184.9,36.2,79.1,1,-1,-1,-1
144,49,706.8,230.6,35.3,82.0,1,-1,-1,-1
144,81,418.5,184.2,46.1,78.5,1,-1,-1,-1
145,6,626.1,111.6,21.8,60.1,1,-1,-1,-1
145,10,644.9,114.7,22.8,58.4,1,-1,-1,-1
145,19,384.6,187.6,25.9,84.5,1,-1,-1,-1
145,40,709.4,110.9,23.1,67.4,1,-1,-1,-1
145,53,92.3,85.0,15.7,38.8,1,-1,-1,-1
145,78,641.2,236.0,31.9,92.6,1,-1,-1,-1
145,70,486.6,184.2,36.5,78.5,1,-1,-1,-1
145,49,713.8,230.6,35.4,81.9,1,-1,-1,-1
145,81,417.5,185.4,47.0,82.3,1,-1,-1,-1
146,6,627.7,110.6,21.6,59.7,1,-1,-1,-1
146,10,645.5,113.8,22.8,58.4,1,-1,-1,-1
146,19,384.6,188.2,25.9,85.3,1,-1,-1,-1
146,40,709.8,109.9,23.3,68.4,1,-1,-1,-1
146,53,90.1,85.6,15.7,39.2,1,-1,-1,-1
146,78,632.6,235.2,32.2,92.7,1,-1,-1,-1
146,70,482.0,183.5,36.5,77.9,1,-1,-1,-1
146,49,724.1,230.5,34.3,81.5,1,-1,-1,-1
146,81,417.7,185.9,46.2,83.4,1,-1,-1,-1
146,76,29.6,111.3,18.5,29.6,1,-1,-1,-1
147,6,630.0,109.8,21.9,60.7,1,-1,-1,-1
147,10,646.7,113.7,22.4,57.9,1,-1,-1,-1
147,19,385.1,189.2,25.5,84.5,1,-1,-1,-1
147,40,710.4,108.9,23.0,68.9,1,-1,-1,-1
147,53,87.1,87.4,15.5,38.3,1,-1,-1,-1
147,78,622.5,233.0,32.7,92.7,1,-1,-1,-1
147,70,471.5,181.8,36.4,78.3,1,-1,-1,-1
147,49,733.3,232.6,34.0,80.4,1,-1,-1,-1
147,81,418.2,187.3,44.9,83.5,1,-1,-1,-1
147,76,29.7,111.6,18.5,29.4,1,-1,-1,-1
148,6,631.6,109.5,22.1,61.1,1,-1,-1,-1
148,10,647.9,113.5,22.4,58.2,1,-1,-1,-1
148,19,387.0,190.6,25.8,84.4,1,-1,-1,-1
148,40,710.7,108.4,22.0,67.7,1,-1,-1,-1
148,53,83.5,87.4,15.7,38.9,1,-1,-1,-1
148,78,614.8,231.3,32.0,91.2,1,-1,-1,-1
148,70,462.4,180.7,36.5,78.2,1,-1,-1,-1
148,49,737.1,233.3,30.9,80.8,1,-1,-1,-1
148,81,419.5,187.8,43.9,84.1,1,-1,-1,-1
148,76,29.5,111.6,18.6,29.4,1,-1,-1,-1
149,6,633.5,108.8,21.6,59.5,1,-1,-1,-1
149,10,650.3,112.5,22.9,59.4,1,-1,-1,-1
149,19,388.6,193.2,25.7,83.4,1,-1,-1,-1
149,40,711.1,108.5,21.1,66.8,1,-1,-1,-1
149,53,79.4,87.9,15.3,38.3,1,-1,-1,-1
149,78,607.5,230.0,31.8,90.9,1,-1,-1,-1
149,70,456.1,181.4,36.3,76.7,1,-1,-1,-1
149,49,741.9,235.0,26.1,80.1,1,-1,-1,-1
149,81,421.0,188.5,42.8,84.4,1,-1,-1,-1
149,76,29.6,111.5,18.8,29.5,1,-1,-1,-1
150,6,635.1,107.6,21.5,59.7,1,-1,-1,-1
150,10,654.8,111.7,22.5,58.3,1,-1,-1,-1
150,19,389.6,194.2,26.2,84.3,1,-1,-1,-1
150,40,711.4,109.4,20.1,65.7,1,-1,-1,-1
150,53,75.1,89.4,16.1,39.7,1,-1,-1,-1
150,78,596.1,229.2,33.2,90.3,1,-1,-1,-1
150,70,447.0,178.9,35.6,76.4,1,-1,-1,-1
150,81,423.4,187.7,43.6,88.7,1,-1,-1,-1
150,76,29.7,111.4,18.8,29.4,1,-1,-1,-1
151,6,636.6,106.9,21.2,59.2,1,-1,-1,-1
151,10,657.2,111.5,22.0,57.0,1,-1,-1,-1
151,19,389.0,195.1,26.6,84.2,1,-1,-1,-1
151,40,710.9,109.2,19.9,66.2,1,-1,-1,-1
151,53,71.4,90.0,16.4,40.0,1,-1,-1,-1
151,78,589.4,227.9,33.4,89.4,1,-1,-1,-1
151,70,439.7,178.3,36.6,79.3,1,-1,-1,-1
151,81,428.9,192.4,40.0,84.6,1,-1,-1,-1
151,76,29.5,111.5,18.9,29.4,1,-1,-1,-1
152,6,638.3,106.7,20.9,58.4,1,-1,-1,-1
152,10,658.5,111.6,21.7,56.0,1,-1,-1,-1
152,19,389.1,195.9,27.0,84.4,1,-1,-1,-1
152,40,709.4,110.1,19.4,65.2,1,-1,-1,-1
152,53,68.4,90.5,16.1,40.0,1,-1,-1,-1
152,78,582.0,226.5,33.0,89.5,1,-1,-1,-1
152,81,431.3,192.8,39.5,84.6,1,-1,-1,-1
152,76,29.7,111.5,18.8,29.3,1,-1,-1,-1
153,6,640.3,106.9,20.5,57.7,1,-1,-1,-1
153,10,660.3,110.4,22.0,57.2,1,-1,-1,-1
153,19,393.0,198.7,27.7,86.2,1,-1,-1,-1
153,40,704.1,111.2,20.2,64.6,1,-1,-1,-1
153,53,64.9,91.5,16.1,39.7,1,-1,-1,-1
153,78,570.4,225.3,33.5,89.8,1,-1,-1,-1
153,81,435.6,193.4,39.4,86.9,1,-1,-1,-1
153,76,29.6,111.5,18.7,29.2,1,-1,-1,-1
154,6,641.8,106.1,20.5,57.6,1,-1,-1,-1
154,10,662.9,110.4,21.7,56.9,1,-1,-1,-1
154,19,396.9,203.9,26.3,82.2,1,-1,-1,-1
154,40,701.5,112.3,21.4,65.2,1,-1,-1,-1
154,53,62.3,92.2,16.1,39.4,1,-1,-1,-1
154,78,564.3,224.1,34.1,90.0,1,-1,-1,-1
154,81,438.1,195.6,38.2,86.7,1,-1,-1,-1
154,76,29.4,111.3,19.0,29.4,1,-1,-1,-1
155,6,643.1,105.5,20.5,57.7,1,-1,-1,-1
155,10,664.5,109.8,21.5,56.4,1,-1,-1,-1
155,19,401.2,206.3,25.9,81.1,1,-1,-1,-1
155,40,700.7,112.5,22.3,65.4,1,-1,-1,-1
155,53,59.1,92.0,16.1,39.5,1,-1,-1,-1
155,78,557.8,223.1,33.1,88.4,1,-1,-1,-1
155,81,440.1,198.1,37.7,87.4,1,-1,-1,-1
155,76,29.5,111.5,18.9,29.3,1,-1,-1,-1
156,6,645.0,105.1,20.6,58.0,1,-1,-1,-1
156,10,668.2,109.8,21.2,54.8,1,-1,-1,-1
156,19,397.2,187.0,32.3,101.0,1,-1,-1,-1
156,40,695.5,111.5,22.6,66.5,1,-1,-1,-1
156,53,55.0,92.7,16.0,39.9,1,-1,-1,-1
156,78,546.0,222.4,32.7,86.7,1,-1,-1,-1
156,81,444.7,200.3,36.4,86.1,1,-1,-1,-1
156,76,29.2,110.9,19.3,29.9,1,-1,-1,-1
156,70,392.9,177.2,32.4,71.6,1,-1,-1,-1
157,6,646.7,104.8,20.6,58.3,1,-1,-1,-1
157,10,669.8,108.9,21.6,55.4,1,-1,-1,-1
157,40,691.6,112.6,22.4,65.6,1,-1,-1,-1
157,53,52.3,93.4,16.3,40.7,1,-1,-1,-1
157,78,536.6,222.2,34.0,86.0,1,-1,-1,-1
157,81,448.4,200.8,35.6,85.9,1,-1,-1,-1
157,76,29.3,111.4,18.9,29.3,1,-1,-1,-1
157,70,386.9,175.9,31.6,72.4,1,-1,-1,-1
158,6,649.9,104.0,20.4,58.0,1,-1,-1,-1
158,10,672.9,112.0,19.5,51.2,1,-1,-1,-1
158,40,685.4,113.5,22.9,66.7,1,-1,-1,-1
158,53,48.4,94.0,15.9,40.5,1,-1,-1,-1
158,78,527.6,222.1,34.3,85.9,1,-1,-1,-1
158,81,457.1,201.6,35.8,85.4,1,-1,-1,-1
158,76,29.6,112.0,18.6,28.8,1,-1,-1,-1
158,70,374.9,175.4,32.6,72.0,1,-1,-1,-1
159,6,652.2,103.3,20.2,57.6,1,-1,-1,-1
159,10,675.4,112.5,17.9,47.9,1,-1,-1,-1
159,40,681.8,113.2,23.5,67.8,1,-1,-1,-1
159,53,46.3,94.7,15.6,39.7,1,-1,-1,-1
159,78,518.1,221.4,34.2,86.3,1,-1,-1,-1
159,81,461.3,202.4,36.4,85.4,1,-1,-1,-1
159,76,29.9,112.1,18.4,28.5,1,-1,-1,-1
159,70,369.3,175.0,33.5,72.2,1,-1,-1,-1
160,6,653.9,103.2,20.1,57.8,1,-1,-1,-1
160,40,678.8,111.5,24.3,69.6,1,-1,-1,-1
160,53,44.6,95.6,15.6,39.3,1,-1,-1,-1
160,78,511.5,221.4,34.1,85.9,1,-1,-1,-1
160,81,463.1,202.8,36.7,84.9,1,-1,-1,-1
160,76,29.9,112.6,18.1,28.0,1,-1,-1,-1
160,70,362.9,173.5,33.6,72.9,1,-1,-1,-1
161,6,656.6,102.4,20.4,58.6,1,-1,-1,-1
161,40,674.2,112.9,24.4,68.8,1,-1,-1,-1
161,53,39.2,95.8,16.8,42.6,1,-1,-1,-1
161,78,502.7,221.2,35.1,86.0,1,-1,-1,-1
161,81,469.6,202.4,36.8,85.9,1,-1,-1,-1
161,76,28.7,100.9,25.4,39.8,1,-1,-1,-1
161,70,350.7,172.5,33.6,73.1,1,-1,-1,-1
161,95,429.5,207.0,35.7,88.6,1,-1,-1,-1
162,6,659.0,102.1,20.3,58.0,1,-1,-1,-1
162,40,668.1,110.9,26.0,71.2,1,-1,-1,-1
162,78,496.1,220.1,35.3,85.8,1,-1,-1,-1
162,81,474.5,202.5,35.7,86.2,1,-1,-1,-1
162,76,27.4,97.2,26.8,43.3,1,-1,-1,-1
162,70,343.5,172.5,33.9,72.7,1,-1,-1,-1
162,95,432.2,207.1,35.6,88.5,1,-1,-1,-1
162,10,681.5,106.8,20.5,55.2,1,-1,-1,-1
163,6,660.4,101.5,20.6,57.8,1,-1,-1,-1
163,40,664.5,115.0,25.5,68.0,1,-1,-1,-1
163,78,482.7,208.2,39.9,98.5,1,-1,-1,-1
163,81,479.5,203.2,35.4,86.5,1,-1,-1,-1
163,70,337.4,171.6,33.9,72.7,1,-1,-1,-1
163,95,433.8,207.4,36.0,89.6,1,-1,-1,-1
163,10,683.4,104.6,21.3,57.1,1,-1,-1,-1
163,53,31.4,96.4,17.3,43.5,1,-1,-1,-1
164,6,664.9,101.5,15.7,40.8,1,-1,-1,-1
164,40,660.7,107.6,28.6,75.6,1,-1,-1,-1
164,81,479.6,203.7,39.9,98.8,1,-1,-1,-1
164,70,331.7,170.6,33.0,71.9,1,-1,-1,-1
164,95,434.9,207.6,35.5,89.0,1,-1,-1,-1
164,10,684.7,104.1,21.1,55.6,1,-1,-1,-1
164,53,30.4,97.2,17.2,42.9,1,-1,-1,-1
165,6,667.7,101.4,13.7,33.2,1,-1,-1,-1
165,40,659.3,113.6,26.6,70.3,1,-1,-1,-1
165,81,486.9,204.9,37.1,94.7,1,-1,-1,-1
165,70,325.7,170.4,32.7,71.5,1,-1,-1,-1
165,95,438.1,207.7,35.2,88.7,1,-1,-1,-1
165,10,685.9,104.2,21.1,54.6,1,-1,-1,-1
165,53,28.7,97.7,17.6,42.9,1,-1,-1,-1
165,78,471.2,216.4,37.8,90.4,1,-1,-1,-1
166,6,665.7,101.4,21.4,52.3,1,-1,-1,-1
166,40,652.6,117.2,26.0,69.4,1,-1,-1,-1
166,81,492.6,206.3,34.7,89.6,1,-1,-1,-1
166,70,317.1,170.7,32.9,70.2,1,-1,-1,-1
166,95,442.8,208.7,34.1,87.6,1,-1,-1,-1
166,10,686.7,103.1,21.6,55.4,1,-1,-1,-1
166,53,23.3,98.4,17.0,42.3,1,-1,-1,-1
166,78,465.0,219.7,36.7,87.3,1,-1,-1,-1
167,6,666.4,101.5,23.0,56.6,1,-1,-1,-1
167,40,648.6,118.3,25.7,68.9,1,-1,-1,-1
167,81,497.4,207.1,33.4,87.3,1,-1,-1,-1
167,70,309.6,170.0,32.9,70.2,1,-1,-1,-1
167,95,444.2,209.8,33.8,88.9,1,-1,-1,-1
167,10,688.8,103.5,21.5,55.0,1,-1,-1,-1
167,53,20.1,99.8,16.7,41.4,1,-1,-1,-1
167,78,454.5,219.2,36.8,87.7,1,-1,-1,-1
167,99,28.7,111.8,22.4,28.4,1,-1,-1,-1
168,6,667.4,101.5,23.5,58.5,1,-1,-1,-1
168,40,646.0,118.9,25.9,69.8,1,-1,-1,-1
168,81,502.1,208.1,32.6,85.8,1,-1,-1,-1
168,70,302.3,169.0,32.7,70.4,1,-1,-1,-1
168,10,690.4,103.5,21.4,54.6,1,-1,-1,-1
168,53,18.0,100.3,16.7,41.4,1,-1,-1,-1
168,78,446.8,213.9,38.5,93.1,1,-1,-1,-1
168,99,28.3,112.1,22.4,28.4,1,-1,-1,-1
169,6,668.9,101.2,23.2,58.2,1,-1,-1,-1
169,40,641.2,119.1,25.5,70.5,1,-1,-1,-1
169,81,510.7,209.3,33.5,85.0,1,-1,-1,-1
169,70,293.4,169.0,32.8,70.1,1,-1,-1,-1
169,10,692.4,102.8,21.5,54.9,1,-1,-1,-1
169,53,12.4,101.1,16.3,41.4,1,-1,-1,-1
169,78,442.6,211.9,39.7,93.4,1,-1,-1,-1
169,99,27.9,112.1,22.4,28.6,1,-1,-1,-1
169,95,456.0,210.7,33.8,89.6,1,-1,-1,-1
170,6,669.6,100.8,23.0,58.2,1,-1,-1,-1
170,40,638.1,119.8,24.7,70.1,1,-1,-1,-1
170,81,514.1,209.9,34.8,85.5,1,-1,-1,-1
170,70,286.2,168.4,32.8,70.3,1,-1,-1,-1
170,10,693.9,103.7,21.1,54.0,1,-1,-1,-1
170,53,8.9,102.0,16.4,41.6,1,-1,-1,-1
170,78,436.5,215.5,38.5,90.3,1,-1,-1,-1
170,99,27.8,112.0,22.4,28.7,1,-1,-1,-1
170,95,457.7,210.6,33.3,89.2,1,-1,-1,-1
171,6,670.5,100.5,23.0,58.5,1,-1,-1,-1
171,40,634.5,121.0,24.4,69.5,1,-1,-1,-1
171,81,515.6,210.1,35.5,85.7,1,-1,-1,-1
171,70,279.7,167.4,32.5,69.8,1,-1,-1,-1
171,10,694.4,103.5,20.9,53.3,1,-1,-1,-1
171,53,6.5,102.9,16.5,41.5,1,-1,-1,-1
171,78,431.0,217.1,37.0,87.6,1,-1,-1,-1
171,99,27.5,111.8,22.4,29.0,1,-1,-1,-1
171,95,456.2,210.6,33.1,88.7,1,-1,-1,-1
172,6,672.0,100.3,22.9,58.0,1,-1,-1,-1
172,40,629.8,122.9,25.0,69.7,1,-1,-1,-1
172,81,526.9,209.5,35.7,87.5,1,-1,-1,-1
172,70,268.9,167.2,33.2,69.6,1,-1,-1,-1
172,10,695.5,103.7,20.7,53.4,1,-1,-1,-1
172,53,0.5,103.6,16.1,41.1,1,-1,-1,-1
172,78,425.0,224.9,34.1,80.3,1,-1,-1,-1
172,99,27.5,111.6,22.6,29.4,1,-1,-1,-1
172,95,456.4,210.7,33.2,89.3,1,-1,-1,-1
173,6,672.3,99.4,23.2,58.8,1,-1,-1,-1
173,40,626.7,123.3,25.5,70.1,1,-1,-1,-1
173,81,533.9,209.9,35.9,89.3,1,-1,-1,-1
173,70,262.9,166.9,33.7,69.5,1,-1,-1,-1
173,10,696.7,103.3,20.5,53.1,1,-1,-1,-1
173,53,0.0,104.7,14.3,41.5,1,-1,-1,-1
173,78,418.8,229.7,33.3,75.1,1,-1,-1,-1
173,99,27.8,111.5,22.4,29.5,1,-1,-1,-1
173,95,456.3,211.2,33.1,87.7,1,-1,-1,-1
174,6,672.7,99.1,23.4,59.3,1,-1,-1,-1
174,40,622.6,123.0,25.7,71.1,1,-1,-1,-1
174,81,539.0,210.7,36.0,89.9,1,-1,-1,-1
174,70,255.1,165.9,33.6,69.5,1,-1,-1,-1
174,10,697.5,103.4,20.7,53.0,1,-1,-1,-1
174,53,0.0,105.5,13.3,40.4,1,-1,-1,-1
174,78,417.0,237.1,30.8,66.1,1,-1,-1,-1
174,99,27.6,111.5,22.5,29.8,1,-1,-1,-1
174,95,454.0,211.6,34.5,88.1,1,-1,-1,-1
175,6,674.5,99.7,23.4,59.1,1,-1,-1,-1
175,40,616.0,123.9,26.0,72.1,1,-1,-1,-1
175,81,544.1,212.6,35.6,89.3,1,-1,-1,-1
175,70,244.5,165.6,33.3,69.0,1,-1,-1,-1
175,10,697.8,102.2,21.2,54.5,1,-1,-1,-1
175,78,402.3,226.9,33.7,73.9,1,-1,-1,-1
175,95,458.3,213.6,35.2,88.0,1,-1,-1,-1
176,6,675.4,99.0,23.6,59.8,1,-1,-1,-1
176,40,611.7,125.7,25.7,71.0,1,-1,-1,-1
176,81,550.7,213.0,35.1,89.9,1,-1,-1,-1
176,70,238.9,165.2,33.5,69.0,1,-1,-1,-1
176,10,697.7,101.9,21.0,54.2,1,-1,-1,-1
176,78,393.7,218.9,36.1,80.8,1,-1,-1,-1
176,95,462.3,216.0,35.4,86.4,1,-1,-1,-1
177,6,676.2,99.1,23.5,59.6,1,-1,-1,-1
177,40,608.8,126.4,25.9,71.3,1,-1,-1,-1
177,81,557.0,213.4,34.0,89.3,1,-1,-1,-1
177,70,232.5,164.9,32.8,68.5,1,-1,-1,-1
177,10,697.6,101.4,21.0,54.7,1,-1,-1,-1
177,78,388.2,215.3,37.1,83.8,1,-1,-1,-1
177,95,467.7,217.8,37.3,88.0,1,-1,-1,-1
178,6,677.3,100.0,22.9,58.1,1,-1,-1,-1
178,40,602.5,126.7,25.3,71.3,1,-1,-1,-1
178,81,567.9,215.8,34.6,88.0,1,-1,-1,-1
178,70,222.8,164.1,32.8,68.3,1,-1,-1,-1
178,10,699.5,101.7,20.9,54.4,1,-1,-1,-1
178,78,381.0,212.2,36.8,84.2,1,-1,-1,-1
178,95,479.4,219.6,37.7,87.3,1,-1,-1,-1
179,6,677.9,100.0,22.7,57.8,1,-1,-1,-1
179,40,597.6,127.1,25.0,71.4,1,-1,-1,-1
179,81,572.9,217.1,36.1,88.1,1,-1,-1,-1
179,70,215.6,164.2,32.7,67.2,1,-1,-1,-1
179,10,699.8,101.4,20.7,54.4,1,-1,-1,-1
179,78,375.5,210.6,35.7,83.9,1,-1,-1,-1
179,95,485.5,220.0,37.6,87.4,1,-1,-1,-1
180,6,678.1,99.9,22.7,57.9,1,-1,-1,-1
180,40,592.2,127.1,25.9,73.1,1,-1,-1,-1
180,81,574.9,217.7,37.8,89.3,1,-1,-1,-1
180,70,211.1,163.8,33.0,67.5,1,-1,-1,-1
180,10,700.3,102.5,20.1,53.5,1,-1,-1,-1
180,78,370.1,210.4,35.2,83.4,1,-1,-1,-1
180,95,490.3,220.8,37.5,87.7,1,-1,-1,-1
181,6,678.0,99.8,22.3,57.6,1,-1,-1,-1
181,40,587.7,128.8,26.6,72.8,1,-1,-1,-1
181,81,583.9,217.8,37.9,89.5,1,-1,-1,-1
181,70,200.5,162.9,32.8,67.6,1,-1,-1,-1
181,10,702.2,103.8,19.3,51.7,1,-1,-1,-1
181,78,361.2,210.1,36.0,83.1,1,-1,-1,-1
181,95,495.3,223.0,37.6,88.2,1,-1,-1,-1
182,6,678.0,99.7,21.7,56.9,1,-1,-1,-1
182,40,584.6,129.8,26.6,72.3,1,-1,-1,-1
182,81,592.0,218.2,38.8,91.0,1,-1,-1,-1
182,70,193.8,162.7,32.4,66.8,1,-1,-1,-1
182,10,703.1,103.3,19.5,52.8,1,-1,-1,-1
182,78,354.3,209.6,35.8,82.9,1,-1,-1,-1
182,95,503.7,223.0,38.1,89.0,1,-1,-1,-1
183,6,678.0,99.2,21.6,57.9,1,-1,-1,-1
183,40,580.2,129.8,26.7,72.7,1,-1,-1,-1
183,81,597.5,219.3,39.3,91.2,1,-1,-1,-1
183,70,189.0,161.9,32.4,66.8,1,-1,-1,-1
183,10,704.1,103.1,19.3,52.5,1,-1,-1,-1
183,78,345.0,209.4,34.9,82.7,1,-1,-1,-1
183,95,507.2,223.4,39.9,92.0,1,-1,-1,-1
184,6,678.4,98.9,21.2,57.2,1,-1,-1,-1
184,40,574.0,130.4,27.3,74.4,1,-1,-1,-1
184,81,605.1,222.5,39.9,91.6,1,-1,-1,-1
184,70,181.4,160.5,32.0,67.0,1,-1,-1,-1
184,10,705.3,102.0,19.2,52.7,1,-1,-1,-1
184,78,334.6,209.3,35.5,82.2,1,-1,-1,-1
184,95,512.6,226.2,41.6,94.4,1,-1,-1,-1
185,6,678.9,98.0,20.9,57.2,1,-1,-1,-1
185,40,570.0,132.0,27.4,74.4,1,-1,-1,-1
185,81,613.3,223.9,39.8,91.3,1,-1,-1,-1
185,70,175.4,159.9,31.7,66.8,1,-1,-1,-1
185,10,705.9,101.7,19.0,52.8,1,-1,-1,-1
185,78,328.4,208.2,36.2,83.1,1,-1,-1,-1
185,95,518.8,228.3,41.5,93.7,1,-1,-1,-1
186,6,679.4,98.1,20.6,56.9,1,-1,-1,-1
186,40,567.1,133.1,27.2,74.2,1,-1,-1,-1
186,81,621.4,224.3,39.3,90.9,1,-1,-1,-1
186,70,170.0,160.3,31.6,65.7,1,-1,-1,-1
186,10,706.0,101.1,18.9,53.4,1,-1,-1,-1
186,78,320.9,208.0,35.7,82.2,1,-1,-1,-1
186,95,523.5,228.9,40.8,94.1,1,-1,-1,-1
187,6,680.4,97.2,20.2,57.1,1,-1,-1,-1
187,40,558.4,133.2,27.2,74.4,1,-1,-1,-1
187,81,631.2,225.2,39.6,91.5,1,-1,-1,-1
187,70,162.1,159.5,31.0,65.1,1,-1,-1,-1
187,10,706.4,100.8,18.6,53.8,1,-1,-1,-1
187,78,308.9,208.3,35.5,81.2,1,-1,-1,-1
187,95,531.6,232.0,40.6,94.5,1,-1,-1,-1
188,6,681.1,98.8,19.3,55.4,1,-1,-1,-1
188,40,554.5,133.4,27.2,74.9,1,-1,-1,-1
188,81,636.2,226.9,40.0,91.3,1,-1,-1,-1
188,70,154.6,159.1,30.9,65.0,1,-1,-1,-1
188,10,706.6,100.8,18.4,54.0,1,-1,-1,-1
188,78,301.6,207.8,35.9,80.7,1,-1,-1,-1
188,95,535.8,234.4,40.1,95.2,1,-1,-1,-1
189,6,682.4,98.6,18.9,55.2,1,-1,-1,-1
189,40,549.1,135.1,28.0,74.5,1,-1,-1,-1
189,81,643.7,227.6,40.3,91.4,1,-1,-1,-1
189,70,146.4,159.1,31.2,64.6,1,-1,-1,-1
189,10,707.3,101.2,17.8,53.4,1,-1,-1,-1
189,78,290.5,204.9,35.8,82.2,1,-1,-1,-1
189,95,544.8,236.0,40.9,95.7,1,-1,-1,-1
190,6,682.9,98.7,18.6,55.3,1,-1,-1,-1
190,40,545.4,135.7,28.5,74.6,1,-1,-1,-1
190,81,647.2,228.1,41.7,93.9,1,-1,-1,-1
190,70,140.8,158.8,31.1,64.5,1,-1,-1,-1
190,10,707.6,101.7,17.3,53.2,1,-1,-1,-1
190,78,279.9,204.7,35.7,81.7,1,-1,-1,-1
190,95,549.0,238.7,42.6,97.7,1,-1,-1,-1
191,6,683.2,99.1,18.3,55.0,1,-1,-1,-1
191,40,540.8,136.4,28.1,74.1,1,-1,-1,-1
191,81,650.2,229.7,42.1,94.4,1,-1,-1,-1
191,70,136.3,157.1,31.1,65.5,1,-1,-1,-1
191,10,707.2,101.2,17.3,54.0,1,-1,-1,-1
191,78,271.5,203.5,37.0,82.8,1,-1,-1,-1
191,95,552.2,241.7,44.1,98.7,1,-1,-1,-1
192,6,683.2,96.8,19.0,57.3,1,-1,-1,-1
192,40,535.3,136.5,28.5,75.5,1,-1,-1,-1
192,81,652.8,231.7,42.8,95.8,1,-1,-1,-1
192,70,132.8,156.5,30.9,65.7,1,-1,-1,-1
192,10,707.5,101.5,17.1,53.9,1,-1,-1,-1
192,78,265.7,202.6,37.6,82.4,1,-1,-1,-1
192,95,555.4,244.4,45.2,100.2,1,-1,-1,-1
193,6,683.0,95.8,19.6,58.3,1,-1,-1,-1
193,40,528.5,138.7,28.8,75.4,1,-1,-1,-1
193,81,660.1,234.6,42.7,95.7,1,-1,-1,-1
193,70,127.0,157.4,30.3,63.7,1,-1,-1,-1
193,10,707.6,102.5,16.4,52.2,1,-1,-1,-1
193,78,260.6,201.3,35.6,79.7,1,-1,-1,-1
193,95,560.8,246.2,43.4,99.6,1,-1,-1,-1
194,6,682.9,95.6,19.8,57.9,1,-1,-1,-1
194,40,524.8,139.5,29.2,75.6,1,-1,-1,-1
194,81,667.2,236.3,41.9,94.6,1,-1,-1,-1
194,70,121.0,156.7,30.2,63.6,1,-1,-1,-1
194,10,707.5,101.7,16.4,53.2,1,-1,-1,-1
194,78,255.6,200.0,35.3,79.2,1,-1,-1,-1
194,95,567.0,248.9,42.3,99.5,1,-1,-1,-1
195,6,682.7,95.2,20.2,58.0,1,-1,-1,-1
195,40,520.9,140.1,28.7,75.8,1,-1,-1,-1
195,81,673.1,238.1,41.8,95.1,1,-1,-1,-1
195,70,114.1,155.5,30.3,64.2,1,-1,-1,-1
195,10,707.2,100.9,16.4,53.8,1,-1,-1,-1
195,78,253.4,200.1,34.9,78.3,1,-1,-1,-1
195,95,571.2,251.4,42.2,100.1,1,-1,-1,-1
196,6,681.8,94.9,20.4,58.2,1,-1,-1,-1
196,40,513.5,140.1,28.2,76.5,1,-1,-1,-1
196,81,677.5,242.1,42.3,96.3,1,-1,-1,-1
196,70,106.3,156.2,30.1,63.2,1,-1,-1,-1
196,10,707.4,101.5,16.1,53.5,1,-1,-1,-1
196,78,244.8,197.3,34.1,78.0,1,-1,-1,-1
196,95,581.0,253.5,42.0,100.0,1,-1,-1,-1
197,6,680.8,94.7,20.7,58.2,1,-1,-1,-1
197,40,507.0,140.8,28.8,77.2,1,-1,-1,-1
197,81,681.6,244.1,42.2,95.7,1,-1,-1,-1
197,70,101.5,155.7,30.2,63.3,1,-1,-1,-1
197,10,707.5,102.5,15.7,52.4,1,-1,-1,-1
197,78,236.0,195.9,34.3,78.4,1,-1,-1,-1
197,95,588.1,255.3,43.2,102.4,1,-1,-1,-1
197,99,28.1,111.6,21.6,29.5,1,-1,-1,-1
198,6,680.0,93.8,21.2,58.9,1,-1,-1,-1
198,40,503.8,142.8,29.2,76.1,1,-1,-1,-1
198,81,688.5,244.7,42.0,95.7,1,-1,-1,-1
198,70,96.9,154.7,29.6,62.9,1,-1,-1,-1
198,10,707.4,103.4,15.5,51.8,1,-1,-1,-1
198,78,229.4,195.3,34.9,78.4,1,-1,-1,-1
198,95,592.8,258.1,44.6,104.3,1,-1,-1,-1
198,99,28.4,111.7,21.2,29.6,1,-1,-1,-1
199,6,678.8,95.3,21.2,58.4,1,-1,-1,-1
199,40,498.4,143.5,29.5,76.1,1,-1,-1,-1
199,81,693.8,247.9,43.2,99.0,1,-1,-1,-1
199,70,90.1,154.8,29.3,62.0,1,-1,-1,-1
199,10,706.7,103.5,15.7,51.6,1,-1,-1,-1
199,78,222.6,192.2,34.3,77.8,1,-1,-1,-1
199,95,601.3,262.0,44.5,105.1,1,-1,-1,-1
199,99,28.6,111.9,20.8,29.3,1,-1,-1,-1
200,6,677.8,97.3,21.0,57.1,1,-1,-1,-1
200,40,492.1,143.6,29.6,76.8,1,-1,-1,-1
200,81,698.1,251.0,43.7,100.6,1,-1,-1,-1
200,70,86.1,154.7,29.3,61.8,1,-1,-1,-1
200,10,705.2,102.9,16.2,52.2,1,-1,-1,-1
200,78,219.7,190.7,33.3,77.5,1,-1,-1,-1
200,95,606.1,263.6,43.0,104.5,1,-1,-1,-1
201,6,677.2,98.1,20.9,56.2,1,-1,-1,-1
201,40,487.1,144.3,30.3,78.6,1,-1,-1,-1
201,81,702.9,253.6,43.2,100.4,1,-1,-1,-1
201,70,81.8,153.9,29.2,61.6,1,-1,-1,-1
201,10,702.9,102.4,17.3,54.3,1,-1,-1,-1
201,78,216.3,189.6,33.2,77.2,1,-1,-1,-1
201,95,612.3,265.0,42.4,105.5,1,-1,-1,-1
202,6,675.8,98.8,21.0,56.3,1,-1,-1,-1
202,40,480.3,146.6,30.6,78.3,1,-1,-1,-1
202,81,709.4,255.3,41.9,99.8,1,-1,-1,-1
202,70,73.0,153.1,29.2,61.6,1,-1,-1,-1
202,10,701.4,102.8,17.5,54.2,1,-1,-1,-1
202,78,211.6,189.1,32.5,76.0,1,-1,-1,-1
202,95,620.6,269.5,42.9,106.8,1,-1,-1,-1
203,6,674.7,98.5,21.5,57.5,1,-1,-1,-1
203,40,476.4,148.4,30.6,77.7,1,-1,-1,-1
203,81,714.6,257.7,41.8,100.9,1,-1,-1,-1
203,70,67.7,153.7,29.0,61.0,1,-1,-1,-1
203,10,700.2,103.7,17.4,53.1,1,-1,-1,-1
203,78,203.7,188.4,32.0,75.8,1,-1,-1,-1
203,95,628.1,273.0,42.8,106.0,1,-1,-1,-1
203,99,28.8,112.0,20.4,29.1,1,-1,-1,-1
204,6,674.1,98.7,21.6,57.6,1,-1,-1,-1
204,40,471.0,148.9,30.2,78.1,1,-1,-1,-1
204,81,717.9,260.7,41.8,101.6,1,-1,-1,-1
204,70,63.7,153.0,28.9,60.9,1,-1,-1,-1
204,10,698.5,104.2,17.6,52.8,1,-1,-1,-1
204,78,195.8,187.6,32.0,75.8,1,-1,-1,-1
204,95,634.3,274.8,43.3,105.1,1,-1,-1,-1
204,99,28.8,112.0,20.2,29.2,1,-1,-1,-1
205,6,673.0,99.0,21.5,57.2,1,-1,-1,-1
205,40,461.4,149.3,30.2,78.4,1,-1,-1,-1
205,81,723.9,262.6,42.3,102.5,1,-1,-1,-1
205,70,58.0,150.8,29.1,62.1,1,-1,-1,-1
205,10,696.0,104.8,17.8,53.0,1,-1,-1,-1
205,78,188.7,186.5,32.3,75.4,1,-1,-1,-1
205,95,639.6,279.9,45.5,108.0,1,-1,-1,-1
206,6,671.8,98.8,21.8,58.0,1,-1,-1,-1
206,40,455.1,150.2,30.9,78.2,1,-1,-1,-1
206,81,729.3,263.9,38.7,101.5,1,-1,-1,-1
206,70,53.4,150.7,28.7,61.2,1,-1,-1,-1
206,10,695.3,105.2,17.8,53.5,1,-1,-1,-1
206,78,183.1,185.9,31.5,73.8,1,-1,-1,-1
206,95,643.8,283.5,47.3,110.7,1,-1,-1,-1
207,6,670.4,99.0,21.9,58.0,1,-1,-1,-1
207,40,451.8,151.4,31.5,77.7,1,-1,-1,-1
207,81,732.4,265.3,35.6,103.3,1,-1,-1,-1
207,70,50.5,151.1,28.4,60.7,1,-1,-1,-1
207,10,695.3,106.3,17.6,52.7,1,-1,-1,-1
207,78,180.5,185.2,30.4,73.0,1,-1,-1,-1
207,95,646.4,285.3,47.9,112.0,1,-1,-1,-1
208,6,668.5,100.2,21.8,56.9,1,-1,-1,-1
208,40,443.5,152.0,31.3,77.4,1,-1,-1,-1
208,81,735.4,270.7,32.6,104.9,1,-1,-1,-1
208,70,43.1,149.7,28.0,60.6,1,-1,-1,-1
208,10,694.7,107.1,17.3,51.9,1,-1,-1,-1
208,78,175.2,185.1,30.6,72.3,1,-1,-1,-1
208,95,650.2,287.8,46.7,110.8,1,-1,-1,-1
209,6,666.5,100.3,22.2,57.2,1,-1,-1,-1
209,40,435.5,148.5,32.9,82.2,1,-1,-1,-1
209,81,738.8,275.0,29.2,104.1,1,-1,-1,-1
209,70,36.9,149.2,27.9,60.6,1,-1,-1,-1
209,10,694.5,107.4,17.3,51.9,1,-1,-1,-1
209,78,168.6,184.5,31.3,72.0,1,-1,-1,-1
209,95,653.2,290.0,46.6,111.1,1,-1,-1,-1
210,6,664.9,100.5,22.3,56.9,1,-1,-1,-1
210,40,431.6,148.0,32.9,82.3,1,-1,-1,-1
210,81,743.3,279.2,24.7,101.4,1,-1,-1,-1
210,70,33.5,149.6,27.6,59.6,1,-1,-1,-1
210,10,694.3,106.6,17.5,52.7,1,-1,-1,-1
210,78,162.7,184.3,30.6,70.4,1,-1,-1,-1
210,95,655.3,292.2,47.8,113.5,1,-1,-1,-1
211,6,663.2,100.5,22.8,57.8,1,-1,-1,-1
211,70,27.9,148.1,27.3,59.7,1,-1,-1,-1
211,10,694.1,107.0,17.5,52.4,1,-1,-1,-1
211,78,152.9,184.1,30.1,69.0,1,-1,-1,-1
211,95,655.8,294.9,48.8,114.8,1,-1,-1,-1
212,6,662.3,101.0,22.9,57.9,1,-1,-1,-1
212,70,24.2,147.5,27.0,59.4,1,-1,-1,-1
212,10,692.8,107.4,17.7,52.4,1,-1,-1,-1
212,78,148.7,183.9,30.5,68.9,1,-1,-1,-1
212,95,653.6,296.0,47.8,114.4,1,-1,-1,-1
212,100,759.2,296.6,8.3,84.6,1,-1,-1,-1
213,6,661.7,101.3,22.9,57.7,1,-1,-1,-1
213,70,21.0,147.4,27.0,59.1,1,-1,-1,-1
213,10,691.3,107.6,18.2,53.2,1,-1,-1,-1
213,78,143.8,183.4,30.6,69.1,1,-1,-1,-1
213,95,648.1,296.5,47.5,115.1,1,-1,-1,-1
214,6,661.2,102.0,23.3,58.5,1,-1,-1,-1
214,70,15.2,146.9,26.8,58.9,1,-1,-1,-1
214,10,689.6,108.6,18.5,53.6,1,-1,-1,-1
214,78,137.0,183.2,31.2,70.0,1,-1,-1,-1
214,95,640.9,298.8,47.3,114.2,1,-1,-1,-1
214,40,398.8,154.3,31.0,79.2,1,-1,-1,-1
215,6,660.7,102.6,23.3,58.5,1,-1,-1,-1
215,70,9.5,145.9,26.7,59.2,1,-1,-1,-1
215,10,688.1,108.8,18.7,54.1,1,-1,-1,-1
215,78,131.1,183.3,31.7,70.0,1,-1,-1,-1
215,95,637.4,299.4,47.2,114.2,1,-1,-1,-1
215,40,393.8,156.4,31.0,79.0,1,-1,-1,-1
215,99,28.9,111.8,20.1,29.4,1,-1,-1,-1
216,6,660.7,102.7,23.3,58.5,1,-1,-1,-1
216,70,5.7,145.6,26.7,59.2,1,-1,-1,-1
216,10,686.0,107.9,19.3,55.5,1,-1,-1,-1
216,78,126.4,183.2,32.0,70.2,1,-1,-1,-1
216,95,631.9,299.1,46.5,115.0,1,-1,-1,-1
216,40,390.6,157.8,30.7,79.0,1,-1,-1,-1
217,6,660.6,103.1,23.4,58.8,1,-1,-1,-1
217,70,2.3,146.1,26.6,58.6,1,-1,-1,-1
217,10,684.6,108.1,19.4,55.9,1,-1,-1,-1
217,78,121.0,182.0,32.5,71.5,1,-1,-1,-1
217,95,624.4,298.8,46.2,117.2,1,-1,-1,-1
217,40,391.0,157.9,30.7,78.6,1,-1,-1,-1
218,6,660.5,104.0,23.2,58.6,1,-1,-1,-1
218,70,0.0,145.8,25.8,58.0,1,-1,-1,-1
218,10,683.4,109.1,19.5,56.3,1,-1,-1,-1
218,78,113.3,182.4,31.6,71.0,1,-1,-1,-1
218,95,614.2,299.7,46.2,115.5,1,-1,-1,-1
218,40,385.4,157.6,30.0,78.9,1,-1,-1,-1
219,6,659.4,105.2,23.2,58.6,1,-1,-1,-1
219,70,0.0,145.0,22.0,57.2,1,-1,-1,-1
219,10,682.6,110.5,19.3,56.3,1,-1,-1,-1
219,78,104.9,182.9,32.1,69.9,1,-1,-1,-1
219,95,603.7,300.0,46.8,113.5,1,-1,-1,-1
219,40,374.9,159.1,31.1,79.6,1,-1,-1,-1
220,6,658.4,106.0,23.4,59.2,1,-1,-1,-1
220,70,0.0,144.9,20.1,57.0,1,-1,-1,-1
220,10,681.4,110.8,19.2,56.3,1,-1,-1,-1
220,78,99.3,182.0,32.9,70.5,1,-1,-1,-1
220,95,596.3,298.5,46.7,113.2,1,-1,-1,-1
220,40,369.5,160.4,32.0,79.4,1,-1,-1,-1
220,106,746.8,241.8,19.2,81.5,1,-1,-1,-1
221,6,657.3,106.0,23.5,59.8,1,-1,-1,-1
221,70,0.0,146.1,18.0,55.2,1,-1,-1,-1
221,10,680.4,111.1,19.2,56.3,1,-1,-1,-1
221,78,95.1,181.2,32.5,70.3,1,-1,-1,-1
221,95,584.3,296.7,46.8,114.7,1,-1,-1,-1
221,40,366.1,160.6,32.5,79.4,1,-1,-1,-1
221,106,745.3,239.2,20.5,86.5,1,-1,-1,-1
222,6,655.4,105.7,24.0,60.4,1,-1,-1,-1
222,70,0.0,149.0,14.9,51.1,1,-1,-1,-1
222,10,679.7,111.7,19.0,55.7,1,-1,-1,-1
222,78,89.5,180.2,32.5,71.9,1,-1,-1,-1
222,95,572.8,296.0,47.3,114.9,1,-1,-1,-1
222,40,360.0,160.6,32.0,79.2,1,-1,-1,-1
222,106,742.1,235.7,21.2,88.4,1,-1,-1,-1
223,6,653.5,106.2,24.2,60.6,1,-1,-1,-1
223,10,679.1,111.7,19.6,56.8,1,-1,-1,-1
223,78,82.4,181.7,32.1,69.4,1,-1,-1,-1
223,95,561.4,293.1,48.6,116.9,1,-1,-1,-1
223,40,349.2,160.7,32.3,79.3,1,-1,-1,-1
223,106,730.1,233.8,22.0,89.0,1,-1,-1,-1
224,6,652.7,107.7,23.8,59.3,1,-1,-1,-1
224,10,678.8,112.6,19.9,57.1,1,-1,-1,-1
224,78,78.6,182.3,31.9,68.5,1,-1,-1,-1
224,95,553.2,290.0,47.8,116.2,1,-1,-1,-1
224,40,341.8,161.6,33.1,78.5,1,-1,-1,-1
224,106,723.0,232.1,22.7,88.5,1,-1,-1,-1
225,6,651.7,108.3,24.1,60.3,1,-1,-1,-1
225,10,678.0,113.2,20.2,57.8,1,-1,-1,-1
225,78,74.0,181.2,31.7,69.5,1,-1,-1,-1
225,95,549.5,287.7,46.0,114.6,1,-1,-1,-1
225,40,337.9,162.4,34.0,78.1,1,-1,-1,-1
225,106,717.6,229.5,22.7,86.4,1,-1,-1,-1
226,6,651.2,108.2,24.2,60.8,1,-1,-1,-1
226,10,675.8,113.2,20.2,58.0,1,-1,-1,-1
226,78,65.0,181.8,31.3,67.8,1,-1,-1,-1
226,95,536.5,286.1,45.9,113.8,1,-1,-1,-1
226,40,326.8,160.6,33.6,79.7,1,-1,-1,-1
226,106,708.4,227.3,23.0,85.8,1,-1,-1,-1
227,6,650.8,108.5,24.0,60.3,1,-1,-1,-1
227,10,674.5,113.9,20.0,57.4,1,-1,-1,-1
227,78,59.5,181.5,31.2,67.0,1,-1,-1,-1
227,95,529.9,283.1,45.9,113.7,1,-1,-1,-1
227,40,318.0,160.4,33.2,80.0,1,-1,-1,-1
227,106,700.9,225.6,23.6,86.0,1,-1,-1,-1
228,6,650.2,109.1,23.9,60.3,1,-1,-1,-1
228,10,673.1,114.7,20.0,57.1,1,-1,-1,-1
228,78,55.4,180.1,30.9,66.9,1,-1,-1,-1
228,95,522.0,280.2,44.6,110.9,1,-1,-1,-1
228,40,310.7,160.7,33.6,79.2,1,-1,-1,-1
228,106,695.4,223.8,23.7,84.9,1,-1,-1,-1
228,100,754.7,285.6,12.3,121.7,1,-1,-1,-1
228,99,29.0,111.3,20.1,29.8,1,-1,-1,-1
229,6,649.5,109.9,23.8,59.8,1,-1,-1,-1
229,10,672.1,115.3,20.1,57.8,1,-1,-1,-1
229,78,50.7,178.4,31.2,68.5,1,-1,-1,-1
229,95,512.2,277.8,44.9,111.0,1,-1,-1,-1
229,40,307.5,162.0,33.8,77.6,1,-1,-1,-1
229,106,690.5,220.0,23.6,83.4,1,-1,-1,-1
229,100,749.5,289.6,14.1,116.2,1,-1,-1,-1
230,6,647.8,111.1,24.1,60.3,1,-1,-1,-1
230,10,671.4,117.4,19.8,57.6,1,-1,-1,-1
230,78,47.4,178.7,30.4,67.4,1,-1,-1,-1
230,95,503.6,275.8,45.3,111.5,1,-1,-1,-1
230,40,299.8,160.9,33.7,78.1,1,-1,-1,-1
230,106,679.2,217.8,24.5,82.7,1,-1,-1,-1
230,100,740.1,290.4,17.9,114.2,1,-1,-1,-1
231,6,646.0,111.4,24.3,61.0,1,-1,-1,-1
231,10,671.1,118.2,19.6,57.5,1,-1,-1,-1
231,78,45.1,178.7,30.0,67.1,1,-1,-1,-1
231,95,498.6,272.9,45.5,112.3,1,-1,-1,-1
231,40,290.1,159.9,33.5,78.6,1,-1,-1,-1
231,106,672.6,216.3,25.7,83.6,1,-1,-1,-1
231,100,734.9,289.9,21.4,113.6,1,-1,-1,-1
232,6,644.8,111.4,24.4,61.2,1,-1,-1,-1
232,10,670.5,118.2,19.6,57.8,1,-1,-1,-1
232,78,42.0,178.5,29.4,66.7,1,-1,-1,-1
232,95,496.3,270.1,43.5,109.5,1,-1,-1,-1
232,40,283.1,159.9,33.7,78.8,1,-1,-1,-1
232,106,668.5,214.4,26.4,84.1,1,-1,-1,-1
232,100,731.5,288.3,24.2,112.3,1,-1,-1,-1
233,6,643.1,111.7,24.6,61.9,1,-1,-1,-1
233,10,669.7,117.9,19.5,57.3,1,-1,-1,-1
233,78,37.4,177.7,28.8,67.0,1,-1,-1,-1
233,95,490.4,266.8,42.3,108.7,1,-1,-1,-1
233,40,277.4,160.1,34.0,77.9,1,-1,-1,-1
233,106,660.8,211.8,26.1,82.8,1,-1,-1,-1
233,100,719.1,285.0,25.9,111.6,1,-1,-1,-1
233,99,29.4,111.5,19.6,29.3,1,-1,-1,-1
234,6,642.5,112.2,24.5,62.1,1,-1,-1,-1
234,10,668.3,117.8,20.1,58.4,1,-1,-1,-1
234,78,35.0,177.1,28.4,67.3,1,-1,-1,-1
234,95,482.5,265.6,42.1,107.6,1,-1,-1,-1
234,40,272.8,159.6,34.1,78.5,1,-1,-1,-1
234,106,654.2,210.8,26.1,81.9,1,-1,-1,-1
234,100,710.7,283.3,27.7,112.3,1,-1,-1,-1
234,99,29.2,111.7,19.5,29.5,1,-1,-1,-1
235,6,642.1,113.0,24.3,61.8,1,-1,-1,-1
235,10,667.6,118.5,20.3,58.0,1,-1,-1,-1
235,78,34.4,176.8,28.1,67.5,1,-1,-1,-1
235,95,479.0,263.4,42.1,107.5,1,-1,-1,-1
235,40,266.4,159.1,32.7,78.1,1,-1,-1,-1
235,106,648.3,210.1,26.6,81.6,1,-1,-1,-1
235,100,704.7,282.3,29.2,112.2,1,-1,-1,-1
235,99,29.2,111.6,19.5,29.4,1,-1,-1,-1
236,6,641.5,113.9,24.4,62.5,1,-1,-1,-1
236,10,667.0,118.6,20.6,59.0,1,-1,-1,-1
236,78,34.5,176.9,27.4,67.0,1,-1,-1,-1
236,95,467.6,260.2,41.7,105.3,1,-1,-1,-1
236,40,257.0,158.2,32.9,78.3,1,-1,-1,-1
236,106,640.3,206.8,26.4,81.1,1,-1,-1,-1
236,100,696.5,278.8,30.0,112.8,1,-1,-1,-1
236,99,29.4,111.8,19.0,29.1,1,-1,-1,-1
237,6,641.2,114.3,24.3,62.2,1,-1,-1,-1
237,10,666.2,118.5,20.6,59.1,1,-1,-1,-1
237,78,34.6,176.3,27.2,67.4,1,-1,-1,-1
237,95,459.9,258.4,42.0,105.7,1,-1,-1,-1
237,40,252.4,158.5,33.0,77.6,1,-1,-1,-1
237,106,633.5,204.9,26.6,80.8,1,-1,-1,-1
237,100,689.3,276.2,29.7,109.3,1,-1,-1,-1
238,6,641.3,114.4,24.3,62.2,1,-1,-1,-1
238,10,665.6,119.4,20.1,57.8,1,-1,-1,-1
238,78,34.7,175.9,27.0,67.8,1,-1,-1,-1
238,95,454.4,257.1,42.2,105.8,1,-1,-1,-1
238,40,250.7,158.3,33.1,77.2,1,-1,-1,-1
238,106,625.6,204.2,27.4,80.3,1,-1,-1,-1
238,100,682.4,274.6,30.3,108.2,1,-1,-1,-1
239,6,641.7,114.8,24.5,62.4,1,-1,-1,-1
239,10,664.7,119.8,20.2,58.1,1,-1,-1,-1
239,78,34.9,175.5,26.9,68.4,1,-1,-1,-1
239,95,450.0,254.7,41.7,104.5,1,-1,-1,-1
239,40,246.7,157.6,33.3,77.6,1,-1,-1,-1
239,106,620.9,203.5,28.2,80.3,1,-1,-1,-1
239,100,673.3,273.9,31.8,107.4,1,-1,-1,-1
240,6,641.7,115.0,24.6,62.6,1,-1,-1,-1
240,10,664.0,119.7,20.6,59.3,1,-1,-1,-1
240,78,35.2,175.5,26.5,68.4,1,-1,-1,-1
240,95,446.5,251.8,40.9,103.7,1,-1,-1,-1
240,40,240.2,156.1,33.1,78.1,1,-1,-1,-1
240,106,617.7,201.9,28.7,80.6,1,-1,-1,-1
240,100,666.8,273.4,33.8,107.5,1,-1,-1,-1
241,6,641.1,115.9,24.6,62.4,1,-1,-1,-1
241,10,663.8,120.5,20.8,59.8,1,-1,-1,-1
241,78,35.5,175.4,26.4,68.8,1,-1,-1,-1
241,95,444.6,249.9,39.7,102.8,1,-1,-1,-1
241,40,233.6,155.5,32.8,78.0,1,-1,-1,-1
241,106,612.7,200.2,28.1,79.0,1,-1,-1,-1
241,100,663.6,272.9,35.1,106.2,1,-1,-1,-1
242,6,639.6,117.1,24.5,61.9,1,-1,-1,-1
242,10,664.4,121.6,20.9,60.6,1,-1,-1,-1
242,78,36.0,175.6,25.9,68.2,1,-1,-1,-1
242,95,436.7,248.5,38.9,101.0,1,-1,-1,-1
242,40,228.3,155.5,33.0,78.5,1,-1,-1,-1
242,106,604.1,199.3,27.8,77.9,1,-1,-1,-1
242,100,655.4,268.9,34.8,104.8,1,-1,-1,-1
242,99,29.4,111.7,19.1,29.2,1,-1,-1,-1
243,6,637.8,117.7,24.9,62.5,1,-1,-1,-1
243,10,665.4,121.7,20.8,61.0,1,-1,-1,-1
243,78,36.4,175.7,25.7,68.2,1,-1,-1,-1
243,95,432.2,246.1,38.9,101.2,1,-1,-1,-1
243,40,225.9,155.3,32.4,77.6,1,-1,-1,-1
243,106,598.4,198.2,28.4,78.3,1,-1,-1,-1
243,100,647.6,266.4,35.5,105.8,1,-1,-1,-1
244,6,636.2,117.7,25.3,63.1,1,-1,-1,-1
244,10,666.0,122.0,20.5,60.8,1,-1,-1,-1
244,78,36.7,175.8,25.5,68.0,1,-1,-1,-1
244,95,423.3,244.1,38.6,99.0,1,-1,-1,-1
244,40,222.3,154.7,31.1,76.8,1,-1,-1,-1
244,106,592.9,196.7,28.4,79.1,1,-1,-1,-1
244,100,641.5,264.7,36.3,107.1,1,-1,-1,-1
245,6,634.8,117.8,25.6,63.7,1,-1,-1,-1
245,10,666.2,122.3,20.3,60.5,1,-1,-1,-1
245,78,36.8,175.7,25.3,68.0,1,-1,-1,-1
245,95,415.3,243.2,39.4,98.4,1,-1,-1,-1
245,40,218.5,153.4,30.0,76.9,1,-1,-1,-1
245,106,587.8,194.4,27.8,78.4,1,-1,-1,-1
245,100,636.8,263.9,36.7,107.3,1,-1,-1,-1
246,6,634.0,118.2,25.5,63.1,1,-1,-1,-1
246,10,665.8,123.3,20.2,59.4,1,-1,-1,-1
246,78,36.9,175.7,25.2,68.1,1,-1,-1,-1
246,95,406.6,242.6,39.6,96.9,1,-1,-1,-1
246,40,213.0,153.5,29.7,75.8,1,-1,-1,-1
246,106,576.8,193.3,28.3,77.0,1,-1,-1,-1
246,100,629.4,261.1,36.4,106.3,1,-1,-1,-1
247,6,633.2,118.5,25.6,63.2,1,-1,-1,-1
247,10,663.8,123.6,21.1,60.0,1,-1,-1,-1
247,78,37.0,175.6,25.2,68.2,1,-1,-1,-1
247,95,401.9,241.2,38.8,93.5,1,-1,-1,-1
247,40,210.9,153.5,29.8,75.7,1,-1,-1,-1
247,106,571.3,192.7,29.1,76.3,1,-1,-1,-1
247,100,625.2,258.9,35.4,104.4,1,-1,-1,-1
248,6,632.7,118.7,25.7,63.6,1,-1,-1,-1
248,10,662.6,124.1,21.7,60.1,1,-1,-1,-1
248,78,37.1,175.7,25.0,68.0,1,-1,-1,-1
248,95,398.2,238.1,39.0,94.9,1,-1,-1,-1
248,40,208.2,153.4,29.6,74.7,1,-1,-1,-1
248,106,568.1,191.4,29.4,76.0,1,-1,-1,-1
248,100,621.1,257.3,34.7,102.9,1,-1,-1,-1
249,6,632.4,119.3,25.9,64.1,1,-1,-1,-1
249,10,661.4,124.3,22.2,60.2,1,-1,-1,-1
249,78,37.3,175.8,24.9,68.0,1,-1,-1,-1
249,95,394.8,234.1,38.4,96.4,1,-1,-1,-1
249,40,203.8,152.3,29.6,74.4,1,-1,-1,-1
249,106,562.2,189.9,28.9,75.9,1,-1,-1,-1
249,100,612.8,256.8,35.6,102.3,1,-1,-1,-1
250,6,632.2,120.3,25.9,64.5,1,-1,-1,-1
250,10,660.5,124.3,22.5,60.7,1,-1,-1,-1
250,78,37.2,176.0,24.8,68.1,1,-1,-1,-1
250,95,390.7,232.4,37.8,96.2,1,-1,-1,-1
250,40,198.3,151.2,29.6,74.7,1,-1,-1,-1
250,106,557.2,189.2,28.5,76.1,1,-1,-1,-1
250,100,607.4,256.4,37.2,102.1,1,-1,-1,-1
250,99,29.4,111.6,19.2,29.2,1,-1,-1,-1
251,6,632.3,120.8,25.7,64.2,1,-1,-1,-1
251,10,658.0,126.0,22.1,59.3,1,-1,-1,-1
251,78,37.3,175.7,24.8,68.3,1,-1,-1,-1
251,95,379.3,230.3,39.0,96.1,1,-1,-1,-1
251,40,193.3,151.2,29.6,74.6,1,-1,-1,-1
251,106,548.7,188.6,28.7,75.6,1,-1,-1,-1
251,100,601.4,254.8,37.3,100.1,1,-1,-1,-1
252,6,632.4,121.3,25.7,64.5,1,-1,-1,-1
252,10,654.8,125.5,22.6,60.9,1,-1,-1,-1
252,78,37.3,175.6,24.7,68.4,1,-1,-1,-1
252,95,366.9,228.5,40.2,93.8,1,-1,-1,-1
252,40,191.0,151.6,29.3,74.0,1,-1,-1,-1
252,106,542.7,187.5,28.5,75.6,1,-1,-1,-1
252,100,592.8,253.2,36.9,99.4,1,-1,-1,-1
253,6,632.5,121.3,25.7,64.5,1,-1,-1,-1
253,10,652.8,125.4,23.0,62.7,1,-1,-1,-1
253,78,37.3,175.5,24.7,68.6,1,-1,-1,-1
253,95,358.1,226.7,42.2,94.0,1,-1,-1,-1
253,40,188.7,151.0,28.9,74.0,1,-1,-1,-1
253,106,537.1,185.8,27.9,75.4,1,-1,-1,-1
253,100,585.3,251.9,37.1,100.6,1,-1,-1,-1
254,6,631.7,121.9,25.5,63.8,1,-1,-1,-1
254,10,651.4,127.6,22.5,61.6,1,-1,-1,-1
254,78,37.4,175.1,24.7,68.8,1,-1,-1,-1
254,95,350.1,225.3,44.0,94.3,1,-1,-1,-1
254,40,183.6,148.9,28.2,74.5,1,-1,-1,-1
254,106,526.2,184.8,28.3,74.4,1,-1,-1,-1
254,100,577.2,250.8,37.5,101.5,1,-1,-1,-1
255,6,630.8,122.7,25.3,63.7,1,-1,-1,-1
255,10,650.5,128.4,22.2,61.4,1,-1,-1,-1
255,78,37.7,175.3,24.6,68.8,1,-1,-1,-1
255,95,346.2,223.0,45.4,95.6,1,-1,-1,-1
255,40,180.7,148.3,27.6,74.2,1,-1,-1,-1
255,106,521.2,184.3,28.9,73.8,1,-1,-1,-1
255,100,573.0,249.6,37.7,102.0,1,-1,-1,-1
256,6,629.6,123.4,25.6,64.7,1,-1,-1,-1
256,10,649.8,128.6,21.7,60.7,1,-1,-1,-1
256,78,37.8,175.5,24.5,68.5,1,-1,-1,-1
256,95,345.9,220.5,44.6,93.6,1,-1,-1,-1
256,40,178.8,149.0,27.2,73.3,1,-1,-1,-1
256,106,517.5,183.2,29.4,74.2,1,-1,-1,-1
256,100,568.1,247.8,37.0,100.7,1,-1,-1,-1
257,6,627.6,123.5,26.0,65.8,1,-1,-1,-1
257,10,648.9,129.4,21.5,60.6,1,-1,-1,-1
257,78,37.9,175.5,24.4,68.7,1,-1,-1,-1
257,95,347.0,218.9,44.2,95.0,1,-1,-1,-1
257,40,177.0,148.4,27.4,73.6,1,-1,-1,-1
257,106,511.6,181.4,29.0,74.4,1,-1,-1,-1
257,100,562.2,246.3,35.9,98.8,1,-1,-1,-1
258,6,625.2,124.2,25.9,65.3,1,-1,-1,-1
258,10,647.2,130.6,21.1,59.9,1,-1,-1,-1
258,78,38.1,175.6,24.3,68.5,1,-1,-1,-1
258,95,344.0,218.3,42.3,92.3,1,-1,-1,-1
258,40,171.4,147.3,27.2,72.8,1,-1,-1,-1
258,106,502.7,180.7,28.7,73.9,1,-1,-1,-1
258,100,551.0,245.5,36.5,98.4,1,-1,-1,-1
259,6,623.0,124.6,25.7,65.0,1,-1,-1,-1
259,10,645.3,130.6,21.4,61.0,1,-1,-1,-1
259,78,38.0,175.6,24.2,68.4,1,-1,-1,-1
259,95,340.9,216.6,41.3,90.8,1,-1,-1,-1
259,40,167.1,147.1,27.0,71.8,1,-1,-1,-1
259,106,497.3,180.3,28.8,73.4,1,-1,-1,-1
259,100,544.1,245.3,37.8,98.2,1,-1,-1,-1
260,6,620.9,124.5,26.0,66.0,1,-1,-1,-1
260,10,643.5,130.7,21.7,61.4,1,-1,-1,-1
260,78,37.9,175.4,24.3,68.8,1,-1,-1,-1
260,95,333.0,214.3,40.9,89.8,1,-1,-1,-1
260,40,163.8,146.7,27.1,72.0,1,-1,-1,-1
260,106,492.8,179.3,28.7,74.1,1,-1,-1,-1
260,100,540.6,245.2,38.6,97.2,1,-1,-1,-1
261,6,619.4,125.8,25.6,65.0,1,-1,-1,-1
261,10,640.6,131.6,22.0,62.2,1,-1,-1,-1
261,78,37.6,175.4,24.3,69.0,1,-1,-1,-1
261,95,322.8,213.5,41.2,89.4,1,-1,-1,-1
261,40,161.1,147.0,26.8,71.2,1,-1,-1,-1
261,106,484.9,177.5,27.9,72.8,1,-1,-1,-1
261,100,533.1,243.4,38.5,97.1,1,-1,-1,-1
262,6,618.5,126.9,25.0,64.0,1,-1,-1,-1
262,10,638.7,133.6,22.0,62.0,1,-1,-1,-1
262,78,37.4,175.6,24.3,68.8,1,-1,-1,-1
262,95,317.2,212.7,41.2,89.4,1,-1,-1,-1
262,40,158.2,146.2,25.9,70.3,1,-1,-1,-1
262,106,476.5,177.2,28.1,71.8,1,-1,-1,-1
262,100,524.7,242.6,37.8,97.3,1,-1,-1,-1
263,6,615.6,127.3,25.7,66.2,1,-1,-1,-1
263,10,635.9,133.5,22.4,63.2,1,-1,-1,-1
263,78,37.0,175.5,24.5,68.9,1,-1,-1,-1
263,95,313.9,209.2,39.6,88.5,1,-1,-1,-1
263,40,154.8,145.0,25.3,69.5,1,-1,-1,-1
263,106,471.0,176.6,28.2,71.3,1,-1,-1,-1
263,100,515.1,242.1,38.2,97.4,1,-1,-1,-1
264,6,614.2,127.7,25.7,66.4,1,-1,-1,-1
264,10,633.9,133.8,22.7,64.1,1,-1,-1,-1
264,78,36.6,175.3,24.7,69.4,1,-1,-1,-1
264,95,311.2,207.0,38.3,88.1,1,-1,-1,-1
264,40,151.7,145.2,25.2,68.7,1,-1,-1,-1
264,106,465.1,175.0,27.8,71.2,1,-1,-1,-1
264,100,509.6,242.0,38.6,96.8,1,-1,-1,-1
265,6,612.9,128.2,25.6,66.4,1,-1,-1,-1
265,10,633.0,133.7,22.9,64.5,1,-1,-1,-1
265,78,36.2,175.7,24.8,69.3,1,-1,-1,-1
265,95,307.3,206.2,37.4,87.7,1,-1,-1,-1
265,40,150.1,145.6,25.2,68.2,1,-1,-1,-1
265,106,460.2,174.4,27.2,71.1,1,-1,-1,-1
265,100,506.0,241.3,38.9,97.3,1,-1,-1,-1
266,6,610.7,129.2,25.8,66.2,1,-1,-1,-1
266,10,632.8,134.2,23.1,65.3,1,-1,-1,-1
266,78,36.0,175.9,24.8,68.9,1,-1,-1,-1
266,95,304.3,205.4,36.8,87.2,1,-1,-1,-1
266,40,147.5,145.2,25.2,68.1,1,-1,-1,-1
266,106,454.8,174.5,27.0,70.7,1,-1,-1,-1
266,100,499.9,239.7,38.7,97.7,1,-1,-1,-1
267,6,608.1,130.8,25.4,65.1,1,-1,-1,-1
267,10,633.2,134.8,23.1,65.9,1,-1,-1,-1
267,78,35.6,175.8,24.8,68.2,1,-1,-1,-1
267,95,293.8,203.2,36.5,85.1,1,-1,-1,-1
267,40,140.8,144.1,25.1,67.7,1,-1,-1,-1
267,106,447.3,173.2,27.3,70.8,1,-1,-1,-1
267,100,489.3,238.5,38.0,97.1,1,-1,-1,-1
267,99,29.2,111.8,19.2,29.2,1,-1,-1,-1
268,6,606.1,131.4,25.3,64.4,1,-1,-1,-1
268,10,633.6,135.7,22.7,65.2,1,-1,-1,-1
268,78,35.4,175.7,24.9,67.7,1,-1,-1,-1
268,95,287.2,201.5,37.1,85.7,1,-1,-1,-1
268,40,136.2,143.8,25.4,68.6,1,-1,-1,-1
268,106,440.9,170.8,27.0,70.5,1,-1,-1,-1
268,100,480.2,238.4,38.5,95.9,1,-1,-1,-1
269,6,603.8,131.5,25.7,64.8,1,-1,-1,-1
269,10,633.9,136.4,22.4,64.8,1,-1,-1,-1
269,78,34.8,175.4,25.0,67.6,1,-1,-1,-1
269,95,283.3,201.2,37.5,85.6,1,-1,-1,-1
269,40,133.9,143.6,25.5,68.4,1,-1,-1,-1
269,106,436.8,170.2,26.6,70.6,1,-1,-1,-1
269,100,475.6,238.7,39.4,95.1,1,-1,-1,-1
270,6,601.5,131.6,26.4,66.4,1,-1,-1,-1
270,10,633.3,136.9,22.5,64.7,1,-1,-1,-1
270,78,33.0,175.4,25.0,67.9,1,-1,-1,-1
270,95,280.8,198.0,37.0,85.6,1,-1,-1,-1
270,40,132.0,142.9,25.6,68.4,1,-1,-1,-1
270,106,431.4,169.8,26.6,70.1,1,-1,-1,-1
270,100,469.2,237.2,39.5,95.5,1,-1,-1,-1
271,6,599.8,132.0,26.7,67.2,1,-1,-1,-1
271,10,633.2,137.4,22.7,65.2,1,-1,-1,-1
271,78,31.9,176.1,24.6,67.5,1,-1,-1,-1
271,95,279.9,196.3,35.9,84.7,1,-1,-1,-1
271,40,129.7,142.4,25.4,68.1,1,-1,-1,-1
271,100,460.3,236.2,39.3,96.1,1,-1,-1,-1
272,6,598.7,132.9,26.7,67.3,1,-1,-1,-1
272,10,633.3,137.8,22.7,65.4,1,-1,-1,-1
272,78,30.9,176.3,24.4,67.4,1,-1,-1,-1
272,95,279.1,195.6,34.6,83.6,1,-1,-1,-1
272,40,126.9,141.2,25.3,68.7,1,-1,-1,-1
272,100,453.3,235.7,39.2,96.5,1,-1,-1,-1
272,99,29.3,111.4,19.5,29.7,1,-1,-1,-1
273,6,598.1,133.8,26.9,67.6,1,-1,-1,-1
273,10,633.2,138.4,22.6,65.4,1,-1,-1,-1
273,78,30.0,176.4,24.5,67.4,1,-1,-1,-1
273,95,277.4,194.6,34.1,83.5,1,-1,-1,-1
273,40,124.1,141.4,24.8,69.0,1,-1,-1,-1
273,100,448.3,235.4,39.1,96.4,1,-1,-1,-1
274,6,597.6,134.5,27.4,68.5,1,-1,-1,-1
274,10,631.6,138.7,22.9,66.7,1,-1,-1,-1
274,78,27.6,177.1,24.7,66.7,1,-1,-1,-1
274,95,272.0,191.7,34.5,84.1,1,-1,-1,-1
274,40,121.9,142.0,24.3,68.3,1,-1,-1,-1
274,100,444.0,234.1,39.2,96.9,1,-1,-1,-1
274,106,403.3,168.1,24.8,65.9,1,-1,-1,-1
275,6,597.4,135.0,27.7,69.1,1,-1,-1,-1
275,10,630.6,139.0,23.0,67.1,1,-1,-1,-1
275,78,25.3,177.6,25.0,66.4,1,-1,-1,-1
275,95,268.7,190.0,34.3,82.5,1,-1,-1,-1
275,40,120.7,142.3,24.0,68.2,1,-1,-1,-1
275,100,439.1,232.6,37.8,95.6,1,-1,-1,-1
275,106,398.5,166.5,25.0,67.2,1,-1,-1,-1
276,6,597.9,136.4,27.0,67.3,1,-1,-1,-1
276,10,629.5,139.3,23.4,69.0,1,-1,-1,-1
276,78,22.8,178.3,25.2,65.1,1,-1,-1,-1
276,95,266.3,188.7,34.4,82.6,1,-1,-1,-1
276,40,118.2,143.1,23.4,67.9,1,-1,-1,-1
276,100,432.1,231.2,36.6,94.4,1,-1,-1,-1
276,106,390.6,166.1,25.0,67.7,1,-1,-1,-1
276,99,29.4,111.3,19.4,29.6,1,-1,-1,-1
277,6,598.1,137.0,27.1,67.7,1,-1,-1,-1
277,10,629.1,140.1,23.2,69.4,1,-1,-1,-1
277,78,19.8,178.3,25.5,64.6,1,-1,-1,-1
277,95,265.2,187.6,34.3,82.8,1,-1,-1,-1
277,40,116.5,143.9,22.9,67.3,1,-1,-1,-1
277,100,428.7,231.2,35.6,92.9,1,-1,-1,-1
277,106,382.0,166.1,26.0,67.5,1,-1,-1,-1
277,99,29.2,111.5,19.4,29.7,1,-1,-1,-1
278,6,597.9,137.6,27.3,68.4,1,-1,-1,-1
278,10,629.0,141.3,22.7,68.6,1,-1,-1,-1
278,78,17.3,178.4,25.7,64.2,1,-1,-1,-1
278,95,265.2,186.0,33.9,82.3,1,-1,-1,-1
278,40,115.8,144.3,22.9,67.9,1,-1,-1,-1
278,100,424.1,238.3,34.1,85.7,1,-1,-1,-1
278,106,378.4,165.7,27.1,68.2,1,-1,-1,-1
278,99,29.4,111.6,19.2,29.4,1,-1,-1,-1
279,6,597.8,138.3,27.9,69.7,1,-1,-1,-1
279,10,629.8,142.3,22.3,68.0,1,-1,-1,-1
279,78,13.0,177.4,26.4,65.1,1,-1,-1,-1
279,95,264.6,183.5,33.0,80.5,1,-1,-1,-1
279,40,115.0,145.3,23.1,68.5,1,-1,-1,-1
279,100,420.4,241.9,32.9,80.7,1,-1,-1,-1
279,106,369.5,164.0,26.5,68.5,1,-1,-1,-1
279,99,29.4,111.7,19.2,29.4,1,-1,-1,-1
280,6,597.7,138.9,28.2,69.9,1,-1,-1,-1
280,10,630.2,143.1,22.0,67.4,1,-1,-1,-1
280,78,6.6,176.8,27.3,65.3,1,-1,-1,-1
280,95,263.6,181.9,32.6,80.4,1,-1,-1,-1
280,40,114.7,145.9,23.3,68.6,1,-1,-1,-1
280,100,414.5,243.0,32.1,77.4,1,-1,-1,-1
280,106,363.6,164.0,26.1,68.2,1,-1,-1,-1
280,99,29.4,111.6,19.3,29.6,1,-1,-1,-1
281,6,597.6,139.2,28.1,69.3,1,-1,-1,-1
281,10,630.3,143.6,21.9,66.8,1,-1,-1,-1
281,78,1.6,176.4,27.3,65.1,1,-1,-1,-1
281,95,262.6,181.6,32.1,79.6,1,-1,-1,-1
281,40,114.8,145.8,23.7,69.3,1,-1,-1,-1
281,100,407.2,243.0,31.8,76.8,1,-1,-1,-1
281,106,358.9,164.7,26.1,67.2,1,-1,-1,-1
281,99,29.3,111.5,19.3,29.5,1,-1,-1,-1
282,6,597.4,139.3,28.2,69.1,1,-1,-1,-1
282,10,630.3,144.4,21.8,66.1,1,-1,-1,-1
282,78,0.0,176.6,26.6,64.6,1,-1,-1,-1
282,95,261.0,180.2,32.2,80.6,1,-1,-1,-1
282,40,115.5,145.4,23.9,70.0,1,-1,-1,-1
282,100,399.4,231.9,35.3,87.9,1,-1,-1,-1
282,106,355.1,164.7,26.3,67.0,1,-1,-1,-1
282,99,29.4,111.7,19.1,29.4,1,-1,-1,-1
283,6,596.7,141.0,28.3,68.8,1,-1,-1,-1
283,10,629.5,146.1,21.9,66.3,1,-1,-1,-1
283,78,0.0,175.9,24.1,64.6,1,-1,-1,-1
283,95,257.3,178.5,32.0,78.6,1,-1,-1,-1
283,40,119.6,146.4,24.5,70.3,1,-1,-1,-1
283,100,395.1,227.6,35.9,90.6,1,-1,-1,-1
283,106,346.0,163.5,25.7,67.0,1,-1,-1,-1
284,6,596.0,141.9,28.4,69.1,1,-1,-1,-1
284,10,628.2,146.8,22.1,67.0,1,-1,-1,-1
284,78,0.0,174.6,22.5,65.0,1,-1,-1,-1
284,95,255.1,177.6,32.4,78.3,1,-1,-1,-1
284,40,121.9,147.4,24.6,70.4,1,-1,-1,-1
284,100,390.4,224.9,35.7,91.4,1,-1,-1,-1
284,106,338.3,163.3,25.8,65.7,1,-1,-1,-1
285,6,595.4,142.5,28.8,70.2,1,-1,-1,-1
285,10,626.7,147.4,22.3,67.3,1,-1,-1,-1
285,78,0.0,173.0,21.5,66.6,1,-1,-1,-1
285,95,254.5,176.8,33.0,78.8,1,-1,-1,-1
285,40,123.9,147.4,24.7,70.8,1,-1,-1,-1
285,100,386.3,223.1,34.6,90.7,1,-1,-1,-1
285,106,334.0,163.3,26.3,65.0,1,-1,-1,-1
286,6,594.8,143.7,29.1,71.1,1,-1,-1,-1
286,10,624.5,148.3,22.3,67.1,1,-1,-1,-1
286,78,0.0,171.9,19.6,67.0,1,-1,-1,-1
286,95,255.3,175.4,32.9,79.0,1,-1,-1,-1
286,40,128.1,147.9,25.2,72.2,1,-1,-1,-1
286,100,378.5,222.1,34.5,90.1,1,-1,-1,-1
286,106,327.2,161.8,26.6,66.0,1,-1,-1,-1
287,6,594.7,144.2,29.1,71.4,1,-1,-1,-1
287,10,623.5,149.2,22.6,67.8,1,-1,-1,-1
287,78,0.0,173.9,18.1,64.0,1,-1,-1,-1
287,95,255.6,173.7,32.5,78.4,1,-1,-1,-1
287,40,131.5,148.8,25.7,73.3,1,-1,-1,-1
287,100,372.8,221.2,35.3,90.4,1,-1,-1,-1
287,106,321.4,160.6,26.4,67.1,1,-1,-1,-1
287,99,29.4,111.6,19.3,29.6,1,-1,-1,-1
288,6,594.4,144.4,29.3,72.2,1,-1,-1,-1
288,10,622.5,149.7,23.0,69.3,1,-1,-1,-1
288,78,0.0,176.9,15.3,57.9,1,-1,-1,-1
288,95,255.7,172.5,31.9,77.7,1,-1,-1,-1
288,40,134.7,150.3,25.5,72.7,1,-1,-1,-1
288,100,370.4,221.4,35.4,88.9,1,-1,-1,-1
288,106,317.0,161.1,25.8,66.0,1,-1,-1,-1
289,6,593.9,146.5,29.0,71.9,1,-1,-1,-1
289,10,620.9,150.4,23.3,69.9,1,-1,-1,-1
289,95,255.4,171.7,31.7,77.4,1,-1,-1,-1
289,40,138.7,150.7,25.4,73.4,1,-1,-1,-1
289,100,363.6,219.8,35.4,88.5,1,-1,-1,-1
289,106,311.0,160.9,25.6,65.8,1,-1,-1,-1
290,6,592.5,148.0,29.1,72.4,1,-1,-1,-1
290,10,618.7,150.7,24.1,72.0,1,-1,-1,-1
290,95,254.9,171.1,31.9,77.6,1,-1,-1,-1
290,40,141.8,151.0,25.0,72.8,1,-1,-1,-1
290,100,356.3,218.7,35.4,89.3,1,-1,-1,-1
290,106,304.8,159.9,25.1,65.7,1,-1,-1,-1
291,6,591.5,148.6,29.2,72.7,1,-1,-1,-1
291,10,617.4,151.2,24.4,72.1,1,-1,-1,-1
291,95,255.0,170.0,32.2,78.1,1,-1,-1,-1
291,40,146.0,151.5,25.5,72.9,1,-1,-1,-1
291,100,352.0,218.0,35.3,89.7,1,-1,-1,-1
291,106,300.4,159.4,24.5,65.1,1,-1,-1,-1
292,6,588.6,148.4,29.3,73.0,1,-1,-1,-1
292,10,617.2,152.0,24.5,71.8,1,-1,-1,-1
292,95,258.7,168.4,31.7,76.7,1,-1,-1,-1
292,40,150.5,153.2,25.6,72.9,1,-1,-1,-1
292,100,348.7,217.2,34.9,90.0,1,-1,-1,-1
292,106,294.9,159.6,24.8,64.4,1,-1,-1,-1
293,6,587.0,148.8,29.8,74.3,1,-1,-1,-1
293,10,617.1,152.8,24.6,71.4,1,-1,-1,-1
293,95,261.5,167.5,31.5,76.5,1,-1,-1,-1
293,40,153.2,153.7,25.7,73.0,1,-1,-1,-1
293,100,345.4,215.9,34.7,90.8,1,-1,-1,-1
293,106,290.8,159.2,25.4,64.9,1,-1,-1,-1
294,6,585.8,150.0,29.6,73.6,1,-1,-1,-1
294,10,617.0,153.9,24.7,71.2,1,-1,-1,-1
294,95,265.6,167.7,31.1,75.2,1,-1,-1,-1
294,40,156.1,153.8,25.7,72.9,1,-1,-1,-1
294,100,343.1,214.3,33.3,88.6,1,-1,-1,-1
294,106,284.8,158.7,25.1,64.6,1,-1,-1,-1
295,6,584.6,152.4,29.5,73.5,1,-1,-1,-1
295,10,616.1,155.4,24.8,72.1,1,-1,-1,-1
295,95,268.8,162.4,32.2,78.4,1,-1,-1,-1
295,40,161.9,154.7,26.6,74.9,1,-1,-1,-1
295,100,337.6,213.3,32.8,88.1,1,-1,-1,-1
296,6,583.4,153.2,29.8,74.0,1,-1,-1,-1
296,10,615.1,155.8,24.8,72.5,1,-1,-1,-1
296,95,272.7,162.6,31.2,76.1,1,-1,-1,-1
296,40,166.1,155.5,26.9,75.4,1,-1,-1,-1
296,100,332.4,212.7,32.9,87.6,1,-1,-1,-1
296,106,268.6,159.3,22.9,61.2,1,-1,-1,-1
297,6,582.7,153.4,29.9,74.0,1,-1,-1,-1
297,10,613.8,156.5,24.7,72.2,1,-1,-1,-1
297,95,277.2,162.2,30.5,74.6,1,-1,-1,-1
297,40,169.5,156.7,26.8,75.3,1,-1,-1,-1
297,100,329.6,213.3,33.1,86.8,1,-1,-1,-1
297,106,264.5,158.7,22.6,62.0,1,-1,-1,-1
298,6,582.2,154.1,30.4,74.8,1,-1,-1,-1
298,10,613.4,158.0,24.6,71.8,1,-1,-1,-1
298,95,280.2,162.0,30.4,74.5,1,-1,-1,-1
298,40,172.8,156.5,26.5,75.7,1,-1,-1,-1
298,100,328.7,213.5,33.2,85.9,1,-1,-1,-1
298,106,260.4,158.1,22.5,62.7,1,-1,-1,-1
299,6,582.2,155.4,30.5,74.6,1,-1,-1,-1
299,10,613.8,158.9,24.9,72.6,1,-1,-1,-1
299,95,282.9,161.9,30.5,73.9,1,-1,-1,-1
299,40,176.3,156.4,26.2,76.1,1,-1,-1,-1
299,100,326.0,212.5,33.6,86.0,1,-1,-1,-1
299,106,256.4,158.1,22.9,64.0,1,-1,-1,-1
300,6,581.2,158.3,30.7,75.0,1,-1,-1,-1
300,10,615.9,160.7,24.8,72.1,1,-1,-1,-1
300,95,289.2,160.3,30.2,74.1,1,-1,-1,-1
300,40,185.0,157.5,26.7,75.8,1,-1,-1,-1
300,100,317.1,210.4,33.5,86.5,1,-1,-1,-1
300,106,250.1,159.0,23.7,63.2,1,-1,-1,-1
301,6,580.3,160.0,30.8,75.4,1,-1,-1,-1
301,10,617.6,161.3,25.0,72.6,1,-1,-1,-1
301,95,294.1,159.0,29.5,73.2,1,-1,-1,-1
301,40,188.8,158.6,27.3,75.6,1,-1,-1,-1
301,100,312.4,209.9,33.2,86.4,1,-1,-1,-1
301,106,244.4,158.9,23.9,62.8,1,-1,-1,-1
302,6,579.9,160.8,30.7,75.2,1,-1,-1,-1
302,10,618.9,162.2,25.0,72.5,1,-1,-1,-1
302,95,299.4,158.1,28.8,73.0,1,-1,-1,-1
302,40,191.2,158.8,27.5,75.7,1,-1,-1,-1
302,100,309.7,209.3,33.1,86.8,1,-1,-1,-1
302,106,237.7,158.7,23.4,62.7,1,-1,-1,-1
303,6,579.6,161.3,30.6,75.2,1,-1,-1,-1
303,10,619.9,162.8,25.1,72.8,1,-1,-1,-1
303,95,303.3,157.5,28.2,72.5,1,-1,-1,-1
303,40,195.8,158.1,28.0,77.7,1,-1,-1,-1
303,100,307.7,208.3,33.1,87.5,1,-1,-1,-1
303,106,232.6,159.5,23.2,62.1,1,-1,-1,-1
304,6,580.1,162.5,30.7,75.8,1,-1,-1,-1
304,10,620.5,163.8,25.3,73.7,1,-1,-1,-1
304,95,314.0,156.1,27.7,71.9,1,-1,-1,-1
304,40,203.3,158.8,28.6,79.2,1,-1,-1,-1
304,100,301.8,206.2,32.2,86.0,1,-1,-1,-1
304,106,226.4,160.3,23.9,62.7,1,-1,-1,-1
305,6,580.8,164.0,30.7,76.0,1,-1,-1,-1
305,10,620.6,164.9,25.1,73.6,1,-1,-1,-1
305,95,319.2,155.2,27.1,71.8,1,-1,-1,-1
305,40,209.3,160.0,28.8,78.9,1,-1,-1,-1
305,100,297.7,204.1,32.1,86.6,1,-1,-1,-1
306,6,583.4,165.7,30.4,75.4,1,-1,-1,-1
306,10,619.1,166.7,25.1,73.8,1,-1,-1,-1
306,95,327.6,154.1,27.3,72.4,1,-1,-1,-1
306,40,216.9,161.5,27.9,78.2,1,-1,-1,-1
306,100,291.6,203.9,32.2,85.5,1,-1,-1,-1
306,106,207.4,161.5,24.1,64.2,1,-1,-1,-1
307,6,584.9,166.0,30.4,75.7,1,-1,-1,-1
307,10,618.2,168.4,24.8,72.5,1,-1,-1,-1
307,95,331.8,153.5,28.1,72.4,1,-1,-1,-1
307,40,221.9,160.8,27.7,79.1,1,-1,-1,-1
307,100,288.4,203.9,32.7,85.1,1,-1,-1,-1
307,106,202.5,162.0,24.6,65.3,1,-1,-1,-1
308,6,585.9,166.1,30.8,76.5,1,-1,-1,-1
308,10,617.6,169.2,24.7,72.5,1,-1,-1,-1
308,95,335.8,153.3,28.3,71.9,1,-1,-1,-1
308,40,229.1,161.0,28.2,78.8,1,-1,-1,-1
308,100,287.0,204.0,32.8,83.7,1,-1,-1,-1
308,106,200.1,163.2,24.4,64.9,1,-1,-1,-1
309,6,586.3,166.7,31.5,78.5,1,-1,-1,-1
309,10,617.0,170.0,25.2,74.3,1,-1,-1,-1
309,95,341.8,152.2,27.8,71.2,1,-1,-1,-1
309,40,234.0,161.9,29.2,78.7,1,-1,-1,-1
309,100,284.6,203.2,33.1,83.5,1,-1,-1,-1
309,106,196.0,163.2,24.0,65.1,1,-1,-1,-1
310,6,586.5,168.8,31.7,78.9,1,-1,-1,-1
310,10,616.8,171.4,25.7,76.2,1,-1,-1,-1
310,95,352.9,151.8,28.1,70.4,1,-1,-1,-1
310,40,238.3,162.4,29.7,79.1,1,-1,-1,-1
310,100,274.7,201.2,33.1,84.4,1,-1,-1,-1
310,106,189.9,164.4,24.1,64.6,1,-1,-1,-1
311,6,586.4,170.2,31.9,79.7,1,-1,-1,-1
311,10,617.7,172.2,25.6,76.2,1,-1,-1,-1
311,95,359.8,152.0,29.1,69.8,1,-1,-1,-1
311,40,244.5,162.4,29.8,79.9,1,-1,-1,-1
311,100,269.0,200.7,32.7,84.2,1,-1,-1,-1
311,106,186.7,165.4,24.6,65.7,1,-1,-1,-1
312,6,586.0,171.1,31.9,79.9,1,-1,-1,-1
312,10,618.9,173.1,25.8,76.6,1,-1,-1,-1
312,95,363.8,151.7,30.0,70.1,1,-1,-1,-1
312,40,250.9,162.2,30.2,80.9,1,-1,-1,-1
312,100,266.2,200.3,32.5,84.3,1,-1,-1,-1
312,106,184.5,166.3,24.9,66.7,1,-1,-1,-1
313,6,586.2,171.7,31.9,80.2,1,-1,-1,-1
313,10,620.7,173.7,26.0,77.5,1,-1,-1,-1
313,95,374.5,150.5,28.8,70.2,1,-1,-1,-1
313,40,257.8,163.9,30.0,80.0,1,-1,-1,-1
313,100,263.1,198.7,32.2,85.0,1,-1,-1,-1
313,106,181.2,166.5,25.2,67.6,1,-1,-1,-1
314,6,586.5,173.0,32.0,81.2,1,-1,-1,-1
314,10,621.8,174.8,26.0,78.2,1,-1,-1,-1
314,95,381.7,150.2,28.5,70.4,1,-1,-1,-1
314,40,266.8,164.9,22.3,58.1,1,-1,-1,-1
314,100,260.3,197.9,31.4,83.0,1,-1,-1,-1
314,106,179.9,167.6,25.1,67.4,1,-1,-1,-1
315,6,587.5,175.2,31.6,81.0,1,-1,-1,-1
315,10,622.7,176.2,25.9,78.2,1,-1,-1,-1
315,95,388.2,149.9,29.3,70.6,1,-1,-1,-1
315,40,272.3,165.0,19.0,49.0,1,-1,-1,-1
315,100,260.4,198.1,30.6,81.5,1,-1,-1,-1
315,106,180.2,168.9,24.8,66.7,1,-1,-1,-1
316,6,589.3,176.4,31.7,82.0,1,-1,-1,-1
316,10,623.4,177.7,26.1,79.1,1,-1,-1,-1
316,95,396.6,149.0,28.8,69.6,1,-1,-1,-1
316,40,277.2,164.8,27.0,71.1,1,-1,-1,-1
316,100,256.7,196.3,30.5,81.7,1,-1,-1,-1
316,106,182.5,170.1,25.1,67.3,1,-1,-1,-1
317,6,590.8,177.5,31.2,80.8,1,-1,-1,-1
317,10,624.0,178.8,25.9,78.6,1,-1,-1,-1
317,95,402.9,147.5,24.9,59.9,1,-1,-1,-1
317,40,283.6,165.0,29.6,77.3,1,-1,-1,-1
317,100,254.2,195.7,30.6,81.7,1,-1,-1,-1
317,106,184.4,171.2,24.9,66.9,1,-1,-1,-1
318,6,591.6,178.3,32.0,82.8,1,-1,-1,-1
318,10,625.1,179.2,25.9,79.1,1,-1,-1,-1
318,95,407.0,147.6,23.5,56.6,1,-1,-1,-1
318,40,286.7,166.1,30.9,79.3,1,-1,-1,-1
318,100,252.3,195.2,31.1,82.2,1,-1,-1,-1
318,106,186.6,172.2,24.9,66.9,1,-1,-1,-1
319,6,592.4,179.1,32.2,83.4,1,-1,-1,-1
319,10,626.2,180.3,26.2,79.8,1,-1,-1,-1
319,40,288.4,166.3,31.9,81.0,1,-1,-1,-1
319,100,250.8,194.5,31.5,82.9,1,-1,-1,-1
319,106,188.8,173.2,24.6,66.6,1,-1,-1,-1
320,6,593.6,181.6,32.5,84.2,1,-1,-1,-1
320,10,627.7,182.8,26.1,79.5,1,-1,-1,-1
320,40,296.6,166.2,32.5,82.5,1,-1,-1,-1
320,100,251.7,194.0,31.4,83.9,1,-1,-1,-1
320,106,195.4,175.0,24.8,66.5,1,-1,-1,-1
321,6,594.7,182.9,32.8,85.8,1,-1,-1,-1
321,10,628.7,184.1,26.4,80.7,1,-1,-1,-1
321,40,302.6,166.5,33.1,83.6,1,-1,-1,-1
321,100,252.3,194.5,30.8,84.1,1,-1,-1,-1
321,106,199.5,173.8,24.9,67.8,1,-1,-1,-1
321,95,429.0,146.5,23.7,57.9,1,-1,-1,-1
322,6,595.7,184.2,32.2,85.2,1,-1,-1,-1
322,10,630.4,185.4,26.5,80.6,1,-1,-1,-1
322,40,307.6,167.0,33.3,83.9,1,-1,-1,-1
322,100,253.2,195.3,30.1,84.0,1,-1,-1,-1
322,106,204.0,174.0,24.7,68.2,1,-1,-1,-1
322,95,434.2,141.6,28.5,70.4,1,-1,-1,-1
323,6,597.0,185.1,31.0,83.3,1,-1,-1,-1
323,10,632.3,186.2,26.3,79.8,1,-1,-1,-1
323,40,311.1,168.6,33.3,83.0,1,-1,-1,-1
323,100,254.3,196.2,29.3,83.3,1,-1,-1,-1
323,106,210.3,174.1,25.0,67.8,1,-1,-1,-1
323,95,440.3,141.3,30.0,73.3,1,-1,-1,-1
324,6,599.0,186.2,30.7,83.9,1,-1,-1,-1
324,10,634.4,188.1,26.3,80.0,1,-1,-1,-1
324,40,316.7,169.2,32.4,83.0,1,-1,-1,-1
324,100,257.6,197.5,28.2,81.8,1,-1,-1,-1
324,106,217.2,174.8,25.9,67.8,1,-1,-1,-1
324,95,446.1,144.7,29.2,70.8,1,-1,-1,-1
325,6,601.5,188.1,30.2,83.3,1,-1,-1,-1
325,10,635.4,190.1,26.5,80.8,1,-1,-1,-1
325,40,322.9,168.6,31.5,83.2,1,-1,-1,-1
325,100,260.4,198.7,27.4,80.7,1,-1,-1,-1
325,106,221.5,174.3,26.6,68.6,1,-1,-1,-1
325,95,450.6,145.9,28.4,70.0,1,-1,-1,-1
326,6,603.2,189.9,30.2,83.9,1,-1,-1,-1
326,10,635.7,191.5,26.9,82.2,1,-1,-1,-1
326,40,329.4,168.5,31.4,83.7,1,-1,-1,-1
326,100,265.5,198.2,28.2,81.3,1,-1,-1,-1
326,106,225.3,174.2,26.4,68.4,1,-1,-1,-1
326,95,455.8,146.4,28.6,70.4,1,-1,-1,-1
327,6,606.9,191.4,30.5,85.0,1,-1,-1,-1
327,10,636.9,192.5,27.1,82.8,1,-1,-1,-1
327,40,335.9,169.8,32.3,83.5,1,-1,-1,-1
327,100,271.0,199.1,29.1,80.7,1,-1,-1,-1
327,106,234.4,175.2,26.5,68.1,1,-1,-1,-1
327,95,462.9,146.7,29.1,70.9,1,-1,-1,-1
328,6,608.8,192.2,30.7,85.3,1,-1,-1,-1
328,10,638.1,194.0,26.6,81.6,1,-1,-1,-1
328,40,339.5,170.7,33.0,83.7,1,-1,-1,-1
328,100,273.3,199.2,30.0,80.8,1,-1,-1,-1
328,106,240.3,175.7,27.1,68.1,1,-1,-1,-1
328,95,466.4,147.1,29.4,71.2,1,-1,-1,-1
329,6,610.4,192.7,31.1,86.4,1,-1,-1,-1
329,10,639.4,195.7,26.9,82.0,1,-1,-1,-1
329,40,344.0,170.6,32.9,83.8,1,-1,-1,-1
329,100,275.7,199.6,30.3,81.0,1,-1,-1,-1
329,106,244.4,176.0,27.3,68.1,1,-1,-1,-1
329,95,470.0,147.2,29.4,71.8,1,-1,-1,-1
330,6,612.4,194.4,31.0,86.1,1,-1,-1,-1
330,10,641.7,197.9,27.4,82.8,1,-1,-1,-1
330,40,354.7,171.0,33.6,85.7,1,-1,-1,-1
330,100,284.1,199.2,31.0,83.1,1,-1,-1,-1
330,106,251.8,175.4,27.1,68.6,1,-1,-1,-1
330,95,474.7,147.5,29.2,71.8,1,-1,-1,-1
331,6,614.2,196.0,30.9,85.6,1,-1,-1,-1
331,10,644.0,199.2,27.6,82.9,1,-1,-1,-1
331,40,361.3,172.6,33.5,84.7,1,-1,-1,-1
331,100,289.5,199.9,31.6,84.6,1,-1,-1,-1
331,106,258.6,175.7,27.3,68.4,1,-1,-1,-1
331,95,479.1,148.8,29.2,71.1,1,-1,-1,-1
332,6,615.8,197.7,31.0,85.3,1,-1,-1,-1
332,10,646.5,199.3,28.0,83.4,1,-1,-1,-1
332,40,364.9,173.8,33.7,84.2,1,-1,-1,-1
332,100,292.7,201.3,31.6,84.8,1,-1,-1,-1
332,106,263.7,176.3,27.7,68.7,1,-1,-1,-1
332,95,481.9,150.1,29.4,71.4,1,-1,-1,-1
333,6,618.1,199.3,31.6,87.3,1,-1,-1,-1
333,10,650.8,200.3,28.4,84.9,1,-1,-1,-1
333,40,371.0,175.1,32.5,83.1,1,-1,-1,-1
333,100,298.4,203.2,31.5,84.3,1,-1,-1,-1
333,106,269.1,175.9,27.8,69.4,1,-1,-1,-1
333,95,484.4,150.8,29.8,71.6,1,-1,-1,-1
334,6,619.7,200.3,31.5,87.2,1,-1,-1,-1
334,10,653.5,201.1,28.5,85.9,1,-1,-1,-1
334,40,377.1,175.3,31.6,83.1,1,-1,-1,-1
334,100,302.4,204.2,30.9,83.8,1,-1,-1,-1
334,106,275.5,176.0,27.5,69.0,1,-1,-1,-1
334,95,485.5,151.8,29.9,71.4,1,-1,-1,-1
335,6,620.9,201.3,31.6,87.9,1,-1,-1,-1
335,10,655.1,202.3,28.0,85.1,1,-1,-1,-1
335,40,383.8,174.5,31.9,84.7,1,-1,-1,-1
335,100,307.0,204.7,30.9,83.6,1,-1,-1,-1
335,106,279.9,175.8,27.9,70.7,1,-1,-1,-1
335,95,485.3,152.8,30.0,72.3,1,-1,-1,-1
336,6,624.0,204.3,31.8,88.7,1,-1,-1,-1
336,10,657.7,204.7,28.0,86.0,1,-1,-1,-1
336,40,390.3,176.3,32.8,84.6,1,-1,-1,-1
336,100,313.9,207.0,31.5,83.9,1,-1,-1,-1
336,106,286.9,177.5,27.4,69.4,1,-1,-1,-1
336,95,484.9,154.9,30.1,73.9,1,-1,-1,-1
337,6,627.1,205.9,31.8,88.9,1,-1,-1,-1
337,10,660.2,205.6,28.0,86.4,1,-1,-1,-1
337,40,393.1,174.5,33.9,86.4,1,-1,-1,-1
337,100,317.5,207.9,31.8,84.1,1,-1,-1,-1
337,106,292.1,178.3,27.2,68.6,1,-1,-1,-1
337,95,484.3,155.9,29.9,74.2,1,-1,-1,-1
338,6,630.0,206.5,32.3,89.8,1,-1,-1,-1
338,10,663.2,206.9,27.8,85.6,1,-1,-1,-1
338,40,397.8,172.3,34.3,88.9,1,-1,-1,-1
338,100,321.6,207.6,32.2,84.9,1,-1,-1,-1
338,106,297.3,178.2,26.7,68.4,1,-1,-1,-1
338,95,483.2,156.5,29.6,74.5,1,-1,-1,-1
339,6,633.6,207.9,32.8,91.5,1,-1,-1,-1
339,10,666.1,208.3,28.1,86.8,1,-1,-1,-1
339,100,327.5,209.0,32.9,87.1,1,-1,-1,-1
339,106,304.8,178.6,26.7,69.1,1,-1,-1,-1
339,95,480.6,158.8,30.4,75.7,1,-1,-1,-1
340,6,635.7,209.5,32.8,91.6,1,-1,-1,-1
340,10,668.7,210.1,28.6,86.9,1,-1,-1,-1
340,100,331.6,210.1,33.1,88.2,1,-1,-1,-1
340,106,309.7,178.7,26.8,69.8,1,-1,-1,-1
340,95,478.7,161.0,30.7,75.8,1,-1,-1,-1
341,6,637.5,210.9,32.7,91.6,1,-1,-1,-1
341,10,669.4,211.0,29.2,88.6,1,-1,-1,-1
341,100,335.8,212.4,32.9,88.4,1,-1,-1,-1
341,106,313.3,178.9,27.1,70.4,1,-1,-1,-1
341,95,476.2,161.6,30.7,76.0,1,-1,-1,-1
342,6,640.9,213.4,32.5,92.1,1,-1,-1,-1
342,10,672.4,212.7,29.3,88.2,1,-1,-1,-1
342,100,341.6,213.5,32.6,87.8,1,-1,-1,-1
342,106,323.0,178.6,26.5,70.4,1,-1,-1,-1
342,95,470.4,162.2,30.2,76.9,1,-1,-1,-1
342,40,426.0,175.7,33.7,90.4,1,-1,-1,-1
343,6,643.1,214.8,32.0,91.8,1,-1,-1,-1
343,10,675.2,213.7,29.4,87.1,1,-1,-1,-1
343,100,346.0,213.9,32.4,87.7,1,-1,-1,-1
343,106,329.7,178.7,25.9,70.2,1,-1,-1,-1
343,95,464.8,163.5,30.1,76.7,1,-1,-1,-1
343,40,432.3,176.4,32.7,90.8,1,-1,-1,-1
344,6,645.1,215.6,31.7,92.0,1,-1,-1,-1
344,10,677.2,214.6,29.9,87.3,1,-1,-1,-1
344,100,352.2,216.0,32.6,87.5,1,-1,-1,-1
344,106,334.1,179.0,25.5,69.8,1,-1,-1,-1
344,95,462.5,164.8,30.1,76.7,1,-1,-1,-1
344,40,438.0,178.6,32.0,89.6,1,-1,-1,-1
345,6,648.6,217.4,31.0,90.5,1,-1,-1,-1
345,10,680.4,216.0,29.9,88.5,1,-1,-1,-1
345,100,357.4,218.0,33.4,89.0,1,-1,-1,-1
345,106,343.3,178.7,25.5,70.1,1,-1,-1,-1
345,40,442.6,169.1,36.3,100.6,1,-1,-1,-1
346,6,652.1,218.5,31.4,91.4,1,-1,-1,-1
346,10,682.8,218.5,29.1,87.1,1,-1,-1,-1
346,100,361.1,218.6,33.8,90.3,1,-1,-1,-1
346,106,351.9,178.7,23.9,67.1,1,-1,-1,-1
346,40,446.8,175.7,34.7,95.0,1,-1,-1,-1
346,125,292.1,184.5,14.9,23.9,1,-1,-1,-1
347,6,654.9,219.9,31.9,92.3,1,-1,-1,-1
347,10,685.0,220.1,29.3,89.1,1,-1,-1,-1
347,100,365.5,219.2,33.6,89.4,1,-1,-1,-1
347,106,357.2,178.6,24.0,68.2,1,-1,-1,-1
347,40,452.7,179.8,33.5,91.3,1,-1,-1,-1
347,125,292.1,184.3,14.5,23.4,1,-1,-1,-1
348,6,656.6,220.7,32.5,93.9,1,-1,-1,-1
348,10,687.0,221.3,29.4,90.4,1,-1,-1,-1
348,100,368.6,220.1,34.4,91.4,1,-1,-1,-1
348,106,361.2,178.8,24.1,68.8,1,-1,-1,-1
348,40,459.7,181.1,33.1,89.9,1,-1,-1,-1
348,125,292.2,184.5,13.8,22.3,1,-1,-1,-1
348,128,441.5,167.0,23.2,76.5,1,-1,-1,-1
349,6,658.7,220.4,32.9,94.6,1,-1,-1,-1
349,10,689.8,223.3,28.7,89.3,1,-1,-1,-1
349,100,371.9,221.8,35.1,93.0,1,-1,-1,-1
349,106,364.3,179.2,24.5,69.4,1,-1,-1,-1
349,40,465.3,182.1,33.8,91.7,1,-1,-1,-1
349,125,292.4,184.6,13.4,21.7,1,-1,-1,-1
349,128,440.3,167.7,23.0,75.6,1,-1,-1,-1
350,6,661.8,221.2,32.7,94.0,1,-1,-1,-1
350,10,693.0,225.1,27.7,86.6,1,-1,-1,-1
350,100,375.7,224.1,34.9,92.9,1,-1,-1,-1
350,106,369.5,178.5,25.0,70.8,1,-1,-1,-1
350,40,469.7,182.9,34.0,91.8,1,-1,-1,-1
350,125,292.2,184.3,13.8,22.4,1,-1,-1,-1
350,128,434.2,167.8,22.7,74.3,1,-1,-1,-1
351,6,668.4,222.8,32.6,95.5,1,-1,-1,-1
351,10,696.7,225.9,28.8,89.1,1,-1,-1,-1
351,100,382.4,226.6,34.1,92.3,1,-1,-1,-1
351,106,372.1,178.5,25.7,68.7,1,-1,-1,-1
351,40,473.8,185.8,34.1,90.5,1,-1,-1,-1
351,125,292.3,184.5,13.5,21.9,1,-1,-1,-1
352,6,672.3,224.2,32.6,96.5,1,-1,-1,-1
352,10,699.8,227.6,29.6,90.1,1,-1,-1,-1
352,100,387.3,226.3,34.1,93.3,1,-1,-1,-1
352,106,382.0,179.1,25.2,68.3,1,-1,-1,-1
352,40,478.9,186.8,33.4,89.4,1,-1,-1,-1
352,125,292.2,184.6,13.7,22.3,1,-1,-1,-1
353,6,675.9,226.6,33.1,98.6,1,-1,-1,-1
353,10,703.0,227.9,30.8,92.6,1,-1,-1,-1
353,100,395.4,231.4,33.1,90.0,1,-1,-1,-1
353,106,391.7,172.2,28.4,76.0,1,-1,-1,-1
353,40,489.7,187.0,32.7,89.5,1,-1,-1,-1
353,125,292.2,184.4,14.0,22.8,1,-1,-1,-1
354,6,679.7,228.0,33.2,99.6,1,-1,-1,-1
354,10,706.8,228.8,31.6,92.6,1,-1,-1,-1
354,100,399.2,234.5,32.9,89.3,1,-1,-1,-1
354,106,399.1,168.9,29.1,79.0,1,-1,-1,-1
354,40,497.8,187.2,33.6,90.5,1,-1,-1,-1
354,125,292.2,184.8,14.0,22.8,1,-1,-1,-1
355,6,683.3,229.4,32.9,99.1,1,-1,-1,-1
355,10,711.2,229.5,31.5,91.8,1,-1,-1,-1
355,100,403.1,239.9,30.8,82.6,1,-1,-1,-1
355,106,402.0,166.7,28.9,80.2,1,-1,-1,-1
355,40,501.8,189.5,34.4,89.8,1,-1,-1,-1
355,125,292.2,184.7,14.1,22.9,1,-1,-1,-1
356,6,685.5,230.2,32.4,98.0,1,-1,-1,-1
356,10,714.1,230.2,32.0,94.6,1,-1,-1,-1
356,100,409.9,242.4,30.6,80.6,1,-1,-1,-1
356,106,401.9,167.0,28.9,79.9,1,-1,-1,-1
356,40,503.8,189.8,35.5,90.8,1,-1,-1,-1
356,125,292.2,184.8,13.9,22.6,1,-1,-1,-1
357,6,688.4,232.3,32.5,98.7,1,-1,-1,-1
357,10,716.8,233.1,31.7,94.5,1,-1,-1,-1
357,100,417.2,243.2,32.2,84.7,1,-1,-1,-1
357,40,514.4,189.2,35.8,92.4,1,-1,-1,-1
357,125,292.2,184.6,14.1,22.9,1,-1,-1,-1
358,6,691.8,234.9,32.5,98.0,1,-1,-1,-1
358,10,719.6,235.1,31.7,95.7,1,-1,-1,-1
358,100,421.9,243.0,34.3,89.9,1,-1,-1,-1
358,40,521.7,188.9,36.6,95.0,1,-1,-1,-1
358,125,291.9,184.5,14.5,23.6,1,-1,-1,-1
358,133,384.9,175.8,27.4,71.0,1,-1,-1,-1
359,6,693.6,237.3,33.4,99.6,1,-1,-1,-1
359,10,722.2,236.3,31.8,96.1,1,-1,-1,-1
359,100,427.3,243.2,35.1,93.9,1,-1,-1,-1
359,40,526.9,190.5,36.8,95.3,1,-1,-1,-1
359,125,291.8,184.4,14.5,23.5,1,-1,-1,-1
359,133,380.8,176.5,27.5,71.3,1,-1,-1,-1
359,106,429.5,175.3,24.9,69.8,1,-1,-1,-1
360,6,696.0,237.7,33.9,99.9,1,-1,-1,-1
360,10,728.2,237.4,31.2,94.6,1,-1,-1,-1
360,100,430.4,242.2,35.0,95.6,1,-1,-1,-1
360,40,530.5,192.6,36.7,94.0,1,-1,-1,-1
360,125,292.2,184.7,14.2,23.0,1,-1,-1,-1
360,133,376.3,176.6,27.3,70.7,1,-1,-1,-1
360,106,437.6,178.1,25.7,72.6,1,-1,-1,-1
361,6,699.2,238.1,34.1,99.2,1,-1,-1,-1
361,10,733.3,238.1,30.9,93.6,1,-1,-1,-1
361,100,433.2,242.0,34.9,96.7,1,-1,-1,-1
361,40,532.7,193.4,37.0,93.9,1,-1,-1,-1
361,125,292.0,184.4,14.3,23.2,1,-1,-1,-1
361,133,373.0,177.1,27.8,71.1,1,-1,-1,-1
361,106,444.7,180.2,26.2,72.2,1,-1,-1,-1
362,6,703.6,240.1,34.9,100.3,1,-1,-1,-1
362,10,736.6,240.9,31.1,94.2,1,-1,-1,-1
362,100,442.6,242.8,36.0,96.8,1,-1,-1,-1
362,40,541.7,193.7,35.7,93.7,1,-1,-1,-1
362,125,292.1,184.4,14.3,23.2,1,-1,-1,-1
362,133,368.6,175.8,28.4,71.9,1,-1,-1,-1
362,106,448.9,179.9,25.9,72.0,1,-1,-1,-1
363,6,706.7,241.7,35.6,101.4,1,-1,-1,-1
363,10,737.9,242.9,30.1,93.9,1,-1,-1,-1
363,100,446.7,245.0,37.2,96.8,1,-1,-1,-1
363,40,548.9,194.1,34.5,93.3,1,-1,-1,-1
363,125,292.0,184.4,14.4,23.3,1,-1,-1,-1
363,133,365.0,174.8,28.8,72.5,1,-1,-1,-1
363,106,454.6,179.3,26.4,73.2,1,-1,-1,-1
364,6,708.2,243.6,36.0,101.5,1,-1,-1,-1
364,10,738.7,244.6,29.3,93.9,1,-1,-1,-1
364,100,448.8,245.6,38.2,97.1,1,-1,-1,-1
364,40,556.1,195.1,34.7,92.9,1,-1,-1,-1
364,125,292.1,184.5,14.3,23.2,1,-1,-1,-1
364,133,361.7,173.5,29.8,73.8,1,-1,-1,-1
364,106,460.6,179.3,26.3,71.1,1,-1,-1,-1
365,6,710.4,246.8,37.1,103.5,1,-1,-1,-1
365,10,743.7,251.8,24.3,85.2,1,-1,-1,-1
365,100,458.7,245.9,37.8,97.6,1,-1,-1,-1
365,40,560.6,196.7,35.8,93.8,1,-1,-1,-1
365,125,292.3,184.4,14.3,23.1,1,-1,-1,-1
365,133,355.9,173.8,30.3,72.9,1,-1,-1,-1
365,106,466.3,178.3,27.1,71.6,1,-1,-1,-1
366,6,714.7,248.9,37.2,103.9,1,-1,-1,-1
366,10,745.6,252.1,22.4,85.4,1,-1,-1,-1
366,100,465.9,246.1,38.1,99.6,1,-1,-1,-1
366,40,563.9,196.7,36.5,94.6,1,-1,-1,-1
366,125,292.2,184.6,14.2,23.1,1,-1,-1,-1
366,133,350.4,173.3,31.5,73.4,1,-1,-1,-1
366,106,469.8,177.0,27.7,73.1,1,-1,-1,-1
366,137,754.2,254.0,13.8,85.7,1,-1,-1,-1
367,6,720.0,249.7,36.8,103.7,1,-1,-1,-1
367,100,472.4,248.2,39.2,102.6,1,-1,-1,-1
367,40,571.9,197.1,36.6,94.6,1,-1,-1,-1
367,125,292.0,184.4,14.3,23.2,1,-1,-1,-1
367,133,345.8,172.9,32.3,72.8,1,-1,-1,-1
367,106,472.8,175.8,27.6,72.5,1,-1,-1,-1
368,6,725.2,250.8,35.7,102.0,1,-1,-1,-1
368,100,475.9,250.9,39.0,102.0,1,-1,-1,-1
368,40,579.1,197.4,37.1,95.5,1,-1,-1,-1
368,125,291.7,184.2,14.7,23.8,1,-1,-1,-1
368,133,339.0,173.1,33.3,73.0,1,-1,-1,-1
368,106,476.6,175.1,27.8,72.5,1,-1,-1,-1
369,6,728.2,252.9,36.5,102.2,1,-1,-1,-1
369,100,484.2,252.7,37.8,100.9,1,-1,-1,-1
369,40,586.9,200.0,37.3,94.9,1,-1,-1,-1
369,125,291.8,184.1,14.6,23.7,1,-1,-1,-1
369,133,331.6,172.7,34.8,73.8,1,-1,-1,-1
369,106,482.1,174.6,28.4,72.5,1,-1,-1,-1
370,6,730.4,255.0,36.9,103.0,1,-1,-1,-1
370,100,491.9,253.2,36.7,99.9,1,-1,-1,-1
370,40,590.7,201.8,37.7,94.5,1,-1,-1,-1
370,125,291.8,184.5,14.4,23.5,1,-1,-1,-1
370,133,326.7,172.4,36.2,74.2,1,-1,-1,-1
370,106,485.7,173.4,29.0,73.0,1,-1,-1,-1
371,6,733.0,258.1,35.0,101.4,1,-1,-1,-1
371,100,499.7,254.4,36.8,99.5,1,-1,-1,-1
371,40,593.2,202.8,37.9,94.4,1,-1,-1,-1
371,125,292.0,184.5,14.2,23.3,1,-1,-1,-1
371,133,323.2,173.1,37.1,74.0,1,-1,-1,-1
371,106,490.2,172.4,28.8,71.9,1,-1,-1,-1
372,6,735.5,261.2,32.5,98.6,1,-1,-1,-1
372,100,506.9,255.8,38.0,99.0,1,-1,-1,-1
372,40,597.7,202.7,37.7,94.7,1,-1,-1,-1
372,125,292.2,184.8,13.7,22.7,1,-1,-1,-1
372,133,319.7,173.2,38.4,74.7,1,-1,-1,-1
372,106,494.6,171.6,28.9,71.5,1,-1,-1,-1
373,6,740.6,265.8,27.4,94.7,1,-1,-1,-1
373,100,509.6,257.1,39.5,99.3,1,-1,-1,-1
373,40,605.9,202.4,36.3,94.1,1,-1,-1,-1
373,125,292.2,184.5,13.9,23.1,1,-1,-1,-1
373,133,317.1,174.4,38.9,73.7,1,-1,-1,-1
373,106,498.3,171.0,28.9,71.2,1,-1,-1,-1
374,6,743.3,271.0,24.7,89.7,1,-1,-1,-1
374,100,513.7,257.3,40.1,99.5,1,-1,-1,-1
374,40,615.4,203.5,37.1,95.4,1,-1,-1,-1
374,125,291.8,184.6,14.4,23.9,1,-1,-1,-1
374,133,312.3,175.1,39.0,73.2,1,-1,-1,-1
374,106,503.0,170.0,28.8,71.7,1,-1,-1,-1
375,6,747.2,279.2,20.8,80.9,1,-1,-1,-1
375,100,523.0,257.3,40.1,100.3,1,-1,-1,-1
375,40,620.2,206.0,37.8,95.4,1,-1,-1,-1
375,125,291.7,184.5,14.4,24.2,1,-1,-1,-1
375,133,306.5,174.5,38.7,74.2,1,-1,-1,-1
375,106,506.8,168.7,28.3,71.2,1,-1,-1,-1
376,100,529.9,258.0,40.8,102.4,1,-1,-1,-1
376,40,622.8,207.8,38.0,94.9,1,-1,-1,-1
376,125,291.6,184.6,14.3,24.5,1,-1,-1,-1
376,133,301.3,173.8,38.5,75.8,1,-1,-1,-1
376,106,510.3,168.1,27.5,70.4,1,-1,-1,-1
377,100,537.7,261.2,41.3,104.1,1,-1,-1,-1
377,40,634.8,207.4,38.3,96.3,1,-1,-1,-1
377,133,295.4,174.3,38.4,75.7,1,-1,-1,-1
377,106,517.1,167.4,27.7,70.1,1,-1,-1,-1
378,100,541.7,263.2,40.8,104.0,1,-1,-1,-1
378,40,642.8,207.7,39.4,99.8,1,-1,-1,-1
378,133,291.3,174.1,38.0,75.2,1,-1,-1,-1
378,106,519.9,166.5,27.9,70.2,1,-1,-1,-1
379,100,547.7,264.4,40.0,104.1,1,-1,-1,-1
379,40,647.6,209.0,39.5,99.9,1,-1,-1,-1
379,133,286.5,174.7,36.8,74.4,1,-1,-1,-1
379,106,524.6,165.1,27.8,70.0,1,-1,-1,-1
380,100,553.8,265.0,39.0,103.6,1,-1,-1,-1
380,40,651.0,210.6,39.4,98.5,1,-1,-1,-1
380,133,281.4,175.0,36.9,76.4,1,-1,-1,-1
380,106,529.6,163.3,28.0,70.1,1,-1,-1,-1
381,100,565.1,267.5,40.1,103.2,1,-1,-1,-1
381,40,655.9,212.2,39.0,98.0,1,-1,-1,-1
381,133,276.7,176.8,36.7,76.8,1,-1,-1,-1
381,106,536.2,162.0,28.0,70.0,1,-1,-1,-1
382,100,569.4,269.3,41.3,103.3,1,-1,-1,-1
382,40,662.8,211.7,38.5,98.7,1,-1,-1,-1
382,133,273.3,176.8,36.3,77.5,1,-1,-1,-1
382,106,540.1,161.4,27.7,69.3,1,-1,-1,-1
383,100,571.4,270.4,42.2,103.6,1,-1,-1,-1
383,40,670.1,211.7,37.3,98.6,1,-1,-1,-1
383,133,268.8,177.4,35.0,77.3,1,-1,-1,-1
383,106,542.8,159.7,27.2,69.1,1,-1,-1,-1
384,100,583.8,271.4,41.7,103.4,1,-1,-1,-1
384,40,679.5,213.9,38.1,98.7,1,-1,-1,-1
384,133,262.1,178.4,34.7,78.4,1,-1,-1,-1
384,106,548.7,158.5,26.9,68.0,1,-1,-1,-1
385,100,591.5,272.8,43.1,107.7,1,-1,-1,-1
385,40,682.5,210.4,40.7,104.4,1,-1,-1,-1
385,133,258.9,180.4,34.4,78.7,1,-1,-1,-1
385,106,552.4,157.8,27.0,68.1,1,-1,-1,-1
386,100,596.7,274.8,43.2,108.8,1,-1,-1,-1
386,40,685.4,213.1,40.5,102.7,1,-1,-1,-1
386,133,257.6,181.5,33.7,78.6,1,-1,-1,-1
386,106,554.8,156.2,27.3,69.1,1,-1,-1,-1
387,100,602.9,277.4,43.0,108.8,1,-1,-1,-1
387,40,698.4,214.9,40.2,101.1,1,-1,-1,-1
387,133,254.1,183.5,33.6,77.6,1,-1,-1,-1
387,106,560.7,154.2,26.9,67.8,1,-1,-1,-1
388,100,611.1,278.9,42.1,108.6,1,-1,-1,-1
388,40,705.4,216.8,40.3,101.8,1,-1,-1,-1
388,133,251.2,184.7,34.8,78.1,1,-1,-1,-1
388,106,564.1,154.0,26.7,66.9,1,-1,-1,-1
389,100,616.8,280.2,40.6,107.0,1,-1,-1,-1
389,40,709.4,218.5,40.8,103.8,1,-1,-1,-1
389,133,249.5,186.3,35.9,78.9,1,-1,-1,-1
389,106,567.0,154.0,26.7,66.9,1,-1,-1,-1
390,100,626.4,282.6,42.2,107.3,1,-1,-1,-1
390,40,713.9,222.2,40.6,102.4,1,-1,-1,-1
390,133,250.6,187.9,36.0,78.9,1,-1,-1,-1
390,106,570.0,152.6,26.1,65.7,1,-1,-1,-1
390,125,292.2,184.1,14.2,24.2,1,-1,-1,-1
391,100,630.7,284.5,44.0,108.1,1,-1,-1,-1
391,40,719.4,223.2,40.3,102.8,1,-1,-1,-1
391,133,251.9,188.8,35.6,78.5,1,-1,-1,-1
391,106,571.9,151.4,25.6,64.5,1,-1,-1,-1
391,125,292.4,184.4,14.2,24.4,1,-1,-1,-1
392,100,634.4,285.5,44.9,107.9,1,-1,-1,-1
392,40,727.1,224.0,38.9,102.1,1,-1,-1,-1
392,133,252.7,189.8,35.8,79.8,1,-1,-1,-1
392,106,574.0,150.7,25.4,63.7,1,-1,-1,-1
392,125,292.8,184.5,14.2,24.4,1,-1,-1,-1
393,100,647.8,286.5,45.1,108.9,1,-1,-1,-1
393,40,734.3,225.3,33.7,102.0,1,-1,-1,-1
393,133,253.4,192.3,36.4,82.2,1,-1,-1,-1
393,106,577.4,148.9,25.8,64.5,1,-1,-1,-1
393,125,292.8,184.3,14.0,24.3,1,-1,-1,-1
394,100,652.9,287.6,45.4,112.8,1,-1,-1,-1
394,40,737.6,226.9,30.4,99.8,1,-1,-1,-1
394,133,254.0,193.2,36.2,83.0,1,-1,-1,-1
394,106,580.3,146.8,25.9,64.1,1,-1,-1,-1
394,125,293.0,184.4,13.2,22.9,1,-1,-1,-1
395,100,658.8,289.5,45.4,113.1,1,-1,-1,-1
395,40,739.2,230.2,28.8,96.4,1,-1,-1,-1
395,133,254.7,193.8,35.7,83.2,1,-1,-1,-1
395,106,583.0,145.2,26.1,64.2,1,-1,-1,-1
396,100,664.1,292.8,45.5,112.7,1,-1,-1,-1
396,133,257.4,195.0,35.4,83.9,1,-1,-1,-1
396,106,586.6,143.7,26.3,64.2,1,-1,-1,-1
396,137,753.0,244.0,14.7,84.6,1,-1,-1,-1
397,100,674.0,294.9,45.2,111.5,1,-1,-1,-1
397,133,260.5,196.9,35.1,83.8,1,-1,-1,-1
397,106,588.0,142.9,26.7,65.0,1,-1,-1,-1
398,100,682.8,295.7,45.0,111.4,1,-1,-1,-1
398,133,263.5,198.0,34.4,83.2,1,-1,-1,-1
398,106,588.8,141.8,26.3,64.3,1,-1,-1,-1
399,100,687.9,296.8,44.9,110.7,1,-1,-1,-1
399,133,266.0,198.9,33.6,82.2,1,-1,-1,-1
399,106,589.6,140.8,25.9,63.5,1,-1,-1,-1
400,100,692.2,299.2,45.3,109.2,1,-1,-1,-1
400,133,268.1,199.7,33.1,82.4,1,-1,-1,-1
400,106,590.4,140.5,25.6,62.3,1,-1,-1,-1
401,100,693.9,300.2,47.1,110.9,1,-1,-1,-1
401,133,270.0,200.4,33.5,84.7,1,-1,-1,-1
401,106,591.1,140.1,25.7,62.1,1,-1,-1,-1
402,100,696.0,300.9,48.3,111.4,1,-1,-1,-1
402,133,272.2,202.9,33.0,84.4,1,-1,-1,-1
402,106,592.0,138.5,26.1,62.9,1,-1,-1,-1
402,125,293.3,184.9,13.0,22.4,1,-1,-1,-1
403,100,702.4,301.2,49.1,111.2,1,-1,-1,-1
403,133,274.8,206.2,31.8,82.2,1,-1,-1,-1
403,106,592.6,137.6,25.9,62.5,1,-1,-1,-1
404,100,710.8,301.9,49.0,111.7,1,-1,-1,-1
404,133,277.6,208.8,30.7,79.9,1,-1,-1,-1
404,106,592.5,136.7,25.5,62.0,1,-1,-1,-1
405,133,287.8,208.6,31.1,82.3,1,-1,-1,-1
406,133,291.9,208.1,30.7,83.1,1,-1,-1,-1
406,142,571.3,137.5,31.3,62.7,1,-1,-1,-1
407,133,293.9,207.4,30.2,83.9,1,-1,-1,-1
407,142,571.2,137.4,31.2,62.6,1,-1,-1,-1
408,133,294.9,207.0,29.7,84.4,1,-1,-1,-1
408,142,571.1,137.6,31.2,62.6,1,-1,-1,-1
409,133,295.0,206.2,29.1,85.1,1,-1,-1,-1
409,142,571.3,138.1,30.8,62.0,1,-1,-1,-1
410,133,295.1,205.5,28.7,86.1,1,-1,-1,-1
410,142,572.3,138.5,30.5,61.4,1,-1,-1,-1
411,133,295.2,205.3,28.1,86.4,1,-1,-1,-1
411,142,571.5,139.2,29.9,60.7,1,-1,-1,-1
412,133,295.6,205.6,27.4,86.2,1,-1,-1,-1
412,142,571.0,139.7,29.8,61.1,1,-1,-1,-1
413,133,296.0,205.9,26.9,85.8,1,-1,-1,-1
413,142,570.2,140.2,29.8,61.5,1,-1,-1,-1
414,133,296.7,206.3,26.5,85.2,1,-1,-1,-1
414,142,569.6,140.8,29.6,61.6,1,-1,-1,-1
415,133,296.6,206.2,26.4,85.2,1,-1,-1,-1
415,142,565.7,141.1,29.7,62.5,1,-1,-1,-1
415,125,292.6,184.3,13.0,22.5,1,-1,-1,-1
416,133,295.9,206.3,26.5,85.2,1,-1,-1,-1
416,142,563.1,141.0,29.6,63.3,1,-1,-1,-1
416,125,292.9,184.6,12.8,22.3,1,-1,-1,-1
417,133,295.0,206.7,26.7,84.6,1,-1,-1,-1
417,142,560.2,141.1,29.7,64.4,1,-1,-1,-1
418,133,294.2,206.7,27.2,84.9,1,-1,-1,-1
418,142,558.5,141.5,29.0,64.1,1,-1,-1,-1
419,133,293.1,206.4,27.9,84.9,1,-1,-1,-1
419,142,556.0,142.9,28.6,64.0,1,-1,-1,-1
420,133,292.0,205.6,28.8,85.9,1,-1,-1,-1
420,142,553.0,143.9,28.0,63.8,1,-1,-1,-1
421,133,293.5,205.4,29.1,86.2,1,-1,-1,-1
421,142,550.3,144.1,28.0,64.8,1,-1,-1,-1
422,133,294.6,205.3,29.0,86.0,1,-1,-1,-1
422,142,546.9,145.3,27.7,64.5,1,-1,-1,-1
422,144,748.6,284.6,16.0,102.7,1,-1,-1,-1
423,133,294.9,205.4,28.7,85.9,1,-1,-1,-1
423,142,543.1,146.7,27.8,64.3,1,-1,-1,-1
423,144,745.7,283.5,16.7,105.4,1,-1,-1,-1
424,133,295.2,205.1,28.4,86.1,1,-1,-1,-1
424,142,539.8,147.8,27.5,64.4,1,-1,-1,-1
424,144,738.4,280.1,17.2,104.1,1,-1,-1,-1
425,133,295.8,205.2,28.0,86.3,1,-1,-1,-1
425,142,536.0,148.6,27.5,64.5,1,-1,-1,-1
425,144,729.6,278.4,18.1,103.4,1,-1,-1,-1
426,133,295.8,205.3,27.4,86.2,1,-1,-1,-1
426,142,532.3,148.9,28.2,65.8,1,-1,-1,-1
426,144,723.6,278.2,19.3,102.3,1,-1,-1,-1
427,133,295.4,204.7,26.9,86.6,1,-1,-1,-1
427,142,529.7,150.3,28.7,66.4,1,-1,-1,-1
427,144,719.4,277.0,20.8,101.9,1,-1,-1,-1
428,133,295.7,205.0,26.1,86.3,1,-1,-1,-1
428,142,528.4,152.2,28.4,65.6,1,-1,-1,-1
428,144,715.0,275.8,21.6,100.8,1,-1,-1,-1
429,133,296.6,206.4,25.4,85.0,1,-1,-1,-1
429,142,527.4,153.1,28.4,66.0,1,-1,-1,-1
429,144,708.3,274.5,22.4,101.4,1,-1,-1,-1
430,133,296.8,208.2,25.2,83.1,1,-1,-1,-1
430,142,524.6,153.5,28.8,67.1,1,-1,-1,-1
430,144,697.2,272.8,23.7,102.5,1,-1,-1,-1
431,133,296.2,208.0,25.4,83.2,1,-1,-1,-1
431,142,522.8,155.8,28.6,66.6,1,-1,-1,-1
431,144,690.8,272.1,24.8,102.3,1,-1,-1,-1
432,133,295.7,207.6,25.5,83.5,1,-1,-1,-1
432,142,520.5,157.6,28.5,66.7,1,-1,-1,-1
432,144,686.4,270.5,25.2,101.7,1,-1,-1,-1
433,133,294.9,207.0,25.5,84.0,1,-1,-1,-1
433,142,516.2,158.4,28.6,67.4,1,-1,-1,-1
433,144,676.5,268.0,25.5,100.7,1,-1,-1,-1
434,133,295.1,206.1,25.7,85.3,1,-1,-1,-1
434,142,513.1,159.1,28.9,68.7,1,-1,-1,-1
434,144,665.5,266.4,27.1,101.1,1,-1,-1,-1
435,133,295.8,205.4,25.8,86.1,1,-1,-1,-1
435,142,511.0,160.6,28.8,69.0,1,-1,-1,-1
435,144,659.2,266.1,28.5,99.8,1,-1,-1,-1
436,133,296.5,204.6,25.8,86.9,1,-1,-1,-1
436,142,509.5,162.2,28.3,68.3,1,-1,-1,-1
436,144,655.0,265.0,29.6,99.2,1,-1,-1,-1
437,133,296.9,203.4,25.8,88.1,1,-1,-1,-1
437,142,506.7,163.7,28.3,69.1,1,-1,-1,-1
437,144,646.3,262.6,29.5,99.0,1,-1,-1,-1
438,133,297.0,202.6,25.7,89.2,1,-1,-1,-1
438,142,504.9,164.8,27.8,68.5,1,-1,-1,-1
438,144,638.8,261.5,29.7,98.8,1,-1,-1,-1
439,133,297.1,201.8,25.5,89.7,1,-1,-1,-1
439,142,501.6,165.9,28.3,69.5,1,-1,-1,-1
439,144,631.3,261.0,30.3,98.1,1,-1,-1,-1
440,133,297.5,201.9,25.2,89.7,1,-1,-1,-1
440,142,499.2,167.8,28.3,69.5,1,-1,-1,-1
440,144,627.1,260.1,30.9,98.6,1,-1,-1,-1
441,133,297.4,201.0,25.2,90.9,1,-1,-1,-1
441,142,495.1,169.1,28.3,69.9,1,-1,-1,-1
441,144,617.8,257.0,30.7,98.2,1,-1,-1,-1
442,133,297.5,200.5,25.1,91.4,1,-1,-1,-1
442,142,492.5,169.9,28.6,70.8,1,-1,-1,-1
442,144,608.9,255.2,31.4,98.4,1,-1,-1,-1
443,133,297.6,200.4,24.9,91.5,1,-1,-1,-1
443,142,490.6,171.2,28.9,71.7,1,-1,-1,-1
443,144,601.2,254.8,32.4,97.6,1,-1,-1,-1
444,133,298.2,201.8,24.4,89.8,1,-1,-1,-1
444,142,489.1,173.6,29.3,73.1,1,-1,-1,-1
444,144,594.8,253.0,32.5,96.3,1,-1,-1,-1
445,133,299.2,202.0,24.5,89.1,1,-1,-1,-1
445,142,488.7,174.4,29.1,73.0,1,-1,-1,-1
445,144,587.7,251.1,32.4,95.9,1,-1,-1,-1
446,133,300.6,202.8,24.7,87.7,1,-1,-1,-1
446,142,488.2,175.7,29.0,72.9,1,-1,-1,-1
446,144,583.0,249.5,32.6,96.3,1,-1,-1,-1
447,133,302.3,204.3,24.7,85.4,1,-1,-1,-1
447,142,487.4,176.8,29.3,74.1,1,-1,-1,-1
447,144,579.0,248.8,32.8,96.8,1,-1,-1,-1
448,133,303.9,204.5,25.0,84.8,1,-1,-1,-1
448,142,486.5,178.5,29.6,75.2,1,-1,-1,-1
448,144,575.6,248.5,32.7,96.2,1,-1,-1,-1
449,133,305.5,205.5,25.0,83.8,1,-1,-1,-1
449,142,485.5,179.2,29.9,76.1,1,-1,-1,-1
449,144,571.7,246.8,32.6,96.0,1,-1,-1,-1
450,133,308.5,206.5,24.8,82.6,1,-1,-1,-1
450,142,484.7,180.2,30.0,76.5,1,-1,-1,-1
450,144,565.5,244.0,32.2,95.0,1,-1,-1,-1
451,133,311.1,207.2,25.0,82.2,1,-1,-1,-1
451,142,484.5,182.3,29.9,76.4,1,-1,-1,-1
451,144,559.7,242.6,32.2,93.5,1,-1,-1,-1
452,133,314.7,207.4,25.9,82.5,1,-1,-1,-1
452,142,485.3,184.7,29.9,76.3,1,-1,-1,-1
452,144,555.4,242.0,33.1,94.2,1,-1,-1,-1
453,133,317.8,207.7,27.1,83.1,1,-1,-1,-1
453,142,486.8,186.5,29.8,76.4,1,-1,-1,-1
453,144,552.2,240.9,33.2,93.2,1,-1,-1,-1
454,133,320.8,207.7,27.6,83.5,1,-1,-1,-1
454,142,489.0,188.3,30.1,77.2,1,-1,-1,-1
454,144,545.2,238.1,33.0,92.9,1,-1,-1,-1
455,133,323.2,208.4,27.9,83.8,1,-1,-1,-1
455,142,490.5,190.7,30.4,78.1,1,-1,-1,-1
455,144,540.9,236.6,33.0,93.1,1,-1,-1,-1
456,133,325.7,209.5,28.5,84.7,1,-1,-1,-1
456,142,491.7,193.3,30.5,78.6,1,-1,-1,-1
456,144,537.3,236.0,33.0,93.4,1,-1,-1,-1
457,133,331.0,210.6,29.2,86.5,1,-1,-1,-1
457,142,494.2,195.1,30.4,78.4,1,-1,-1,-1
457,144,531.1,233.8,32.6,92.7,1,-1,-1,-1
458,133,334.8,210.5,29.2,86.4,1,-1,-1,-1
458,142,496.4,197.1,30.2,77.8,1,-1,-1,-1
458,144,526.4,231.7,31.5,90.2,1,-1,-1,-1
459,133,338.6,210.8,29.4,87.0,1,-1,-1,-1
459,142,499.1,199.6,29.9,76.9,1,-1,-1,-1
459,144,522.2,229.9,31.5,90.9,1,-1,-1,-1
460,133,342.5,210.8,29.6,87.5,1,-1,-1,-1
460,142,502.3,201.6,29.0,74.3,1,-1,-1,-1
460,144,517.2,229.3,31.7,90.7,1,-1,-1,-1
461,133,351.2,211.9,30.4,87.2,1,-1,-1,-1
461,142,510.7,203.4,23.1,55.5,1,-1,-1,-1
461,144,512.2,228.2,32.0,90.0,1,-1,-1,-1
462,133,354.7,212.3,31.2,87.7,1,-1,-1,-1
462,142,515.3,205.5,20.8,46.9,1,-1,-1,-1
462,144,506.9,227.6,31.4,87.4,1,-1,-1,-1
462,148,745.8,330.9,18.6,113.5,1,-1,-1,-1
463,133,362.7,213.0,32.2,88.6,1,-1,-1,-1
463,142,515.1,210.4,30.5,70.1,1,-1,-1,-1
463,144,499.8,225.4,31.6,88.5,1,-1,-1,-1
463,148,742.7,321.6,20.9,126.2,1,-1,-1,-1
464,133,368.7,213.7,33.6,90.0,1,-1,-1,-1
464,142,516.2,212.7,32.7,76.4,1,-1,-1,-1
464,144,494.8,224.9,31.3,88.2,1,-1,-1,-1
464,148,740.2,315.8,21.8,129.6,1,-1,-1,-1
465,133,373.3,215.8,34.2,89.4,1,-1,-1,-1
465,142,517.4,213.4,33.5,78.9,1,-1,-1,-1
465,144,491.1,222.8,31.2,88.7,1,-1,-1,-1
465,148,732.4,312.3,22.8,131.3,1,-1,-1,-1
466,133,379.0,216.5,34.3,90.7,1,-1,-1,-1
466,142,520.5,216.6,34.3,81.5,1,-1,-1,-1
466,144,484.1,220.0,30.5,87.8,1,-1,-1,-1
466,148,718.8,309.8,24.4,132.3,1,-1,-1,-1
467,133,383.1,216.8,33.8,91.4,1,-1,-1,-1
467,142,524.3,218.4,33.9,81.2,1,-1,-1,-1
467,144,478.6,218.7,30.2,87.7,1,-1,-1,-1
467,148,712.2,306.8,25.8,132.0,1,-1,-1,-1
468,133,388.9,217.7,33.5,91.2,1,-1,-1,-1
468,142,527.4,219.2,34.3,82.7,1,-1,-1,-1
468,144,472.3,217.9,30.9,87.6,1,-1,-1,-1
468,148,706.1,303.6,26.5,129.6,1,-1,-1,-1
469,133,395.1,219.8,33.6,91.2,1,-1,-1,-1
469,142,532.1,221.8,34.5,83.9,1,-1,-1,-1
469,144,467.2,216.7,30.9,86.2,1,-1,-1,-1
469,148,693.3,299.3,27.4,127.9,1,-1,-1,-1
470,133,400.8,230.4,30.0,81.3,1,-1,-1,-1
470,142,535.3,224.8,35.0,85.9,1,-1,-1,-1
470,144,460.9,215.1,30.8,86.0,1,-1,-1,-1
470,148,684.4,297.0,28.7,128.8,1,-1,-1,-1
471,133,408.4,236.2,29.3,76.3,1,-1,-1,-1
471,142,537.9,227.1,35.0,87.0,1,-1,-1,-1
471,144,455.7,214.1,30.4,86.3,1,-1,-1,-1
471,148,677.6,295.1,29.8,128.6,1,-1,-1,-1
472,133,414.1,240.8,29.6,73.0,1,-1,-1,-1
472,142,540.4,227.8,34.9,87.7,1,-1,-1,-1
472,144,451.8,213.4,30.1,86.4,1,-1,-1,-1
472,148,673.3,292.8,30.3,127.5,1,-1,-1,-1
473,133,420.2,242.6,31.7,76.9,1,-1,-1,-1
473,142,545.1,230.3,35.2,88.8,1,-1,-1,-1
473,144,445.8,211.6,30.0,86.5,1,-1,-1,-1
473,148,664.1,287.8,30.2,125.4,1,-1,-1,-1
474,133,424.5,242.4,32.3,78.8,1,-1,-1,-1
474,142,549.1,233.6,34.6,87.8,1,-1,-1,-1
474,144,441.4,210.2,29.2,85.3,1,-1,-1,-1
474,148,653.2,285.2,31.2,124.1,1,-1,-1,-1
475,142,553.0,235.2,34.8,88.6,1,-1,-1,-1
475,144,431.6,209.9,34.3,102.2,1,-1,-1,-1
475,148,645.4,283.6,33.0,124.7,1,-1,-1,-1
476,142,556.9,236.1,34.9,89.2,1,-1,-1,-1
476,148,640.9,282.0,34.3,124.0,1,-1,-1,-1
476,133,431.8,233.5,35.4,88.4,1,-1,-1,-1
477,142,560.1,237.5,35.2,90.4,1,-1,-1,-1
477,148,637.0,279.6,35.0,123.5,1,-1,-1,-1
477,133,436.5,231.7,37.5,92.7,1,-1,-1,-1
478,142,564.8,241.7,35.6,92.2,1,-1,-1,-1
478,148,626.8,275.5,35.4,122.0,1,-1,-1,-1
478,133,443.0,231.1,38.2,95.4,1,-1,-1,-1
479,142,568.1,243.6,35.9,93.6,1,-1,-1,-1
479,148,619.5,273.4,36.1,121.9,1,-1,-1,-1
479,133,449.3,231.5,38.2,96.0,1,-1,-1,-1
480,142,571.2,244.9,35.7,93.7,1,-1,-1,-1
480,148,614.2,272.6,36.8,122.5,1,-1,-1,-1
480,133,455.6,232.8,39.3,97.8,1,-1,-1,-1
481,142,576.8,248.1,35.2,92.7,1,-1,-1,-1
481,148,608.9,268.6,35.3,117.8,1,-1,-1,-1
481,133,463.6,236.3,40.8,100.5,1,-1,-1,-1
481,144,405.7,219.4,23.7,68.8,1,-1,-1,-1
482,142,581.6,250.7,34.6,91.2,1,-1,-1,-1
482,148,604.7,265.7,34.8,116.1,1,-1,-1,-1
482,133,469.1,238.0,41.2,101.0,1,-1,-1,-1
482,144,402.7,217.2,24.2,69.0,1,-1,-1,-1
483,142,585.1,252.1,33.4,88.5,1,-1,-1,-1
483,148,600.6,263.1,35.1,117.1,1,-1,-1,-1
483,133,472.4,238.8,40.6,100.8,1,-1,-1,-1
483,144,398.1,216.2,24.2,67.3,1,-1,-1,-1
484,142,593.3,253.9,31.0,79.9,1,-1,-1,-1
484,148,592.7,263.2,35.3,116.1,1,-1,-1,-1
484,133,478.5,241.1,40.8,102.7,1,-1,-1,-1
484,144,390.5,204.3,27.4,77.2,1,-1,-1,-1
485,148,589.2,260.4,35.9,117.0,1,-1,-1,-1
485,133,484.5,243.3,40.7,102.4,1,-1,-1,-1
485,144,385.1,201.2,28.7,78.8,1,-1,-1,-1
486,148,585.4,258.0,36.1,116.5,1,-1,-1,-1
486,133,487.7,244.8,40.4,102.4,1,-1,-1,-1
486,144,382.1,199.4,29.8,79.7,1,-1,-1,-1
486,142,604.5,257.9,33.5,89.7,1,-1,-1,-1
487,148,580.9,257.0,35.9,114.2,1,-1,-1,-1
487,133,490.9,245.9,39.9,102.6,1,-1,-1,-1
487,144,378.9,198.7,30.4,79.7,1,-1,-1,-1
487,142,606.0,259.0,34.5,94.7,1,-1,-1,-1
488,148,575.2,255.0,36.5,114.6,1,-1,-1,-1
488,133,498.8,249.0,40.7,103.3,1,-1,-1,-1
488,144,370.9,196.3,30.2,80.6,1,-1,-1,-1
488,142,608.5,260.2,34.9,97.0,1,-1,-1,-1
489,148,572.5,253.9,37.0,115.2,1,-1,-1,-1
489,133,504.5,252.3,41.6,103.9,1,-1,-1,-1
489,144,366.5,195.5,29.5,80.2,1,-1,-1,-1
489,142,610.2,261.6,35.2,98.3,1,-1,-1,-1
490,148,570.0,251.4,36.7,114.7,1,-1,-1,-1
490,133,510.9,254.7,41.6,104.8,1,-1,-1,-1
490,144,361.7,194.2,29.5,80.5,1,-1,-1,-1
490,142,613.2,263.0,35.0,98.0,1,-1,-1,-1
491,148,568.5,249.4,35.7,111.8,1,-1,-1,-1
491,133,514.1,256.1,40.6,104.2,1,-1,-1,-1
491,144,357.4,193.4,29.5,80.9,1,-1,-1,-1
491,142,615.1,264.2,34.7,97.0,1,-1,-1,-1
492,148,567.2,247.7,35.4,110.6,1,-1,-1,-1
492,133,517.5,257.9,39.5,103.3,1,-1,-1,-1
492,144,353.1,191.6,28.8,79.7,1,-1,-1,-1
492,142,616.4,265.3,34.5,96.1,1,-1,-1,-1
493,148,566.2,246.6,35.5,110.3,1,-1,-1,-1
493,133,523.3,260.1,40.4,105.4,1,-1,-1,-1
493,144,349.4,190.4,28.6,79.5,1,-1,-1,-1
493,142,617.3,266.2,34.3,95.0,1,-1,-1,-1
494,148,565.1,245.9,35.5,110.0,1,-1,-1,-1
494,133,528.5,262.8,40.6,106.7,1,-1,-1,-1
494,144,344.4,190.4,28.9,78.3,1,-1,-1,-1
494,142,617.2,267.6,34.8,96.3,1,-1,-1,-1
495,148,564.3,245.3,35.4,110.0,1,-1,-1,-1
495,133,533.1,264.6,40.5,106.5,1,-1,-1,-1
495,144,341.3,190.5,29.4,77.6,1,-1,-1,-1
495,142,616.3,268.1,35.2,97.6,1,-1,-1,-1
496,148,563.0,244.1,35.1,111.6,1,-1,-1,-1
496,133,536.0,267.2,39.9,105.9,1,-1,-1,-1
496,144,336.6,190.0,29.7,77.2,1,-1,-1,-1
496,142,614.9,268.2,35.1,97.2,1,-1,-1,-1
497,148,561.6,242.5,34.3,110.2,1,-1,-1,-1
497,133,543.3,271.7,41.3,110.2,1,-1,-1,-1
497,144,327.1,188.8,29.8,78.2,1,-1,-1,-1
497,142,612.5,269.2,35.4,97.9,1,-1,-1,-1
498,148,561.4,241.6,33.4,106.8,1,-1,-1,-1
498,133,550.6,273.0,41.8,111.5,1,-1,-1,-1
498,144,321.8,188.8,29.7,77.8,1,-1,-1,-1
498,142,611.2,270.8,35.5,98.5,1,-1,-1,-1
499,148,562.3,239.7,25.0,73.7,1,-1,-1,-1
499,133,558.8,276.9,40.6,109.0,1,-1,-1,-1
499,144,316.2,188.9,30.1,77.1,1,-1,-1,-1
499,142,610.2,272.9,35.3,100.4,1,-1,-1,-1
500,148,562.5,239.0,23.3,64.0,1,-1,-1,-1
500,133,565.4,279.9,40.4,109.2,1,-1,-1,-1
500,144,310.4,188.1,30.3,76.9,1,-1,-1,-1
500,142,610.7,274.1,34.5,100.5,1,-1,-1,-1
501,148,557.7,238.5,32.3,88.7,1,-1,-1,-1
501,133,571.0,282.1,41.0,110.0,1,-1,-1,-1
501,144,304.5,187.6,29.6,76.4,1,-1,-1,-1
501,142,611.4,274.7,33.2,98.8,1,-1,-1,-1
502,148,555.3,237.7,36.4,100.5,1,-1,-1,-1
502,133,572.8,282.9,41.8,112.0,1,-1,-1,-1
502,144,300.8,188.0,29.3,76.2,1,-1,-1,-1
502,142,610.9,275.0,33.1,100.4,1,-1,-1,-1
503,148,554.2,236.0,37.7,104.8,1,-1,-1,-1
503,133,576.0,285.2,41.8,111.1,1,-1,-1,-1
503,144,296.2,188.0,29.9,75.9,1,-1,-1,-1
503,142,611.9,275.0,32.8,101.2,1,-1,-1,-1
504,148,553.6,231.9,38.2,107.3,1,-1,-1,-1
504,133,588.0,290.0,41.5,112.5,1,-1,-1,-1
504,144,290.9,186.7,31.2,76.9,1,-1,-1,-1
504,142,614.8,275.1,31.6,99.3,1,-1,-1,-1
505,148,552.7,229.4,38.3,108.1,1,-1,-1,-1
505,133,595.5,292.8,41.8,113.6,1,-1,-1,-1
505,144,285.3,186.3,31.4,76.7,1,-1,-1,-1
505,142,618.0,274.3,27.3,84.8,1,-1,-1,-1
505,164,721.9,445.4,45.5,130.0,1,-1,-1,-1
505,165,736.4,239.6,31.3,91.5,1,-1,-1,-1
506,148,551.7,228.4,37.9,107.7,1,-1,-1,-1
506,133,601.0,294.2,42.5,115.1,1,-1,-1,-1
506,144,279.1,185.9,31.1,76.9,1,-1,-1,-1
506,142,619.8,273.8,25.4,77.9,1,-1,-1,-1
506,164,721.4,445.3,45.7,130.6,1,-1,-1,-1
506,165,736.1,238.2,31.9,94.4,1,-1,-1,-1
507,148,548.3,227.2,38.1,108.8,1,-1,-1,-1
507,133,610.9,297.5,40.7,112.5,1,-1,-1,-1
507,144,274.0,185.5,31.2,77.4,1,-1,-1,-1
507,142,621.0,273.4,20.5,57.0,1,-1,-1,-1
507,164,718.0,449.2,44.7,126.6,1,-1,-1,-1
507,165,729.1,234.4,33.1,96.6,1,-1,-1,-1
508,148,545.7,225.6,37.7,107.7,1,-1,-1,-1
508,133,620.0,301.1,40.3,111.3,1,-1,-1,-1
508,144,271.1,185.8,31.0,76.8,1,-1,-1,-1
508,142,614.7,272.7,32.1,89.6,1,-1,-1,-1
508,164,711.5,451.2,44.7,123.8,1,-1,-1,-1
508,165,724.4,232.5,33.6,97.7,1,-1,-1,-1
509,148,542.9,224.3,37.4,106.6,1,-1,-1,-1
509,133,627.2,304.8,41.3,110.5,1,-1,-1,-1
509,144,268.5,184.9,31.3,77.4,1,-1,-1,-1
509,142,613.8,272.6,34.3,96.1,1,-1,-1,-1
509,164,701.4,452.1,45.6,123.3,1,-1,-1,-1
509,165,721.5,231.5,34.1,98.8,1,-1,-1,-1
509,169,661.0,441.7,64.1,131.1,1,-1,-1,-1
510,148,538.2,222.6,36.6,104.9,1,-1,-1,-1
510,133,635.8,307.9,41.3,109.2,1,-1,-1,-1
510,144,260.2,183.7,30.9,76.5,1,-1,-1,-1
510,142,613.4,272.6,35.4,99.0,1,-1,-1,-1
510,165,715.1,229.5,33.8,98.0,1,-1,-1,-1
510,169,665.4,443.5,64.2,131.2,1,-1,-1,-1
511,148,534.7,221.6,35.8,103.9,1,-1,-1,-1
511,133,648.8,309.4,41.3,109.0,1,-1,-1,-1
511,144,256.5,182.8,30.9,76.0,1,-1,-1,-1
511,142,613.0,272.7,36.0,100.2,1,-1,-1,-1
511,165,709.3,227.4,32.8,94.6,1,-1,-1,-1
511,169,653.5,441.4,64.9,132.4,1,-1,-1,-1
511,172,646.6,433.4,44.5,137.4,1,-1,-1,-1
512,148,531.5,221.5,35.6,104.0,1,-1,-1,-1
512,133,656.7,311.0,43.6,113.4,1,-1,-1,-1
512,144,254.0,183.4,30.8,75.0,1,-1,-1,-1
512,142,612.4,272.9,36.4,100.3,1,-1,-1,-1
512,165,705.8,225.7,32.5,93.9,1,-1,-1,-1
512,169,641.1,440.8,65.7,134.0,1,-1,-1,-1
512,172,638.4,430.3,45.1,139.4,1,-1,-1,-1
513,148,528.4,220.1,35.6,104.8,1,-1,-1,-1
513,133,661.7,312.6,45.3,114.8,1,-1,-1,-1
513,144,252.6,183.9,30.7,73.7,1,-1,-1,-1
513,142,612.1,273.1,36.5,99.9,1,-1,-1,-1
513,165,701.7,224.5,32.4,93.1,1,-1,-1,-1
513,169,631.9,441.6,65.4,133.9,1,-1,-1,-1
513,172,621.4,430.8,43.4,132.5,1,-1,-1,-1
514,148,525.9,218.2,35.1,104.6,1,-1,-1,-1
514,133,666.0,313.6,46.4,116.2,1,-1,-1,-1
514,144,249.9,183.1,31.3,74.1,1,-1,-1,-1
514,142,612.2,273.2,36.6,99.5,1,-1,-1,-1
514,165,695.6,223.5,33.6,94.1,1,-1,-1,-1
514,169,614.0,442.8,66.2,133.1,1,-1,-1,-1
515,148,519.6,215.4,33.6,102.1,1,-1,-1,-1
515,133,680.3,314.9,45.3,115.5,1,-1,-1,-1
515,144,242.6,181.6,30.9,74.3,1,-1,-1,-1
515,142,612.1,273.4,36.8,99.3,1,-1,-1,-1
515,165,691.0,221.6,33.8,93.4,1,-1,-1,-1
515,169,600.3,444.2,66.9,131.4,1,-1,-1,-1
516,148,513.1,213.8,33.2,101.1,1,-1,-1,-1
516,133,689.6,316.6,46.5,117.3,1,-1,-1,-1
516,144,238.1,180.7,30.8,75.0,1,-1,-1,-1
516,142,612.0,273.5,36.9,99.0,1,-1,-1,-1
516,165,685.8,219.8,33.6,92.6,1,-1,-1,-1
516,169,585.0,439.6,69.6,135.6,1,-1,-1,-1
517,148,507.7,212.5,33.4,101.1,1,-1,-1,-1
517,133,698.2,319.5,47.2,117.7,1,-1,-1,-1
517,144,234.6,180.2,30.5,75.0,1,-1,-1,-1
517,142,612.4,273.5,36.9,98.8,1,-1,-1,-1
517,165,677.8,218.1,33.6,92.5,1,-1,-1,-1
517,169,557.8,437.8,70.5,137.4,1,-1,-1,-1
518,148,504.4,210.5,33.6,101.4,1,-1,-1,-1
518,133,708.6,321.1,47.5,117.4,1,-1,-1,-1
518,144,231.7,179.1,30.6,75.4,1,-1,-1,-1
518,142,613.5,273.4,36.8,98.8,1,-1,-1,-1
518,165,673.3,217.1,33.9,93.2,1,-1,-1,-1
518,169,537.4,435.4,73.0,140.4,1,-1,-1,-1
519,148,500.9,208.6,33.3,100.1,1,-1,-1,-1
519,133,715.9,323.2,49.1,119.7,1,-1,-1,-1
519,144,229.1,178.3,30.1,74.8,1,-1,-1,-1
519,142,615.2,272.7,36.9,99.5,1,-1,-1,-1
519,165,669.9,216.4,34.0,94.1,1,-1,-1,-1
519,169,525.6,434.9,74.8,140.6,1,-1,-1,-1
520,148,493.8,206.3,33.3,100.5,1,-1,-1,-1
520,133,722.6,327.6,45.4,122.7,1,-1,-1,-1
520,144,225.2,177.6,29.3,73.4,1,-1,-1,-1
520,142,618.8,272.5,35.6,96.3,1,-1,-1,-1
520,165,665.9,213.5,32.7,91.3,1,-1,-1,-1
520,169,508.6,428.8,77.7,146.3,1,-1,-1,-1
521,148,489.4,205.2,33.4,100.9,1,-1,-1,-1
521,133,729.0,330.0,39.0,123.8,1,-1,-1,-1
521,144,222.5,177.7,29.0,72.4,1,-1,-1,-1
521,142,622.0,271.8,34.8,95.3,1,-1,-1,-1
521,165,661.8,210.9,32.4,90.8,1,-1,-1,-1
521,169,490.8,425.8,77.3,149.0,1,-1,-1,-1
522,148,486.2,204.8,33.2,100.8,1,-1,-1,-1
522,133,737.9,338.6,30.1,116.2,1,-1,-1,-1
522,144,220.1,177.5,29.3,72.0,1,-1,-1,-1
522,142,625.0,271.5,34.0,95.2,1,-1,-1,-1
522,165,657.6,210.2,31.8,89.3,1,-1,-1,-1
522,169,474.4,416.0,80.2,159.1,1,-1,-1,-1
523,148,483.9,203.5,32.7,100.1,1,-1,-1,-1
523,144,217.2,176.8,29.9,72.3,1,-1,-1,-1
523,142,626.8,271.1,33.4,95.5,1,-1,-1,-1
523,165,652.3,209.8,32.2,89.5,1,-1,-1,-1
523,169,457.5,420.5,79.2,154.4,1,-1,-1,-1
524,148,480.3,200.5,31.4,97.5,1,-1,-1,-1
524,144,211.4,175.9,29.3,72.6,1,-1,-1,-1
524,142,628.5,270.1,33.0,96.0,1,-1,-1,-1
524,165,648.3,208.0,32.5,90.0,1,-1,-1,-1
524,169,444.1,424.1,78.7,150.4,1,-1,-1,-1
525,148,477.4,198.9,30.5,96.1,1,-1,-1,-1
525,144,208.3,175.9,28.6,72.5,1,-1,-1,-1
525,142,629.9,269.6,32.7,96.0,1,-1,-1,-1
525,165,642.9,205.8,32.0,88.3,1,-1,-1,-1
525,169,432.2,423.5,77.3,148.3,1,-1,-1,-1
526,148,472.7,197.8,30.5,95.3,1,-1,-1,-1
526,144,206.1,176.0,28.1,72.1,1,-1,-1,-1
526,142,630.9,269.9,32.5,95.4,1,-1,-1,-1
526,165,637.9,204.0,31.2,84.6,1,-1,-1,-1
526,169,418.6,406.0,81.4,163.2,1,-1,-1,-1
527,148,470.8,197.4,30.3,94.9,1,-1,-1,-1
527,144,203.9,175.3,28.0,72.1,1,-1,-1,-1
527,142,631.5,270.2,32.2,94.7,1,-1,-1,-1
527,165,634.5,203.1,29.3,77.0,1,-1,-1,-1
527,169,400.9,412.6,76.9,156.4,1,-1,-1,-1
528,148,467.2,195.0,30.6,95.4,1,-1,-1,-1
528,144,197.7,174.5,27.5,70.9,1,-1,-1,-1
528,142,632.1,269.6,32.7,95.9,1,-1,-1,-1
528,165,629.8,201.9,30.1,78.5,1,-1,-1,-1
528,169,382.5,416.4,77.0,152.8,1,-1,-1,-1
528,178,419.5,400.5,42.8,139.4,1,-1,-1,-1
529,148,463.9,193.5,30.4,93.9,1,-1,-1,-1
529,144,193.5,172.9,27.8,71.5,1,-1,-1,-1
529,142,632.3,269.4,33.1,96.7,1,-1,-1,-1
529,165,627.4,200.3,31.0,81.0,1,-1,-1,-1
529,169,370.6,411.4,80.0,156.8,1,-1,-1,-1
529,178,411.5,397.1,42.7,136.9,1,-1,-1,-1
530,148,460.6,191.5,30.8,94.2,1,-1,-1,-1
530,144,191.5,172.9,27.6,70.9,1,-1,-1,-1
530,142,632.7,269.3,32.9,95.7,1,-1,-1,-1
530,165,625.2,198.0,32.3,84.8,1,-1,-1,-1
530,169,361.5,404.0,81.3,161.3,1,-1,-1,-1
530,178,397.1,393.5,42.7,134.6,1,-1,-1,-1
531,148,457.1,190.2,31.0,94.1,1,-1,-1,-1
531,144,189.4,173.4,27.6,69.7,1,-1,-1,-1
531,142,633.3,270.3,32.9,95.1,1,-1,-1,-1
531,165,622.5,195.1,32.8,85.8,1,-1,-1,-1
531,169,340.0,400.7,76.2,156.1,1,-1,-1,-1
531,178,374.1,388.8,42.6,134.5,1,-1,-1,-1
532,148,455.3,190.1,30.8,93.6,1,-1,-1,-1
532,144,186.7,172.4,28.1,70.2,1,-1,-1,-1
532,142,633.9,271.7,33.2,95.7,1,-1,-1,-1
532,165,621.0,194.1,32.9,85.1,1,-1,-1,-1
532,169,320.8,400.0,75.1,153.7,1,-1,-1,-1
532,178,362.6,387.4,44.3,139.5,1,-1,-1,-1
533,148,453.7,188.4,30.6,94.0,1,-1,-1,-1
533,144,183.3,171.7,27.9,70.2,1,-1,-1,-1
533,142,634.5,273.3,32.9,94.1,1,-1,-1,-1
533,165,619.4,192.9,33.4,85.4,1,-1,-1,-1
533,169,309.8,400.2,75.5,151.7,1,-1,-1,-1
533,178,354.6,388.1,44.5,139.2,1,-1,-1,-1
534,148,452.3,186.2,30.1,93.8,1,-1,-1,-1
534,144,179.1,170.9,27.6,70.8,1,-1,-1,-1
534,142,634.3,274.5,33.4,95.1,1,-1,-1,-1
534,165,617.5,191.5,34.0,85.7,1,-1,-1,-1
534,169,304.8,399.0,75.6,149.7,1,-1,-1,-1
534,178,349.8,386.9,45.5,138.9,1,-1,-1,-1
534,179,300.5,401.1,65.5,134.0,1,-1,-1,-1
535,148,450.7,183.3,29.7,93.4,1,-1,-1,-1
535,144,176.6,170.8,27.0,70.6,1,-1,-1,-1
535,142,634.2,275.4,33.8,95.3,1,-1,-1,-1
535,165,615.7,189.3,34.1,85.0,1,-1,-1,-1
535,169,297.5,395.7,74.5,146.1,1,-1,-1,-1
535,178,342.7,384.6,47.5,141.4,1,-1,-1,-1
535,179,291.5,396.2,67.4,138.6,1,-1,-1,-1
536,148,448.3,183.3,29.1,91.5,1,-1,-1,-1
536,144,173.7,170.4,26.8,70.3,1,-1,-1,-1
536,142,634.5,277.3,35.2,98.8,1,-1,-1,-1
536,165,613.9,187.5,34.7,85.3,1,-1,-1,-1
536,169,271.7,390.6,73.2,146.1,1,-1,-1,-1
536,178,324.9,381.6,47.1,141.2,1,-1,-1,-1
537,148,446.6,183.4,28.8,90.2,1,-1,-1,-1
537,144,170.5,169.1,26.7,70.4,1,-1,-1,-1
537,142,634.9,279.1,36.2,100.9,1,-1,-1,-1
537,165,612.6,186.6,35.0,85.6,1,-1,-1,-1
537,169,257.8,390.0,72.7,145.9,1,-1,-1,-1
537,178,314.1,380.6,46.1,138.4,1,-1,-1,-1
538,148,444.8,182.1,29.1,90.6,1,-1,-1,-1
538,144,166.4,168.4,26.4,69.6,1,-1,-1,-1
538,142,636.1,281.4,36.5,101.2,1,-1,-1,-1
538,165,611.7,185.6,34.9,85.1,1,-1,-1,-1
538,169,250.4,389.5,73.2,145.7,1,-1,-1,-1
538,178,308.2,380.6,45.9,137.2,1,-1,-1,-1
539,148,441.6,178.9,29.0,89.8,1,-1,-1,-1
539,144,163.0,168.7,26.3,68.9,1,-1,-1,-1
539,142,638.7,283.4,37.1,102.6,1,-1,-1,-1
539,165,610.3,183.3,33.8,81.9,1,-1,-1,-1
539,169,239.5,386.4,74.7,146.5,1,-1,-1,-1
539,178,300.0,380.5,46.6,135.8,1,-1,-1,-1
540,148,439.1,177.6,28.7,88.8,1,-1,-1,-1
540,144,161.4,169.1,26.2,68.1,1,-1,-1,-1
540,142,640.6,285.1,37.0,101.9,1,-1,-1,-1
540,165,609.0,181.2,33.6,81.0,1,-1,-1,-1
540,169,230.7,383.6,73.7,146.1,1,-1,-1,-1
540,178,292.6,378.8,47.6,135.6,1,-1,-1,-1
541,148,436.4,176.3,28.8,89.4,1,-1,-1,-1
541,144,159.5,169.2,26.2,67.6,1,-1,-1,-1
541,142,641.2,286.9,37.3,102.2,1,-1,-1,-1
541,165,607.7,180.2,33.7,81.0,1,-1,-1,-1
541,169,221.3,380.7,71.5,146.2,1,-1,-1,-1
541,178,284.0,377.4,48.3,135.6,1,-1,-1,-1
542,148,434.1,175.8,29.0,89.8,1,-1,-1,-1
542,144,155.9,168.8,26.2,67.6,1,-1,-1,-1
542,142,641.1,289.2,37.5,102.3,1,-1,-1,-1
542,165,605.9,179.8,33.8,81.0,1,-1,-1,-1
542,169,216.3,379.1,69.4,146.2,1,-1,-1,-1
542,178,274.4,376.8,48.7,136.9,1,-1,-1,-1
543,148,432.1,174.6,29.1,90.6,1,-1,-1,-1
543,144,152.6,167.9,26.3,68.5,1,-1,-1,-1
543,142,640.2,291.5,38.0,103.4,1,-1,-1,-1
543,165,604.3,179.3,33.8,80.8,1,-1,-1,-1
543,169,206.7,378.4,68.9,146.2,1,-1,-1,-1
543,178,269.7,375.7,48.8,137.2,1,-1,-1,-1
544,148,430.6,173.1,28.7,90.0,1,-1,-1,-1
544,144,149.8,168.0,25.9,67.7,1,-1,-1,-1
544,142,638.9,293.3,38.0,102.5,1,-1,-1,-1
544,165,602.6,177.6,33.6,80.3,1,-1,-1,-1
544,169,200.4,379.0,69.2,146.2,1,-1,-1,-1
544,178,265.8,375.3,48.9,136.6,1,-1,-1,-1
545,148,432.5,171.4,20.6,61.9,1,-1,-1,-1
545,144,146.3,167.7,26.2,68.2,1,-1,-1,-1
545,142,634.9,294.9,38.5,101.8,1,-1,-1,-1
545,165,600.0,174.8,33.1,78.5,1,-1,-1,-1
545,169,195.8,378.1,69.1,144.8,1,-1,-1,-1
545,178,261.9,373.9,49.5,138.3,1,-1,-1,-1
546,148,433.3,169.2,17.3,50.3,1,-1,-1,-1
546,144,143.2,166.4,26.6,69.3,1,-1,-1,-1
546,142,633.3,295.9,39.8,104.7,1,-1,-1,-1
546,165,598.9,173.0,33.2,78.6,1,-1,-1,-1
546,169,188.1,376.0,69.8,144.4,1,-1,-1,-1
546,178,258.0,371.8,50.1,139.8,1,-1,-1,-1
547,144,139.6,165.8,25.7,67.9,1,-1,-1,-1
547,142,631.6,297.3,40.5,105.7,1,-1,-1,-1
547,165,598.8,172.1,33.4,79.2,1,-1,-1,-1
547,169,177.9,374.2,70.1,145.4,1,-1,-1,-1
547,178,251.7,370.6,50.0,139.3,1,-1,-1,-1
548,144,136.2,165.5,25.2,67.8,1,-1,-1,-1
548,142,630.9,299.1,41.2,107.9,1,-1,-1,-1
548,165,599.0,171.2,33.2,78.8,1,-1,-1,-1
548,169,170.3,372.7,69.8,146.4,1,-1,-1,-1
548,178,247.8,370.1,49.0,136.3,1,-1,-1,-1
549,144,132.0,165.9,25.3,66.8,1,-1,-1,-1
549,142,632.8,301.2,40.8,109.1,1,-1,-1,-1
549,165,598.9,168.2,32.7,77.3,1,-1,-1,-1
549,169,165.0,371.3,69.3,147.6,1,-1,-1,-1
549,178,243.5,370.3,48.7,134.9,1,-1,-1,-1
550,144,129.5,166.4,25.6,66.0,1,-1,-1,-1
550,142,634.6,302.8,40.0,110.1,1,-1,-1,-1
550,165,597.6,166.5,32.9,77.1,1,-1,-1,-1
550,169,162.8,370.1,68.2,147.6,1,-1,-1,-1
550,178,240.1,371.6,48.9,134.1,1,-1,-1,-1
551,144,127.0,166.0,26.2,66.4,1,-1,-1,-1
551,142,636.2,303.9,38.5,108.8,1,-1,-1,-1
551,165,596.3,166.0,32.7,76.0,1,-1,-1,-1
551,169,161.2,368.1,66.5,145.8,1,-1,-1,-1
551,178,236.1,373.2,49.6,135.1,1,-1,-1,-1
552,144,122.8,165.9,26.3,66.0,1,-1,-1,-1
552,142,637.0,304.7,37.0,107.5,1,-1,-1,-1
552,165,594.6,165.5,33.0,76.7,1,-1,-1,-1
552,169,160.7,366.3,64.0,140.9,1,-1,-1,-1
552,178,231.4,372.9,50.4,136.6,1,-1,-1,-1
553,144,117.9,166.1,25.8,65.8,1,-1,-1,-1
553,142,637.4,305.1,35.8,106.5,1,-1,-1,-1
553,165,592.7,164.9,33.2,77.3,1,-1,-1,-1
553,169,160.1,363.6,62.9,139.6,1,-1,-1,-1
553,178,226.9,370.1,51.8,139.9,1,-1,-1,-1
554,144,111.8,166.3,26.0,65.9,1,-1,-1,-1
554,142,638.2,305.3,34.8,105.8,1,-1,-1,-1
554,165,589.3,162.8,32.5,75.5,1,-1,-1,-1
554,169,158.5,360.8,62.9,141.6,1,-1,-1,-1
554,178,218.7,372.7,52.4,143.5,1,-1,-1,-1
554,182,402.7,161.2,24.2,64.6,1,-1,-1,-1
555,144,108.4,166.7,26.5,65.7,1,-1,-1,-1
555,142,639.0,305.2,34.0,105.2,1,-1,-1,-1
555,165,586.9,161.3,32.5,75.1,1,-1,-1,-1
555,169,158.4,359.2,62.3,143.0,1,-1,-1,-1
555,178,213.9,376.4,52.3,145.4,1,-1,-1,-1
555,182,399.3,160.1,28.4,76.2,1,-1,-1,-1
556,144,106.0,166.7,26.8,65.7,1,-1,-1,-1
556,142,639.6,305.3,33.3,104.7,1,-1,-1,-1
556,165,585.8,160.0,32.7,75.7,1,-1,-1,-1
556,169,159.3,357.9,60.8,142.6,1,-1,-1,-1
556,178,213.2,380.1,52.0,144.2,1,-1,-1,-1
556,182,396.6,159.5,29.9,80.7,1,-1,-1,-1
557,144,98.5,166.5,26.6,65.8,1,-1,-1,-1
557,142,639.1,305.1,33.4,106.0,1,-1,-1,-1
557,165,585.4,158.8,31.5,72.3,1,-1,-1,-1
557,169,160.6,356.0,58.5,139.5,1,-1,-1,-1
557,178,211.6,381.9,52.9,144.1,1,-1,-1,-1
557,182,391.5,158.6,29.9,81.1,1,-1,-1,-1
557,183,29.5,111.6,19.3,29.4,1,-1,-1,-1
558,144,92.9,166.9,26.7,67.2,1,-1,-1,-1
558,142,639.7,305.1,32.8,104.9,1,-1,-1,-1
558,165,583.9,158.3,32.3,74.5,1,-1,-1,-1
558,169,162.0,354.7,56.9,138.0,1,-1,-1,-1
558,178,208.8,384.1,53.1,141.7,1,-1,-1,-1
558,182,388.9,158.2,29.8,80.9,1,-1,-1,-1
558,183,29.4,111.6,19.3,29.3,1,-1,-1,-1
559,144,89.2,167.8,26.6,67.0,1,-1,-1,-1
559,142,640.3,305.1,32.3,104.3,1,-1,-1,-1
559,165,583.0,158.2,32.6,75.3,1,-1,-1,-1
559,169,161.1,353.9,54.8,136.9,1,-1,-1,-1
559,178,205.4,387.7,53.4,139.5,1,-1,-1,-1
559,182,386.1,156.6,30.1,81.6,1,-1,-1,-1
560,144,86.2,168.8,27.1,67.4,1,-1,-1,-1
560,142,640.4,305.1,32.3,105.3,1,-1,-1,-1
560,165,582.6,158.2,32.6,75.6,1,-1,-1,-1
560,169,161.5,353.7,53.1,136.7,1,-1,-1,-1
560,178,198.0,390.5,54.0,140.2,1,-1,-1,-1
560,182,382.6,155.8,30.0,81.4,1,-1,-1,-1
561,144,83.9,170.0,27.1,67.0,1,-1,-1,-1
561,142,640.6,305.1,32.2,106.1,1,-1,-1,-1
561,165,582.3,157.9,32.6,76.0,1,-1,-1,-1
561,169,163.4,352.9,51.1,135.8,1,-1,-1,-1
561,178,189.2,391.4,56.1,144.5,1,-1,-1,-1
561,182,379.4,155.4,30.0,81.4,1,-1,-1,-1
562,144,79.6,170.9,26.8,66.7,1,-1,-1,-1
562,142,640.7,305.1,31.8,105.9,1,-1,-1,-1
562,165,582.2,157.7,32.8,76.6,1,-1,-1,-1
562,169,166.2,352.5,49.6,135.0,1,-1,-1,-1
562,178,185.3,391.7,57.7,147.1,1,-1,-1,-1
562,182,376.6,155.2,29.8,81.3,1,-1,-1,-1
563,144,72.7,171.2,26.6,66.8,1,-1,-1,-1
563,142,640.9,304.9,31.5,105.5,1,-1,-1,-1
563,165,581.9,157.9,32.6,76.2,1,-1,-1,-1
563,178,184.2,392.2,58.6,147.0,1,-1,-1,-1
563,182,373.7,154.0,29.9,82.1,1,-1,-1,-1
564,144,67.3,172.2,27.1,66.5,1,-1,-1,-1
564,142,640.8,304.9,31.4,106.3,1,-1,-1,-1
564,165,584.4,157.9,31.8,76.1,1,-1,-1,-1
564,178,183.4,393.0,59.5,148.8,1,-1,-1,-1
564,182,370.4,153.0,29.0,80.7,1,-1,-1,-1
565,144,64.1,173.0,27.7,66.5,1,-1,-1,-1
565,142,641.0,304.9,31.1,105.9,1,-1,-1,-1
565,165,584.7,158.5,30.9,75.2,1,-1,-1,-1
565,178,181.1,396.1,60.1,150.4,1,-1,-1,-1
565,182,366.7,151.0,28.5,81.0,1,-1,-1,-1
565,179,186.4,351.0,48.7,99.1,1,-1,-1,-1
566,144,56.6,172.5,27.8,67.4,1,-1,-1,-1
566,142,641.0,304.9,31.0,106.3,1,-1,-1,-1
566,165,583.3,159.1,30.0,74.8,1,-1,-1,-1
566,178,185.5,401.8,62.7,151.5,1,-1,-1,-1
566,182,361.5,150.0,28.1,80.1,1,-1,-1,-1
566,179,186.7,349.0,47.0,96.4,1,-1,-1,-1
567,144,50.2,173.3,27.2,67.4,1,-1,-1,-1
567,142,640.9,304.8,30.8,106.1,1,-1,-1,-1
567,165,582.3,159.6,29.2,74.6,1,-1,-1,-1
567,178,186.3,405.5,64.5,150.6,1,-1,-1,-1
567,182,358.5,150.4,27.8,79.0,1,-1,-1,-1
567,179,187.3,347.8,42.9,88.1,1,-1,-1,-1
568,144,46.2,174.7,26.9,66.7,1,-1,-1,-1
568,142,641.0,304.8,30.5,105.5,1,-1,-1,-1
568,165,580.3,160.4,28.2,73.4,1,-1,-1,-1
568,178,185.1,407.6,65.8,149.9,1,-1,-1,-1
568,182,356.0,149.7,28.1,78.9,1,-1,-1,-1
568,179,186.9,347.3,43.6,90.8,1,-1,-1,-1
569,144,39.9,174.6,28.2,68.2,1,-1,-1,-1
569,142,640.9,305.0,30.3,105.3,1,-1,-1,-1
569,165,575.4,161.0,27.9,73.2,1,-1,-1,-1
569,178,181.5,410.5,65.5,147.7,1,-1,-1,-1
569,182,350.0,148.1,27.9,78.1,1,-1,-1,-1
569,179,185.0,346.5,48.4,104.2,1,-1,-1,-1
570,144,35.7,175.1,28.4,68.3,1,-1,-1,-1
570,142,640.8,304.9,30.3,105.8,1,-1,-1,-1
570,165,572.5,161.9,28.0,73.2,1,-1,-1,-1
570,178,179.2,413.1,65.3,147.0,1,-1,-1,-1
570,182,344.9,147.2,27.8,77.6,1,-1,-1,-1
570,179,183.2,346.0,51.7,115.2,1,-1,-1,-1
571,144,26.5,175.9,27.4,67.6,1,-1,-1,-1
571,142,641.0,305.1,30.0,104.9,1,-1,-1,-1
571,165,569.5,162.3,28.2,73.5,1,-1,-1,-1
571,178,171.9,412.6,66.3,150.6,1,-1,-1,-1
571,182,340.7,147.5,27.5,76.8,1,-1,-1,-1
571,179,182.1,345.6,56.5,129.7,1,-1,-1,-1
571,190,749.6,248.8,14.6,98.1,1,-1,-1,-1
572,144,19.4,177.1,27.6,67.0,1,-1,-1,-1
572,142,640.7,305.2,29.9,104.6,1,-1,-1,-1
572,165,567.4,162.5,28.5,74.0,1,-1,-1,-1
572,178,168.5,413.2,66.1,150.7,1,-1,-1,-1
572,182,338.2,147.1,27.8,77.1,1,-1,-1,-1
572,179,183.3,344.5,57.9,135.4,1,-1,-1,-1
572,190,746.5,246.3,15.1,99.6,1,-1,-1,-1
573,144,14.5,178.3,28.2,66.0,1,-1,-1,-1
573,142,638.6,305.2,30.1,103.6,1,-1,-1,-1
573,165,566.1,163.2,29.0,74.6,1,-1,-1,-1
573,178,165.0,414.0,65.8,150.3,1,-1,-1,-1
573,182,335.3,146.8,27.4,76.1,1,-1,-1,-1
573,179,186.2,343.3,58.1,136.5,1,-1,-1,-1
573,190,743.2,244.7,15.9,101.4,1,-1,-1,-1
574,144,10.6,177.9,28.8,66.6,1,-1,-1,-1
574,142,634.2,305.2,31.3,103.6,1,-1,-1,-1
574,165,566.3,165.6,29.1,74.8,1,-1,-1,-1
574,178,159.8,414.9,65.7,151.2,1,-1,-1,-1
574,182,328.0,145.1,27.1,76.7,1,-1,-1,-1
574,179,190.1,343.4,58.0,136.3,1,-1,-1,-1
574,190,738.3,241.4,16.5,100.9,1,-1,-1,-1
575,144,6.0,177.6,28.6,66.4,1,-1,-1,-1
575,142,634.0,305.3,31.9,103.6,1,-1,-1,-1
575,165,567.1,166.5,29.4,75.6,1,-1,-1,-1
575,178,155.9,416.4,65.7,153.8,1,-1,-1,-1
575,182,322.4,145.3,27.2,75.7,1,-1,-1,-1
575,179,192.0,342.9,57.8,136.7,1,-1,-1,-1
575,190,732.9,239.2,16.8,99.0,1,-1,-1,-1
576,144,0.0,177.3,27.8,65.7,1,-1,-1,-1
576,142,631.3,305.3,32.9,103.0,1,-1,-1,-1
576,165,569.1,166.9,29.5,75.7,1,-1,-1,-1
576,178,156.4,418.1,66.2,155.9,1,-1,-1,-1
576,182,318.2,145.4,27.8,74.8,1,-1,-1,-1
576,179,193.7,341.9,56.9,136.1,1,-1,-1,-1
576,190,726.1,237.9,17.5,98.2,1,-1,-1,-1
577,144,0.0,177.6,23.0,66.1,1,-1,-1,-1
577,142,631.7,305.2,33.5,103.0,1,-1,-1,-1
577,165,571.2,167.3,29.7,76.0,1,-1,-1,-1
577,178,160.1,422.6,64.8,153.2,1,-1,-1,-1
577,182,312.7,146.1,27.8,73.2,1,-1,-1,-1
577,179,198.8,342.3,55.2,134.2,1,-1,-1,-1
577,190,715.1,237.2,19.1,97.7,1,-1,-1,-1
578,144,0.0,178.2,21.3,65.5,1,-1,-1,-1
578,142,632.9,305.2,33.6,102.9,1,-1,-1,-1
578,165,572.4,168.5,30.5,78.0,1,-1,-1,-1
578,178,163.3,425.8,63.3,150.2,1,-1,-1,-1
578,182,305.4,145.5,27.9,73.1,1,-1,-1,-1
578,179,204.0,341.2,53.7,132.2,1,-1,-1,-1
578,190,708.9,235.0,20.6,97.4,1,-1,-1,-1
579,144,0.0,178.7,20.6,64.7,1,-1,-1,-1
579,142,634.1,305.2,33.7,103.1,1,-1,-1,-1
579,165,573.7,169.9,30.2,77.4,1,-1,-1,-1
579,178,167.1,427.5,62.2,148.5,1,-1,-1,-1
579,182,297.3,144.1,28.4,74.5,1,-1,-1,-1
579,179,208.6,339.4,53.5,133.2,1,-1,-1,-1
579,190,703.5,233.1,21.4,96.3,1,-1,-1,-1
580,144,0.0,176.9,19.5,66.2,1,-1,-1,-1
580,142,635.4,305.0,33.6,103.7,1,-1,-1,-1
580,165,576.2,171.6,30.4,77.8,1,-1,-1,-1
580,178,171.0,427.7,61.3,148.3,1,-1,-1,-1
580,182,292.7,144.1,28.6,74.4,1,-1,-1,-1
580,179,213.3,337.3,53.8,135.2,1,-1,-1,-1
580,190,696.2,231.2,22.5,96.6,1,-1,-1,-1
581,142,636.7,305.1,33.2,104.1,1,-1,-1,-1
581,165,580.6,172.1,31.0,78.5,1,-1,-1,-1
581,178,183.4,429.2,61.3,146.4,1,-1,-1,-1
581,182,288.2,145.3,28.7,72.8,1,-1,-1,-1
581,179,223.8,336.5,53.1,134.5,1,-1,-1,-1
581,190,685.8,230.8,23.9,96.5,1,-1,-1,-1
582,142,636.9,305.0,32.9,104.2,1,-1,-1,-1
582,165,583.0,172.9,31.5,79.4,1,-1,-1,-1
582,178,188.6,429.8,61.9,145.6,1,-1,-1,-1
582,182,283.9,144.8,28.8,73.0,1,-1,-1,-1
582,179,233.6,334.1,51.5,133.1,1,-1,-1,-1
582,190,679.4,229.4,25.5,97.3,1,-1,-1,-1
583,142,636.8,305.1,32.7,104.4,1,-1,-1,-1
583,165,586.4,174.4,32.1,79.8,1,-1,-1,-1
583,178,191.8,427.9,63.2,147.5,1,-1,-1,-1
583,182,277.7,144.4,28.4,73.6,1,-1,-1,-1
583,179,243.6,331.1,49.4,129.4,1,-1,-1,-1
583,190,673.9,227.3,26.6,98.2,1,-1,-1,-1
584,142,637.3,305.1,32.5,104.7,1,-1,-1,-1
584,165,590.4,176.6,32.2,80.1,1,-1,-1,-1
584,178,203.7,425.4,62.8,149.9,1,-1,-1,-1
584,182,268.9,144.3,28.4,73.4,1,-1,-1,-1
584,179,260.6,329.3,50.3,127.9,1,-1,-1,-1
584,190,666.3,225.2,26.3,96.6,1,-1,-1,-1
585,142,637.6,305.1,32.2,104.8,1,-1,-1,-1
585,165,595.1,177.4,32.2,80.4,1,-1,-1,-1
585,178,213.5,424.1,62.6,151.1,1,-1,-1,-1
585,182,263.0,145.1,28.9,72.7,1,-1,-1,-1
585,179,268.9,329.9,51.0,124.6,1,-1,-1,-1
585,190,660.3,224.4,26.3,95.8,1,-1,-1,-1
586,142,638.0,305.8,31.7,104.3,1,-1,-1,-1
586,165,600.5,178.5,32.8,80.9,1,-1,-1,-1
586,178,223.6,423.9,62.9,151.5,1,-1,-1,-1
586,182,260.2,146.1,29.1,71.2,1,-1,-1,-1
586,179,275.7,328.4,50.8,122.5,1,-1,-1,-1
586,190,654.1,223.9,27.0,95.3,1,-1,-1,-1
587,142,638.3,306.0,31.6,105.0,1,-1,-1,-1
587,165,606.1,181.9,33.7,82.0,1,-1,-1,-1
587,178,230.7,426.8,61.0,148.3,1,-1,-1,-1
587,182,251.6,145.5,28.9,71.1,1,-1,-1,-1
587,179,290.6,324.4,51.2,123.9,1,-1,-1,-1
587,190,648.6,221.4,27.6,95.0,1,-1,-1,-1
588,142,636.6,305.8,31.6,103.9,1,-1,-1,-1
588,165,609.2,184.3,33.9,82.2,1,-1,-1,-1
588,178,236.1,428.5,59.6,146.5,1,-1,-1,-1
588,182,243.4,144.8,29.0,71.7,1,-1,-1,-1
588,179,301.1,322.9,51.6,124.4,1,-1,-1,-1
588,190,641.2,219.6,27.7,92.4,1,-1,-1,-1
589,142,636.5,305.9,32.0,105.0,1,-1,-1,-1
589,165,611.4,185.5,33.5,81.5,1,-1,-1,-1
589,178,241.3,429.7,58.4,145.1,1,-1,-1,-1
589,182,239.7,145.1,29.1,71.4,1,-1,-1,-1
589,179,310.2,322.8,52.1,123.7,1,-1,-1,-1
589,190,635.1,218.6,28.9,91.7,1,-1,-1,-1
590,142,638.0,306.1,32.0,105.5,1,-1,-1,-1
590,165,617.5,187.7,30.2,73.0,1,-1,-1,-1
590,178,256.4,432.1,58.1,142.9,1,-1,-1,-1
590,182,235.5,145.5,29.5,71.4,1,-1,-1,-1
590,179,325.1,319.3,50.2,122.1,1,-1,-1,-1
590,190,628.0,217.8,29.2,89.0,1,-1,-1,-1
591,142,637.8,306.6,32.1,104.7,1,-1,-1,-1
591,165,626.5,190.6,23.0,52.2,1,-1,-1,-1
591,178,263.7,433.3,58.4,141.8,1,-1,-1,-1
591,182,231.7,145.4,29.5,71.6,1,-1,-1,-1
591,179,338.2,316.4,48.7,121.3,1,-1,-1,-1
591,190,622.6,213.1,31.2,93.4,1,-1,-1,-1
592,142,637.3,306.4,32.5,105.1,1,-1,-1,-1
592,165,629.5,192.6,32.2,75.4,1,-1,-1,-1
592,178,264.5,433.1,58.7,142.1,1,-1,-1,-1
592,182,226.3,144.8,29.1,72.3,1,-1,-1,-1
592,179,350.8,315.0,48.6,120.3,1,-1,-1,-1
592,190,617.7,212.2,31.0,93.4,1,-1,-1,-1
593,142,638.5,306.4,32.7,105.9,1,-1,-1,-1
593,165,634.5,193.5,34.3,79.8,1,-1,-1,-1
593,178,260.7,432.9,57.4,142.1,1,-1,-1,-1
593,182,219.1,144.4,28.8,72.7,1,-1,-1,-1
593,179,362.4,316.2,50.0,118.0,1,-1,-1,-1
593,190,610.8,212.1,30.5,91.6,1,-1,-1,-1
594,142,639.7,306.0,32.6,106.7,1,-1,-1,-1
594,165,639.0,195.0,36.5,84.2,1,-1,-1,-1
594,178,259.2,433.2,56.2,141.7,1,-1,-1,-1
594,182,214.7,144.8,28.7,72.2,1,-1,-1,-1
594,179,370.8,317.9,50.1,114.9,1,-1,-1,-1
594,190,602.9,211.6,30.8,90.8,1,-1,-1,-1
595,142,640.4,305.7,32.7,107.0,1,-1,-1,-1
595,165,642.1,197.0,37.4,85.7,1,-1,-1,-1
595,178,258.9,433.4,55.3,141.7,1,-1,-1,-1
595,182,212.2,145.6,28.6,71.2,1,-1,-1,-1
595,179,381.1,315.9,49.7,115.3,1,-1,-1,-1
595,190,598.6,210.6,31.3,90.5,1,-1,-1,-1
596,142,640.7,305.5,32.7,107.2,1,-1,-1,-1
596,165,644.2,199.2,38.3,87.7,1,-1,-1,-1
596,178,259.3,433.3,54.5,141.8,1,-1,-1,-1
596,182,209.3,145.7,28.6,70.8,1,-1,-1,-1
596,179,390.5,313.1,50.9,117.9,1,-1,-1,-1
596,190,595.2,208.7,31.6,90.2,1,-1,-1,-1
597,142,640.7,305.3,32.6,107.4,1,-1,-1,-1
597,165,647.4,200.7,38.5,88.1,1,-1,-1,-1
597,178,260.5,433.7,53.7,141.1,1,-1,-1,-1
597,182,204.9,145.0,28.2,69.8,1,-1,-1,-1
597,179,399.3,312.2,52.7,118.4,1,-1,-1,-1
597,190,590.7,207.5,31.7,88.5,1,-1,-1,-1
598,142,640.5,305.1,32.5,107.6,1,-1,-1,-1
598,165,650.6,202.7,37.9,87.9,1,-1,-1,-1
598,178,265.5,434.0,53.6,140.8,1,-1,-1,-1
598,182,196.7,144.5,28.6,71.4,1,-1,-1,-1
598,179,413.9,310.7,54.0,119.5,1,-1,-1,-1
598,190,581.8,206.5,32.9,88.1,1,-1,-1,-1
599,142,640.3,305.2,32.3,107.5,1,-1,-1,-1
599,165,656.0,205.3,38.0,87.9,1,-1,-1,-1
599,178,269.3,434.2,53.6,140.5,1,-1,-1,-1
599,182,193.4,144.2,28.5,71.1,1,-1,-1,-1
599,179,425.5,307.6,52.5,118.1,1,-1,-1,-1
599,190,575.4,205.3,33.9,88.2,1,-1,-1,-1
600,142,640.2,305.0,32.1,107.4,1,-1,-1,-1
600,165,659.1,208.0,38.1,88.1,1,-1,-1,-1
600,178,272.6,434.0,53.7,140.9,1,-1,-1,-1
600,182,191.9,145.0,28.1,70.2,1,-1,-1,-1
600,179,435.3,304.4,50.6,117.4,1,-1,-1,-1
600,190,571.1,202.9,34.3,88.4,1,-1,-1,-1
601,142,639.8,304.9,31.9,107.7,1,-1,-1,-1
601,165,666.8,207.9,38.4,89.2,1,-1,-1,-1
601,178,278.9,432.2,53.7,142.8,1,-1,-1,-1
601,182,187.8,144.7,28.0,70.3,1,-1,-1,-1
601,179,451.2,302.5,50.1,116.5,1,-1,-1,-1
601,190,565.3,200.2,33.6,88.1,1,-1,-1,-1
602,142,639.7,304.8,31.6,107.7,1,-1,-1,-1
602,165,671.6,209.0,38.5,90.0,1,-1,-1,-1
602,178,285.2,430.9,53.9,144.9,1,-1,-1,-1
602,182,183.3,143.8,27.3,70.4,1,-1,-1,-1
602,179,458.3,301.7,50.4,116.8,1,-1,-1,-1
602,190,558.3,198.8,33.6,87.8,1,-1,-1,-1
603,142,639.8,305.0,31.1,107.0,1,-1,-1,-1
603,165,675.7,210.8,39.3,92.6,1,-1,-1,-1
603,178,291.1,429.5,53.9,146.2,1,-1,-1,-1
603,182,179.1,143.4,26.7,70.9,1,-1,-1,-1
603,179,460.1,302.1,49.2,114.5,1,-1,-1,-1
603,190,553.0,198.4,33.9,87.6,1,-1,-1,-1
604,142,637.3,304.9,31.1,106.3,1,-1,-1,-1
604,165,681.4,214.9,38.9,92.4,1,-1,-1,-1
604,178,303.1,427.7,56.3,147.3,1,-1,-1,-1
604,182,174.2,144.0,26.7,70.1,1,-1,-1,-1
604,179,473.6,299.2,47.7,113.2,1,-1,-1,-1
604,190,546.8,195.6,33.7,87.0,1,-1,-1,-1
605,142,635.9,304.9,31.2,105.2,1,-1,-1,-1
605,165,685.7,216.6,38.3,92.1,1,-1,-1,-1
605,178,309.4,426.9,58.2,147.9,1,-1,-1,-1
605,182,171.2,143.7,27.0,69.9,1,-1,-1,-1
605,179,481.6,297.2,48.5,115.5,1,-1,-1,-1
605,190,538.8,194.5,33.9,86.7,1,-1,-1,-1
606,142,637.6,305.1,31.0,105.3,1,-1,-1,-1
606,165,692.5,220.1,38.4,92.3,1,-1,-1,-1
606,178,312.0,428.3,57.5,146.6,1,-1,-1,-1
606,182,165.1,143.0,27.0,69.4,1,-1,-1,-1
606,179,492.3,297.3,48.3,115.3,1,-1,-1,-1
606,190,530.9,193.9,34.2,86.0,1,-1,-1,-1
607,142,636.4,305.4,31.1,104.9,1,-1,-1,-1
607,165,698.8,223.4,38.8,92.1,1,-1,-1,-1
607,178,315.7,429.7,57.0,145.1,1,-1,-1,-1
607,182,159.7,142.6,26.6,68.8,1,-1,-1,-1
607,179,501.2,296.4,46.4,111.6,1,-1,-1,-1
607,190,526.3,193.0,34.6,85.8,1,-1,-1,-1
607,194,0.0,186.6,20.4,67.0,1,-1,-1,-1
608,142,636.6,305.4,31.2,104.6,1,-1,-1,-1
608,165,702.6,225.8,39.3,92.8,1,-1,-1,-1
608,178,323.4,430.6,56.5,144.2,1,-1,-1,-1
608,182,155.6,142.8,26.3,68.7,1,-1,-1,-1
608,179,510.4,294.0,45.3,111.4,1,-1,-1,-1
608,190,522.6,191.1,34.7,86.6,1,-1,-1,-1
608,194,0.0,185.5,20.3,67.4,1,-1,-1,-1
609,142,638.6,305.0,30.9,105.3,1,-1,-1,-1
609,165,711.0,227.0,39.5,92.6,1,-1,-1,-1
609,178,331.5,428.6,57.3,145.8,1,-1,-1,-1
609,182,152.8,143.0,26.4,68.6,1,-1,-1,-1
609,179,523.5,293.0,45.2,111.1,1,-1,-1,-1
609,190,518.3,189.1,33.7,85.8,1,-1,-1,-1
609,194,0.9,184.0,22.0,68.2,1,-1,-1,-1
610,142,639.4,304.8,30.8,106.2,1,-1,-1,-1
610,165,716.2,228.4,41.2,95.4,1,-1,-1,-1
610,178,338.9,428.2,57.7,146.2,1,-1,-1,-1
610,182,148.7,143.0,25.4,66.9,1,-1,-1,-1
610,179,531.6,292.8,46.3,110.8,1,-1,-1,-1
610,190,512.7,188.3,33.2,85.2,1,-1,-1,-1
610,194,6.6,183.7,22.6,68.8,1,-1,-1,-1
611,142,639.5,304.6,30.6,106.6,1,-1,-1,-1
611,165,719.3,230.6,41.7,96.2,1,-1,-1,-1
611,178,344.5,427.8,57.5,146.7,1,-1,-1,-1
611,182,145.9,142.3,25.4,67.9,1,-1,-1,-1
611,179,536.1,292.0,47.0,109.7,1,-1,-1,-1
611,190,508.1,189.0,32.8,83.9,1,-1,-1,-1
611,194,12.8,183.5,23.2,69.1,1,-1,-1,-1
612,142,639.4,304.6,30.4,106.4,1,-1,-1,-1
612,165,721.8,233.3,42.2,97.3,1,-1,-1,-1
612,178,348.8,427.4,56.9,147.2,1,-1,-1,-1
612,182,142.9,141.6,25.3,68.8,1,-1,-1,-1
612,179,540.1,290.9,47.2,109.6,1,-1,-1,-1
612,190,504.5,188.6,33.1,83.7,1,-1,-1,-1
612,194,15.8,183.5,23.5,68.6,1,-1,-1,-1
613,142,639.6,304.8,30.3,106.1,1,-1,-1,-1
613,165,725.8,236.1,41.3,96.3,1,-1,-1,-1
613,178,356.4,426.4,56.2,147.8,1,-1,-1,-1
613,182,139.6,141.0,25.4,69.3,1,-1,-1,-1
613,179,551.9,286.2,47.2,112.7,1,-1,-1,-1
613,190,496.4,184.7,32.9,82.6,1,-1,-1,-1
613,194,20.7,182.3,23.3,67.8,1,-1,-1,-1
614,142,640.3,304.7,30.1,106.0,1,-1,-1,-1
614,165,729.1,237.8,38.9,95.6,1,-1,-1,-1
614,178,361.9,425.6,56.0,149.6,1,-1,-1,-1
614,182,137.1,140.7,25.6,69.4,1,-1,-1,-1
614,179,558.4,284.2,46.8,114.5,1,-1,-1,-1
614,190,490.5,182.7,33.2,81.8,1,-1,-1,-1
614,194,25.3,180.2,23.9,69.4,1,-1,-1,-1
615,142,640.8,304.6,29.9,106.1,1,-1,-1,-1
615,165,732.0,240.0,36.0,96.2,1,-1,-1,-1
615,178,365.9,425.1,55.2,149.5,1,-1,-1,-1
615,182,135.5,140.7,25.7,69.1,1,-1,-1,-1
615,179,562.7,282.8,46.1,114.9,1,-1,-1,-1
615,190,486.6,181.7,33.9,81.9,1,-1,-1,-1
615,194,31.6,179.4,24.3,69.0,1,-1,-1,-1
616,142,639.5,304.8,30.0,105.3,1,-1,-1,-1
616,165,735.9,245.1,32.1,92.4,1,-1,-1,-1
616,178,368.7,425.1,54.5,149.5,1,-1,-1,-1
616,182,132.2,140.1,25.7,68.9,1,-1,-1,-1
616,179,568.4,277.6,44.0,111.3,1,-1,-1,-1
616,190,480.9,179.8,34.5,82.4,1,-1,-1,-1
616,194,39.4,181.6,24.7,67.2,1,-1,-1,-1
617,142,637.4,304.7,30.8,105.8,1,-1,-1,-1
617,165,740.0,250.3,28.0,87.0,1,-1,-1,-1
617,178,370.9,425.1,54.0,149.7,1,-1,-1,-1
617,182,128.2,139.2,25.6,70.0,1,-1,-1,-1
617,179,571.4,274.0,43.0,110.0,1,-1,-1,-1
617,190,477.0,177.5,34.5,82.7,1,-1,-1,-1
617,194,43.2,182.9,25.3,66.0,1,-1,-1,-1
618,142,632.5,303.1,31.8,107.2,1,-1,-1,-1
618,178,374.4,424.6,53.7,149.6,1,-1,-1,-1
618,182,125.2,139.3,24.7,69.1,1,-1,-1,-1
618,179,574.0,271.0,42.9,111.4,1,-1,-1,-1
618,190,471.5,175.7,33.3,81.4,1,-1,-1,-1
618,194,51.4,181.1,25.5,67.2,1,-1,-1,-1
619,142,628.9,300.8,32.0,105.7,1,-1,-1,-1
619,178,376.3,424.3,53.7,149.8,1,-1,-1,-1
619,182,123.3,138.9,24.5,69.3,1,-1,-1,-1
619,179,577.1,268.4,41.6,109.3,1,-1,-1,-1
619,190,465.3,174.7,33.1,81.4,1,-1,-1,-1
619,194,59.3,179.3,26.3,68.8,1,-1,-1,-1
619,195,756.2,266.6,11.8,80.2,1,-1,-1,-1
620,142,624.9,297.9,32.5,105.3,1,-1,-1,-1
620,178,377.1,423.7,54.3,150.7,1,-1,-1,-1
620,182,122.2,139.7,23.9,68.2,1,-1,-1,-1
620,179,579.4,265.2,40.0,105.6,1,-1,-1,-1
620,190,461.2,174.6,32.8,79.9,1,-1,-1,-1
620,194,66.3,178.6,27.2,68.9,1,-1,-1,-1
620,195,757.4,271.9,10.6,70.6,1,-1,-1,-1
621,142,617.5,296.3,34.0,104.7,1,-1,-1,-1
621,178,376.9,422.6,54.9,152.0,1,-1,-1,-1
621,182,121.7,140.7,23.4,67.0,1,-1,-1,-1
621,179,580.7,261.9,39.6,104.3,1,-1,-1,-1
621,190,458.3,173.5,32.9,79.7,1,-1,-1,-1
621,194,69.5,178.2,27.9,68.9,1,-1,-1,-1
622,142,609.3,294.3,34.9,104.2,1,-1,-1,-1
622,178,374.2,419.8,55.7,154.9,1,-1,-1,-1
622,182,119.5,140.7,23.7,67.1,1,-1,-1,-1
622,179,582.2,259.2,40.2,105.7,1,-1,-1,-1
622,190,449.4,171.5,33.0,78.8,1,-1,-1,-1
622,194,75.2,176.5,27.2,68.3,1,-1,-1,-1
623,142,603.8,291.0,35.3,103.6,1,-1,-1,-1
623,178,371.4,417.6,56.0,156.8,1,-1,-1,-1
623,182,118.2,140.9,23.7,66.7,1,-1,-1,-1
623,179,584.5,256.7,40.5,106.4,1,-1,-1,-1
623,190,443.6,170.6,33.6,79.2,1,-1,-1,-1
623,194,80.9,175.9,27.1,68.3,1,-1,-1,-1
624,142,599.0,288.9,35.0,101.5,1,-1,-1,-1
624,178,368.2,414.5,56.8,160.2,1,-1,-1,-1
624,182,116.4,140.9,23.8,66.8,1,-1,-1,-1
624,179,589.4,252.7,37.5,97.3,1,-1,-1,-1
624,190,439.9,169.4,34.1,80.2,1,-1,-1,-1
624,194,87.8,175.4,27.8,68.7,1,-1,-1,-1
625,142,594.8,288.3,34.9,100.6,1,-1,-1,-1
625,178,365.3,412.1,56.6,159.6,1,-1,-1,-1
625,182,114.9,140.8,23.8,67.4,1,-1,-1,-1
625,179,596.2,249.3,29.3,71.6,1,-1,-1,-1
625,190,437.8,168.4,34.0,80.7,1,-1,-1,-1
625,194,92.1,175.5,28.0,67.8,1,-1,-1,-1
626,142,588.3,285.5,35.9,102.6,1,-1,-1,-1
626,178,361.6,408.3,55.1,155.1,1,-1,-1,-1
626,182,113.4,140.2,23.6,68.7,1,-1,-1,-1
626,179,597.7,246.6,35.4,86.3,1,-1,-1,-1
626,190,433.8,166.9,32.4,78.6,1,-1,-1,-1
626,194,96.1,174.3,27.7,67.9,1,-1,-1,-1
627,142,583.6,281.2,35.4,101.0,1,-1,-1,-1
627,178,359.3,406.2,54.9,154.6,1,-1,-1,-1
627,182,113.1,140.0,23.0,68.7,1,-1,-1,-1
627,179,601.5,245.5,36.3,88.2,1,-1,-1,-1
627,190,430.0,165.7,31.3,77.5,1,-1,-1,-1
627,194,99.7,173.2,27.1,67.6,1,-1,-1,-1
628,142,579.5,277.8,34.9,99.4,1,-1,-1,-1
628,178,357.8,404.8,55.2,155.2,1,-1,-1,-1
628,182,113.2,139.8,22.7,68.9,1,-1,-1,-1
628,179,604.2,244.1,37.8,92.8,1,-1,-1,-1
628,190,426.9,165.1,30.5,77.0,1,-1,-1,-1
628,194,104.0,172.6,27.1,67.9,1,-1,-1,-1
629,142,570.6,275.0,35.3,98.2,1,-1,-1,-1
629,178,357.1,402.8,54.5,152.6,1,-1,-1,-1
629,182,114.1,139.3,18.9,57.1,1,-1,-1,-1
629,179,609.7,239.7,39.2,96.0,1,-1,-1,-1
629,194,112.6,173.1,27.4,67.2,1,-1,-1,-1
630,142,565.6,273.2,35.7,98.3,1,-1,-1,-1
630,178,357.9,400.8,53.0,147.3,1,-1,-1,-1
630,182,115.1,139.1,17.2,51.4,1,-1,-1,-1
630,179,613.6,237.2,40.1,98.5,1,-1,-1,-1
630,194,116.2,171.9,27.9,67.4,1,-1,-1,-1
630,201,113.1,138.7,32.6,100.7,1,-1,-1,-1
631,142,558.7,268.8,35.0,95.9,1,-1,-1,-1
631,178,354.6,396.9,53.2,147.2,1,-1,-1,-1
631,182,113.2,139.8,20.8,63.4,1,-1,-1,-1
631,179,618.6,234.9,40.2,99.2,1,-1,-1,-1
631,194,122.4,169.9,26.7,66.5,1,-1,-1,-1
631,201,120.1,153.4,26.8,83.0,1,-1,-1,-1
632,142,553.4,266.2,35.0,95.9,1,-1,-1,-1
632,178,352.3,395.1,53.4,148.1,1,-1,-1,-1
632,182,112.5,140.1,21.9,67.7,1,-1,-1,-1
632,179,623.0,231.4,38.7,95.5,1,-1,-1,-1
632,194,127.6,167.7,26.8,67.6,1,-1,-1,-1
632,202,403.8,163.7,20.7,40.8,1,-1,-1,-1
633,142,548.6,264.8,34.9,95.7,1,-1,-1,-1
633,178,350.7,393.4,53.4,149.2,1,-1,-1,-1
633,182,112.6,140.4,22.1,69.1,1,-1,-1,-1
633,179,625.9,228.7,38.6,95.5,1,-1,-1,-1
633,194,134.3,167.8,27.3,66.9,1,-1,-1,-1
633,202,402.9,162.8,20.9,41.0,1,-1,-1,-1
634,142,544.1,263.1,34.9,96.0,1,-1,-1,-1
634,178,347.7,391.4,53.4,149.9,1,-1,-1,-1
634,182,112.9,140.8,21.9,69.1,1,-1,-1,-1
634,179,627.7,226.7,38.7,95.7,1,-1,-1,-1
634,194,138.0,166.9,28.0,67.3,1,-1,-1,-1
634,202,400.8,161.6,24.0,46.9,1,-1,-1,-1
634,190,398.9,160.5,28.6,73.6,1,-1,-1,-1
635,142,540.6,260.2,33.8,92.7,1,-1,-1,-1
635,178,344.2,389.7,53.0,148.5,1,-1,-1,-1
635,182,112.9,141.2,21.5,68.2,1,-1,-1,-1
635,179,630.0,226.0,38.9,96.1,1,-1,-1,-1
635,194,140.3,166.3,28.6,67.6,1,-1,-1,-1
635,190,397.0,159.8,28.3,74.0,1,-1,-1,-1
636,142,536.6,257.2,34.2,94.1,1,-1,-1,-1
636,178,340.4,389.0,52.8,147.6,1,-1,-1,-1
636,182,113.0,141.4,21.5,68.5,1,-1,-1,-1
636,179,632.6,225.3,38.7,95.5,1,-1,-1,-1
636,194,143.1,165.7,28.3,67.5,1,-1,-1,-1
636,190,392.4,159.2,27.7,74.7,1,-1,-1,-1
637,142,526.3,255.3,34.9,94.2,1,-1,-1,-1
637,178,337.2,386.6,50.9,142.7,1,-1,-1,-1
637,182,113.6,141.5,21.6,68.5,1,-1,-1,-1
637,179,638.4,220.7,38.2,94.2,1,-1,-1,-1
637,194,150.0,165.3,27.9,67.5,1,-1,-1,-1
637,190,385.7,159.3,28.0,74.1,1,-1,-1,-1
638,142,521.6,253.2,35.1,93.6,1,-1,-1,-1
638,178,335.8,385.6,50.4,141.3,1,-1,-1,-1
638,182,114.4,142.2,22.1,69.1,1,-1,-1,-1
638,179,641.4,217.5,37.9,93.5,1,-1,-1,-1
638,194,157.2,164.9,28.3,67.5,1,-1,-1,-1
638,190,382.7,159.0,28.5,74.1,1,-1,-1,-1
639,142,516.9,250.6,34.3,91.5,1,-1,-1,-1
639,178,335.2,385.0,50.8,141.8,1,-1,-1,-1
639,182,114.8,142.9,22.3,69.0,1,-1,-1,-1
639,179,643.7,216.2,37.8,93.5,1,-1,-1,-1
639,194,161.5,164.8,28.7,67.3,1,-1,-1,-1
639,190,378.8,158.7,28.4,73.6,1,-1,-1,-1
640,142,512.3,248.2,34.0,90.7,1,-1,-1,-1
640,178,335.5,384.7,51.1,141.6,1,-1,-1,-1
640,182,115.2,143.7,22.5,69.4,1,-1,-1,-1
640,179,644.7,215.3,37.9,94.2,1,-1,-1,-1
640,194,163.6,164.2,29.2,67.4,1,-1,-1,-1
640,190,372.6,158.8,28.2,73.2,1,-1,-1,-1
641,142,505.3,247.1,33.8,90.8,1,-1,-1,-1
641,178,335.8,384.3,51.2,141.7,1,-1,-1,-1
641,182,116.8,144.0,22.6,69.4,1,-1,-1,-1
641,179,644.9,211.6,37.4,92.9,1,-1,-1,-1
641,194,169.4,162.4,28.2,67.1,1,-1,-1,-1
641,190,365.4,159.2,28.5,72.7,1,-1,-1,-1
642,142,500.1,245.3,33.7,91.1,1,-1,-1,-1
642,178,336.0,383.8,51.4,142.2,1,-1,-1,-1
642,182,118.3,144.2,22.7,69.7,1,-1,-1,-1
642,179,644.9,208.8,36.9,91.1,1,-1,-1,-1
642,194,176.0,161.7,27.9,67.1,1,-1,-1,-1
642,190,361.6,158.8,29.0,72.8,1,-1,-1,-1
643,142,496.5,242.9,32.4,88.0,1,-1,-1,-1
643,178,336.4,383.6,51.8,143.3,1,-1,-1,-1
643,182,119.8,144.6,22.8,69.9,1,-1,-1,-1
643,179,644.6,207.1,36.8,90.1,1,-1,-1,-1
643,194,182.6,161.2,28.4,67.3,1,-1,-1,-1
643,190,358.7,158.0,28.8,72.9,1,-1,-1,-1
644,142,493.3,240.5,32.1,87.1,1,-1,-1,-1
644,178,337.6,383.3,51.9,143.8,1,-1,-1,-1
644,182,121.8,144.8,23.1,71.0,1,-1,-1,-1
644,179,643.8,206.1,37.1,90.4,1,-1,-1,-1
644,194,186.5,161.3,28.8,66.7,1,-1,-1,-1
644,190,354.1,157.2,28.1,72.5,1,-1,-1,-1
645,142,487.7,238.9,32.6,87.2,1,-1,-1,-1
645,178,339.4,383.3,50.4,139.4,1,-1,-1,-1
645,182,123.9,145.8,23.1,70.7,1,-1,-1,-1
645,179,643.0,205.3,37.3,90.3,1,-1,-1,-1
645,194,189.6,161.0,28.8,66.4,1,-1,-1,-1
645,190,349.2,157.1,27.5,72.7,1,-1,-1,-1
646,142,483.9,237.7,33.0,87.8,1,-1,-1,-1
646,178,340.8,382.5,49.6,136.6,1,-1,-1,-1
646,182,126.2,147.0,23.2,70.3,1,-1,-1,-1
646,179,642.5,203.9,37.1,89.3,1,-1,-1,-1
646,194,192.8,160.1,27.9,66.2,1,-1,-1,-1
646,190,344.0,157.4,27.7,72.1,1,-1,-1,-1
647,142,480.5,236.0,33.1,88.0,1,-1,-1,-1
647,178,340.8,380.8,49.9,137.4,1,-1,-1,-1
647,182,128.4,147.1,23.1,70.0,1,-1,-1,-1
647,179,642.4,201.2,36.8,88.5,1,-1,-1,-1
647,194,196.8,159.4,27.4,66.7,1,-1,-1,-1
647,190,339.7,156.9,28.8,72.7,1,-1,-1,-1
648,142,474.8,231.2,32.9,87.4,1,-1,-1,-1
648,178,340.1,378.6,50.6,139.4,1,-1,-1,-1
648,182,132.0,146.8,23.2,70.8,1,-1,-1,-1
648,179,642.4,197.7,36.0,87.4,1,-1,-1,-1
648,194,206.3,159.0,27.9,66.6,1,-1,-1,-1
648,190,335.4,156.9,28.8,72.1,1,-1,-1,-1
648,207,29.5,111.5,19.1,29.6,1,-1,-1,-1
649,142,470.9,229.5,32.8,86.9,1,-1,-1,-1
649,178,338.7,376.8,51.3,141.5,1,-1,-1,-1
649,182,136.2,146.7,23.6,71.3,1,-1,-1,-1
649,179,641.9,196.5,35.8,88.3,1,-1,-1,-1
649,194,210.6,158.7,28.1,66.6,1,-1,-1,-1
649,190,329.2,156.7,28.5,72.1,1,-1,-1,-1
649,207,29.6,111.7,19.0,29.3,1,-1,-1,-1
650,142,468.5,228.5,32.7,86.7,1,-1,-1,-1
650,178,336.0,374.5,51.8,143.4,1,-1,-1,-1
650,182,139.5,147.3,24.1,71.4,1,-1,-1,-1
650,179,640.8,195.4,35.1,87.8,1,-1,-1,-1
650,194,214.7,157.6,27.5,66.3,1,-1,-1,-1
650,190,321.8,156.5,28.8,72.8,1,-1,-1,-1
650,207,29.4,111.5,19.0,29.5,1,-1,-1,-1
651,142,467.1,226.0,32.8,87.0,1,-1,-1,-1
651,178,333.1,372.1,51.7,143.6,1,-1,-1,-1
651,182,140.9,147.9,24.4,72.2,1,-1,-1,-1
651,179,639.0,193.5,33.8,85.6,1,-1,-1,-1
651,194,219.0,156.6,26.7,66.4,1,-1,-1,-1
651,190,314.7,157.3,29.5,71.7,1,-1,-1,-1
651,207,29.5,111.6,19.0,29.4,1,-1,-1,-1
652,142,465.2,221.7,32.3,85.3,1,-1,-1,-1
652,178,330.6,369.2,50.2,139.3,1,-1,-1,-1
652,182,143.9,147.6,24.6,72.7,1,-1,-1,-1
652,179,635.4,190.2,33.6,84.4,1,-1,-1,-1
652,194,228.3,156.4,27.0,65.9,1,-1,-1,-1
652,190,311.2,157.1,30.2,72.5,1,-1,-1,-1
653,142,463.6,219.8,32.3,85.0,1,-1,-1,-1
653,178,328.2,366.9,50.1,139.4,1,-1,-1,-1
653,182,146.8,147.7,25.2,74.0,1,-1,-1,-1
653,179,632.3,188.6,33.9,84.4,1,-1,-1,-1
653,194,232.5,155.9,27.6,66.1,1,-1,-1,-1
653,190,307.7,157.1,29.6,72.1,1,-1,-1,-1
654,142,462.0,218.5,32.3,84.8,1,-1,-1,-1
654,178,327.0,365.5,50.2,139.5,1,-1,-1,-1
654,182,150.0,148.4,25.3,73.8,1,-1,-1,-1
654,179,630.0,188.4,34.1,84.2,1,-1,-1,-1
654,194,236.0,155.4,27.4,66.4,1,-1,-1,-1
654,190,301.8,156.9,29.0,72.5,1,-1,-1,-1
655,142,460.4,216.3,31.9,83.7,1,-1,-1,-1
655,178,325.7,364.8,50.3,139.5,1,-1,-1,-1
655,182,153.3,149.1,25.4,73.7,1,-1,-1,-1
655,179,627.9,187.2,34.4,84.4,1,-1,-1,-1
655,194,240.5,154.9,26.5,65.8,1,-1,-1,-1
655,190,297.9,156.9,28.3,72.2,1,-1,-1,-1
656,142,459.2,213.8,31.5,82.2,1,-1,-1,-1
656,178,324.0,363.0,49.9,138.7,1,-1,-1,-1
656,182,157.6,149.4,25.7,73.4,1,-1,-1,-1
656,179,627.1,185.0,33.5,82.0,1,-1,-1,-1
656,194,245.7,154.6,25.8,65.3,1,-1,-1,-1
656,190,293.0,157.2,28.5,71.5,1,-1,-1,-1
657,142,458.3,211.9,31.4,81.7,1,-1,-1,-1
657,178,322.5,361.7,48.5,135.0,1,-1,-1,-1
657,182,160.2,149.8,25.8,73.1,1,-1,-1,-1
657,179,626.5,182.4,33.1,81.6,1,-1,-1,-1
657,194,251.9,154.1,26.4,65.5,1,-1,-1,-1
657,190,290.1,157.2,29.0,71.2,1,-1,-1,-1
657,208,729.1,309.0,33.7,110.6,1,-1,-1,-1
658,142,457.8,211.0,31.3,81.3,1,-1,-1,-1
658,178,319.3,359.8,48.3,134.5,1,-1,-1,-1
658,182,163.4,150.1,25.4,72.9,1,-1,-1,-1
658,179,625.1,180.3,32.7,81.5,1,-1,-1,-1
658,194,255.8,154.2,26.9,65.0,1,-1,-1,-1
658,190,287.7,157.5,28.9,70.8,1,-1,-1,-1
658,208,727.1,305.2,35.1,114.6,1,-1,-1,-1
659,142,457.9,209.7,31.7,82.6,1,-1,-1,-1
659,178,312.7,359.0,49.3,135.6,1,-1,-1,-1
659,182,166.8,149.6,25.0,73.1,1,-1,-1,-1
659,179,623.4,179.5,32.2,81.3,1,-1,-1,-1
659,194,258.2,153.8,26.9,64.9,1,-1,-1,-1
659,190,281.2,157.2,29.0,71.1,1,-1,-1,-1
659,208,720.0,301.5,35.9,117.2,1,-1,-1,-1
660,142,459.1,206.0,31.3,81.4,1,-1,-1,-1
660,178,305.9,358.7,50.3,135.0,1,-1,-1,-1
660,182,175.5,150.1,25.6,72.5,1,-1,-1,-1
660,179,619.4,178.7,31.7,81.3,1,-1,-1,-1
660,194,263.0,153.2,27.5,68.9,1,-1,-1,-1
660,190,272.4,155.3,30.1,72.9,1,-1,-1,-1
660,208,700.4,298.9,37.2,119.0,1,-1,-1,-1
661,142,459.8,203.6,30.9,80.1,1,-1,-1,-1
661,178,301.5,356.9,51.4,134.7,1,-1,-1,-1
661,182,179.8,150.9,26.2,72.0,1,-1,-1,-1
661,179,616.7,177.1,31.3,80.7,1,-1,-1,-1
661,190,267.2,153.9,31.0,74.3,1,-1,-1,-1
661,208,688.6,294.7,37.8,120.2,1,-1,-1,-1
662,142,460.1,202.5,31.0,80.1,1,-1,-1,-1
662,178,296.0,355.4,51.4,131.2,1,-1,-1,-1
662,182,181.3,150.7,27.1,73.0,1,-1,-1,-1
662,179,612.9,175.2,31.0,79.5,1,-1,-1,-1
662,190,264.7,155.6,30.6,72.7,1,-1,-1,-1
662,208,676.2,291.6,36.6,116.5,1,-1,-1,-1
662,194,279.0,153.5,25.6,65.6,1,-1,-1,-1
663,142,460.0,201.4,30.9,79.9,1,-1,-1,-1
663,178,287.4,353.4,51.2,129.0,1,-1,-1,-1
663,182,184.4,150.3,27.1,73.7,1,-1,-1,-1
663,179,608.6,173.5,31.3,79.7,1,-1,-1,-1
663,190,262.2,155.4,30.0,72.6,1,-1,-1,-1
663,208,661.6,289.6,37.0,115.6,1,-1,-1,-1
663,194,283.6,153.5,25.5,65.1,1,-1,-1,-1
664,142,459.6,198.0,30.6,79.2,1,-1,-1,-1
664,178,276.7,351.3,51.6,130.7,1,-1,-1,-1
664,182,190.2,150.6,27.5,74.9,1,-1,-1,-1
664,179,602.7,172.7,31.8,80.3,1,-1,-1,-1
664,190,257.2,155.3,28.9,72.0,1,-1,-1,-1
664,208,648.7,286.5,36.9,112.8,1,-1,-1,-1
664,194,290.2,152.7,25.1,65.4,1,-1,-1,-1
665,142,459.6,196.1,30.2,77.8,1,-1,-1,-1
665,178,270.6,350.3,51.4,131.4,1,-1,-1,-1
665,182,194.8,152.2,27.3,73.9,1,-1,-1,-1
665,179,599.1,172.0,32.1,80.3,1,-1,-1,-1
665,190,254.0,155.7,28.2,71.3,1,-1,-1,-1
665,208,636.4,283.0,36.5,112.0,1,-1,-1,-1
665,194,297.4,152.0,25.4,65.5,1,-1,-1,-1
666,142,460.2,194.7,30.3,78.1,1,-1,-1,-1
666,178,264.4,348.4,50.9,131.2,1,-1,-1,-1
666,182,199.3,152.9,27.2,75.1,1,-1,-1,-1
666,179,593.6,169.1,31.2,78.7,1,-1,-1,-1
666,190,250.1,155.6,28.0,70.8,1,-1,-1,-1
666,208,619.6,279.2,37.6,113.5,1,-1,-1,-1
666,194,303.5,151.5,26.0,65.8,1,-1,-1,-1
667,142,462.6,193.1,29.2,75.0,1,-1,-1,-1
667,178,258.8,346.7,50.1,129.8,1,-1,-1,-1
667,182,202.6,152.9,26.7,75.0,1,-1,-1,-1
667,179,590.6,167.0,30.5,78.5,1,-1,-1,-1
667,190,245.6,155.1,27.7,69.7,1,-1,-1,-1
667,208,609.5,276.0,37.9,113.6,1,-1,-1,-1
667,194,308.0,150.5,26.0,66.1,1,-1,-1,-1
668,142,464.2,190.4,29.1,74.3,1,-1,-1,-1
668,178,251.6,345.0,48.4,127.9,1,-1,-1,-1
668,182,206.0,152.9,26.4,75.3,1,-1,-1,-1
668,179,587.2,165.8,29.9,78.3,1,-1,-1,-1
668,190,240.8,155.7,27.5,67.8,1,-1,-1,-1
668,208,599.4,272.2,36.9,111.1,1,-1,-1,-1
668,194,312.6,150.2,25.3,65.9,1,-1,-1,-1
669,142,465.3,188.2,29.2,74.5,1,-1,-1,-1
669,178,247.3,344.1,47.4,126.5,1,-1,-1,-1
669,182,211.0,153.1,26.7,75.6,1,-1,-1,-1
669,179,582.1,165.9,30.0,77.8,1,-1,-1,-1
669,190,237.7,156.3,27.8,67.9,1,-1,-1,-1
669,208,586.9,270.1,36.9,109.1,1,-1,-1,-1
669,194,316.9,149.9,24.9,66.4,1,-1,-1,-1
670,142,466.1,185.8,29.9,76.4,1,-1,-1,-1
670,178,234.8,344.2,48.8,125.7,1,-1,-1,-1
670,182,216.4,154.6,27.2,75.5,1,-1,-1,-1
670,179,578.5,165.0,29.5,76.1,1,-1,-1,-1
670,190,233.5,156.3,28.0,68.6,1,-1,-1,-1
670,208,575.0,267.2,37.4,107.1,1,-1,-1,-1
670,194,324.8,150.7,25.2,65.7,1,-1,-1,-1
671,142,466.5,183.8,30.2,77.7,1,-1,-1,-1
671,178,229.2,344.2,50.0,125.5,1,-1,-1,-1
671,182,220.6,154.4,28.2,76.2,1,-1,-1,-1
671,179,574.0,163.8,29.2,75.2,1,-1,-1,-1
671,208,563.5,264.4,36.8,106.2,1,-1,-1,-1
671,194,328.5,150.7,25.8,65.9,1,-1,-1,-1
672,142,467.3,182.2,29.8,77.0,1,-1,-1,-1
672,178,226.7,343.2,51.0,125.1,1,-1,-1,-1
672,182,223.4,153.9,28.3,77.0,1,-1,-1,-1
672,179,566.6,162.7,29.3,75.2,1,-1,-1,-1
672,208,554.2,262.2,36.9,107.3,1,-1,-1,-1
672,194,332.9,150.6,25.5,65.8,1,-1,-1,-1
673,142,468.1,180.9,29.1,75.3,1,-1,-1,-1
673,178,221.3,340.7,51.9,124.6,1,-1,-1,-1
673,182,226.0,154.0,28.8,77.6,1,-1,-1,-1
673,179,561.1,162.1,29.5,75.0,1,-1,-1,-1
673,208,544.5,261.1,37.6,107.4,1,-1,-1,-1
673,194,337.2,150.1,25.0,66.2,1,-1,-1,-1
674,142,469.9,179.7,28.5,73.6,1,-1,-1,-1
674,178,207.9,338.8,51.3,123.5,1,-1,-1,-1
674,182,233.5,155.5,29.1,77.5,1,-1,-1,-1
674,179,555.9,161.6,30.0,74.7,1,-1,-1,-1
674,208,529.9,256.5,36.6,105.7,1,-1,-1,-1
674,194,346.7,150.6,25.4,65.2,1,-1,-1,-1
674,190,212.2,156.1,27.9,67.9,1,-1,-1,-1
675,142,471.5,179.2,28.6,73.9,1,-1,-1,-1
675,178,199.9,338.1,51.1,123.8,1,-1,-1,-1
675,182,237.6,157.2,29.2,76.4,1,-1,-1,-1
675,179,552.6,159.8,30.6,75.9,1,-1,-1,-1
675,208,517.2,255.5,36.0,103.4,1,-1,-1,-1
675,194,350.7,150.7,26.3,65.3,1,-1,-1,-1
675,190,208.0,155.7,28.1,67.5,1,-1,-1,-1
676,142,473.2,178.3,28.4,73.6,1,-1,-1,-1
676,178,193.3,337.7,50.8,124.1,1,-1,-1,-1
676,182,241.1,157.0,29.2,76.8,1,-1,-1,-1
676,179,549.1,158.3,29.6,75.3,1,-1,-1,-1
676,208,506.0,255.1,37.5,102.7,1,-1,-1,-1
676,194,353.1,150.1,27.0,66.3,1,-1,-1,-1
676,190,201.6,155.2,28.4,67.5,1,-1,-1,-1
677,142,475.1,176.4,28.5,74.0,1,-1,-1,-1
677,178,187.8,338.1,50.7,123.4,1,-1,-1,-1
677,182,245.5,156.7,28.6,77.4,1,-1,-1,-1
677,179,543.6,156.5,29.2,76.3,1,-1,-1,-1
677,208,499.6,253.6,38.3,101.7,1,-1,-1,-1
677,194,357.6,149.4,26.4,66.1,1,-1,-1,-1
677,190,196.2,155.4,28.7,67.2,1,-1,-1,-1
678,142,478.6,174.8,27.6,71.4,1,-1,-1,-1
678,178,182.0,336.3,51.4,124.3,1,-1,-1,-1
678,182,255.0,156.6,28.9,77.9,1,-1,-1,-1
678,179,534.3,157.1,29.5,74.7,1,-1,-1,-1
678,208,483.8,249.0,38.0,102.8,1,-1,-1,-1
678,194,367.1,149.0,26.7,66.6,1,-1,-1,-1
678,190,191.5,156.4,29.0,66.1,1,-1,-1,-1
679,142,480.7,173.6,27.6,71.7,1,-1,-1,-1
679,178,174.0,333.3,51.1,124.3,1,-1,-1,-1
679,182,260.5,157.9,29.5,77.6,1,-1,-1,-1
679,179,528.8,157.9,30.3,73.2,1,-1,-1,-1
679,208,472.0,248.6,38.2,102.2,1,-1,-1,-1
679,194,373.4,149.2,27.3,65.9,1,-1,-1,-1
679,190,187.0,156.1,29.4,66.5,1,-1,-1,-1
680,142,482.3,172.2,27.6,72.0,1,-1,-1,-1
680,178,165.2,330.8,49.6,123.6,1,-1,-1,-1
680,182,263.9,158.6,30.1,77.5,1,-1,-1,-1
680,179,526.1,158.1,30.1,71.8,1,-1,-1,-1
680,208,466.1,247.2,39.4,103.6,1,-1,-1,-1
680,194,376.9,149.6,28.2,65.5,1,-1,-1,-1
680,190,182.2,155.4,29.6,67.3,1,-1,-1,-1
681,142,485.5,170.1,27.2,71.5,1,-1,-1,-1
681,178,153.5,329.5,49.1,121.9,1,-1,-1,-1
681,182,271.6,157.7,30.7,79.4,1,-1,-1,-1
681,179,515.2,156.7,29.4,72.1,1,-1,-1,-1
681,208,448.7,243.3,37.9,101.2,1,-1,-1,-1
681,194,383.3,148.7,27.3,65.7,1,-1,-1,-1
681,190,172.3,155.6,30.5,67.4,1,-1,-1,-1
682,142,488.2,168.8,27.0,71.3,1,-1,-1,-1
682,178,146.5,329.5,49.2,121.0,1,-1,-1,-1
682,182,277.5,157.7,31.0,80.7,1,-1,-1,-1
682,179,509.5,156.7,28.8,71.7,1,-1,-1,-1
682,208,437.5,241.9,38.0,99.6,1,-1,-1,-1
682,194,387.8,148.5,26.5,65.8,1,-1,-1,-1
682,190,169.5,156.4,30.6,67.6,1,-1,-1,-1
683,142,491.3,169.0,26.9,70.6,1,-1,-1,-1
683,178,142.7,327.8,49.8,121.8,1,-1,-1,-1
683,182,282.7,158.8,31.1,81.2,1,-1,-1,-1
683,179,506.2,157.4,28.2,70.8,1,-1,-1,-1
683,208,432.2,241.1,37.7,97.6,1,-1,-1,-1
683,194,392.8,147.8,26.3,66.5,1,-1,-1,-1
683,190,164.7,156.9,30.7,67.3,1,-1,-1,-1
684,142,495.7,167.1,27.7,71.8,1,-1,-1,-1
684,178,132.1,323.0,49.1,119.4,1,-1,-1,-1
684,182,288.0,160.4,31.0,80.4,1,-1,-1,-1
684,208,417.5,241.5,35.8,94.0,1,-1,-1,-1
684,194,398.0,147.3,26.7,67.1,1,-1,-1,-1
684,190,160.5,157.4,29.9,67.4,1,-1,-1,-1
685,142,499.3,166.4,27.2,70.2,1,-1,-1,-1
685,178,125.2,319.9,49.5,120.5,1,-1,-1,-1
685,182,292.7,160.8,30.2,79.9,1,-1,-1,-1
685,208,407.8,240.9,35.4,92.9,1,-1,-1,-1
685,194,402.4,146.1,26.6,67.7,1,-1,-1,-1
685,190,157.5,158.1,29.3,67.4,1,-1,-1,-1
685,179,488.7,154.8,28.0,73.2,1,-1,-1,-1
686,142,503.1,165.4,26.8,69.5,1,-1,-1,-1
686,178,122.7,318.6,49.5,121.2,1,-1,-1,-1
686,182,298.1,160.8,29.4,79.9,1,-1,-1,-1
686,208,399.7,236.8,36.0,94.7,1,-1,-1,-1
686,194,409.3,146.0,23.2,60.7,1,-1,-1,-1
686,190,154.1,159.4,29.1,67.6,1,-1,-1,-1
686,179,482.7,153.7,27.4,73.8,1,-1,-1,-1
687,142,507.0,164.8,26.5,69.3,1,-1,-1,-1
687,178,121.4,318.1,49.3,121.6,1,-1,-1,-1
687,182,304.3,160.8,29.3,80.4,1,-1,-1,-1
687,208,391.4,232.1,35.8,95.6,1,-1,-1,-1
687,194,415.4,146.1,21.9,57.8,1,-1,-1,-1
687,190,151.8,159.6,29.4,68.5,1,-1,-1,-1
687,179,475.9,153.5,27.6,73.6,1,-1,-1,-1
688,142,512.7,165.1,25.9,68.3,1,-1,-1,-1
688,178,119.3,316.0,49.4,122.6,1,-1,-1,-1
688,182,310.9,162.1,30.1,80.4,1,-1,-1,-1
688,208,373.8,229.3,37.3,95.5,1,-1,-1,-1
688,194,424.7,146.2,21.9,59.2,1,-1,-1,-1
688,190,148.6,160.2,29.7,68.7,1,-1,-1,-1
688,179,468.7,154.3,28.2,71.8,1,-1,-1,-1
689,142,516.6,163.9,26.1,69.5,1,-1,-1,-1
689,178,117.4,313.4,48.0,119.0,1,-1,-1,-1
689,182,314.2,162.2,30.7,80.8,1,-1,-1,-1
689,208,366.4,227.6,38.1,94.4,1,-1,-1,-1
689,194,429.5,145.1,22.6,61.3,1,-1,-1,-1
689,190,147.3,160.9,29.7,68.4,1,-1,-1,-1
689,179,463.9,154.2,28.7,71.4,1,-1,-1,-1
690,142,520.2,162.3,25.6,68.8,1,-1,-1,-1
690,178,115.6,310.6,47.3,117.6,1,-1,-1,-1
690,182,318.3,162.1,30.7,80.8,1,-1,-1,-1
690,208,360.5,225.3,37.5,93.8,1,-1,-1,-1
690,194,432.0,144.2,22.3,61.2,1,-1,-1,-1
690,190,147.1,161.8,29.8,69.1,1,-1,-1,-1
690,179,457.9,153.2,28.4,71.2,1,-1,-1,-1
691,142,524.6,160.7,25.7,68.6,1,-1,-1,-1
691,178,115.2,307.8,47.6,119.4,1,-1,-1,-1
691,182,326.4,162.8,30.9,81.7,1,-1,-1,-1
691,208,349.0,223.3,37.8,95.5,1,-1,-1,-1
691,194,435.5,141.6,22.5,62.3,1,-1,-1,-1
691,190,149.1,162.9,29.7,69.6,1,-1,-1,-1
691,179,447.4,152.0,28.7,72.1,1,-1,-1,-1
692,142,527.0,159.7,25.9,69.0,1,-1,-1,-1
692,178,114.1,305.9,47.3,120.2,1,-1,-1,-1
692,182,331.3,163.5,30.6,80.8,1,-1,-1,-1
692,208,341.4,221.2,37.9,96.2,1,-1,-1,-1
692,190,151.4,162.9,29.9,70.1,1,-1,-1,-1
692,179,441.2,147.9,30.6,76.3,1,-1,-1,-1
692,216,749.5,226.0,18.2,91.4,1,-1,-1,-1
693,142,528.9,159.0,25.9,69.0,1,-1,-1,-1
693,178,113.3,303.8,47.2,120.0,1,-1,-1,-1
693,182,335.4,165.8,29.4,77.5,1,-1,-1,-1
693,208,333.8,218.1,36.7,93.7,1,-1,-1,-1
693,190,153.5,163.3,30.6,71.2,1,-1,-1,-1
693,179,439.0,145.1,31.7,79.5,1,-1,-1,-1
693,216,745.6,224.6,18.7,92.8,1,-1,-1,-1
694,142,530.1,158.7,25.8,68.8,1,-1,-1,-1
694,178,112.7,301.2,45.6,115.4,1,-1,-1,-1
694,182,338.4,166.3,30.1,81.0,1,-1,-1,-1
694,208,328.0,216.4,35.9,93.1,1,-1,-1,-1
694,190,155.1,163.4,31.4,73.2,1,-1,-1,-1
694,179,435.5,147.3,30.6,76.7,1,-1,-1,-1
694,216,740.7,224.3,19.1,92.8,1,-1,-1,-1
694,194,447.7,141.5,23.8,68.2,1,-1,-1,-1
695,142,530.6,158.7,25.9,68.8,1,-1,-1,-1
695,178,111.2,298.2,45.2,114.3,1,-1,-1,-1
695,182,340.8,166.7,29.5,81.7,1,-1,-1,-1
695,208,319.4,216.0,35.9,92.1,1,-1,-1,-1
695,190,157.8,164.9,31.3,72.9,1,-1,-1,-1
695,179,431.4,149.4,24.1,61.1,1,-1,-1,-1
695,216,734.4,223.4,20.3,93.8,1,-1,-1,-1
695,194,451.3,140.3,22.5,65.8,1,-1,-1,-1
696,142,530.1,158.9,26.0,69.2,1,-1,-1,-1
696,178,109.3,296.4,45.3,115.0,1,-1,-1,-1
696,182,344.2,166.5,29.1,82.4,1,-1,-1,-1
696,208,315.5,215.8,35.9,91.2,1,-1,-1,-1
696,190,160.7,165.6,31.1,72.9,1,-1,-1,-1
696,179,428.4,149.5,21.5,55.3,1,-1,-1,-1
696,216,729.9,223.3,21.2,93.2,1,-1,-1,-1
696,194,454.9,139.4,22.1,65.1,1,-1,-1,-1
697,142,529.1,160.6,26.0,69.3,1,-1,-1,-1
697,178,108.6,295.5,45.3,115.2,1,-1,-1,-1
697,182,348.5,166.9,28.9,83.0,1,-1,-1,-1
697,208,309.6,214.6,34.9,88.7,1,-1,-1,-1
697,190,163.3,165.7,30.5,72.8,1,-1,-1,-1
697,179,428.2,150.3,20.6,52.2,1,-1,-1,-1
697,216,724.3,221.3,21.9,93.2,1,-1,-1,-1
697,194,459.5,138.6,22.4,65.3,1,-1,-1,-1
698,142,526.5,163.3,25.6,67.4,1,-1,-1,-1
698,178,107.2,292.7,44.2,112.5,1,-1,-1,-1
698,182,354.4,169.4,29.5,83.5,1,-1,-1,-1
698,208,299.1,214.5,34.1,86.6,1,-1,-1,-1
698,190,170.4,166.0,29.9,72.3,1,-1,-1,-1
698,216,712.4,219.1,22.1,91.6,1,-1,-1,-1
698,194,464.0,138.3,23.1,64.9,1,-1,-1,-1
699,142,523.6,164.1,25.8,67.7,1,-1,-1,-1
699,178,105.1,289.6,42.8,109.0,1,-1,-1,-1
699,182,357.4,171.3,29.6,83.1,1,-1,-1,-1
699,208,291.6,213.5,34.4,87.1,1,-1,-1,-1
699,190,176.6,167.0,30.2,72.0,1,-1,-1,-1
699,216,700.8,218.7,23.3,89.9,1,-1,-1,-1
699,194,466.6,137.7,23.5,65.4,1,-1,-1,-1
700,142,521.5,164.6,25.9,67.8,1,-1,-1,-1
700,178,103.0,287.7,42.6,108.9,1,-1,-1,-1
700,182,361.7,172.0,29.7,83.1,1,-1,-1,-1
700,208,284.3,210.9,33.8,86.1,1,-1,-1,-1
700,190,179.0,167.0,30.4,72.3,1,-1,-1,-1
700,216,694.2,217.9,25.1,89.6,1,-1,-1,-1
700,194,471.4,136.7,23.0,64.5,1,-1,-1,-1
700,219,411.3,153.3,14.1,45.5,1,-1,-1,-1
700,179,405.9,152.3,20.0,50.2,1,-1,-1,-1
701,142,519.7,165.7,26.1,68.5,1,-1,-1,-1
701,178,101.6,286.5,42.1,108.4,1,-1,-1,-1
701,182,366.0,171.4,30.3,84.7,1,-1,-1,-1
701,208,277.1,210.0,32.8,84.8,1,-1,-1,-1
701,190,182.0,166.9,30.3,72.6,1,-1,-1,-1
701,216,690.0,217.6,26.9,89.6,1,-1,-1,-1
701,194,474.6,135.8,22.8,64.5,1,-1,-1,-1
701,219,407.5,153.3,16.1,51.6,1,-1,-1,-1
702,142,517.6,168.3,26.5,70.0,1,-1,-1,-1
702,178,97.7,283.4,42.0,108.6,1,-1,-1,-1
702,182,372.1,173.3,30.3,85.1,1,-1,-1,-1
702,208,268.8,209.7,32.6,82.7,1,-1,-1,-1
702,190,189.2,167.1,31.3,74.7,1,-1,-1,-1
702,216,678.5,216.2,27.2,89.1,1,-1,-1,-1
702,194,479.7,135.7,23.1,64.8,1,-1,-1,-1
702,219,402.4,153.5,19.8,63.3,1,-1,-1,-1
702,179,392.3,153.0,25.9,65.2,1,-1,-1,-1
703,142,515.8,169.2,26.5,70.3,1,-1,-1,-1
703,178,95.0,280.8,41.1,105.7,1,-1,-1,-1
703,182,376.5,174.4,30.8,86.3,1,-1,-1,-1
703,208,259.7,205.7,33.0,83.1,1,-1,-1,-1
703,190,194.4,168.2,31.4,74.2,1,-1,-1,-1
703,216,669.6,215.0,28.0,89.9,1,-1,-1,-1
703,194,483.0,135.2,23.6,65.3,1,-1,-1,-1
703,219,399.5,154.0,21.7,68.3,1,-1,-1,-1
704,142,514.0,169.6,26.4,70.0,1,-1,-1,-1
704,178,92.3,278.2,41.4,105.4,1,-1,-1,-1
704,182,380.9,177.0,30.3,84.1,1,-1,-1,-1
704,208,251.9,204.6,32.5,82.8,1,-1,-1,-1
704,190,198.3,168.6,31.7,74.8,1,-1,-1,-1
704,216,662.8,214.9,28.9,90.2,1,-1,-1,-1
704,194,485.8,134.4,23.5,65.1,1,-1,-1,-1
704,219,396.6,154.5,22.5,68.8,1,-1,-1,-1
705,142,510.6,171.8,26.5,70.6,1,-1,-1,-1
705,178,88.4,276.8,42.2,106.3,1,-1,-1,-1
705,182,387.4,177.3,29.5,83.6,1,-1,-1,-1
705,208,242.8,203.1,32.8,83.2,1,-1,-1,-1
705,190,201.8,168.6,31.2,75.4,1,-1,-1,-1
705,216,656.2,213.4,29.7,90.7,1,-1,-1,-1
705,194,491.2,133.3,23.2,64.6,1,-1,-1,-1
705,179,376.2,153.5,27.0,70.8,1,-1,-1,-1
706,142,507.3,173.5,26.8,71.4,1,-1,-1,-1
706,178,85.8,275.2,42.7,106.9,1,-1,-1,-1
706,182,391.9,177.7,30.2,83.8,1,-1,-1,-1
706,208,235.7,201.6,31.9,81.8,1,-1,-1,-1
706,190,205.7,169.0,30.0,74.1,1,-1,-1,-1
706,216,649.6,211.9,29.4,89.4,1,-1,-1,-1
706,194,495.3,132.9,22.7,63.7,1,-1,-1,-1
706,179,372.4,153.5,26.5,71.9,1,-1,-1,-1
707,142,504.8,174.4,27.1,71.8,1,-1,-1,-1
707,178,83.1,273.1,42.0,104.6,1,-1,-1,-1
707,182,396.9,178.2,31.0,85.0,1,-1,-1,-1
707,208,226.6,199.0,32.0,82.8,1,-1,-1,-1
707,190,208.2,169.8,29.1,74.3,1,-1,-1,-1
707,216,644.0,210.7,29.2,89.2,1,-1,-1,-1
707,194,499.6,132.8,21.9,60.4,1,-1,-1,-1
707,179,368.2,153.9,26.4,72.8,1,-1,-1,-1
708,142,501.0,172.2,28.0,74.6,1,-1,-1,-1
708,178,79.5,270.8,40.7,102.0,1,-1,-1,-1
708,182,398.0,176.8,32.0,87.3,1,-1,-1,-1
708,208,221.3,199.2,32.0,81.9,1,-1,-1,-1
708,190,211.2,171.1,27.5,72.4,1,-1,-1,-1
708,216,635.9,210.3,29.7,88.8,1,-1,-1,-1
708,194,503.2,132.7,21.2,57.9,1,-1,-1,-1
708,179,362.8,155.1,26.7,71.8,1,-1,-1,-1
709,142,497.5,174.8,27.9,74.1,1,-1,-1,-1
709,178,75.0,269.2,40.2,101.4,1,-1,-1,-1
709,182,402.1,179.4,30.9,86.4,1,-1,-1,-1
709,208,214.3,196.2,31.7,80.5,1,-1,-1,-1
709,190,222.1,171.8,21.1,51.6,1,-1,-1,-1
709,216,626.8,210.6,31.0,87.4,1,-1,-1,-1
709,194,508.3,131.2,21.4,58.7,1,-1,-1,-1
709,179,357.3,156.9,27.1,71.5,1,-1,-1,-1
710,142,495.2,176.3,28.0,74.9,1,-1,-1,-1
710,178,72.2,268.7,39.8,100.6,1,-1,-1,-1
710,208,205.4,194.9,31.2,80.1,1,-1,-1,-1
710,190,223.9,172.5,28.6,69.7,1,-1,-1,-1
710,216,622.3,210.4,32.0,87.1,1,-1,-1,-1
710,194,511.5,130.5,22.2,61.1,1,-1,-1,-1
710,179,352.7,157.2,27.0,72.1,1,-1,-1,-1
711,142,493.7,178.1,27.7,74.3,1,-1,-1,-1
711,178,62.1,266.4,41.4,100.3,1,-1,-1,-1
711,208,200.8,194.9,31.0,79.6,1,-1,-1,-1
711,190,225.6,172.7,31.3,75.6,1,-1,-1,-1
711,216,617.7,209.1,32.4,87.3,1,-1,-1,-1
711,194,515.7,130.6,22.5,61.2,1,-1,-1,-1
711,179,347.4,156.9,26.4,72.4,1,-1,-1,-1
712,142,490.6,178.9,27.8,74.6,1,-1,-1,-1
712,178,59.6,262.5,40.9,99.0,1,-1,-1,-1
712,208,192.5,192.1,30.5,78.5,1,-1,-1,-1
712,190,229.8,174.7,32.0,77.3,1,-1,-1,-1
712,216,607.2,208.0,33.1,88.2,1,-1,-1,-1
712,194,520.7,129.7,23.1,62.5,1,-1,-1,-1
712,179,337.0,158.7,27.1,71.4,1,-1,-1,-1
713,142,488.3,180.7,27.4,73.8,1,-1,-1,-1
713,178,57.3,260.6,41.5,99.9,1,-1,-1,-1
713,208,184.9,188.8,30.5,80.0,1,-1,-1,-1
713,190,232.4,175.5,31.7,78.1,1,-1,-1,-1
713,216,600.4,207.4,33.4,88.1,1,-1,-1,-1
713,194,524.5,129.0,23.0,62.2,1,-1,-1,-1
713,179,332.0,160.4,28.0,70.8,1,-1,-1,-1
713,182,423.6,182.9,31.6,92.7,1,-1,-1,-1
714,142,485.3,181.6,28.2,75.4,1,-1,-1,-1
714,178,55.8,259.8,42.0,100.0,1,-1,-1,-1
714,208,180.8,190.2,29.7,77.8,1,-1,-1,-1
714,190,234.3,176.2,31.1,78.4,1,-1,-1,-1
714,216,596.1,207.0,33.9,88.8,1,-1,-1,-1
714,194,527.7,128.2,22.7,62.0,1,-1,-1,-1
714,179,329.1,161.0,29.2,72.0,1,-1,-1,-1
714,182,427.9,184.6,30.1,91.9,1,-1,-1,-1
715,142,482.8,182.9,28.8,76.7,1,-1,-1,-1
715,178,54.9,259.2,42.3,100.6,1,-1,-1,-1
715,208,177.0,189.4,30.0,77.4,1,-1,-1,-1
715,190,237.6,176.4,30.9,78.8,1,-1,-1,-1
715,216,592.8,206.1,34.0,88.9,1,-1,-1,-1
715,194,531.7,127.9,22.5,61.2,1,-1,-1,-1
715,179,326.2,160.9,29.6,72.7,1,-1,-1,-1
715,182,433.8,186.2,28.6,91.0,1,-1,-1,-1
716,142,480.2,183.7,28.9,77.2,1,-1,-1,-1
716,178,53.6,256.3,40.3,97.1,1,-1,-1,-1
716,208,165.7,187.4,27.7,71.3,1,-1,-1,-1
716,190,242.9,178.6,30.8,79.1,1,-1,-1,-1
716,216,585.7,203.8,33.0,87.7,1,-1,-1,-1
716,194,538.5,127.6,23.1,60.8,1,-1,-1,-1
716,179,319.2,161.8,29.9,73.7,1,-1,-1,-1
716,182,439.2,189.1,29.6,91.5,1,-1,-1,-1
717,142,480.0,183.9,28.8,77.7,1,-1,-1,-1
717,178,53.1,254.3,39.6,96.7,1,-1,-1,-1
717,208,158.6,187.0,27.7,71.2,1,-1,-1,-1
717,190,246.4,179.6,30.7,79.2,1,-1,-1,-1
717,216,580.1,203.4,32.2,86.8,1,-1,-1,-1
717,194,541.3,127.2,23.9,61.3,1,-1,-1,-1
717,179,313.6,163.4,30.4,74.5,1,-1,-1,-1
717,182,441.5,191.2,30.2,92.1,1,-1,-1,-1
718,142,480.7,186.9,27.7,75.1,1,-1,-1,-1
718,178,53.3,253.0,39.2,97.0,1,-1,-1,-1
718,208,153.4,186.7,27.8,70.7,1,-1,-1,-1
718,190,249.6,179.9,31.0,79.2,1,-1,-1,-1
718,216,571.9,203.0,32.9,86.7,1,-1,-1,-1
718,194,543.7,126.7,24.0,61.3,1,-1,-1,-1
718,179,310.2,165.3,30.3,74.6,1,-1,-1,-1
718,182,446.2,192.2,30.7,92.5,1,-1,-1,-1
719,142,483.6,189.1,27.9,75.0,1,-1,-1,-1
719,178,54.0,251.0,38.8,97.4,1,-1,-1,-1
719,208,143.3,184.2,28.8,74.1,1,-1,-1,-1
719,190,253.5,181.3,32.2,80.7,1,-1,-1,-1
719,216,567.0,203.1,33.3,85.4,1,-1,-1,-1
719,194,548.6,125.8,23.9,61.2,1,-1,-1,-1
719,179,305.5,165.7,30.1,74.7,1,-1,-1,-1
719,182,454.7,193.4,31.4,94.7,1,-1,-1,-1
720,142,486.1,189.3,28.4,75.6,1,-1,-1,-1
720,178,55.3,249.2,38.3,97.6,1,-1,-1,-1
720,208,136.5,183.5,28.8,74.3,1,-1,-1,-1
720,190,256.8,182.5,32.4,80.6,1,-1,-1,-1
720,216,562.8,202.5,33.4,85.1,1,-1,-1,-1
720,194,551.9,125.3,24.2,61.5,1,-1,-1,-1
720,179,302.3,166.4,30.1,75.0,1,-1,-1,-1
720,182,459.6,196.0,31.2,93.8,1,-1,-1,-1
721,142,491.0,190.0,28.1,75.7,1,-1,-1,-1
721,178,58.1,247.1,36.9,93.9,1,-1,-1,-1
721,208,131.8,182.2,29.4,74.4,1,-1,-1,-1
721,190,260.2,183.5,32.3,80.5,1,-1,-1,-1
721,216,558.8,200.6,33.6,86.4,1,-1,-1,-1
721,194,556.1,125.3,24.7,61.7,1,-1,-1,-1
721,179,299.6,167.4,30.1,75.1,1,-1,-1,-1
721,182,462.0,197.8,31.7,94.8,1,-1,-1,-1
722,142,499.3,190.9,27.9,75.4,1,-1,-1,-1
722,178,62.0,245.1,36.6,92.9,1,-1,-1,-1
722,208,122.2,181.8,28.5,72.6,1,-1,-1,-1
722,190,265.7,184.3,31.9,80.8,1,-1,-1,-1
722,216,551.1,200.0,34.0,87.0,1,-1,-1,-1
722,194,560.5,124.7,24.6,61.4,1,-1,-1,-1
722,179,295.2,170.3,30.5,76.1,1,-1,-1,-1
722,182,468.7,199.3,30.8,94.8,1,-1,-1,-1
723,142,505.2,192.2,28.5,75.4,1,-1,-1,-1
723,178,64.9,244.2,36.5,92.3,1,-1,-1,-1
723,208,115.3,180.6,28.5,72.7,1,-1,-1,-1
723,190,270.4,184.4,31.5,80.6,1,-1,-1,-1
723,216,546.5,199.8,33.9,86.8,1,-1,-1,-1
723,194,564.0,123.6,24.0,60.3,1,-1,-1,-1
723,179,291.7,171.2,30.8,75.8,1,-1,-1,-1
723,182,474.8,199.6,30.1,94.9,1,-1,-1,-1
724,142,508.6,192.7,29.0,75.6,1,-1,-1,-1
724,178,66.9,242.2,36.4,93.8,1,-1,-1,-1
724,208,111.0,180.8,28.7,72.3,1,-1,-1,-1
724,190,276.5,185.9,31.3,80.0,1,-1,-1,-1
724,216,543.2,198.9,33.6,86.8,1,-1,-1,-1
724,194,566.2,122.8,24.2,61.2,1,-1,-1,-1
724,179,290.5,171.5,30.0,73.4,1,-1,-1,-1
724,182,480.2,200.3,29.9,95.2,1,-1,-1,-1
725,142,516.2,192.0,28.5,76.7,1,-1,-1,-1
725,178,73.4,240.3,35.2,90.4,1,-1,-1,-1
725,208,101.0,178.6,28.4,72.4,1,-1,-1,-1
725,190,280.9,177.6,35.1,90.1,1,-1,-1,-1
725,216,537.3,197.9,32.7,85.2,1,-1,-1,-1
725,194,572.9,122.8,24.5,60.4,1,-1,-1,-1
725,182,485.7,202.8,30.9,95.5,1,-1,-1,-1
726,178,77.5,238.9,35.2,90.1,1,-1,-1,-1
726,208,95.2,177.5,28.1,72.1,1,-1,-1,-1
726,190,282.1,175.6,36.1,93.3,1,-1,-1,-1
726,216,529.4,193.7,33.9,88.0,1,-1,-1,-1
726,194,576.0,122.7,24.6,59.8,1,-1,-1,-1
726,182,489.1,203.8,31.8,96.4,1,-1,-1,-1
727,178,80.3,238.2,35.4,90.7,1,-1,-1,-1
727,208,91.0,177.6,28.1,71.1,1,-1,-1,-1
727,190,286.7,184.0,33.1,86.0,1,-1,-1,-1
727,216,524.1,193.9,34.5,87.4,1,-1,-1,-1
727,194,578.2,122.7,24.4,59.2,1,-1,-1,-1
727,182,496.1,204.6,32.2,96.1,1,-1,-1,-1
727,179,280.2,175.3,28.5,69.7,1,-1,-1,-1
728,178,83.9,236.9,35.6,90.8,1,-1,-1,-1
728,208,86.8,176.2,28.6,71.2,1,-1,-1,-1
728,190,291.4,188.9,32.6,84.0,1,-1,-1,-1
728,216,522.9,196.9,33.6,83.9,1,-1,-1,-1
728,194,581.3,122.1,24.4,59.0,1,-1,-1,-1
728,182,501.9,204.5,32.7,99.0,1,-1,-1,-1
728,179,277.5,176.0,29.9,75.1,1,-1,-1,-1
728,142,531.3,194.8,30.9,83.8,1,-1,-1,-1
729,178,87.4,234.6,36.3,92.0,1,-1,-1,-1
729,208,80.6,175.8,26.9,66.8,1,-1,-1,-1
729,190,295.1,190.8,32.8,83.0,1,-1,-1,-1
729,194,584.4,120.4,24.8,59.9,1,-1,-1,-1
729,182,508.8,200.9,35.4,105.3,1,-1,-1,-1
729,179,276.2,177.0,29.8,75.8,1,-1,-1,-1
729,142,539.6,193.6,28.3,77.4,1,-1,-1,-1
730,178,90.4,230.8,35.0,89.0,1,-1,-1,-1
730,208,71.9,175.7,26.9,66.6,1,-1,-1,-1
730,190,300.0,191.9,33.0,84.1,1,-1,-1,-1
730,194,588.9,121.0,24.5,59.4,1,-1,-1,-1
730,182,513.0,206.3,35.1,101.4,1,-1,-1,-1
730,179,275.3,178.7,30.9,79.3,1,-1,-1,-1
730,142,549.0,191.7,27.7,76.9,1,-1,-1,-1
731,178,94.5,229.3,35.0,88.4,1,-1,-1,-1
731,208,65.6,174.3,27.9,68.4,1,-1,-1,-1
731,190,303.5,193.2,32.0,82.8,1,-1,-1,-1
731,194,591.8,120.4,24.4,59.5,1,-1,-1,-1
731,182,517.2,209.4,34.3,98.6,1,-1,-1,-1
731,179,274.9,180.4,31.1,79.8,1,-1,-1,-1
731,142,556.3,190.7,28.0,75.9,1,-1,-1,-1
731,216,498.1,195.5,33.1,82.4,1,-1,-1,-1
732,178,97.7,228.9,35.1,88.5,1,-1,-1,-1
732,208,60.1,174.0,27.8,68.6,1,-1,-1,-1
732,190,306.7,193.9,31.4,82.0,1,-1,-1,-1
732,194,593.1,119.3,24.5,59.9,1,-1,-1,-1
732,182,522.7,209.8,33.4,97.7,1,-1,-1,-1
732,179,273.6,182.2,31.8,80.9,1,-1,-1,-1
732,142,560.5,190.7,29.0,75.9,1,-1,-1,-1
732,216,491.5,195.3,33.6,82.1,1,-1,-1,-1
733,178,99.8,228.5,35.0,89.1,1,-1,-1,-1
733,208,55.3,173.6,27.6,68.6,1,-1,-1,-1
733,190,312.5,194.7,31.9,82.0,1,-1,-1,-1
733,194,595.8,118.3,24.1,59.0,1,-1,-1,-1
733,182,529.8,210.3,32.3,97.2,1,-1,-1,-1
733,179,273.3,183.3,32.4,81.6,1,-1,-1,-1
733,142,563.8,191.0,29.2,74.9,1,-1,-1,-1
733,216,486.6,194.9,34.5,82.0,1,-1,-1,-1
734,178,103.6,227.4,33.9,86.9,1,-1,-1,-1
734,208,50.9,173.3,27.8,67.9,1,-1,-1,-1
734,190,317.4,195.6,32.8,82.7,1,-1,-1,-1
734,194,597.9,117.8,23.9,58.6,1,-1,-1,-1
734,182,536.8,211.5,32.7,97.0,1,-1,-1,-1
734,179,273.2,184.0,32.5,80.9,1,-1,-1,-1
734,142,567.0,190.8,29.3,75.0,1,-1,-1,-1
734,216,482.1,193.8,35.4,82.7,1,-1,-1,-1
735,178,106.9,225.3,33.2,85.1,1,-1,-1,-1
735,208,47.7,173.5,28.0,66.9,1,-1,-1,-1
735,190,319.4,195.6,33.1,83.4,1,-1,-1,-1
735,194,600.0,117.3,24.4,58.7,1,-1,-1,-1
735,182,541.9,213.0,33.7,96.4,1,-1,-1,-1
735,179,272.7,184.6,32.8,80.4,1,-1,-1,-1
735,142,569.1,189.1,29.5,75.6,1,-1,-1,-1
735,216,476.1,192.1,35.1,82.6,1,-1,-1,-1
736,178,109.3,223.4,33.4,85.3,1,-1,-1,-1
736,208,41.6,172.2,28.2,67.5,1,-1,-1,-1
736,190,322.7,195.8,33.5,83.3,1,-1,-1,-1
736,194,603.0,117.2,25.3,58.8,1,-1,-1,-1
736,182,543.8,214.2,35.1,97.5,1,-1,-1,-1
736,179,271.8,185.5,34.2,82.8,1,-1,-1,-1
736,142,569.9,188.2,29.6,76.0,1,-1,-1,-1
736,216,470.1,189.8,34.7,83.2,1,-1,-1,-1
737,178,110.6,222.6,33.8,85.9,1,-1,-1,-1
737,208,35.3,171.5,28.2,68.1,1,-1,-1,-1
737,190,326.1,196.6,34.1,83.3,1,-1,-1,-1
737,194,606.9,116.6,25.4,59.0,1,-1,-1,-1
737,182,546.4,214.4,35.5,97.6,1,-1,-1,-1
737,179,271.9,188.3,34.4,82.1,1,-1,-1,-1
737,142,569.4,187.8,29.6,75.9,1,-1,-1,-1
737,216,463.8,188.5,34.2,83.3,1,-1,-1,-1
738,178,112.4,222.2,34.0,86.1,1,-1,-1,-1
738,208,31.3,171.1,28.0,67.7,1,-1,-1,-1
738,190,329.0,198.6,35.6,85.7,1,-1,-1,-1
738,194,608.8,116.2,25.4,59.1,1,-1,-1,-1
738,182,552.5,213.8,36.0,98.5,1,-1,-1,-1
738,179,271.4,190.7,34.7,82.3,1,-1,-1,-1
738,142,568.7,187.8,29.2,74.5,1,-1,-1,-1
738,216,455.0,188.5,34.9,82.4,1,-1,-1,-1
739,178,117.4,219.4,33.1,84.3,1,-1,-1,-1
739,208,23.9,170.6,27.4,66.3,1,-1,-1,-1
739,190,333.0,201.7,35.6,85.8,1,-1,-1,-1
739,194,614.1,115.4,24.5,58.4,1,-1,-1,-1
739,182,562.5,214.9,36.6,101.5,1,-1,-1,-1
739,179,269.3,192.0,34.3,81.4,1,-1,-1,-1
739,142,566.4,186.3,24.8,61.2,1,-1,-1,-1
739,216,449.1,187.2,35.8,82.8,1,-1,-1,-1
740,178,121.5,217.2,32.0,82.6,1,-1,-1,-1
740,208,18.5,169.6,27.2,66.4,1,-1,-1,-1
740,190,335.9,202.6,35.9,86.9,1,-1,-1,-1
740,194,618.3,114.9,23.7,58.0,1,-1,-1,-1
740,182,569.1,215.8,37.3,102.1,1,-1,-1,-1
740,179,267.4,193.3,34.8,82.6,1,-1,-1,-1
740,142,561.4,184.9,26.8,65.8,1,-1,-1,-1
740,216,443.7,186.6,35.2,81.6,1,-1,-1,-1
741,178,126.6,215.8,32.1,82.9,1,-1,-1,-1
741,208,14.4,168.5,27.5,66.6,1,-1,-1,-1
741,190,339.0,203.4,35.3,86.4,1,-1,-1,-1
741,194,623.3,114.7,24.0,58.6,1,-1,-1,-1
741,182,573.3,217.7,38.0,101.4,1,-1,-1,-1
741,179,266.5,196.1,34.6,82.7,1,-1,-1,-1
741,142,557.8,183.8,28.4,70.1,1,-1,-1,-1
741,216,437.6,186.1,34.5,82.1,1,-1,-1,-1
742,178,130.5,215.5,32.3,82.5,1,-1,-1,-1
742,208,11.4,169.5,27.4,65.1,1,-1,-1,-1
742,190,342.4,203.9,35.2,86.4,1,-1,-1,-1
742,194,625.8,114.7,24.3,58.4,1,-1,-1,-1
742,182,575.8,219.2,38.3,100.4,1,-1,-1,-1
742,179,264.8,199.8,34.1,81.9,1,-1,-1,-1
742,142,554.6,183.2,29.1,72.7,1,-1,-1,-1
742,216,433.1,185.5,33.8,82.9,1,-1,-1,-1
743,178,134.8,213.1,32.2,82.8,1,-1,-1,-1
743,208,1.7,168.1,27.2,65.4,1,-1,-1,-1
743,190,350.4,205.1,36.2,87.4,1,-1,-1,-1
743,194,630.7,114.2,23.6,57.6,1,-1,-1,-1
743,182,586.1,217.6,37.6,102.0,1,-1,-1,-1
743,179,259.9,201.6,34.1,81.9,1,-1,-1,-1
743,142,550.4,183.4,29.0,71.9,1,-1,-1,-1
743,216,424.1,185.7,33.7,81.7,1,-1,-1,-1
744,178,140.4,211.3,31.4,81.6,1,-1,-1,-1
744,208,0.0,168.1,24.6,64.7,1,-1,-1,-1
744,190,353.7,205.6,36.7,87.8,1,-1,-1,-1
744,194,634.2,113.3,23.3,57.9,1,-1,-1,-1
744,182,593.9,218.1,36.5,101.0,1,-1,-1,-1
744,179,255.9,203.4,34.3,81.8,1,-1,-1,-1
744,142,545.7,182.0,28.7,72.0,1,-1,-1,-1
745,178,145.9,209.4,31.1,81.9,1,-1,-1,-1
745,208,0.0,168.5,22.3,64.3,1,-1,-1,-1
745,190,359.6,205.5,37.0,88.0,1,-1,-1,-1
745,194,637.5,113.5,23.0,58.2,1,-1,-1,-1
745,182,601.4,218.1,37.7,101.5,1,-1,-1,-1
745,179,252.7,204.8,34.4,81.3,1,-1,-1,-1
745,142,541.5,180.4,28.2,72.2,1,-1,-1,-1
746,178,154.5,208.3,31.5,82.4,1,-1,-1,-1
746,190,366.9,205.9,37.1,89.0,1,-1,-1,-1
746,194,643.4,114.5,23.2,57.8,1,-1,-1,-1
746,182,606.6,218.5,39.0,101.7,1,-1,-1,-1
746,179,248.3,208.2,35.4,83.4,1,-1,-1,-1
746,142,533.8,179.3,28.3,71.6,1,-1,-1,-1
746,216,397.4,182.4,32.3,80.0,1,-1,-1,-1
747,178,159.4,207.4,31.4,81.3,1,-1,-1,-1
747,190,373.3,208.0,37.2,89.5,1,-1,-1,-1
747,194,646.4,114.6,23.6,58.4,1,-1,-1,-1
747,182,611.4,218.8,39.5,101.6,1,-1,-1,-1
747,179,245.2,209.3,36.0,84.6,1,-1,-1,-1
747,142,529.6,179.5,28.8,71.1,1,-1,-1,-1
747,216,392.7,182.4,30.4,78.3,1,-1,-1,-1
748,178,163.7,205.6,31.1,81.4,1,-1,-1,-1
748,190,378.1,210.2,37.7,90.2,1,-1,-1,-1
748,194,650.2,115.2,23.2,57.9,1,-1,-1,-1
748,182,617.0,217.7,39.1,102.7,1,-1,-1,-1
748,179,242.8,209.3,36.5,86.1,1,-1,-1,-1
748,142,526.4,179.1,29.1,70.7,1,-1,-1,-1
748,216,392.4,182.5,31.1,79.7,1,-1,-1,-1
749,178,172.7,202.3,30.7,81.4,1,-1,-1,-1
749,190,383.8,210.6,37.1,90.7,1,-1,-1,-1
749,194,655.4,115.6,22.8,57.6,1,-1,-1,-1
749,182,627.9,217.2,38.2,102.5,1,-1,-1,-1
749,179,240.5,210.5,36.7,87.0,1,-1,-1,-1
749,142,517.8,177.9,28.8,71.2,1,-1,-1,-1
749,216,384.7,182.2,27.5,67.7,1,-1,-1,-1
750,178,181.4,201.5,31.6,81.6,1,-1,-1,-1
750,190,388.9,211.1,35.8,90.4,1,-1,-1,-1
750,194,660.2,115.8,23.3,58.0,1,-1,-1,-1
750,182,635.3,216.3,38.9,103.2,1,-1,-1,-1
750,179,238.8,213.0,36.6,87.0,1,-1,-1,-1
750,142,512.1,177.7,28.3,70.9,1,-1,-1,-1
750,216,375.6,181.3,30.4,75.2,1,-1,-1,-1
751,178,185.0,201.2,32.3,82.0,1,-1,-1,-1
751,190,394.9,211.9,34.9,89.7,1,-1,-1,-1
751,194,663.6,116.7,23.8,58.1,1,-1,-1,-1
751,182,638.1,216.2,39.2,102.8,1,-1,-1,-1
751,179,236.5,214.8,37.7,89.1,1,-1,-1,-1
751,142,507.9,176.6,28.7,72.5,1,-1,-1,-1
751,216,369.6,181.1,31.1,76.8,1,-1,-1,-1
751,238,742.1,55.9,23.1,41.7,1,-1,-1,-1
752,178,187.6,200.5,32.2,80.9,1,-1,-1,-1
752,190,399.9,213.5,34.5,89.3,1,-1,-1,-1
752,194,665.5,117.5,24.1,58.0,1,-1,-1,-1
752,182,638.9,216.3,39.3,102.5,1,-1,-1,-1
752,179,234.0,216.1,38.5,90.3,1,-1,-1,-1
752,142,504.5,176.5,28.6,72.4,1,-1,-1,-1
752,216,366.1,181.5,31.7,77.0,1,-1,-1,-1
752,238,741.7,55.3,23.3,42.2,1,-1,-1,-1
753,178,195.8,198.4,31.2,79.1,1,-1,-1,-1
753,190,407.0,229.9,29.3,73.8,1,-1,-1,-1
753,194,669.6,117.7,23.8,57.7,1,-1,-1,-1
753,182,645.5,214.3,38.8,101.6,1,-1,-1,-1
753,179,230.2,217.3,38.5,90.3,1,-1,-1,-1
753,142,497.7,175.9,28.1,71.4,1,-1,-1,-1
753,216,357.9,180.1,31.8,77.9,1,-1,-1,-1
754,178,201.8,198.1,30.8,78.3,1,-1,-1,-1
754,190,414.3,239.5,26.8,65.5,1,-1,-1,-1
754,194,672.4,117.9,23.8,58.0,1,-1,-1,-1
754,182,649.7,213.0,38.5,101.4,1,-1,-1,-1
754,179,228.1,219.6,38.3,89.9,1,-1,-1,-1
754,142,493.6,175.7,27.9,70.8,1,-1,-1,-1
754,216,352.2,178.9,31.8,78.9,1,-1,-1,-1
755,178,209.2,197.5,30.7,77.7,1,-1,-1,-1
755,190,422.1,236.9,30.9,71.9,1,-1,-1,-1
755,194,674.9,118.7,24.2,59.3,1,-1,-1,-1
755,182,653.2,212.0,38.5,102.3,1,-1,-1,-1
755,179,228.7,223.4,38.9,91.7,1,-1,-1,-1
755,142,486.9,175.6,28.2,70.7,1,-1,-1,-1
755,216,341.9,178.9,32.2,78.0,1,-1,-1,-1
756,178,212.9,196.4,30.7,77.8,1,-1,-1,-1
756,190,425.7,228.0,35.8,82.3,1,-1,-1,-1
756,194,676.6,119.6,23.9,59.0,1,-1,-1,-1
756,182,654.5,210.9,38.2,102.6,1,-1,-1,-1
756,179,230.0,225.7,38.5,90.7,1,-1,-1,-1
756,142,483.8,176.5,28.3,69.7,1,-1,-1,-1
756,216,337.0,179.3,32.6,77.0,1,-1,-1,-1
757,178,214.9,194.3,29.9,77.1,1,-1,-1,-1
757,190,430.8,223.2,38.4,88.8,1,-1,-1,-1
757,194,677.8,119.9,23.7,58.9,1,-1,-1,-1
757,182,655.1,209.7,37.7,102.5,1,-1,-1,-1
757,179,231.2,226.6,38.7,90.0,1,-1,-1,-1
757,142,479.1,176.3,28.5,70.1,1,-1,-1,-1
757,216,334.1,178.4,33.2,77.4,1,-1,-1,-1
757,246,292.8,184.6,12.2,22.3,1,-1,-1,-1
758,178,217.1,193.5,29.6,78.0,1,-1,-1,-1
758,190,433.5,221.1,39.0,91.3,1,-1,-1,-1
758,194,679.1,119.8,23.9,59.5,1,-1,-1,-1
758,182,655.4,208.2,36.8,100.9,1,-1,-1,-1
758,179,233.7,227.5,39.2,90.3,1,-1,-1,-1
758,142,474.3,176.9,28.1,70.5,1,-1,-1,-1
758,216,328.9,177.8,32.8,76.6,1,-1,-1,-1
758,246,292.9,184.3,12.4,22.6,1,-1,-1,-1
759,178,221.1,193.6,29.2,78.0,1,-1,-1,-1
759,190,441.6,220.4,38.0,92.1,1,-1,-1,-1
759,194,680.4,120.0,24.2,60.5,1,-1,-1,-1
759,182,654.3,206.0,36.2,100.1,1,-1,-1,-1
759,179,236.6,230.8,40.1,91.6,1,-1,-1,-1
759,142,468.2,178.6,27.6,69.5,1,-1,-1,-1
759,216,319.5,177.0,32.4,76.8,1,-1,-1,-1
759,246,292.7,184.1,12.6,22.9,1,-1,-1,-1
760,178,224.7,193.2,28.5,77.4,1,-1,-1,-1
760,190,449.5,220.6,38.0,93.0,1,-1,-1,-1
760,194,681.6,121.0,24.5,61.2,1,-1,-1,-1
760,182,652.8,204.4,35.9,100.2,1,-1,-1,-1
760,179,238.3,233.4,41.1,93.1,1,-1,-1,-1
760,142,465.5,180.9,26.6,66.0,1,-1,-1,-1
760,216,314.0,177.5,32.3,76.4,1,-1,-1,-1
760,246,293.0,184.4,12.7,23.1,1,-1,-1,-1
761,178,228.2,192.0,28.6,78.0,1,-1,-1,-1
761,190,454.0,221.8,38.2,93.5,1,-1,-1,-1
761,194,682.9,121.7,24.4,61.2,1,-1,-1,-1
761,182,651.2,204.1,35.2,100.0,1,-1,-1,-1
761,179,238.3,234.8,41.1,93.5,1,-1,-1,-1
761,142,458.3,181.1,26.8,65.1,1,-1,-1,-1
761,216,310.4,177.0,32.5,76.4,1,-1,-1,-1
761,246,292.7,184.6,13.0,23.6,1,-1,-1,-1
762,178,234.0,190.9,28.0,76.5,1,-1,-1,-1
762,190,456.1,222.6,38.2,93.7,1,-1,-1,-1
762,194,684.3,122.8,24.0,59.8,1,-1,-1,-1
762,182,649.9,203.6,34.4,99.9,1,-1,-1,-1
762,179,238.2,236.6,40.0,92.2,1,-1,-1,-1
762,142,453.9,180.9,23.9,57.2,1,-1,-1,-1
762,216,306.7,176.0,32.3,76.8,1,-1,-1,-1
762,246,292.6,184.4,13.2,24.1,1,-1,-1,-1
763,178,240.2,188.8,25.3,67.5,1,-1,-1,-1
763,190,459.6,222.7,37.7,94.2,1,-1,-1,-1
763,194,685.3,123.1,24.0,59.8,1,-1,-1,-1
763,182,648.7,202.2,33.3,99.6,1,-1,-1,-1
763,179,240.6,235.5,39.9,93.3,1,-1,-1,-1
763,142,448.3,181.6,27.1,66.0,1,-1,-1,-1
763,216,301.2,175.4,31.3,76.1,1,-1,-1,-1
763,246,292.2,184.6,13.4,24.6,1,-1,-1,-1
763,238,738.9,60.0,20.6,38.1,1,-1,-1,-1
764,178,244.2,188.0,25.5,67.0,1,-1,-1,-1
764,190,466.7,223.1,36.5,93.1,1,-1,-1,-1
764,194,686.4,123.3,23.7,58.5,1,-1,-1,-1
764,182,647.3,201.1,31.7,97.3,1,-1,-1,-1
764,179,244.6,236.4,39.7,93.0,1,-1,-1,-1
764,142,441.8,182.9,28.6,68.7,1,-1,-1,-1
764,216,297.2,175.7,30.3,75.5,1,-1,-1,-1
764,238,739.6,60.3,19.7,37.6,1,-1,-1,-1
765,178,246.1,188.0,27.2,72.2,1,-1,-1,-1
765,190,472.2,223.8,37.0,95.9,1,-1,-1,-1
765,194,686.7,123.6,24.2,59.8,1,-1,-1,-1
765,182,645.4,200.0,30.5,96.0,1,-1,-1,-1
765,179,251.3,238.8,39.7,91.4,1,-1,-1,-1
765,142,436.8,184.6,29.8,69.5,1,-1,-1,-1
765,216,292.7,175.9,30.3,75.4,1,-1,-1,-1
765,238,740.2,60.8,18.9,37.4,1,-1,-1,-1
766,178,250.2,186.2,28.2,76.0,1,-1,-1,-1
766,190,476.8,226.2,37.4,97.6,1,-1,-1,-1
766,194,686.1,124.8,25.0,62.0,1,-1,-1,-1
766,182,638.1,198.9,30.7,95.6,1,-1,-1,-1
766,179,256.8,240.4,40.8,93.1,1,-1,-1,-1
766,142,431.2,185.6,29.9,69.5,1,-1,-1,-1
766,216,287.0,175.7,29.9,75.5,1,-1,-1,-1
766,238,741.9,61.1,18.3,37.1,1,-1,-1,-1
767,178,254.7,184.6,27.9,77.0,1,-1,-1,-1
767,190,482.5,227.9,36.5,96.9,1,-1,-1,-1
767,194,685.3,126.0,25.3,62.7,1,-1,-1,-1
767,182,632.6,198.8,31.2,94.9,1,-1,-1,-1
767,179,260.8,239.9,41.6,95.4,1,-1,-1,-1
767,216,281.1,176.0,29.1,74.9,1,-1,-1,-1
767,238,743.6,60.8,18.3,37.4,1,-1,-1,-1
768,178,259.7,182.5,26.9,75.4,1,-1,-1,-1
768,190,488.6,228.8,35.8,96.9,1,-1,-1,-1
768,194,684.3,126.5,25.2,62.5,1,-1,-1,-1
768,182,630.0,198.9,31.9,94.6,1,-1,-1,-1
768,179,266.6,239.6,41.2,96.4,1,-1,-1,-1
768,216,277.4,175.7,28.9,74.7,1,-1,-1,-1
768,238,743.0,58.5,19.3,39.1,1,-1,-1,-1
769,178,264.9,179.6,26.8,76.7,1,-1,-1,-1
769,190,498.3,230.6,36.2,96.3,1,-1,-1,-1
769,194,683.3,127.1,25.1,62.1,1,-1,-1,-1
769,182,627.6,198.2,32.2,94.3,1,-1,-1,-1
769,179,275.3,241.5,41.2,96.8,1,-1,-1,-1
769,216,269.7,176.5,30.9,79.7,1,-1,-1,-1
770,190,503.3,232.2,36.6,95.6,1,-1,-1,-1
770,194,682.6,127.8,25.0,61.4,1,-1,-1,-1
770,182,624.7,197.8,31.9,93.3,1,-1,-1,-1
770,179,283.1,242.5,41.9,97.4,1,-1,-1,-1
770,216,266.2,175.4,32.0,82.3,1,-1,-1,-1
770,142,400.8,190.3,31.4,74.5,1,-1,-1,-1
771,190,506.1,232.8,36.6,95.3,1,-1,-1,-1
771,194,681.8,128.7,25.5,62.6,1,-1,-1,-1
771,182,619.6,197.9,31.2,92.1,1,-1,-1,-1
771,179,287.6,244.3,42.3,98.0,1,-1,-1,-1
771,216,264.3,174.2,33.0,84.1,1,-1,-1,-1
771,142,393.1,190.3,30.8,75.8,1,-1,-1,-1
772,190,517.1,233.8,37.6,97.7,1,-1,-1,-1
772,194,681.3,130.3,25.6,62.9,1,-1,-1,-1
772,182,613.1,197.0,31.2,92.7,1,-1,-1,-1
772,179,296.4,246.1,41.4,98.5,1,-1,-1,-1
772,216,259.4,173.8,30.8,79.0,1,-1,-1,-1
772,142,382.3,192.9,32.0,74.8,1,-1,-1,-1
772,178,280.3,179.9,25.8,74.1,1,-1,-1,-1
773,190,523.8,235.7,38.6,99.4,1,-1,-1,-1
773,194,680.4,130.8,25.6,62.8,1,-1,-1,-1
773,182,609.2,196.7,31.7,93.4,1,-1,-1,-1
773,179,304.0,246.8,40.5,97.7,1,-1,-1,-1
773,216,256.4,173.0,29.4,75.6,1,-1,-1,-1
773,142,375.8,194.6,33.0,74.4,1,-1,-1,-1
773,178,285.6,179.5,25.3,73.6,1,-1,-1,-1
774,190,528.2,238.3,38.9,99.8,1,-1,-1,-1
774,194,679.3,130.8,25.6,62.6,1,-1,-1,-1
774,182,607.3,196.5,32.0,93.7,1,-1,-1,-1
774,179,312.6,248.1,40.9,97.5,1,-1,-1,-1
774,216,254.0,172.3,29.4,76.0,1,-1,-1,-1
774,142,369.5,194.9,32.9,74.3,1,-1,-1,-1
774,178,288.7,178.5,25.4,74.8,1,-1,-1,-1
775,190,531.1,239.2,38.3,99.8,1,-1,-1,-1
775,194,678.0,131.7,26.2,64.1,1,-1,-1,-1
775,182,607.0,196.4,32.1,93.7,1,-1,-1,-1
775,179,319.0,249.9,41.4,97.5,1,-1,-1,-1
775,216,251.8,171.9,29.3,76.3,1,-1,-1,-1
775,142,360.7,195.4,32.4,75.5,1,-1,-1,-1
775,178,291.6,178.0,25.3,75.2,1,-1,-1,-1
776,190,539.4,240.6,37.0,98.7,1,-1,-1,-1
776,194,675.0,133.2,26.1,63.9,1,-1,-1,-1
776,182,605.7,195.8,32.3,95.4,1,-1,-1,-1
776,179,323.7,250.8,42.2,100.3,1,-1,-1,-1
776,216,248.4,169.7,28.6,75.5,1,-1,-1,-1
776,142,352.3,197.6,31.9,73.4,1,-1,-1,-1
776,178,296.2,177.3,26.1,75.6,1,-1,-1,-1
777,190,544.8,241.8,36.6,98.5,1,-1,-1,-1
777,194,672.0,133.6,26.4,64.7,1,-1,-1,-1
777,182,604.8,195.9,32.6,97.3,1,-1,-1,-1
777,179,329.2,251.8,42.2,101.0,1,-1,-1,-1
777,216,247.6,169.3,28.1,74.3,1,-1,-1,-1
777,142,345.5,198.7,31.9,72.8,1,-1,-1,-1
777,178,299.6,176.5,26.2,75.3,1,-1,-1,-1
778,190,548.5,243.3,36.8,99.0,1,-1,-1,-1
778,194,669.9,133.6,26.6,65.2,1,-1,-1,-1
778,182,604.6,196.8,32.6,98.2,1,-1,-1,-1
778,179,334.6,252.6,42.7,101.2,1,-1,-1,-1
778,216,246.2,169.7,28.1,73.4,1,-1,-1,-1
778,142,336.4,198.9,28.9,67.2,1,-1,-1,-1
778,178,304.0,174.9,25.3,73.4,1,-1,-1,-1
779,190,556.0,244.2,36.0,98.7,1,-1,-1,-1
779,194,666.9,134.5,26.8,65.8,1,-1,-1,-1
779,182,606.0,199.1,32.5,97.4,1,-1,-1,-1
779,179,340.7,256.2,44.5,103.4,1,-1,-1,-1
779,216,242.2,169.6,27.9,72.6,1,-1,-1,-1
779,142,322.3,200.0,31.4,71.7,1,-1,-1,-1
779,178,309.1,172.6,25.0,73.3,1,-1,-1,-1
780,190,561.8,245.0,35.4,98.8,1,-1,-1,-1
780,194,665.1,135.4,26.8,65.8,1,-1,-1,-1
780,182,607.7,200.6,32.4,96.6,1,-1,-1,-1
780,179,344.3,258.2,45.8,106.0,1,-1,-1,-1
780,216,237.1,168.7,27.8,73.4,1,-1,-1,-1
780,142,315.2,203.1,32.6,71.2,1,-1,-1,-1
780,178,315.9,171.8,19.5,54.2,1,-1,-1,-1
781,190,567.1,246.4,36.4,101.5,1,-1,-1,-1
781,194,663.8,136.7,26.6,65.5,1,-1,-1,-1
781,182,610.2,201.9,32.0,95.2,1,-1,-1,-1
781,179,348.9,260.3,45.4,106.0,1,-1,-1,-1
781,216,234.5,168.0,27.6,74.2,1,-1,-1,-1
781,142,310.5,203.4,33.7,72.4,1,-1,-1,-1
781,178,319.9,171.4,25.2,67.3,1,-1,-1,-1
782,190,570.2,247.9,37.1,102.9,1,-1,-1,-1
782,194,662.4,137.4,26.7,66.0,1,-1,-1,-1
782,182,611.8,202.8,32.4,96.2,1,-1,-1,-1
782,179,351.9,261.4,44.3,105.9,1,-1,-1,-1
782,216,233.0,167.8,27.3,74.2,1,-1,-1,-1
782,142,302.4,201.0,34.0,74.6,1,-1,-1,-1
782,178,324.4,171.8,26.0,69.4,1,-1,-1,-1
783,190,575.2,249.3,37.1,102.3,1,-1,-1,-1
783,194,660.6,137.6,26.6,65.7,1,-1,-1,-1
783,182,613.4,206.8,32.6,96.9,1,-1,-1,-1
783,179,363.8,263.8,44.1,104.3,1,-1,-1,-1
783,216,229.0,166.7,27.4,74.2,1,-1,-1,-1
783,142,288.7,200.0,34.7,75.7,1,-1,-1,-1
783,178,330.6,170.3,26.3,71.1,1,-1,-1,-1
784,190,578.0,250.5,37.5,102.0,1,-1,-1,-1
784,194,658.9,138.1,26.8,66.0,1,-1,-1,-1
784,182,614.7,210.2,32.9,97.8,1,-1,-1,-1
784,179,369.7,265.7,44.4,103.4,1,-1,-1,-1
784,216,226.3,166.0,27.3,74.1,1,-1,-1,-1
784,142,282.0,200.8,34.9,74.4,1,-1,-1,-1
784,178,336.0,169.7,26.8,72.8,1,-1,-1,-1
785,190,579.6,251.4,38.5,103.8,1,-1,-1,-1
785,194,657.1,139.2,27.0,66.1,1,-1,-1,-1
785,182,616.3,212.1,32.7,97.5,1,-1,-1,-1
785,179,373.1,266.4,44.7,103.4,1,-1,-1,-1
785,216,224.5,165.5,27.2,73.8,1,-1,-1,-1
785,142,277.7,200.0,35.8,75.4,1,-1,-1,-1
785,178,341.6,169.9,27.0,71.9,1,-1,-1,-1
785,246,292.7,184.8,12.4,22.9,1,-1,-1,-1
786,190,585.2,254.8,39.7,105.0,1,-1,-1,-1
786,194,654.5,140.3,26.9,66.2,1,-1,-1,-1
786,182,618.5,212.6,32.6,96.9,1,-1,-1,-1
786,179,382.6,266.5,44.1,104.2,1,-1,-1,-1
786,216,223.5,165.0,27.1,73.7,1,-1,-1,-1
786,142,266.9,197.4,35.6,77.4,1,-1,-1,-1
786,178,346.7,168.4,28.1,72.5,1,-1,-1,-1
786,246,293.3,184.4,12.4,22.7,1,-1,-1,-1
787,190,590.2,256.2,40.8,105.8,1,-1,-1,-1
787,194,652.6,140.8,27.0,66.5,1,-1,-1,-1
787,182,619.7,214.4,33.7,100.3,1,-1,-1,-1
787,179,389.9,267.2,43.5,104.2,1,-1,-1,-1
787,216,223.3,164.6,27.2,74.2,1,-1,-1,-1
787,142,260.9,196.6,34.8,77.5,1,-1,-1,-1
787,178,350.9,166.6,28.8,73.9,1,-1,-1,-1
787,246,292.9,184.2,13.2,23.9,1,-1,-1,-1
788,190,594.6,256.7,41.4,106.2,1,-1,-1,-1
788,194,650.8,141.1,27.2,66.7,1,-1,-1,-1
788,182,621.6,216.5,34.2,101.9,1,-1,-1,-1
788,179,396.0,268.8,41.8,101.4,1,-1,-1,-1
788,216,223.2,163.4,27.4,74.4,1,-1,-1,-1
788,142,256.9,196.3,34.0,76.8,1,-1,-1,-1
788,178,355.1,165.0,28.1,73.6,1,-1,-1,-1
788,246,292.4,184.3,13.7,24.4,1,-1,-1,-1
789,190,597.5,259.1,41.5,106.9,1,-1,-1,-1
789,194,649.0,142.9,27.3,67.5,1,-1,-1,-1
789,182,625.3,220.0,34.9,103.4,1,-1,-1,-1
789,179,403.0,270.5,41.5,100.4,1,-1,-1,-1
789,216,223.1,161.4,26.8,72.3,1,-1,-1,-1
789,142,249.8,195.5,33.0,76.3,1,-1,-1,-1
789,178,363.7,164.4,28.7,73.3,1,-1,-1,-1
789,246,292.6,184.5,13.0,23.1,1,-1,-1,-1
790,190,599.5,261.3,41.9,108.3,1,-1,-1,-1
790,194,648.9,144.4,27.0,67.8,1,-1,-1,-1
790,182,629.0,221.2,35.2,103.6,1,-1,-1,-1
790,216,222.5,160.2,26.7,71.4,1,-1,-1,-1
790,142,245.8,194.5,32.3,76.1,1,-1,-1,-1
790,178,368.2,164.3,29.7,72.9,1,-1,-1,-1
790,246,292.9,184.7,12.5,22.1,1,-1,-1,-1
791,190,602.1,263.0,42.0,108.1,1,-1,-1,-1
791,194,649.8,145.2,26.7,67.8,1,-1,-1,-1
791,182,632.8,222.7,35.0,102.8,1,-1,-1,-1
791,216,222.0,159.9,26.5,70.7,1,-1,-1,-1
791,142,242.8,193.8,31.5,75.0,1,-1,-1,-1
791,178,370.9,163.3,30.1,72.8,1,-1,-1,-1
791,246,292.8,184.2,13.1,23.2,1,-1,-1,-1
791,179,413.8,271.4,43.0,108.0,1,-1,-1,-1
792,190,605.0,263.4,42.1,108.5,1,-1,-1,-1
792,194,650.9,145.7,26.2,67.3,1,-1,-1,-1
792,182,635.7,224.7,35.8,105.0,1,-1,-1,-1
792,216,220.8,159.7,26.2,69.6,1,-1,-1,-1
792,142,240.2,193.6,31.0,74.2,1,-1,-1,-1
792,178,375.9,163.3,29.4,71.6,1,-1,-1,-1
792,246,292.8,184.3,12.8,22.6,1,-1,-1,-1
792,179,421.1,272.0,41.3,105.8,1,-1,-1,-1
793,190,608.4,264.0,41.8,108.2,1,-1,-1,-1
793,194,651.5,145.9,25.8,66.9,1,-1,-1,-1
793,182,638.0,227.2,36.1,106.6,1,-1,-1,-1
793,216,219.0,159.7,26.0,68.8,1,-1,-1,-1
793,142,238.0,192.6,30.9,74.7,1,-1,-1,-1
793,178,381.5,162.6,29.1,72.1,1,-1,-1,-1
793,246,292.9,184.7,12.6,22.2,1,-1,-1,-1
793,179,430.6,272.9,40.5,104.1,1,-1,-1,-1
794,190,612.0,265.9,41.3,107.7,1,-1,-1,-1
794,194,651.8,146.2,25.7,67.3,1,-1,-1,-1
794,182,639.8,230.7,36.2,107.7,1,-1,-1,-1
794,216,216.7,158.9,26.0,68.7,1,-1,-1,-1
794,142,235.4,191.6,30.8,75.3,1,-1,-1,-1
794,178,384.9,162.0,29.8,72.5,1,-1,-1,-1
794,246,292.9,184.5,12.6,22.3,1,-1,-1,-1
794,179,439.1,274.1,41.5,104.1,1,-1,-1,-1
795,190,616.4,266.2,41.9,109.6,1,-1,-1,-1
795,194,651.8,146.8,25.7,68.3,1,-1,-1,-1
795,182,642.7,232.4,35.8,106.9,1,-1,-1,-1
795,216,214.4,157.6,26.3,69.3,1,-1,-1,-1
795,142,233.2,189.9,30.4,75.0,1,-1,-1,-1
795,178,389.8,161.6,30.5,73.1,1,-1,-1,-1
795,246,292.8,184.5,12.7,22.4,1,-1,-1,-1
795,179,442.4,274.9,43.2,105.9,1,-1,-1,-1
