file,class,split,group
Closed_train_0000.jpg,Closed,train,1079
Closed_test_0000.jpg,Closed,test,742
Closed_val_0000.jpg,Closed,val,605
Closed_train_0001.jpg,Closed,train,905
Closed_test_0001.jpg,Closed,test,1023
Closed_train_0002.jpg,Closed,train,771
Closed_train_0003.jpg,Closed,train,1096
Closed_train_0004.jpg,Closed,train,1117
Closed_val_0001.jpg,Closed,val,831
Closed_train_0005.jpg,Closed,train,836
Closed_val_0002.jpg,Closed,val,1098
Closed_train_0006.jpg,Closed,train,778
Closed_train_0007.jpg,Closed,train,891
Closed_test_0002.jpg,Closed,test,670
Closed_train_0008.jpg,Closed,train,967
Closed_val_0003.jpg,Closed,val,113
Closed_train_0009.jpg,Closed,train,833
Closed_train_0010.jpg,Closed,train,667
Closed_train_0011.jpg,Closed,train,117
Closed_train_0012.jpg,Closed,train,1119
Closed_train_0013.jpg,Closed,train,1111
Closed_train_0014.jpg,Closed,train,876
Closed_train_0015.jpg,Closed,train,767
Closed_train_0016.jpg,Closed,train,707
Closed_train_0017.jpg,Closed,train,803
Closed_train_0018.jpg,Closed,train,1095
Closed_test_0003.jpg,Closed,test,599
Closed_train_0019.jpg,Closed,train,1068
Closed_train_0020.jpg,Closed,train,31
Closed_train_0021.jpg,Closed,train,698
Closed_test_0004.jpg,Closed,test,996
Closed_train_0022.jpg,Closed,train,28
Closed_train_0023.jpg,Closed,train,105
Closed_train_0024.jpg,Closed,train,975
Closed_train_0025.jpg,Closed,train,697
Closed_train_0026.jpg,Closed,train,937
Closed_train_0027.jpg,Closed,train,899
Closed_train_0028.jpg,Closed,train,881
Closed_val_0004.jpg,Closed,val,1080
Closed_train_0029.jpg,Closed,train,669
Closed_train_0030.jpg,Closed,train,931
Closed_train_0031.jpg,Closed,train,909
Closed_train_0032.jpg,Closed,train,733
Closed_train_0033.jpg,Closed,train,900
Closed_train_0034.jpg,Closed,train,713
Closed_train_0035.jpg,Closed,train,687
Closed_val_0005.jpg,Closed,val,952
Closed_test_0005.jpg,Closed,test,643
Closed_train_0036.jpg,Closed,train,898
Closed_train_0037.jpg,Closed,train,54
Closed_train_0038.jpg,Closed,train,15
Closed_val_0006.jpg,Closed,val,217
Closed_train_0039.jpg,Closed,train,65
Closed_train_0040.jpg,Closed,train,117
Closed_train_0041.jpg,Closed,train,773
Closed_val_0007.jpg,Closed,val,125
Closed_test_0006.jpg,Closed,test,66
Closed_train_0042.jpg,Closed,train,724
Closed_train_0043.jpg,Closed,train,841
Closed_train_0044.jpg,Closed,train,58
Closed_train_0045.jpg,Closed,train,2
Closed_train_0046.jpg,Closed,train,15
Closed_train_0047.jpg,Closed,train,15
Closed_train_0048.jpg,Closed,train,133
Closed_train_0049.jpg,Closed,train,15
Closed_val_0008.jpg,Closed,val,211
Closed_train_0050.jpg,Closed,train,225
Closed_train_0051.jpg,Closed,train,65
Closed_val_0009.jpg,Closed,val,92
Closed_test_0007.jpg,Closed,test,56
Closed_train_0052.jpg,Closed,train,695
Closed_train_0053.jpg,Closed,train,105
Closed_val_0010.jpg,Closed,val,927
Closed_train_0054.jpg,Closed,train,15
Closed_train_0055.jpg,Closed,train,1026
Closed_test_0008.jpg,Closed,test,762
Closed_train_0056.jpg,Closed,train,618
Closed_train_0057.jpg,Closed,train,270
Closed_train_0058.jpg,Closed,train,270
Closed_val_0011.jpg,Closed,val,155
Closed_train_0059.jpg,Closed,train,58
Closed_train_0060.jpg,Closed,train,951
Closed_train_0061.jpg,Closed,train,867
Closed_test_0009.jpg,Closed,test,769
Closed_train_0062.jpg,Closed,train,679
Closed_train_0063.jpg,Closed,train,752
Closed_train_0064.jpg,Closed,train,777
Closed_train_0065.jpg,Closed,train,1012
Closed_val_0012.jpg,Closed,val,690
Closed_val_0013.jpg,Closed,val,92
Closed_test_0010.jpg,Closed,test,710
Closed_val_0014.jpg,Closed,val,1103
Closed_train_0066.jpg,Closed,train,65
Closed_train_0067.jpg,Closed,train,959
Closed_train_0068.jpg,Closed,train,992
Closed_train_0069.jpg,Closed,train,659
Closed_val_0015.jpg,Closed,val,981
Closed_train_0070.jpg,Closed,train,879
Closed_val_0016.jpg,Closed,val,843
Closed_train_0071.jpg,Closed,train,1083
Closed_val_0017.jpg,Closed,val,44
Closed_train_0072.jpg,Closed,train,835
Closed_train_0073.jpg,Closed,train,863
Closed_train_0074.jpg,Closed,train,758
Closed_val_0018.jpg,Closed,val,1025
Closed_test_0011.jpg,Closed,test,721
Closed_train_0075.jpg,Closed,train,770
Closed_val_0019.jpg,Closed,val,902
Closed_val_0020.jpg,Closed,val,44
Closed_test_0012.jpg,Closed,test,49
Closed_val_0021.jpg,Closed,val,948
Closed_train_0076.jpg,Closed,train,794
Closed_train_0077.jpg,Closed,train,727
Closed_train_0078.jpg,Closed,train,1097
Closed_val_0022.jpg,Closed,val,1057
Closed_train_0079.jpg,Closed,train,1113
Closed_train_0080.jpg,Closed,train,1069
Closed_val_0023.jpg,Closed,val,603
Closed_train_0081.jpg,Closed,train,1039
Closed_train_0082.jpg,Closed,train,819
Closed_train_0083.jpg,Closed,train,609
Closed_val_0024.jpg,Closed,val,1105
Closed_train_0084.jpg,Closed,train,943
Closed_train_0085.jpg,Closed,train,674
Closed_train_0086.jpg,Closed,train,45
Closed_val_0025.jpg,Closed,val,607
Closed_train_0087.jpg,Closed,train,855
Closed_val_0026.jpg,Closed,val,699
Closed_train_0088.jpg,Closed,train,1047
Closed_train_0089.jpg,Closed,train,929
Closed_train_0090.jpg,Closed,train,1021
Closed_train_0091.jpg,Closed,train,775
Closed_test_0013.jpg,Closed,test,604
Closed_train_0092.jpg,Closed,train,668
Closed_test_0014.jpg,Closed,test,1007
Closed_train_0093.jpg,Closed,train,1104
Closed_train_0094.jpg,Closed,train,19
Closed_train_0095.jpg,Closed,train,661
Closed_test_0015.jpg,Closed,test,639
Closed_train_0096.jpg,Closed,train,1045
Closed_test_0016.jpg,Closed,test,56
Closed_val_0027.jpg,Closed,val,973
Closed_train_0097.jpg,Closed,train,61
Closed_val_0028.jpg,Closed,val,862
Closed_test_0017.jpg,Closed,test,625
Closed_train_0098.jpg,Closed,train,54
Closed_train_0099.jpg,Closed,train,580
Closed_train_0100.jpg,Closed,train,740
Closed_train_0101.jpg,Closed,train,873
Closed_train_0102.jpg,Closed,train,134
Closed_val_0029.jpg,Closed,val,1019
Closed_train_0103.jpg,Closed,train,656
Closed_train_0104.jpg,Closed,train,1088
Closed_test_0018.jpg,Closed,test,1008
Closed_test_0019.jpg,Closed,test,591
Closed_test_0020.jpg,Closed,test,1040
Closed_train_0105.jpg,Closed,train,842
Closed_train_0106.jpg,Closed,train,672
Closed_train_0107.jpg,Closed,train,793
Closed_train_0108.jpg,Closed,train,882
Closed_test_0021.jpg,Closed,test,1059
Closed_train_0109.jpg,Closed,train,26
Closed_test_0022.jpg,Closed,test,4
Closed_val_0030.jpg,Closed,val,132
Closed_test_0023.jpg,Closed,test,66
Closed_train_0110.jpg,Closed,train,128
Closed_train_0111.jpg,Closed,train,0
Closed_train_0112.jpg,Closed,train,222
Closed_train_0113.jpg,Closed,train,584
Closed_train_0114.jpg,Closed,train,0
Closed_train_0115.jpg,Closed,train,222
Closed_train_0116.jpg,Closed,train,25
Closed_train_0117.jpg,Closed,train,593
Closed_train_0118.jpg,Closed,train,1120
Closed_train_0119.jpg,Closed,train,25
Closed_val_0031.jpg,Closed,val,751
Closed_train_0120.jpg,Closed,train,38
Closed_train_0121.jpg,Closed,train,99
Closed_train_0122.jpg,Closed,train,745
Closed_train_0123.jpg,Closed,train,723
Closed_train_0124.jpg,Closed,train,99
Closed_test_0024.jpg,Closed,test,66
Closed_train_0125.jpg,Closed,train,804
Closed_train_0126.jpg,Closed,train,375
Closed_test_0025.jpg,Closed,test,728
Closed_test_0026.jpg,Closed,test,1071
Closed_val_0032.jpg,Closed,val,396
Closed_train_0127.jpg,Closed,train,130
Closed_test_0027.jpg,Closed,test,588
Closed_train_0128.jpg,Closed,train,39
Closed_val_0033.jpg,Closed,val,786
Closed_train_0129.jpg,Closed,train,895
Closed_train_0130.jpg,Closed,train,15
Closed_train_0131.jpg,Closed,train,133
Closed_train_0132.jpg,Closed,train,14
Closed_train_0133.jpg,Closed,train,2
Closed_test_0028.jpg,Closed,test,999
Closed_train_0134.jpg,Closed,train,1049
Closed_train_0135.jpg,Closed,train,985
Closed_train_0136.jpg,Closed,train,25
Closed_train_0137.jpg,Closed,train,475
Closed_train_0138.jpg,Closed,train,634
Closed_val_0034.jpg,Closed,val,16
Closed_train_0139.jpg,Closed,train,1004
Closed_val_0035.jpg,Closed,val,920
Closed_train_0140.jpg,Closed,train,894
Closed_test_0029.jpg,Closed,test,953
Closed_train_0141.jpg,Closed,train,763
Closed_train_0142.jpg,Closed,train,923
Closed_test_0030.jpg,Closed,test,22
Closed_train_0143.jpg,Closed,train,21
Closed_train_0144.jpg,Closed,train,906
Closed_train_0145.jpg,Closed,train,26
Closed_train_0146.jpg,Closed,train,961
Closed_train_0147.jpg,Closed,train,660
Closed_train_0148.jpg,Closed,train,650
Closed_test_0031.jpg,Closed,test,4
Closed_val_0036.jpg,Closed,val,132
Closed_train_0149.jpg,Closed,train,962
Closed_train_0150.jpg,Closed,train,64
Closed_train_0151.jpg,Closed,train,811
Closed_test_0032.jpg,Closed,test,4
Closed_train_0152.jpg,Closed,train,135
Closed_train_0153.jpg,Closed,train,15
Closed_train_0154.jpg,Closed,train,1009
Closed_train_0155.jpg,Closed,train,649
Closed_val_0037.jpg,Closed,val,1089
Closed_train_0156.jpg,Closed,train,1048
Closed_test_0033.jpg,Closed,test,968
Closed_train_0157.jpg,Closed,train,1064
Closed_train_0158.jpg,Closed,train,42
Closed_train_0159.jpg,Closed,train,15
Closed_val_0038.jpg,Closed,val,97
Closed_val_0039.jpg,Closed,val,631
Closed_train_0160.jpg,Closed,train,654
Closed_test_0034.jpg,Closed,test,1085
Closed_train_0161.jpg,Closed,train,590
Closed_test_0035.jpg,Closed,test,4
Closed_test_0036.jpg,Closed,test,12
Closed_train_0162.jpg,Closed,train,919
Closed_test_0037.jpg,Closed,test,12
Closed_train_0163.jpg,Closed,train,547
Closed_test_0038.jpg,Closed,test,119
Closed_train_0164.jpg,Closed,train,15
Closed_train_0165.jpg,Closed,train,600
Closed_val_0040.jpg,Closed,val,980
Closed_train_0166.jpg,Closed,train,963
Closed_test_0039.jpg,Closed,test,12
Closed_test_0040.jpg,Closed,test,4
Closed_train_0167.jpg,Closed,train,15
Closed_train_0168.jpg,Closed,train,9
Closed_train_0169.jpg,Closed,train,1006
Closed_train_0170.jpg,Closed,train,1001
Closed_train_0171.jpg,Closed,train,552
Closed_train_0172.jpg,Closed,train,692
Closed_train_0173.jpg,Closed,train,700
Closed_train_0174.jpg,Closed,train,10
Closed_train_0175.jpg,Closed,train,32
Closed_train_0176.jpg,Closed,train,885
Closed_val_0041.jpg,Closed,val,889
Closed_test_0041.jpg,Closed,test,4
Closed_train_0177.jpg,Closed,train,109
Closed_test_0042.jpg,Closed,test,4
Closed_test_0043.jpg,Closed,test,12
Closed_test_0044.jpg,Closed,test,4
Closed_val_0042.jpg,Closed,val,132
Closed_val_0043.jpg,Closed,val,1024
Closed_train_0178.jpg,Closed,train,1078
Closed_train_0179.jpg,Closed,train,696
Closed_val_0044.jpg,Closed,val,971
Closed_train_0180.jpg,Closed,train,14
Closed_train_0181.jpg,Closed,train,563
Closed_train_0182.jpg,Closed,train,1112
Closed_test_0045.jpg,Closed,test,4
Closed_val_0045.jpg,Closed,val,132
Closed_val_0046.jpg,Closed,val,301
Closed_test_0046.jpg,Closed,test,837
Closed_train_0183.jpg,Closed,train,112
Closed_train_0184.jpg,Closed,train,908
Closed_train_0185.jpg,Closed,train,61
Closed_train_0186.jpg,Closed,train,440
Closed_train_0187.jpg,Closed,train,65
Closed_train_0188.jpg,Closed,train,832
Closed_train_0189.jpg,Closed,train,993
Closed_val_0047.jpg,Closed,val,629
Closed_train_0190.jpg,Closed,train,6
Closed_train_0191.jpg,Closed,train,277
Closed_train_0192.jpg,Closed,train,65
Closed_train_0193.jpg,Closed,train,277
Closed_val_0048.jpg,Closed,val,503
Closed_val_0049.jpg,Closed,val,155
Closed_train_0194.jpg,Closed,train,939
Closed_train_0195.jpg,Closed,train,1106
Closed_train_0196.jpg,Closed,train,1091
Closed_val_0050.jpg,Closed,val,417
Closed_test_0047.jpg,Closed,test,4
Closed_test_0048.jpg,Closed,test,12
Closed_train_0197.jpg,Closed,train,682
Closed_test_0049.jpg,Closed,test,66
Closed_test_0050.jpg,Closed,test,4
Closed_train_0198.jpg,Closed,train,1010
Closed_train_0199.jpg,Closed,train,642
Closed_train_0200.jpg,Closed,train,15
Closed_test_0051.jpg,Closed,test,957
Closed_test_0052.jpg,Closed,test,913
Closed_train_0201.jpg,Closed,train,1118
Closed_test_0053.jpg,Closed,test,56
Closed_test_0054.jpg,Closed,test,121
Closed_train_0202.jpg,Closed,train,1093
Closed_test_0055.jpg,Closed,test,226
Closed_train_0203.jpg,Closed,train,1051
Closed_train_0204.jpg,Closed,train,1003
Closed_train_0205.jpg,Closed,train,3
Closed_train_0206.jpg,Closed,train,10
Closed_train_0207.jpg,Closed,train,275
Closed_train_0208.jpg,Closed,train,558
Closed_test_0056.jpg,Closed,test,258
Closed_test_0057.jpg,Closed,test,89
Closed_val_0051.jpg,Closed,val,43
Closed_test_0058.jpg,Closed,test,977
Closed_test_0059.jpg,Closed,test,121
Closed_train_0209.jpg,Closed,train,840
Closed_train_0210.jpg,Closed,train,1081
Closed_test_0060.jpg,Closed,test,872
Closed_train_0211.jpg,Closed,train,41
Closed_train_0212.jpg,Closed,train,15
Closed_train_0213.jpg,Closed,train,512
Closed_val_0052.jpg,Closed,val,938
Closed_train_0214.jpg,Closed,train,60
Closed_train_0215.jpg,Closed,train,826
Closed_train_0216.jpg,Closed,train,60
Closed_val_0053.jpg,Closed,val,113
Closed_val_0054.jpg,Closed,val,18
Closed_train_0217.jpg,Closed,train,1121
Closed_val_0055.jpg,Closed,val,921
Closed_train_0218.jpg,Closed,train,19
Closed_val_0056.jpg,Closed,val,582
Closed_train_0219.jpg,Closed,train,978
Closed_train_0220.jpg,Closed,train,1060
Closed_test_0061.jpg,Closed,test,820
Closed_val_0057.jpg,Closed,val,559
Closed_train_0221.jpg,Closed,train,459
Closed_test_0062.jpg,Closed,test,637
Closed_test_0063.jpg,Closed,test,12
Closed_val_0058.jpg,Closed,val,30
Closed_test_0064.jpg,Closed,test,12
Closed_train_0222.jpg,Closed,train,55
Closed_train_0223.jpg,Closed,train,610
Closed_test_0065.jpg,Closed,test,56
Closed_train_0224.jpg,Closed,train,15
Closed_train_0225.jpg,Closed,train,501
Closed_train_0226.jpg,Closed,train,1005
Closed_train_0227.jpg,Closed,train,15
Closed_train_0228.jpg,Closed,train,15
Closed_train_0229.jpg,Closed,train,15
Closed_train_0230.jpg,Closed,train,15
Closed_train_0231.jpg,Closed,train,129
Closed_test_0066.jpg,Closed,test,33
Closed_train_0232.jpg,Closed,train,31
Closed_train_0233.jpg,Closed,train,647
Closed_train_0234.jpg,Closed,train,15
Closed_train_0235.jpg,Closed,train,15
Closed_test_0067.jpg,Closed,test,12
Closed_train_0236.jpg,Closed,train,924
Closed_train_0237.jpg,Closed,train,834
Closed_train_0238.jpg,Closed,train,1055
Closed_test_0068.jpg,Closed,test,595
Closed_test_0069.jpg,Closed,test,56
Closed_train_0239.jpg,Closed,train,128
Closed_test_0070.jpg,Closed,test,56
Closed_train_0240.jpg,Closed,train,886
Closed_train_0241.jpg,Closed,train,859
Closed_train_0242.jpg,Closed,train,24
Closed_test_0071.jpg,Closed,test,384
Closed_train_0243.jpg,Closed,train,260
Closed_train_0244.jpg,Closed,train,324
Closed_val_0059.jpg,Closed,val,1053
Closed_test_0072.jpg,Closed,test,34
Closed_val_0060.jpg,Closed,val,211
Closed_test_0073.jpg,Closed,test,12
Closed_train_0245.jpg,Closed,train,601
Closed_train_0246.jpg,Closed,train,684
Closed_train_0247.jpg,Closed,train,236
Closed_train_0248.jpg,Closed,train,965
Closed_train_0249.jpg,Closed,train,236
Closed_val_0061.jpg,Closed,val,63
Closed_train_0250.jpg,Closed,train,1072
Closed_test_0074.jpg,Closed,test,4
Closed_train_0251.jpg,Closed,train,1066
Closed_val_0062.jpg,Closed,val,53
Closed_train_0252.jpg,Closed,train,969
Closed_train_0253.jpg,Closed,train,15
Closed_train_0254.jpg,Closed,train,275
Closed_test_0075.jpg,Closed,test,1110
Closed_train_0255.jpg,Closed,train,1058
Closed_val_0063.jpg,Closed,val,791
Closed_train_0256.jpg,Closed,train,45
Closed_train_0257.jpg,Closed,train,45
Closed_train_0258.jpg,Closed,train,15
Closed_train_0259.jpg,Closed,train,945
Closed_train_0260.jpg,Closed,train,108
Closed_test_0076.jpg,Closed,test,50
Closed_test_0077.jpg,Closed,test,262
Closed_val_0064.jpg,Closed,val,211
Closed_train_0261.jpg,Closed,train,644
Closed_train_0262.jpg,Closed,train,15
Closed_train_0263.jpg,Closed,train,15
Closed_train_0264.jpg,Closed,train,612
Closed_train_0265.jpg,Closed,train,1115
Closed_val_0065.jpg,Closed,val,801
Closed_train_0266.jpg,Closed,train,994
Closed_train_0267.jpg,Closed,train,1042
Closed_train_0268.jpg,Closed,train,706
Closed_train_0269.jpg,Closed,train,761
Closed_train_0270.jpg,Closed,train,15
Closed_test_0078.jpg,Closed,test,12
Closed_train_0271.jpg,Closed,train,844
Closed_val_0066.jpg,Closed,val,658
Closed_train_0272.jpg,Closed,train,15
Closed_train_0273.jpg,Closed,train,15
Closed_train_0274.jpg,Closed,train,15
Closed_train_0275.jpg,Closed,train,632
Closed_train_0276.jpg,Closed,train,768
Closed_train_0277.jpg,Closed,train,228
Closed_train_0278.jpg,Closed,train,635
Closed_train_0279.jpg,Closed,train,818
Closed_train_0280.jpg,Closed,train,757
Closed_train_0281.jpg,Closed,train,1116
Closed_test_0079.jpg,Closed,test,17
Closed_train_0282.jpg,Closed,train,128
Closed_train_0283.jpg,Closed,train,15
Closed_train_0284.jpg,Closed,train,15
Closed_train_0285.jpg,Closed,train,1094
Closed_train_0286.jpg,Closed,train,5
Closed_train_0287.jpg,Closed,train,736
Closed_train_0288.jpg,Closed,train,1011
Closed_train_0289.jpg,Closed,train,1032
Closed_train_0290.jpg,Closed,train,711
Closed_train_0291.jpg,Closed,train,619
Closed_train_0292.jpg,Closed,train,613
Closed_train_0293.jpg,Closed,train,1002
Closed_train_0294.jpg,Closed,train,1062
Closed_train_0295.jpg,Closed,train,759
Closed_train_0296.jpg,Closed,train,564
Closed_train_0297.jpg,Closed,train,415
Closed_test_0080.jpg,Closed,test,856
Closed_train_0298.jpg,Closed,train,136
Closed_train_0299.jpg,Closed,train,594
Closed_train_0300.jpg,Closed,train,712
Closed_train_0301.jpg,Closed,train,15
Closed_train_0302.jpg,Closed,train,15
Closed_test_0081.jpg,Closed,test,68
Closed_train_0303.jpg,Closed,train,954
Closed_train_0304.jpg,Closed,train,560
Closed_val_0067.jpg,Closed,val,1061
Closed_train_0305.jpg,Closed,train,709
Closed_train_0306.jpg,Closed,train,907
Closed_test_0082.jpg,Closed,test,91
Closed_test_0083.jpg,Closed,test,743
Closed_train_0307.jpg,Closed,train,383
Closed_val_0068.jpg,Closed,val,960
Closed_train_0308.jpg,Closed,train,246
Closed_train_0309.jpg,Closed,train,576
Closed_train_0310.jpg,Closed,train,38
Closed_test_0084.jpg,Closed,test,46
Closed_train_0311.jpg,Closed,train,246
Closed_train_0312.jpg,Closed,train,109
Closed_train_0313.jpg,Closed,train,810
Closed_train_0314.jpg,Closed,train,64
Closed_train_0315.jpg,Closed,train,15
Closed_train_0316.jpg,Closed,train,420
Closed_train_0317.jpg,Closed,train,505
Closed_test_0085.jpg,Closed,test,4
Closed_train_0318.jpg,Closed,train,1034
Closed_train_0319.jpg,Closed,train,645
Closed_test_0086.jpg,Closed,test,4
Closed_train_0320.jpg,Closed,train,128
Closed_train_0321.jpg,Closed,train,565
Closed_train_0322.jpg,Closed,train,14
Closed_val_0069.jpg,Closed,val,620
Closed_train_0323.jpg,Closed,train,1077
Closed_train_0324.jpg,Closed,train,784
Closed_train_0325.jpg,Closed,train,858
Closed_val_0070.jpg,Closed,val,718
Closed_val_0071.jpg,Closed,val,979
Closed_train_0326.jpg,Closed,train,480
Closed_train_0327.jpg,Closed,train,602
Closed_train_0328.jpg,Closed,train,781
Closed_train_0329.jpg,Closed,train,646
Closed_train_0330.jpg,Closed,train,130
Closed_train_0331.jpg,Closed,train,1056
Closed_train_0332.jpg,Closed,train,892
Closed_test_0087.jpg,Closed,test,792
Closed_train_0333.jpg,Closed,train,884
Closed_val_0072.jpg,Closed,val,570
Closed_train_0334.jpg,Closed,train,427
Closed_train_0335.jpg,Closed,train,911
Closed_train_0336.jpg,Closed,train,112
Closed_train_0337.jpg,Closed,train,25
Closed_train_0338.jpg,Closed,train,15
Closed_test_0088.jpg,Closed,test,226
Closed_train_0339.jpg,Closed,train,523
Closed_val_0073.jpg,Closed,val,29
Closed_train_0340.jpg,Closed,train,1076
Closed_train_0341.jpg,Closed,train,870
Closed_train_0342.jpg,Closed,train,807
Closed_train_0343.jpg,Closed,train,1013
Closed_train_0344.jpg,Closed,train,805
Closed_train_0345.jpg,Closed,train,652
Closed_val_0074.jpg,Closed,val,949
Closed_train_0346.jpg,Closed,train,689
Closed_val_0075.jpg,Closed,val,43
Closed_train_0347.jpg,Closed,train,581
Closed_train_0348.jpg,Closed,train,874
Closed_train_0349.jpg,Closed,train,865
Closed_train_0350.jpg,Closed,train,15
Closed_test_0089.jpg,Closed,test,89
Closed_train_0351.jpg,Closed,train,300
Closed_test_0090.jpg,Closed,test,17
Closed_train_0352.jpg,Closed,train,1054
Closed_val_0076.jpg,Closed,val,1029
Closed_train_0353.jpg,Closed,train,663
Closed_train_0354.jpg,Closed,train,15
Closed_train_0355.jpg,Closed,train,861
Closed_train_0356.jpg,Closed,train,739
Closed_train_0357.jpg,Closed,train,430
Closed_train_0358.jpg,Closed,train,741
Closed_train_0359.jpg,Closed,train,860
Closed_val_0077.jpg,Closed,val,606
Closed_train_0360.jpg,Closed,train,59
Closed_train_0361.jpg,Closed,train,59
Closed_train_0362.jpg,Closed,train,538
Closed_test_0091.jpg,Closed,test,756
Closed_test_0092.jpg,Closed,test,651
Closed_test_0093.jpg,Closed,test,27
Closed_train_0363.jpg,Closed,train,32
Closed_train_0364.jpg,Closed,train,691
Closed_train_0365.jpg,Closed,train,1020
Closed_train_0366.jpg,Closed,train,987
Closed_test_0094.jpg,Closed,test,845
Closed_train_0367.jpg,Closed,train,566
Closed_train_0368.jpg,Closed,train,1043
Closed_train_0369.jpg,Closed,train,608
Closed_val_0078.jpg,Closed,val,754
Closed_val_0079.jpg,Closed,val,839
Closed_train_0370.jpg,Closed,train,1035
Closed_train_0371.jpg,Closed,train,597
Closed_train_0372.jpg,Closed,train,1041
Closed_train_0373.jpg,Closed,train,677
Closed_train_0374.jpg,Closed,train,928
Closed_train_0375.jpg,Closed,train,868
Closed_train_0376.jpg,Closed,train,725
Closed_train_0377.jpg,Closed,train,878
Closed_test_0095.jpg,Closed,test,714
Closed_train_0378.jpg,Closed,train,476
Closed_train_0379.jpg,Closed,train,303
Closed_train_0380.jpg,Closed,train,136
Closed_val_0080.jpg,Closed,val,1014
Closed_test_0096.jpg,Closed,test,941
Closed_train_0381.jpg,Closed,train,864
Closed_train_0382.jpg,Closed,train,1075
Closed_train_0383.jpg,Closed,train,935
Closed_train_0384.jpg,Closed,train,572
Closed_test_0097.jpg,Closed,test,12
Closed_val_0081.jpg,Closed,val,30
Closed_train_0385.jpg,Closed,train,1052
Closed_train_0386.jpg,Closed,train,738
Closed_test_0098.jpg,Closed,test,46
Closed_train_0387.jpg,Closed,train,2
Closed_test_0099.jpg,Closed,test,990
Closed_train_0388.jpg,Closed,train,28
Closed_train_0389.jpg,Closed,train,388
Closed_test_0100.jpg,Closed,test,50
Closed_train_0390.jpg,Closed,train,1101
Closed_train_0391.jpg,Closed,train,966
Closed_test_0101.jpg,Closed,test,49
Closed_train_0392.jpg,Closed,train,916
Closed_train_0393.jpg,Closed,train,883
Closed_train_0394.jpg,Closed,train,302
Closed_train_0395.jpg,Closed,train,2
Closed_train_0396.jpg,Closed,train,812
Closed_train_0397.jpg,Closed,train,123
Closed_train_0398.jpg,Closed,train,1067
Closed_train_0399.jpg,Closed,train,853
Closed_train_0400.jpg,Closed,train,1073
Closed_train_0401.jpg,Closed,train,138
Closed_train_0402.jpg,Closed,train,409
Closed_train_0403.jpg,Closed,train,138
Closed_test_0102.jpg,Closed,test,755
Closed_train_0404.jpg,Closed,train,936
Closed_test_0103.jpg,Closed,test,22
Closed_train_0405.jpg,Closed,train,1084
Closed_train_0406.jpg,Closed,train,765
Closed_train_0407.jpg,Closed,train,134
Closed_train_0408.jpg,Closed,train,910
Closed_train_0409.jpg,Closed,train,735
Closed_train_0410.jpg,Closed,train,989
Closed_train_0411.jpg,Closed,train,753
Closed_train_0412.jpg,Closed,train,1100
Closed_train_0413.jpg,Closed,train,62
Closed_train_0414.jpg,Closed,train,1092
Closed_train_0415.jpg,Closed,train,880
Closed_train_0416.jpg,Closed,train,970
Closed_val_0082.jpg,Closed,val,53
Closed_train_0417.jpg,Closed,train,1046
Closed_train_0418.jpg,Closed,train,746
Closed_val_0083.jpg,Closed,val,16
Closed_train_0419.jpg,Closed,train,933
Closed_test_0104.jpg,Closed,test,37
Closed_train_0420.jpg,Closed,train,458
Closed_test_0105.jpg,Closed,test,4
Closed_val_0084.jpg,Closed,val,16
Closed_test_0106.jpg,Closed,test,577
Closed_test_0107.jpg,Closed,test,676
Closed_train_0421.jpg,Closed,train,62
Closed_train_0422.jpg,Closed,train,421
Closed_val_0085.jpg,Closed,val,789
Closed_test_0108.jpg,Closed,test,829
Closed_train_0423.jpg,Closed,train,281
Closed_train_0424.jpg,Closed,train,555
Closed_test_0109.jpg,Closed,test,68
Closed_train_0425.jpg,Closed,train,574
Closed_train_0426.jpg,Closed,train,1065
Closed_val_0086.jpg,Closed,val,662
Closed_train_0427.jpg,Closed,train,956
Closed_val_0087.jpg,Closed,val,57
Closed_train_0428.jpg,Closed,train,1074
Closed_train_0429.jpg,Closed,train,228
Closed_test_0110.jpg,Closed,test,27
Closed_test_0111.jpg,Closed,test,48
Closed_train_0430.jpg,Closed,train,275
Closed_val_0088.jpg,Closed,val,838
Closed_train_0431.jpg,Closed,train,10
Closed_train_0432.jpg,Closed,train,722
Closed_val_0089.jpg,Closed,val,18
Closed_train_0433.jpg,Closed,train,11
Closed_train_0434.jpg,Closed,train,429
Closed_train_0435.jpg,Closed,train,626
Closed_val_0090.jpg,Closed,val,1082
Closed_train_0436.jpg,Closed,train,24
Closed_test_0112.jpg,Closed,test,56
Closed_test_0113.jpg,Closed,test,442
Closed_test_0114.jpg,Closed,test,56
Closed_train_0437.jpg,Closed,train,915
Closed_val_0091.jpg,Closed,val,719
Closed_train_0438.jpg,Closed,train,3
Closed_val_0092.jpg,Closed,val,494
Closed_train_0439.jpg,Closed,train,561
Closed_val_0093.jpg,Closed,val,799
Closed_train_0440.jpg,Closed,train,813
Closed_test_0115.jpg,Closed,test,947
Closed_train_0441.jpg,Closed,train,15
Closed_test_0116.jpg,Closed,test,56
Closed_train_0442.jpg,Closed,train,688
Closed_val_0094.jpg,Closed,val,155
Closed_train_0443.jpg,Closed,train,15
Closed_test_0117.jpg,Closed,test,119
Closed_train_0444.jpg,Closed,train,14
Closed_train_0445.jpg,Closed,train,348
Closed_train_0446.jpg,Closed,train,488
Closed_train_0447.jpg,Closed,train,540
Closed_test_0118.jpg,Closed,test,922
Closed_train_0448.jpg,Closed,train,617
Closed_val_0095.jpg,Closed,val,73
Closed_val_0096.jpg,Closed,val,360
Closed_train_0449.jpg,Closed,train,529
Closed_train_0450.jpg,Closed,train,976
Closed_train_0451.jpg,Closed,train,372
Closed_train_0452.jpg,Closed,train,3
Closed_train_0453.jpg,Closed,train,827
Closed_train_0454.jpg,Closed,train,10
Closed_train_0455.jpg,Closed,train,15
Closed_train_0456.jpg,Closed,train,6
Closed_test_0119.jpg,Closed,test,33
Closed_test_0120.jpg,Closed,test,1087
Closed_train_0457.jpg,Closed,train,10
Closed_train_0458.jpg,Closed,train,325
Closed_train_0459.jpg,Closed,train,329
Closed_val_0097.jpg,Closed,val,419
Closed_train_0460.jpg,Closed,train,130
Closed_train_0461.jpg,Closed,train,641
Closed_train_0462.jpg,Closed,train,995
Closed_train_0463.jpg,Closed,train,808
Closed_train_0464.jpg,Closed,train,816
Closed_train_0465.jpg,Closed,train,123
Closed_val_0098.jpg,Closed,val,782
Closed_train_0466.jpg,Closed,train,955
Closed_train_0467.jpg,Closed,train,530
Closed_train_0468.jpg,Closed,train,449
Closed_train_0469.jpg,Closed,train,1090
Closed_train_0470.jpg,Closed,train,333
Closed_train_0471.jpg,Closed,train,925
Closed_train_0472.jpg,Closed,train,716
Closed_train_0473.jpg,Closed,train,55
Closed_test_0121.jpg,Closed,test,56
Closed_train_0474.jpg,Closed,train,5
Closed_train_0475.jpg,Closed,train,815
Closed_train_0476.jpg,Closed,train,54
Closed_train_0477.jpg,Closed,train,991
Closed_test_0122.jpg,Closed,test,91
Closed_train_0478.jpg,Closed,train,6
Closed_val_0099.jpg,Closed,val,732
Closed_train_0479.jpg,Closed,train,38
Closed_test_0123.jpg,Closed,test,586
Closed_train_0480.jpg,Closed,train,228
Closed_test_0124.jpg,Closed,test,823
Closed_train_0481.jpg,Closed,train,671
Closed_test_0125.jpg,Closed,test,950
Closed_train_0482.jpg,Closed,train,520
Closed_val_0100.jpg,Closed,val,73
Closed_train_0483.jpg,Closed,train,665
Closed_train_0484.jpg,Closed,train,798
Closed_train_0485.jpg,Closed,train,934
Closed_test_0126.jpg,Closed,test,846
Closed_train_0486.jpg,Closed,train,926
Closed_train_0487.jpg,Closed,train,694
Closed_val_0101.jpg,Closed,val,537
Closed_test_0127.jpg,Closed,test,282
Closed_train_0488.jpg,Closed,train,433
Closed_train_0489.jpg,Closed,train,857
Closed_train_0490.jpg,Closed,train,290
Closed_train_0491.jpg,Closed,train,479
Closed_test_0128.jpg,Closed,test,729
Closed_val_0102.jpg,Closed,val,648
Closed_train_0492.jpg,Closed,train,548
Closed_train_0493.jpg,Closed,train,1063
Open_test_0000.jpg,Open,test,824
Open_val_0000.jpg,Open,val,495
Open_train_0000.jpg,Open,train,897
Open_train_0001.jpg,Open,train,717
Open_train_0002.jpg,Open,train,453
Open_train_0003.jpg,Open,train,533
Open_test_0001.jpg,Open,test,790
Open_train_0004.jpg,Open,train,575
Open_test_0002.jpg,Open,test,489
Open_val_0001.jpg,Open,val,320
Open_test_0003.jpg,Open,test,866
Open_train_0005.jpg,Open,train,930
Open_train_0006.jpg,Open,train,655
Open_val_0002.jpg,Open,val,680
Open_test_0004.jpg,Open,test,785
Open_train_0007.jpg,Open,train,569
Open_val_0003.jpg,Open,val,354
Open_val_0004.jpg,Open,val,1000
Open_val_0005.jpg,Open,val,800
Open_train_0008.jpg,Open,train,673
Open_train_0009.jpg,Open,train,74
Open_train_0010.jpg,Open,train,347
Open_train_0011.jpg,Open,train,323
Open_train_0012.jpg,Open,train,583
Open_train_0013.jpg,Open,train,703
Open_test_0005.jpg,Open,test,638
Open_val_0006.jpg,Open,val,983
Open_train_0014.jpg,Open,train,52
Open_train_0015.jpg,Open,train,592
Open_train_0016.jpg,Open,train,519
Open_train_0017.jpg,Open,train,675
Open_train_0018.jpg,Open,train,940
Open_train_0019.jpg,Open,train,334
Open_train_0020.jpg,Open,train,764
Open_train_0021.jpg,Open,train,15
Open_test_0006.jpg,Open,test,579
Open_val_0007.jpg,Open,val,217
Open_val_0008.jpg,Open,val,511
Open_train_0022.jpg,Open,train,1018
Open_train_0023.jpg,Open,train,462
Open_train_0024.jpg,Open,train,628
Open_train_0025.jpg,Open,train,598
Open_train_0026.jpg,Open,train,877
Open_train_0027.jpg,Open,train,51
Open_train_0028.jpg,Open,train,8
Open_train_0029.jpg,Open,train,15
Open_train_0030.jpg,Open,train,702
Open_val_0009.jpg,Open,val,125
Open_train_0031.jpg,Open,train,15
Open_test_0007.jpg,Open,test,731
Open_train_0032.jpg,Open,train,279
Open_train_0033.jpg,Open,train,13
Open_val_0010.jpg,Open,val,211
Open_train_0034.jpg,Open,train,225
Open_train_0035.jpg,Open,train,744
Open_train_0036.jpg,Open,train,527
Open_train_0037.jpg,Open,train,445
Open_val_0011.jpg,Open,val,997
Open_train_0038.jpg,Open,train,468
Open_val_0012.jpg,Open,val,392
Open_train_0039.jpg,Open,train,394
Open_train_0040.jpg,Open,train,15
Open_train_0041.jpg,Open,train,79
Open_train_0042.jpg,Open,train,15
Open_train_0043.jpg,Open,train,79
Open_train_0044.jpg,Open,train,15
Open_train_0045.jpg,Open,train,127
Open_train_0046.jpg,Open,train,15
Open_train_0047.jpg,Open,train,405
Open_train_0048.jpg,Open,train,851
Open_train_0049.jpg,Open,train,567
Open_train_0050.jpg,Open,train,127
Open_train_0051.jpg,Open,train,15
Open_train_0052.jpg,Open,train,15
Open_train_0053.jpg,Open,train,15
Open_train_0054.jpg,Open,train,15
Open_test_0008.jpg,Open,test,522
Open_train_0055.jpg,Open,train,640
Open_val_0013.jpg,Open,val,912
Open_test_0009.jpg,Open,test,1044
Open_train_0056.jpg,Open,train,749
Open_train_0057.jpg,Open,train,734
Open_train_0058.jpg,Open,train,788
Open_train_0059.jpg,Open,train,984
Open_train_0060.jpg,Open,train,367
Open_val_0014.jpg,Open,val,63
Open_val_0015.jpg,Open,val,708
Open_train_0061.jpg,Open,train,13
Open_train_0062.jpg,Open,train,615
Open_train_0063.jpg,Open,train,715
Open_train_0064.jpg,Open,train,1031
Open_val_0016.jpg,Open,val,760
Open_train_0065.jpg,Open,train,614
Open_test_0010.jpg,Open,test,379
Open_train_0066.jpg,Open,train,506
Open_train_0067.jpg,Open,train,390
Open_train_0068.jpg,Open,train,422
Open_train_0069.jpg,Open,train,776
Open_train_0070.jpg,Open,train,852
Open_val_0017.jpg,Open,val,428
Open_test_0011.jpg,Open,test,809
Open_train_0071.jpg,Open,train,896
Open_test_0012.jpg,Open,test,377
Open_train_0072.jpg,Open,train,705
Open_train_0073.jpg,Open,train,296
Open_test_0013.jpg,Open,test,1099
Open_train_0074.jpg,Open,train,596
Open_val_0018.jpg,Open,val,847
Open_train_0075.jpg,Open,train,299
Open_train_0076.jpg,Open,train,730
Open_train_0077.jpg,Open,train,623
Open_test_0014.jpg,Open,test,1109
Open_train_0078.jpg,Open,train,15
Open_train_0079.jpg,Open,train,685
Open_train_0080.jpg,Open,train,1107
Open_test_0015.jpg,Open,test,461
Open_train_0081.jpg,Open,train,787
Open_train_0082.jpg,Open,train,1037
Open_val_0019.jpg,Open,val,210
Open_test_0016.jpg,Open,test,988
Open_train_0083.jpg,Open,train,1015
Open_val_0020.jpg,Open,val,237
Open_train_0084.jpg,Open,train,482
Open_train_0085.jpg,Open,train,747
Open_train_0086.jpg,Open,train,318
Open_train_0087.jpg,Open,train,378
Open_train_0088.jpg,Open,train,353
Open_test_0017.jpg,Open,test,901
Open_test_0018.jpg,Open,test,493
Open_train_0089.jpg,Open,train,15
Open_train_0090.jpg,Open,train,15
Open_test_0019.jpg,Open,test,483
Open_test_0020.jpg,Open,test,298
Open_val_0021.jpg,Open,val,345
Open_train_0091.jpg,Open,train,875
Open_train_0092.jpg,Open,train,9
Open_val_0022.jpg,Open,val,284
Open_val_0023.jpg,Open,val,387
Open_train_0093.jpg,Open,train,568
Open_test_0021.jpg,Open,test,365
Open_train_0094.jpg,Open,train,376
Open_train_0095.jpg,Open,train,664
Open_train_0096.jpg,Open,train,380
Open_val_0024.jpg,Open,val,554
Open_train_0097.jpg,Open,train,150
Open_train_0098.jpg,Open,train,633
Open_train_0099.jpg,Open,train,407
Open_train_0100.jpg,Open,train,562
Open_train_0101.jpg,Open,train,315
Open_train_0102.jpg,Open,train,893
Open_train_0103.jpg,Open,train,958
Open_train_0104.jpg,Open,train,47
Open_train_0105.jpg,Open,train,469
Open_train_0106.jpg,Open,train,47
Open_val_0025.jpg,Open,val,132
Open_train_0107.jpg,Open,train,447
Open_train_0108.jpg,Open,train,1108
Open_train_0109.jpg,Open,train,854
Open_val_0026.jpg,Open,val,295
Open_train_0110.jpg,Open,train,1050
Open_train_0111.jpg,Open,train,15
Open_train_0112.jpg,Open,train,543
Open_val_0027.jpg,Open,val,587
Open_val_0028.jpg,Open,val,871
Open_train_0113.jpg,Open,train,114
Open_test_0022.jpg,Open,test,678
Open_train_0114.jpg,Open,train,15
Open_val_0029.jpg,Open,val,217
Open_train_0115.jpg,Open,train,888
Open_train_0116.jpg,Open,train,487
Open_train_0117.jpg,Open,train,1016
Open_train_0118.jpg,Open,train,869
Open_train_0119.jpg,Open,train,214
Open_val_0030.jpg,Open,val,297
Open_val_0031.jpg,Open,val,509
Open_train_0120.jpg,Open,train,666
Open_train_0121.jpg,Open,train,467
Open_train_0122.jpg,Open,train,817
Open_test_0023.jpg,Open,test,502
Open_train_0123.jpg,Open,train,972
Open_val_0032.jpg,Open,val,454
Open_train_0124.jpg,Open,train,636
Open_train_0125.jpg,Open,train,828
Open_test_0024.jpg,Open,test,589
Open_test_0025.jpg,Open,test,693
Open_train_0126.jpg,Open,train,21
Open_train_0127.jpg,Open,train,484
Open_val_0033.jpg,Open,val,528
Open_train_0128.jpg,Open,train,814
Open_test_0026.jpg,Open,test,304
Open_train_0129.jpg,Open,train,118
Open_train_0130.jpg,Open,train,426
Open_train_0131.jpg,Open,train,944
Open_train_0132.jpg,Open,train,1027
Open_test_0027.jpg,Open,test,737
Open_val_0034.jpg,Open,val,726
Open_train_0133.jpg,Open,train,627
Open_test_0028.jpg,Open,test,1028
Open_train_0134.jpg,Open,train,283
Open_val_0035.jpg,Open,val,657
Open_test_0029.jpg,Open,test,335
Open_test_0030.jpg,Open,test,322
Open_train_0135.jpg,Open,train,80
Open_train_0136.jpg,Open,train,974
Open_train_0137.jpg,Open,train,268
Open_train_0138.jpg,Open,train,252
Open_train_0139.jpg,Open,train,546
Open_train_0140.jpg,Open,train,51
Open_train_0141.jpg,Open,train,111
Open_val_0036.jpg,Open,val,116
Open_train_0142.jpg,Open,train,205
Open_val_0037.jpg,Open,val,120
Open_train_0143.jpg,Open,train,549
Open_train_0144.jpg,Open,train,47
Open_val_0038.jpg,Open,val,132
Open_train_0145.jpg,Open,train,35
Open_val_0039.jpg,Open,val,120
Open_test_0031.jpg,Open,test,4
Open_train_0146.jpg,Open,train,135
Open_val_0040.jpg,Open,val,806
Open_train_0147.jpg,Open,train,124
Open_train_0148.jpg,Open,train,39
Open_train_0149.jpg,Open,train,849
Open_train_0150.jpg,Open,train,683
Open_train_0151.jpg,Open,train,20
Open_train_0152.jpg,Open,train,621
Open_train_0153.jpg,Open,train,90
Open_val_0041.jpg,Open,val,266
Open_train_0154.jpg,Open,train,42
Open_val_0042.jpg,Open,val,504
Open_train_0155.jpg,Open,train,611
Open_train_0156.jpg,Open,train,15
Open_train_0157.jpg,Open,train,319
Open_val_0043.jpg,Open,val,97
Open_train_0158.jpg,Open,train,942
Open_train_0159.jpg,Open,train,890
Open_train_0160.jpg,Open,train,47
Open_val_0044.jpg,Open,val,132
Open_train_0161.jpg,Open,train,110
Open_train_0162.jpg,Open,train,9
Open_train_0163.jpg,Open,train,552
Open_train_0164.jpg,Open,train,47
Open_train_0165.jpg,Open,train,327
Open_train_0166.jpg,Open,train,356
Open_train_0167.jpg,Open,train,355
Open_test_0032.jpg,Open,test,431
Open_test_0033.jpg,Open,test,349
Open_train_0168.jpg,Open,train,471
Open_train_0169.jpg,Open,train,552
Open_train_0170.jpg,Open,train,848
Open_train_0171.jpg,Open,train,110
Open_val_0045.jpg,Open,val,368
Open_train_0172.jpg,Open,train,289
Open_train_0173.jpg,Open,train,15
Open_train_0174.jpg,Open,train,825
Open_train_0175.jpg,Open,train,1114
Open_val_0046.jpg,Open,val,903
Open_train_0176.jpg,Open,train,463
Open_val_0047.jpg,Open,val,330
Open_val_0048.jpg,Open,val,796
Open_train_0177.jpg,Open,train,188
Open_val_0049.jpg,Open,val,67
Open_train_0178.jpg,Open,train,15
Open_train_0179.jpg,Open,train,15
Open_train_0180.jpg,Open,train,1017
Open_val_0050.jpg,Open,val,132
Open_train_0181.jpg,Open,train,507
Open_val_0051.jpg,Open,val,251
Open_train_0182.jpg,Open,train,362
Open_train_0183.jpg,Open,train,189
Open_test_0034.jpg,Open,test,485
Open_train_0184.jpg,Open,train,418
Open_val_0052.jpg,Open,val,67
Open_val_0053.jpg,Open,val,67
Open_test_0035.jpg,Open,test,774
Open_val_0054.jpg,Open,val,132
Open_val_0055.jpg,Open,val,499
Open_train_0185.jpg,Open,train,982
Open_test_0036.jpg,Open,test,337
Open_train_0186.jpg,Open,train,571
Open_train_0187.jpg,Open,train,408
Open_train_0188.jpg,Open,train,52
Open_train_0189.jpg,Open,train,532
Open_train_0190.jpg,Open,train,36
Open_train_0191.jpg,Open,train,525
Open_val_0056.jpg,Open,val,653
Open_train_0192.jpg,Open,train,65
Open_train_0193.jpg,Open,train,227
Open_train_0194.jpg,Open,train,748
Open_test_0037.jpg,Open,test,369
Open_train_0195.jpg,Open,train,779
Open_train_0196.jpg,Open,train,65
Open_train_0197.jpg,Open,train,227
Open_train_0198.jpg,Open,train,255
Open_val_0057.jpg,Open,val,328
Open_test_0038.jpg,Open,test,750
Open_train_0199.jpg,Open,train,946
Open_test_0039.jpg,Open,test,490
Open_train_0200.jpg,Open,train,238
Open_train_0201.jpg,Open,train,47
Open_val_0058.jpg,Open,val,132
Open_val_0059.jpg,Open,val,513
Open_train_0202.jpg,Open,train,102
Open_train_0203.jpg,Open,train,122
Open_train_0204.jpg,Open,train,557
Open_val_0060.jpg,Open,val,1036
Open_train_0205.jpg,Open,train,343
Open_train_0206.jpg,Open,train,118
Open_val_0061.jpg,Open,val,266
Open_train_0207.jpg,Open,train,321
Open_train_0208.jpg,Open,train,15
Open_train_0209.jpg,Open,train,917
Open_train_0210.jpg,Open,train,416
Open_val_0062.jpg,Open,val,264
Open_val_0063.jpg,Open,val,98
Open_train_0211.jpg,Open,train,13
Open_test_0040.jpg,Open,test,258
Open_test_0041.jpg,Open,test,121
Open_train_0212.jpg,Open,train,720
Open_train_0213.jpg,Open,train,187
Open_train_0214.jpg,Open,train,704
Open_train_0215.jpg,Open,train,11
Open_train_0216.jpg,Open,train,275
Open_train_0217.jpg,Open,train,93
Open_test_0042.jpg,Open,test,89
Open_val_0064.jpg,Open,val,1038
Open_train_0218.jpg,Open,train,821
Open_test_0043.jpg,Open,test,121
Open_train_0219.jpg,Open,train,535
Open_train_0220.jpg,Open,train,41
Open_train_0221.jpg,Open,train,15
Open_test_0044.jpg,Open,test,539
Open_train_0222.jpg,Open,train,802
Open_train_0223.jpg,Open,train,60
Open_train_0224.jpg,Open,train,370
Open_test_0045.jpg,Open,test,406
Open_train_0225.jpg,Open,train,986
Open_train_0226.jpg,Open,train,191
Open_test_0046.jpg,Open,test,402
Open_train_0227.jpg,Open,train,359
Open_train_0228.jpg,Open,train,332
Open_train_0229.jpg,Open,train,338
Open_train_0230.jpg,Open,train,446
Open_test_0047.jpg,Open,test,140
Open_train_0231.jpg,Open,train,438
Open_val_0065.jpg,Open,val,30
Open_train_0232.jpg,Open,train,278
Open_train_0233.jpg,Open,train,15
Open_train_0234.jpg,Open,train,457
Open_train_0235.jpg,Open,train,15
Open_test_0048.jpg,Open,test,616
Open_train_0236.jpg,Open,train,351
Open_train_0237.jpg,Open,train,15
Open_train_0238.jpg,Open,train,15
Open_test_0049.jpg,Open,test,701
Open_train_0239.jpg,Open,train,573
Open_train_0240.jpg,Open,train,441
Open_train_0241.jpg,Open,train,308
Open_train_0242.jpg,Open,train,15
Open_train_0243.jpg,Open,train,15
Open_train_0244.jpg,Open,train,129
Open_train_0245.jpg,Open,train,1070
Open_train_0246.jpg,Open,train,15
Open_train_0247.jpg,Open,train,15
Open_train_0248.jpg,Open,train,830
Open_train_0249.jpg,Open,train,1033
Open_train_0250.jpg,Open,train,15
Open_val_0066.jpg,Open,val,67
Open_train_0251.jpg,Open,train,486
Open_train_0252.jpg,Open,train,273
Open_train_0253.jpg,Open,train,15
Open_train_0254.jpg,Open,train,307
Open_train_0255.jpg,Open,train,316
Open_test_0050.jpg,Open,test,193
Open_val_0067.jpg,Open,val,508
Open_train_0256.jpg,Open,train,15
Open_train_0257.jpg,Open,train,15
Open_train_0258.jpg,Open,train,452
Open_test_0051.jpg,Open,test,686
Open_train_0259.jpg,Open,train,313
Open_train_0260.jpg,Open,train,964
Open_train_0261.jpg,Open,train,624
Open_test_0052.jpg,Open,test,34
Open_train_0262.jpg,Open,train,260
Open_test_0053.jpg,Open,test,455
Open_train_0263.jpg,Open,train,183
Open_val_0068.jpg,Open,val,364
Open_val_0069.jpg,Open,val,352
Open_train_0264.jpg,Open,train,1
Open_train_0265.jpg,Open,train,1030
Open_train_0266.jpg,Open,train,403
Open_train_0267.jpg,Open,train,1
Open_train_0268.jpg,Open,train,373
Open_train_0269.jpg,Open,train,293
Open_train_0270.jpg,Open,train,514
Open_train_0271.jpg,Open,train,15
Open_train_0272.jpg,Open,train,15
Open_train_0273.jpg,Open,train,339
Open_test_0054.jpg,Open,test,630
Open_train_0274.jpg,Open,train,437
Open_train_0275.jpg,Open,train,239
Open_train_0276.jpg,Open,train,331
Open_train_0277.jpg,Open,train,795
Open_train_0278.jpg,Open,train,15
Open_test_0055.jpg,Open,test,262
Open_train_0279.jpg,Open,train,1022
Open_train_0280.jpg,Open,train,460
Open_train_0281.jpg,Open,train,203
Open_train_0282.jpg,Open,train,108
Open_train_0283.jpg,Open,train,163
Open_val_0070.jpg,Open,val,211
Open_train_0284.jpg,Open,train,15
Open_train_0285.jpg,Open,train,413
Open_train_0286.jpg,Open,train,15
Open_val_0071.jpg,Open,val,400
Open_train_0287.jpg,Open,train,314
Open_train_0288.jpg,Open,train,887
Open_train_0289.jpg,Open,train,477
Open_train_0290.jpg,Open,train,797
Open_train_0291.jpg,Open,train,166
Open_val_0072.jpg,Open,val,425
Open_train_0292.jpg,Open,train,7
Open_train_0293.jpg,Open,train,780
Open_train_0294.jpg,Open,train,414
Open_test_0056.jpg,Open,test,381
Open_train_0295.jpg,Open,train,137
Open_train_0296.jpg,Open,train,432
Open_train_0297.jpg,Open,train,137
Open_train_0298.jpg,Open,train,15
Open_val_0073.jpg,Open,val,164
Open_train_0299.jpg,Open,train,772
Open_val_0074.jpg,Open,val,125
Open_train_0300.jpg,Open,train,15
Open_val_0075.jpg,Open,val,125
Open_train_0301.jpg,Open,train,551
Open_val_0076.jpg,Open,val,766
Open_val_0077.jpg,Open,val,531
Open_train_0302.jpg,Open,train,544
Open_val_0078.jpg,Open,val,67
Open_test_0057.jpg,Open,test,23
Open_train_0303.jpg,Open,train,77
Open_test_0058.jpg,Open,test,23
Open_train_0304.jpg,Open,train,77
Open_train_0305.jpg,Open,train,336
Open_train_0306.jpg,Open,train,371
Open_test_0059.jpg,Open,test,395
Open_train_0307.jpg,Open,train,317
Open_train_0308.jpg,Open,train,904
Open_val_0079.jpg,Open,val,287
Open_train_0309.jpg,Open,train,350
Open_val_0080.jpg,Open,val,176
Open_train_0310.jpg,Open,train,578
Open_train_0311.jpg,Open,train,8
Open_train_0312.jpg,Open,train,110
Open_train_0313.jpg,Open,train,15
Open_train_0314.jpg,Open,train,15
Open_train_0315.jpg,Open,train,285
Open_train_0316.jpg,Open,train,932
Open_test_0060.jpg,Open,test,157
Open_train_0317.jpg,Open,train,156
Open_train_0318.jpg,Open,train,8
Open_train_0319.jpg,Open,train,165
Open_train_0320.jpg,Open,train,25
Open_val_0081.jpg,Open,val,29
Open_train_0321.jpg,Open,train,25
Open_train_0322.jpg,Open,train,15
Open_train_0323.jpg,Open,train,500
Open_train_0324.jpg,Open,train,9
Open_train_0325.jpg,Open,train,448
Open_val_0082.jpg,Open,val,175
Open_train_0326.jpg,Open,train,492
Open_val_0083.jpg,Open,val,147
Open_train_0327.jpg,Open,train,346
Open_train_0328.jpg,Open,train,173
Open_test_0061.jpg,Open,test,524
Open_train_0329.jpg,Open,train,1102
Open_train_0330.jpg,Open,train,174
Open_train_0331.jpg,Open,train,15
Open_train_0332.jpg,Open,train,167
Open_train_0333.jpg,Open,train,481
Open_train_0334.jpg,Open,train,15
Open_val_0084.jpg,Open,val,344
Open_train_0335.jpg,Open,train,541
Open_val_0085.jpg,Open,val,434
Open_train_0336.jpg,Open,train,114
Open_train_0337.jpg,Open,train,681
Open_val_0086.jpg,Open,val,472
Open_train_0338.jpg,Open,train,15
Open_train_0339.jpg,Open,train,15
Open_train_0340.jpg,Open,train,15
Open_train_0341.jpg,Open,train,243
Open_val_0087.jpg,Open,val,363
Open_train_0342.jpg,Open,train,464
Open_train_0343.jpg,Open,train,470
Open_train_0344.jpg,Open,train,515
Open_train_0345.jpg,Open,train,393
Open_train_0346.jpg,Open,train,215
Open_test_0062.jpg,Open,test,213
Open_test_0063.jpg,Open,test,148
Open_test_0064.jpg,Open,test,202
Open_train_0347.jpg,Open,train,473
Open_train_0348.jpg,Open,train,240
Open_test_0065.jpg,Open,test,622
Open_train_0349.jpg,Open,train,556
Open_train_0350.jpg,Open,train,294
Open_test_0066.jpg,Open,test,491
Open_test_0067.jpg,Open,test,822
Open_train_0351.jpg,Open,train,288
Open_train_0352.jpg,Open,train,265
Open_train_0353.jpg,Open,train,918
Open_train_0354.jpg,Open,train,309
Open_train_0355.jpg,Open,train,143
Open_val_0088.jpg,Open,val,229
Open_train_0356.jpg,Open,train,172
Open_train_0357.jpg,Open,train,269
Open_train_0358.jpg,Open,train,158
Open_train_0359.jpg,Open,train,82
Open_test_0068.jpg,Open,test,439
Open_train_0360.jpg,Open,train,545
Open_train_0361.jpg,Open,train,271
Open_train_0362.jpg,Open,train,291
Open_train_0363.jpg,Open,train,250
Open_train_0364.jpg,Open,train,850
Open_val_0089.jpg,Open,val,398
Open_train_0365.jpg,Open,train,478
Open_train_0366.jpg,Open,train,518
Open_val_0090.jpg,Open,val,30
Open_train_0367.jpg,Open,train,389
Open_train_0368.jpg,Open,train,1086
Open_train_0369.jpg,Open,train,181
Open_train_0370.jpg,Open,train,585
Open_test_0069.jpg,Open,test,397
Open_train_0371.jpg,Open,train,146
Open_test_0070.jpg,Open,test,374
Open_train_0372.jpg,Open,train,216
Open_train_0373.jpg,Open,train,161
Open_train_0374.jpg,Open,train,444
Open_train_0375.jpg,Open,train,185
Open_train_0376.jpg,Open,train,233
Open_train_0377.jpg,Open,train,385
Open_train_0378.jpg,Open,train,86
Open_train_0379.jpg,Open,train,358
Open_train_0380.jpg,Open,train,496
Open_train_0381.jpg,Open,train,20
Open_train_0382.jpg,Open,train,357
Open_train_0383.jpg,Open,train,382
Open_train_0384.jpg,Open,train,526
Open_train_0385.jpg,Open,train,15
Open_train_0386.jpg,Open,train,7
Open_train_0387.jpg,Open,train,550
Open_train_0388.jpg,Open,train,106
Open_train_0389.jpg,Open,train,126
Open_val_0091.jpg,Open,val,144
Open_train_0390.jpg,Open,train,126
Open_train_0391.jpg,Open,train,71
Open_test_0071.jpg,Open,test,261
Open_train_0392.jpg,Open,train,783
Open_train_0393.jpg,Open,train,536
Open_train_0394.jpg,Open,train,126
Open_val_0092.jpg,Open,val,401
Open_train_0395.jpg,Open,train,292
Open_val_0093.jpg,Open,val,145
Open_train_0396.jpg,Open,train,244
Open_train_0397.jpg,Open,train,497
Open_val_0094.jpg,Open,val,247
Open_train_0398.jpg,Open,train,450
Open_train_0399.jpg,Open,train,386
Open_val_0095.jpg,Open,val,286
Open_train_0400.jpg,Open,train,194
Open_train_0401.jpg,Open,train,218
Open_test_0072.jpg,Open,test,404
Open_val_0096.jpg,Open,val,98
Open_train_0402.jpg,Open,train,206
Open_train_0403.jpg,Open,train,178
Open_train_0404.jpg,Open,train,159
Open_val_0097.jpg,Open,val,16
Open_test_0073.jpg,Open,test,37
Open_train_0405.jpg,Open,train,458
Open_train_0406.jpg,Open,train,219
Open_train_0407.jpg,Open,train,306
Open_train_0408.jpg,Open,train,366
Open_val_0098.jpg,Open,val,231
Open_train_0409.jpg,Open,train,312
Open_train_0410.jpg,Open,train,253
Open_train_0411.jpg,Open,train,186
Open_train_0412.jpg,Open,train,78
Open_train_0413.jpg,Open,train,553
Open_train_0414.jpg,Open,train,326
Open_test_0074.jpg,Open,test,510
Open_train_0415.jpg,Open,train,466
Open_train_0416.jpg,Open,train,391
Open_train_0417.jpg,Open,train,340
Open_train_0418.jpg,Open,train,423
Open_train_0419.jpg,Open,train,517
Open_train_0420.jpg,Open,train,15
Open_train_0421.jpg,Open,train,15
Open_val_0099.jpg,Open,val,57
Open_train_0422.jpg,Open,train,182
Open_train_0423.jpg,Open,train,15
Open_train_0424.jpg,Open,train,15
Open_val_0100.jpg,Open,val,113
Open_train_0425.jpg,Open,train,435
Open_train_0426.jpg,Open,train,276
Open_test_0075.jpg,Open,test,48
Open_train_0427.jpg,Open,train,9
Open_test_0076.jpg,Open,test,263
Open_train_0428.jpg,Open,train,168
Open_train_0429.jpg,Open,train,342
Open_train_0430.jpg,Open,train,212
Open_train_0431.jpg,Open,train,13
Open_train_0432.jpg,Open,train,198
Open_train_0433.jpg,Open,train,259
Open_test_0077.jpg,Open,test,280
Open_train_0434.jpg,Open,train,235
Open_train_0435.jpg,Open,train,131
Open_train_0436.jpg,Open,train,310
Open_train_0437.jpg,Open,train,998
Open_train_0438.jpg,Open,train,410
Open_train_0439.jpg,Open,train,201
Open_train_0440.jpg,Open,train,204
Open_train_0441.jpg,Open,train,254
Open_train_0442.jpg,Open,train,341
Open_train_0443.jpg,Open,train,169
Open_test_0078.jpg,Open,test,81
Open_train_0444.jpg,Open,train,87
Open_train_0445.jpg,Open,train,465
Open_train_0446.jpg,Open,train,142
Open_test_0079.jpg,Open,test,411
Open_train_0447.jpg,Open,train,498
Open_val_0101.jpg,Open,val,195
Open_train_0448.jpg,Open,train,223
Open_train_0449.jpg,Open,train,230
Open_train_0450.jpg,Open,train,208
Open_train_0451.jpg,Open,train,180
Open_test_0080.jpg,Open,test,149
Open_train_0452.jpg,Open,train,180
Open_train_0453.jpg,Open,train,399
Open_train_0454.jpg,Open,train,177
Open_val_0102.jpg,Open,val,29
Open_train_0455.jpg,Open,train,80
Open_train_0456.jpg,Open,train,111
Open_train_0457.jpg,Open,train,72
Open_train_0458.jpg,Open,train,268
Open_val_0103.jpg,Open,val,116
Open_train_0459.jpg,Open,train,205
Open_val_0104.jpg,Open,val,141
Open_train_0460.jpg,Open,train,238
Open_train_0461.jpg,Open,train,102
Open_train_0462.jpg,Open,train,122
Open_train_0463.jpg,Open,train,207
Open_val_0105.jpg,Open,val,120
Open_train_0464.jpg,Open,train,35
Open_train_0465.jpg,Open,train,39
Open_train_0466.jpg,Open,train,232
Open_train_0467.jpg,Open,train,101
Open_train_0468.jpg,Open,train,151
Open_train_0469.jpg,Open,train,242
Open_train_0470.jpg,Open,train,90
Open_val_0106.jpg,Open,val,120
Open_train_0471.jpg,Open,train,124
Open_test_0081.jpg,Open,test,200
Open_train_0472.jpg,Open,train,224
Open_test_0082.jpg,Open,test,274
Open_train_0473.jpg,Open,train,179
Open_train_0474.jpg,Open,train,305
Open_train_0475.jpg,Open,train,152
Open_train_0476.jpg,Open,train,139
Open_test_0083.jpg,Open,test,103
Open_train_0477.jpg,Open,train,196
Open_train_0478.jpg,Open,train,170
Open_train_0479.jpg,Open,train,162
Open_train_0480.jpg,Open,train,451
Open_train_0481.jpg,Open,train,36
Open_train_0482.jpg,Open,train,40
Open_train_0483.jpg,Open,train,443
Open_train_0484.jpg,Open,train,248
Open_train_0485.jpg,Open,train,249
Open_train_0486.jpg,Open,train,74
Open_train_0487.jpg,Open,train,95
Open_train_0488.jpg,Open,train,100
Open_train_0489.jpg,Open,train,436
Open_train_0490.jpg,Open,train,75
Open_train_0491.jpg,Open,train,521
Open_train_0492.jpg,Open,train,516
Open_train_0493.jpg,Open,train,15
Open_train_0494.jpg,Open,train,154
Open_train_0495.jpg,Open,train,267
Open_val_0107.jpg,Open,val,160
Open_train_0496.jpg,Open,train,84
Open_train_0497.jpg,Open,train,234
Open_train_0498.jpg,Open,train,192
Open_train_0499.jpg,Open,train,412
Open_test_0084.jpg,Open,test,153
Open_test_0085.jpg,Open,test,107
Open_train_0500.jpg,Open,train,221
Open_train_0501.jpg,Open,train,209
Open_val_0108.jpg,Open,val,220
Open_val_0109.jpg,Open,val,76
Open_train_0502.jpg,Open,train,69
Open_train_0503.jpg,Open,train,190
Open_val_0110.jpg,Open,val,104
Open_val_0111.jpg,Open,val,115
Open_train_0504.jpg,Open,train,171
Open_val_0112.jpg,Open,val,241
Open_train_0505.jpg,Open,train,257
Open_train_0506.jpg,Open,train,311
Open_train_0507.jpg,Open,train,542
Open_val_0113.jpg,Open,val,474
Open_test_0086.jpg,Open,test,914
Open_train_0508.jpg,Open,train,245
Open_test_0087.jpg,Open,test,256
Open_val_0114.jpg,Open,val,534
Open_train_0509.jpg,Open,train,88
Open_train_0510.jpg,Open,train,272
Open_train_0511.jpg,Open,train,94
Open_train_0512.jpg,Open,train,199
Open_train_0513.jpg,Open,train,95
Open_test_0088.jpg,Open,test,184
Open_train_0514.jpg,Open,train,96
Open_train_0515.jpg,Open,train,83
Open_train_0516.jpg,Open,train,197
Open_train_0517.jpg,Open,train,85
Open_train_0518.jpg,Open,train,70
Open_train_0519.jpg,Open,train,361
Open_train_0520.jpg,Open,train,424
Open_train_0521.jpg,Open,train,456
yawn_test_0000.jpg,yawn,test,14
yawn_train_0000.jpg,yawn,train,62
yawn_train_0001.jpg,yawn,train,2
yawn_train_0002.jpg,yawn,train,2
yawn_train_0003.jpg,yawn,train,2
yawn_train_0004.jpg,yawn,train,2
yawn_train_0005.jpg,yawn,train,2
yawn_train_0006.jpg,yawn,train,2
yawn_train_0007.jpg,yawn,train,2
yawn_train_0008.jpg,yawn,train,2
yawn_train_0009.jpg,yawn,train,2
yawn_train_0010.jpg,yawn,train,2
yawn_train_0011.jpg,yawn,train,62
yawn_train_0012.jpg,yawn,train,2
yawn_train_0013.jpg,yawn,train,2
yawn_train_0014.jpg,yawn,train,2
yawn_train_0015.jpg,yawn,train,2
yawn_train_0016.jpg,yawn,train,2
yawn_train_0017.jpg,yawn,train,2
yawn_train_0018.jpg,yawn,train,2
yawn_train_0019.jpg,yawn,train,2
yawn_train_0020.jpg,yawn,train,2
yawn_train_0021.jpg,yawn,train,2
yawn_train_0022.jpg,yawn,train,62
yawn_train_0023.jpg,yawn,train,2
yawn_train_0024.jpg,yawn,train,2
yawn_train_0025.jpg,yawn,train,21
yawn_train_0026.jpg,yawn,train,21
yawn_train_0027.jpg,yawn,train,21
yawn_train_0028.jpg,yawn,train,21
yawn_train_0029.jpg,yawn,train,21
yawn_train_0030.jpg,yawn,train,21
yawn_train_0031.jpg,yawn,train,21
yawn_train_0032.jpg,yawn,train,21
yawn_train_0033.jpg,yawn,train,62
yawn_train_0034.jpg,yawn,train,21
yawn_train_0035.jpg,yawn,train,45
yawn_train_0036.jpg,yawn,train,45
yawn_train_0037.jpg,yawn,train,52
yawn_train_0038.jpg,yawn,train,52
yawn_train_0039.jpg,yawn,train,52
yawn_train_0040.jpg,yawn,train,58
yawn_train_0041.jpg,yawn,train,58
yawn_train_0042.jpg,yawn,train,58
yawn_train_0043.jpg,yawn,train,45
yawn_train_0044.jpg,yawn,train,62
yawn_train_0045.jpg,yawn,train,45
yawn_train_0046.jpg,yawn,train,45
yawn_train_0047.jpg,yawn,train,45
yawn_train_0048.jpg,yawn,train,45
yawn_train_0049.jpg,yawn,train,45
yawn_train_0050.jpg,yawn,train,45
yawn_test_0001.jpg,yawn,test,11
yawn_test_0002.jpg,yawn,test,11
yawn_test_0003.jpg,yawn,test,11
yawn_test_0004.jpg,yawn,test,11
yawn_train_0051.jpg,yawn,train,62
yawn_test_0005.jpg,yawn,test,11
yawn_test_0006.jpg,yawn,test,11
yawn_test_0007.jpg,yawn,test,11
yawn_train_0052.jpg,yawn,train,50
yawn_train_0053.jpg,yawn,train,50
yawn_train_0054.jpg,yawn,train,50
yawn_train_0055.jpg,yawn,train,50
yawn_train_0056.jpg,yawn,train,50
yawn_train_0057.jpg,yawn,train,50
yawn_train_0058.jpg,yawn,train,50
yawn_train_0059.jpg,yawn,train,62
yawn_train_0060.jpg,yawn,train,50
yawn_train_0061.jpg,yawn,train,50
yawn_train_0062.jpg,yawn,train,50
yawn_train_0063.jpg,yawn,train,50
yawn_train_0064.jpg,yawn,train,50
yawn_train_0065.jpg,yawn,train,4
yawn_train_0066.jpg,yawn,train,4
yawn_train_0067.jpg,yawn,train,4
yawn_test_0008.jpg,yawn,test,11
yawn_test_0009.jpg,yawn,test,11
yawn_train_0068.jpg,yawn,train,62
yawn_test_0010.jpg,yawn,test,11
yawn_train_0069.jpg,yawn,train,16
yawn_train_0070.jpg,yawn,train,16
yawn_train_0071.jpg,yawn,train,16
yawn_train_0072.jpg,yawn,train,16
yawn_train_0073.jpg,yawn,train,16
yawn_train_0074.jpg,yawn,train,16
yawn_train_0075.jpg,yawn,train,41
yawn_train_0076.jpg,yawn,train,41
yawn_train_0077.jpg,yawn,train,41
yawn_train_0078.jpg,yawn,train,62
yawn_train_0079.jpg,yawn,train,41
yawn_train_0080.jpg,yawn,train,41
yawn_train_0081.jpg,yawn,train,41
yawn_train_0082.jpg,yawn,train,41
yawn_train_0083.jpg,yawn,train,41
yawn_test_0011.jpg,yawn,test,11
yawn_test_0012.jpg,yawn,test,11
yawn_test_0013.jpg,yawn,test,11
yawn_test_0014.jpg,yawn,test,11
yawn_test_0015.jpg,yawn,test,11
yawn_train_0084.jpg,yawn,train,62
yawn_test_0016.jpg,yawn,test,11
yawn_test_0017.jpg,yawn,test,11
yawn_test_0018.jpg,yawn,test,46
yawn_test_0019.jpg,yawn,test,46
yawn_test_0020.jpg,yawn,test,46
yawn_test_0021.jpg,yawn,test,46
yawn_test_0022.jpg,yawn,test,46
yawn_test_0023.jpg,yawn,test,46
yawn_train_0085.jpg,yawn,train,4
yawn_train_0086.jpg,yawn,train,4
yawn_test_0024.jpg,yawn,test,14
yawn_train_0087.jpg,yawn,train,62
yawn_train_0088.jpg,yawn,train,4
yawn_train_0089.jpg,yawn,train,4
yawn_train_0090.jpg,yawn,train,4
yawn_train_0091.jpg,yawn,train,4
yawn_train_0092.jpg,yawn,train,4
yawn_train_0093.jpg,yawn,train,4
yawn_train_0094.jpg,yawn,train,4
yawn_train_0095.jpg,yawn,train,4
yawn_train_0096.jpg,yawn,train,4
yawn_train_0097.jpg,yawn,train,4
yawn_train_0098.jpg,yawn,train,62
yawn_train_0099.jpg,yawn,train,37
yawn_train_0100.jpg,yawn,train,37
yawn_train_0101.jpg,yawn,train,37
yawn_train_0102.jpg,yawn,train,4
yawn_train_0103.jpg,yawn,train,4
yawn_train_0104.jpg,yawn,train,4
yawn_train_0105.jpg,yawn,train,4
yawn_train_0106.jpg,yawn,train,4
yawn_train_0107.jpg,yawn,train,4
yawn_train_0108.jpg,yawn,train,4
yawn_train_0109.jpg,yawn,train,62
yawn_train_0110.jpg,yawn,train,4
yawn_train_0111.jpg,yawn,train,37
yawn_train_0112.jpg,yawn,train,37
yawn_train_0113.jpg,yawn,train,37
yawn_train_0114.jpg,yawn,train,37
yawn_train_0115.jpg,yawn,train,37
yawn_train_0116.jpg,yawn,train,32
yawn_train_0117.jpg,yawn,train,32
yawn_train_0118.jpg,yawn,train,32
yawn_train_0119.jpg,yawn,train,32
yawn_train_0120.jpg,yawn,train,62
yawn_train_0121.jpg,yawn,train,32
yawn_train_0122.jpg,yawn,train,32
yawn_train_0123.jpg,yawn,train,32
yawn_train_0124.jpg,yawn,train,32
yawn_train_0125.jpg,yawn,train,37
yawn_train_0126.jpg,yawn,train,37
yawn_train_0127.jpg,yawn,train,56
yawn_train_0128.jpg,yawn,train,56
yawn_train_0129.jpg,yawn,train,56
yawn_train_0130.jpg,yawn,train,56
yawn_train_0131.jpg,yawn,train,62
yawn_train_0132.jpg,yawn,train,9
yawn_train_0133.jpg,yawn,train,9
yawn_train_0134.jpg,yawn,train,9
yawn_train_0135.jpg,yawn,train,9
yawn_train_0136.jpg,yawn,train,9
yawn_train_0137.jpg,yawn,train,9
yawn_train_0138.jpg,yawn,train,9
yawn_test_0025.jpg,yawn,test,3
yawn_test_0026.jpg,yawn,test,3
yawn_test_0027.jpg,yawn,test,3
yawn_train_0139.jpg,yawn,train,62
yawn_test_0028.jpg,yawn,test,3
yawn_test_0029.jpg,yawn,test,3
yawn_train_0140.jpg,yawn,train,33
yawn_train_0141.jpg,yawn,train,33
yawn_train_0142.jpg,yawn,train,33
yawn_train_0143.jpg,yawn,train,33
yawn_train_0144.jpg,yawn,train,33
yawn_train_0145.jpg,yawn,train,33
yawn_train_0146.jpg,yawn,train,33
yawn_train_0147.jpg,yawn,train,33
yawn_train_0148.jpg,yawn,train,9
yawn_train_0149.jpg,yawn,train,33
yawn_train_0150.jpg,yawn,train,33
yawn_train_0151.jpg,yawn,train,33
yawn_train_0152.jpg,yawn,train,33
yawn_val_0000.jpg,yawn,val,1
yawn_val_0001.jpg,yawn,val,1
yawn_val_0002.jpg,yawn,val,1
yawn_val_0003.jpg,yawn,val,1
yawn_train_0153.jpg,yawn,train,37
yawn_train_0154.jpg,yawn,train,37
yawn_train_0155.jpg,yawn,train,9
yawn_val_0004.jpg,yawn,val,55
yawn_val_0005.jpg,yawn,val,55
yawn_val_0006.jpg,yawn,val,55
yawn_train_0156.jpg,yawn,train,6
yawn_train_0157.jpg,yawn,train,6
yawn_train_0158.jpg,yawn,train,6
yawn_train_0159.jpg,yawn,train,32
yawn_train_0160.jpg,yawn,train,32
yawn_train_0161.jpg,yawn,train,32
yawn_train_0162.jpg,yawn,train,32
yawn_train_0163.jpg,yawn,train,9
yawn_train_0164.jpg,yawn,train,32
yawn_train_0165.jpg,yawn,train,32
yawn_train_0166.jpg,yawn,train,32
yawn_train_0167.jpg,yawn,train,32
yawn_val_0007.jpg,yawn,val,1
yawn_val_0008.jpg,yawn,val,1
yawn_val_0009.jpg,yawn,val,1
yawn_val_0010.jpg,yawn,val,1
yawn_val_0011.jpg,yawn,val,1
yawn_val_0012.jpg,yawn,val,1
yawn_train_0168.jpg,yawn,train,9
yawn_val_0013.jpg,yawn,val,1
yawn_val_0014.jpg,yawn,val,1
yawn_val_0015.jpg,yawn,val,1
yawn_val_0016.jpg,yawn,val,1
yawn_val_0017.jpg,yawn,val,1
yawn_val_0018.jpg,yawn,val,1
yawn_val_0019.jpg,yawn,val,1
yawn_train_0169.jpg,yawn,train,0
yawn_train_0170.jpg,yawn,train,0
yawn_train_0171.jpg,yawn,train,0
yawn_test_0030.jpg,yawn,test,14
yawn_train_0172.jpg,yawn,train,9
yawn_train_0173.jpg,yawn,train,0
yawn_train_0174.jpg,yawn,train,69
yawn_train_0175.jpg,yawn,train,69
yawn_train_0176.jpg,yawn,train,69
yawn_train_0177.jpg,yawn,train,69
yawn_train_0178.jpg,yawn,train,69
yawn_train_0179.jpg,yawn,train,69
yawn_train_0180.jpg,yawn,train,69
yawn_train_0181.jpg,yawn,train,69
yawn_train_0182.jpg,yawn,train,69
yawn_train_0183.jpg,yawn,train,9
yawn_train_0184.jpg,yawn,train,69
yawn_train_0185.jpg,yawn,train,43
yawn_train_0186.jpg,yawn,train,43
yawn_train_0187.jpg,yawn,train,43
yawn_val_0020.jpg,yawn,val,27
yawn_val_0021.jpg,yawn,val,27
yawn_val_0022.jpg,yawn,val,27
yawn_val_0023.jpg,yawn,val,27
yawn_val_0024.jpg,yawn,val,27
yawn_val_0025.jpg,yawn,val,27
yawn_train_0188.jpg,yawn,train,9
yawn_val_0026.jpg,yawn,val,1
yawn_val_0027.jpg,yawn,val,1
yawn_val_0028.jpg,yawn,val,1
yawn_train_0189.jpg,yawn,train,71
yawn_train_0190.jpg,yawn,train,71
yawn_train_0191.jpg,yawn,train,71
yawn_train_0192.jpg,yawn,train,71
yawn_train_0193.jpg,yawn,train,71
yawn_train_0194.jpg,yawn,train,71
yawn_train_0195.jpg,yawn,train,71
yawn_train_0196.jpg,yawn,train,9
yawn_train_0197.jpg,yawn,train,71
yawn_train_0198.jpg,yawn,train,71
yawn_train_0199.jpg,yawn,train,71
yawn_train_0200.jpg,yawn,train,71
yawn_train_0201.jpg,yawn,train,71
yawn_train_0202.jpg,yawn,train,71
yawn_val_0029.jpg,yawn,val,1
yawn_val_0030.jpg,yawn,val,1
yawn_val_0031.jpg,yawn,val,1
yawn_val_0032.jpg,yawn,val,1
yawn_train_0203.jpg,yawn,train,9
yawn_val_0033.jpg,yawn,val,1
yawn_val_0034.jpg,yawn,val,1
yawn_val_0035.jpg,yawn,val,1
yawn_val_0036.jpg,yawn,val,1
yawn_train_0204.jpg,yawn,train,29
yawn_train_0205.jpg,yawn,train,29
yawn_train_0206.jpg,yawn,train,29
yawn_train_0207.jpg,yawn,train,29
yawn_train_0208.jpg,yawn,train,29
yawn_train_0209.jpg,yawn,train,29
yawn_train_0210.jpg,yawn,train,9
yawn_train_0211.jpg,yawn,train,29
yawn_train_0212.jpg,yawn,train,29
yawn_train_0213.jpg,yawn,train,29
yawn_train_0214.jpg,yawn,train,29
yawn_train_0215.jpg,yawn,train,29
yawn_train_0216.jpg,yawn,train,29
yawn_train_0217.jpg,yawn,train,29
yawn_train_0218.jpg,yawn,train,6
yawn_train_0219.jpg,yawn,train,6
yawn_train_0220.jpg,yawn,train,6
yawn_train_0221.jpg,yawn,train,9
yawn_train_0222.jpg,yawn,train,29
yawn_train_0223.jpg,yawn,train,29
yawn_train_0224.jpg,yawn,train,29
yawn_train_0225.jpg,yawn,train,29
yawn_train_0226.jpg,yawn,train,29
yawn_train_0227.jpg,yawn,train,29
yawn_train_0228.jpg,yawn,train,22
yawn_train_0229.jpg,yawn,train,22
yawn_train_0230.jpg,yawn,train,22
yawn_train_0231.jpg,yawn,train,22
yawn_train_0232.jpg,yawn,train,9
yawn_train_0233.jpg,yawn,train,8
yawn_train_0234.jpg,yawn,train,8
yawn_train_0235.jpg,yawn,train,8
yawn_train_0236.jpg,yawn,train,8
yawn_train_0237.jpg,yawn,train,8
yawn_train_0238.jpg,yawn,train,8
yawn_train_0239.jpg,yawn,train,10
yawn_train_0240.jpg,yawn,train,10
yawn_train_0241.jpg,yawn,train,10
yawn_train_0242.jpg,yawn,train,10
yawn_train_0243.jpg,yawn,train,9
yawn_train_0244.jpg,yawn,train,22
yawn_train_0245.jpg,yawn,train,22
yawn_train_0246.jpg,yawn,train,22
yawn_train_0247.jpg,yawn,train,10
yawn_train_0248.jpg,yawn,train,10
yawn_train_0249.jpg,yawn,train,10
yawn_train_0250.jpg,yawn,train,10
yawn_val_0037.jpg,yawn,val,15
yawn_val_0038.jpg,yawn,val,15
yawn_val_0039.jpg,yawn,val,15
yawn_train_0251.jpg,yawn,train,9
yawn_train_0252.jpg,yawn,train,28
yawn_train_0253.jpg,yawn,train,28
yawn_train_0254.jpg,yawn,train,28
yawn_train_0255.jpg,yawn,train,28
yawn_train_0256.jpg,yawn,train,62
yawn_train_0257.jpg,yawn,train,62
yawn_train_0258.jpg,yawn,train,62
yawn_train_0259.jpg,yawn,train,62
yawn_train_0260.jpg,yawn,train,62
yawn_train_0261.jpg,yawn,train,62
yawn_train_0262.jpg,yawn,train,62
yawn_train_0263.jpg,yawn,train,9
yawn_train_0264.jpg,yawn,train,62
yawn_train_0265.jpg,yawn,train,62
yawn_train_0266.jpg,yawn,train,62
yawn_train_0267.jpg,yawn,train,62
yawn_train_0268.jpg,yawn,train,62
yawn_train_0269.jpg,yawn,train,62
yawn_train_0270.jpg,yawn,train,62
yawn_train_0271.jpg,yawn,train,62
yawn_train_0272.jpg,yawn,train,62
yawn_train_0273.jpg,yawn,train,62
yawn_val_0040.jpg,yawn,val,1
yawn_train_0274.jpg,yawn,train,62
yawn_train_0275.jpg,yawn,train,62
yawn_train_0276.jpg,yawn,train,62
yawn_val_0041.jpg,yawn,val,1
yawn_val_0042.jpg,yawn,val,1
yawn_val_0043.jpg,yawn,val,1
yawn_val_0044.jpg,yawn,val,1
yawn_val_0045.jpg,yawn,val,1
yawn_val_0046.jpg,yawn,val,1
yawn_test_0031.jpg,yawn,test,35
yawn_val_0047.jpg,yawn,val,1
yawn_test_0032.jpg,yawn,test,35
yawn_test_0033.jpg,yawn,test,35
yawn_test_0034.jpg,yawn,test,35
yawn_test_0035.jpg,yawn,test,35
yawn_test_0036.jpg,yawn,test,35
yawn_test_0037.jpg,yawn,test,35
yawn_test_0038.jpg,yawn,test,35
yawn_val_0048.jpg,yawn,val,1
yawn_val_0049.jpg,yawn,val,1
yawn_val_0050.jpg,yawn,val,1
yawn_val_0051.jpg,yawn,val,1
yawn_train_0277.jpg,yawn,train,8
yawn_train_0278.jpg,yawn,train,8
yawn_train_0279.jpg,yawn,train,8
yawn_train_0280.jpg,yawn,train,8
yawn_train_0281.jpg,yawn,train,8
yawn_train_0282.jpg,yawn,train,8
yawn_val_0052.jpg,yawn,val,36
yawn_val_0053.jpg,yawn,val,36
yawn_val_0054.jpg,yawn,val,36
yawn_val_0055.jpg,yawn,val,36
yawn_train_0283.jpg,yawn,train,26
yawn_val_0056.jpg,yawn,val,36
yawn_val_0057.jpg,yawn,val,36
yawn_val_0058.jpg,yawn,val,36
yawn_val_0059.jpg,yawn,val,36
yawn_train_0284.jpg,yawn,train,6
yawn_train_0285.jpg,yawn,train,6
yawn_train_0286.jpg,yawn,train,6
yawn_train_0287.jpg,yawn,train,6
yawn_train_0288.jpg,yawn,train,6
yawn_train_0289.jpg,yawn,train,6
yawn_train_0290.jpg,yawn,train,26
yawn_train_0291.jpg,yawn,train,6
yawn_train_0292.jpg,yawn,train,6
yawn_val_0060.jpg,yawn,val,54
yawn_val_0061.jpg,yawn,val,54
yawn_val_0062.jpg,yawn,val,54
yawn_val_0063.jpg,yawn,val,54
yawn_val_0064.jpg,yawn,val,54
yawn_val_0065.jpg,yawn,val,54
yawn_val_0066.jpg,yawn,val,54
yawn_val_0067.jpg,yawn,val,54
yawn_train_0293.jpg,yawn,train,26
yawn_val_0068.jpg,yawn,val,54
yawn_val_0069.jpg,yawn,val,54
yawn_val_0070.jpg,yawn,val,54
yawn_val_0071.jpg,yawn,val,54
yawn_train_0294.jpg,yawn,train,44
yawn_train_0295.jpg,yawn,train,44
yawn_train_0296.jpg,yawn,train,44
yawn_train_0297.jpg,yawn,train,44
yawn_val_0072.jpg,yawn,val,1
yawn_val_0073.jpg,yawn,val,1
yawn_train_0298.jpg,yawn,train,26
yawn_val_0074.jpg,yawn,val,1
yawn_val_0075.jpg,yawn,val,1
yawn_val_0076.jpg,yawn,val,1
yawn_val_0077.jpg,yawn,val,1
yawn_val_0078.jpg,yawn,val,1
yawn_val_0079.jpg,yawn,val,1
yawn_val_0080.jpg,yawn,val,1
yawn_val_0081.jpg,yawn,val,1
yawn_val_0082.jpg,yawn,val,1
yawn_val_0083.jpg,yawn,val,1
yawn_train_0299.jpg,yawn,train,26
yawn_val_0084.jpg,yawn,val,1
yawn_val_0085.jpg,yawn,val,1
yawn_train_0300.jpg,yawn,train,67
yawn_train_0301.jpg,yawn,train,67
yawn_train_0302.jpg,yawn,train,67
yawn_train_0303.jpg,yawn,train,67
yawn_train_0304.jpg,yawn,train,10
yawn_train_0305.jpg,yawn,train,10
yawn_train_0306.jpg,yawn,train,10
yawn_train_0307.jpg,yawn,train,10
yawn_train_0308.jpg,yawn,train,26
yawn_train_0309.jpg,yawn,train,10
yawn_train_0310.jpg,yawn,train,10
yawn_train_0311.jpg,yawn,train,10
yawn_train_0312.jpg,yawn,train,64
yawn_train_0313.jpg,yawn,train,64
yawn_train_0314.jpg,yawn,train,64
yawn_train_0315.jpg,yawn,train,64
yawn_train_0316.jpg,yawn,train,64
yawn_train_0317.jpg,yawn,train,64
yawn_train_0318.jpg,yawn,train,10
yawn_train_0319.jpg,yawn,train,62
yawn_train_0320.jpg,yawn,train,26
yawn_train_0321.jpg,yawn,train,10
yawn_train_0322.jpg,yawn,train,10
yawn_test_0039.jpg,yawn,test,5
yawn_test_0040.jpg,yawn,test,5
yawn_test_0041.jpg,yawn,test,5
yawn_test_0042.jpg,yawn,test,5
yawn_test_0043.jpg,yawn,test,5
yawn_test_0044.jpg,yawn,test,5
yawn_test_0045.jpg,yawn,test,5
yawn_train_0323.jpg,yawn,train,29
yawn_train_0324.jpg,yawn,train,26
yawn_train_0325.jpg,yawn,train,63
yawn_train_0326.jpg,yawn,train,63
yawn_train_0327.jpg,yawn,train,63
yawn_test_0046.jpg,yawn,test,39
yawn_test_0047.jpg,yawn,test,39
yawn_test_0048.jpg,yawn,test,39
yawn_test_0049.jpg,yawn,test,39
yawn_test_0050.jpg,yawn,test,39
yawn_test_0051.jpg,yawn,test,39
yawn_test_0052.jpg,yawn,test,39
yawn_train_0328.jpg,yawn,train,26
yawn_train_0329.jpg,yawn,train,20
yawn_train_0330.jpg,yawn,train,20
yawn_train_0331.jpg,yawn,train,20
yawn_train_0332.jpg,yawn,train,20
yawn_train_0333.jpg,yawn,train,30
yawn_train_0334.jpg,yawn,train,30
yawn_train_0335.jpg,yawn,train,30
yawn_train_0336.jpg,yawn,train,30
yawn_train_0337.jpg,yawn,train,30
yawn_train_0338.jpg,yawn,train,30
yawn_train_0339.jpg,yawn,train,26
yawn_train_0340.jpg,yawn,train,30
yawn_train_0341.jpg,yawn,train,22
yawn_train_0342.jpg,yawn,train,22
yawn_train_0343.jpg,yawn,train,22
yawn_train_0344.jpg,yawn,train,22
yawn_train_0345.jpg,yawn,train,22
yawn_train_0346.jpg,yawn,train,22
yawn_train_0347.jpg,yawn,train,0
yawn_train_0348.jpg,yawn,train,0
yawn_train_0349.jpg,yawn,train,0
yawn_val_0086.jpg,yawn,val,23
yawn_train_0350.jpg,yawn,train,0
yawn_train_0351.jpg,yawn,train,0
yawn_train_0352.jpg,yawn,train,6
yawn_train_0353.jpg,yawn,train,6
yawn_train_0354.jpg,yawn,train,6
yawn_train_0355.jpg,yawn,train,6
yawn_train_0356.jpg,yawn,train,6
yawn_train_0357.jpg,yawn,train,72
yawn_train_0358.jpg,yawn,train,72
yawn_train_0359.jpg,yawn,train,72
yawn_val_0087.jpg,yawn,val,23
yawn_train_0360.jpg,yawn,train,72
yawn_train_0361.jpg,yawn,train,72
yawn_train_0362.jpg,yawn,train,72
yawn_train_0363.jpg,yawn,train,72
yawn_train_0364.jpg,yawn,train,72
yawn_train_0365.jpg,yawn,train,72
yawn_train_0366.jpg,yawn,train,49
yawn_train_0367.jpg,yawn,train,49
yawn_train_0368.jpg,yawn,train,49
yawn_train_0369.jpg,yawn,train,49
yawn_val_0088.jpg,yawn,val,23
yawn_test_0053.jpg,yawn,test,57
yawn_test_0054.jpg,yawn,test,57
yawn_test_0055.jpg,yawn,test,57
yawn_test_0056.jpg,yawn,test,57
yawn_val_0089.jpg,yawn,val,7
yawn_val_0090.jpg,yawn,val,7
yawn_val_0091.jpg,yawn,val,7
yawn_val_0092.jpg,yawn,val,7
yawn_val_0093.jpg,yawn,val,7
yawn_val_0094.jpg,yawn,val,7
yawn_val_0095.jpg,yawn,val,23
yawn_val_0096.jpg,yawn,val,7
yawn_val_0097.jpg,yawn,val,7
yawn_val_0098.jpg,yawn,val,7
yawn_train_0370.jpg,yawn,train,0
yawn_train_0371.jpg,yawn,train,0
yawn_train_0372.jpg,yawn,train,0
yawn_train_0373.jpg,yawn,train,31
yawn_train_0374.jpg,yawn,train,31
yawn_train_0375.jpg,yawn,train,31
yawn_train_0376.jpg,yawn,train,31
yawn_val_0099.jpg,yawn,val,23
yawn_train_0377.jpg,yawn,train,31
yawn_train_0378.jpg,yawn,train,65
yawn_train_0379.jpg,yawn,train,65
yawn_train_0380.jpg,yawn,train,6
yawn_train_0381.jpg,yawn,train,6
yawn_train_0382.jpg,yawn,train,6
yawn_train_0383.jpg,yawn,train,6
yawn_train_0384.jpg,yawn,train,24
yawn_train_0385.jpg,yawn,train,24
yawn_train_0386.jpg,yawn,train,24
yawn_val_0100.jpg,yawn,val,23
yawn_test_0057.jpg,yawn,test,5
yawn_test_0058.jpg,yawn,test,5
yawn_test_0059.jpg,yawn,test,5
yawn_test_0060.jpg,yawn,test,5
yawn_train_0387.jpg,yawn,train,24
yawn_train_0388.jpg,yawn,train,24
yawn_train_0389.jpg,yawn,train,68
yawn_train_0390.jpg,yawn,train,12
yawn_train_0391.jpg,yawn,train,12
yawn_train_0392.jpg,yawn,train,12
yawn_train_0393.jpg,yawn,train,62
yawn_val_0101.jpg,yawn,val,23
yawn_train_0394.jpg,yawn,train,12
yawn_train_0395.jpg,yawn,train,12
yawn_test_0061.jpg,yawn,test,34
yawn_test_0062.jpg,yawn,test,34
yawn_test_0063.jpg,yawn,test,34
yawn_test_0064.jpg,yawn,test,34
yawn_test_0065.jpg,yawn,test,34
yawn_test_0066.jpg,yawn,test,60
yawn_test_0067.jpg,yawn,test,60
yawn_test_0068.jpg,yawn,test,60
yawn_val_0102.jpg,yawn,val,23
yawn_test_0069.jpg,yawn,test,60
yawn_test_0070.jpg,yawn,test,60
yawn_test_0071.jpg,yawn,test,60
yawn_test_0072.jpg,yawn,test,60
yawn_train_0396.jpg,yawn,train,72
yawn_train_0397.jpg,yawn,train,72
yawn_train_0398.jpg,yawn,train,72
yawn_train_0399.jpg,yawn,train,72
yawn_train_0400.jpg,yawn,train,72
yawn_train_0401.jpg,yawn,train,72
yawn_val_0103.jpg,yawn,val,23
yawn_train_0402.jpg,yawn,train,72
yawn_test_0073.jpg,yawn,test,18
yawn_test_0074.jpg,yawn,test,40
yawn_test_0075.jpg,yawn,test,40
yawn_test_0076.jpg,yawn,test,40
yawn_test_0077.jpg,yawn,test,13
yawn_test_0078.jpg,yawn,test,13
yawn_test_0079.jpg,yawn,test,13
yawn_test_0080.jpg,yawn,test,13
yawn_test_0081.jpg,yawn,test,13
yawn_val_0104.jpg,yawn,val,23
yawn_train_0403.jpg,yawn,train,2
yawn_train_0404.jpg,yawn,train,2
yawn_train_0405.jpg,yawn,train,2
yawn_train_0406.jpg,yawn,train,2
yawn_train_0407.jpg,yawn,train,2
yawn_train_0408.jpg,yawn,train,2
yawn_train_0409.jpg,yawn,train,2
yawn_train_0410.jpg,yawn,train,2
yawn_train_0411.jpg,yawn,train,2
yawn_train_0412.jpg,yawn,train,59
yawn_val_0105.jpg,yawn,val,23
yawn_train_0413.jpg,yawn,train,59
yawn_train_0414.jpg,yawn,train,59
yawn_train_0415.jpg,yawn,train,59
yawn_train_0416.jpg,yawn,train,59
yawn_train_0417.jpg,yawn,train,59
yawn_train_0418.jpg,yawn,train,59
yawn_train_0419.jpg,yawn,train,59
yawn_train_0420.jpg,yawn,train,59
yawn_train_0421.jpg,yawn,train,59
yawn_val_0106.jpg,yawn,val,17
yawn_train_0422.jpg,yawn,train,59
yawn_train_0423.jpg,yawn,train,59
yawn_val_0107.jpg,yawn,val,7
yawn_val_0108.jpg,yawn,val,7
yawn_val_0109.jpg,yawn,val,7
yawn_val_0110.jpg,yawn,val,7
yawn_val_0111.jpg,yawn,val,7
yawn_val_0112.jpg,yawn,val,7
yawn_val_0113.jpg,yawn,val,7
yawn_val_0114.jpg,yawn,val,7
yawn_val_0115.jpg,yawn,val,17
yawn_val_0116.jpg,yawn,val,7
yawn_train_0424.jpg,yawn,train,42
yawn_train_0425.jpg,yawn,train,42
yawn_train_0426.jpg,yawn,train,42
yawn_train_0427.jpg,yawn,train,2
yawn_train_0428.jpg,yawn,train,2
yawn_train_0429.jpg,yawn,train,2
yawn_train_0430.jpg,yawn,train,2
yawn_train_0431.jpg,yawn,train,2
yawn_train_0432.jpg,yawn,train,48
yawn_val_0117.jpg,yawn,val,17
yawn_train_0433.jpg,yawn,train,48
yawn_train_0434.jpg,yawn,train,48
yawn_train_0435.jpg,yawn,train,48
yawn_test_0082.jpg,yawn,test,3
yawn_test_0083.jpg,yawn,test,3
yawn_test_0084.jpg,yawn,test,3
yawn_test_0085.jpg,yawn,test,3
yawn_train_0436.jpg,yawn,train,61
yawn_train_0437.jpg,yawn,train,61
yawn_train_0438.jpg,yawn,train,61
yawn_val_0118.jpg,yawn,val,17
yawn_train_0439.jpg,yawn,train,61
yawn_train_0440.jpg,yawn,train,61
yawn_train_0441.jpg,yawn,train,61
yawn_train_0442.jpg,yawn,train,61
yawn_train_0443.jpg,yawn,train,61
yawn_train_0444.jpg,yawn,train,61
yawn_train_0445.jpg,yawn,train,61
yawn_train_0446.jpg,yawn,train,61
yawn_train_0447.jpg,yawn,train,2
yawn_train_0448.jpg,yawn,train,2
yawn_val_0119.jpg,yawn,val,17
yawn_train_0449.jpg,yawn,train,2
yawn_train_0450.jpg,yawn,train,2
yawn_train_0451.jpg,yawn,train,2
yawn_train_0452.jpg,yawn,train,2
yawn_train_0453.jpg,yawn,train,53
yawn_train_0454.jpg,yawn,train,53
yawn_train_0455.jpg,yawn,train,53
yawn_train_0456.jpg,yawn,train,53
yawn_train_0457.jpg,yawn,train,62
yawn_test_0086.jpg,yawn,test,18
yawn_train_0458.jpg,yawn,train,53
yawn_train_0459.jpg,yawn,train,53
yawn_train_0460.jpg,yawn,train,53
yawn_train_0461.jpg,yawn,train,53
yawn_test_0087.jpg,yawn,test,14
yawn_test_0088.jpg,yawn,test,14
yawn_test_0089.jpg,yawn,test,14
yawn_test_0090.jpg,yawn,test,14
yawn_val_0120.jpg,yawn,val,25
yawn_val_0121.jpg,yawn,val,25
yawn_test_0091.jpg,yawn,test,18
yawn_val_0122.jpg,yawn,val,25
yawn_val_0123.jpg,yawn,val,25
yawn_val_0124.jpg,yawn,val,25
yawn_val_0125.jpg,yawn,val,17
yawn_val_0126.jpg,yawn,val,17
yawn_train_0462.jpg,yawn,train,9
yawn_train_0463.jpg,yawn,train,9
yawn_train_0464.jpg,yawn,train,9
yawn_train_0465.jpg,yawn,train,9
yawn_train_0466.jpg,yawn,train,9
yawn_test_0092.jpg,yawn,test,18
yawn_train_0467.jpg,yawn,train,9
yawn_train_0468.jpg,yawn,train,9
yawn_train_0469.jpg,yawn,train,9
yawn_train_0470.jpg,yawn,train,9
yawn_train_0471.jpg,yawn,train,9
yawn_train_0472.jpg,yawn,train,9
yawn_train_0473.jpg,yawn,train,9
yawn_test_0093.jpg,yawn,test,18
yawn_test_0094.jpg,yawn,test,18
yawn_test_0095.jpg,yawn,test,18
yawn_test_0096.jpg,yawn,test,18
yawn_test_0097.jpg,yawn,test,38
yawn_test_0098.jpg,yawn,test,38
yawn_test_0099.jpg,yawn,test,38
yawn_train_0474.jpg,yawn,train,62
yawn_test_0100.jpg,yawn,test,38
yawn_train_0475.jpg,yawn,train,31
yawn_train_0476.jpg,yawn,train,31
yawn_train_0477.jpg,yawn,train,31
yawn_train_0478.jpg,yawn,train,31
yawn_train_0479.jpg,yawn,train,31
yawn_train_0480.jpg,yawn,train,51
yawn_train_0481.jpg,yawn,train,51
yawn_train_0482.jpg,yawn,train,51
yawn_train_0483.jpg,yawn,train,51
yawn_train_0484.jpg,yawn,train,62
yawn_train_0485.jpg,yawn,train,51
yawn_train_0486.jpg,yawn,train,51
yawn_train_0487.jpg,yawn,train,51
yawn_train_0488.jpg,yawn,train,51
yawn_train_0489.jpg,yawn,train,45
yawn_train_0490.jpg,yawn,train,45
yawn_train_0491.jpg,yawn,train,45
yawn_train_0492.jpg,yawn,train,2
yawn_train_0493.jpg,yawn,train,2
yawn_train_0494.jpg,yawn,train,2
no_yawn_test_0000.jpg,no_yawn,test,14
no_yawn_train_0000.jpg,no_yawn,train,71
no_yawn_train_0001.jpg,no_yawn,train,71
no_yawn_val_0000.jpg,no_yawn,val,1
no_yawn_val_0001.jpg,no_yawn,val,1
no_yawn_val_0002.jpg,no_yawn,val,1
no_yawn_val_0003.jpg,no_yawn,val,1
no_yawn_val_0004.jpg,no_yawn,val,1
no_yawn_val_0005.jpg,no_yawn,val,1
no_yawn_val_0006.jpg,no_yawn,val,1
no_yawn_val_0007.jpg,no_yawn,val,1
no_yawn_val_0008.jpg,no_yawn,val,1
no_yawn_val_0009.jpg,no_yawn,val,1
no_yawn_val_0010.jpg,no_yawn,val,1
no_yawn_val_0011.jpg,no_yawn,val,1
no_yawn_val_0012.jpg,no_yawn,val,1
no_yawn_val_0013.jpg,no_yawn,val,1
no_yawn_val_0014.jpg,no_yawn,val,1
no_yawn_val_0015.jpg,no_yawn,val,1
no_yawn_val_0016.jpg,no_yawn,val,1
no_yawn_val_0017.jpg,no_yawn,val,1
no_yawn_val_0018.jpg,no_yawn,val,1
no_yawn_val_0019.jpg,no_yawn,val,1
no_yawn_train_0002.jpg,no_yawn,train,29
no_yawn_train_0003.jpg,no_yawn,train,29
no_yawn_train_0004.jpg,no_yawn,train,29
no_yawn_train_0005.jpg,no_yawn,train,29
no_yawn_train_0006.jpg,no_yawn,train,29
no_yawn_train_0007.jpg,no_yawn,train,29
no_yawn_train_0008.jpg,no_yawn,train,29
no_yawn_train_0009.jpg,no_yawn,train,29
no_yawn_train_0010.jpg,no_yawn,train,29
no_yawn_train_0011.jpg,no_yawn,train,29
no_yawn_train_0012.jpg,no_yawn,train,29
no_yawn_train_0013.jpg,no_yawn,train,31
no_yawn_train_0014.jpg,no_yawn,train,6
no_yawn_train_0015.jpg,no_yawn,train,6
no_yawn_train_0016.jpg,no_yawn,train,6
no_yawn_train_0017.jpg,no_yawn,train,6
no_yawn_train_0018.jpg,no_yawn,train,6
no_yawn_train_0019.jpg,no_yawn,train,31
no_yawn_train_0020.jpg,no_yawn,train,6
no_yawn_train_0021.jpg,no_yawn,train,6
no_yawn_train_0022.jpg,no_yawn,train,6
no_yawn_train_0023.jpg,no_yawn,train,29
no_yawn_train_0024.jpg,no_yawn,train,29
no_yawn_train_0025.jpg,no_yawn,train,31
no_yawn_train_0026.jpg,no_yawn,train,29
no_yawn_train_0027.jpg,no_yawn,train,29
no_yawn_train_0028.jpg,no_yawn,train,29
no_yawn_train_0029.jpg,no_yawn,train,29
no_yawn_train_0030.jpg,no_yawn,train,29
no_yawn_train_0031.jpg,no_yawn,train,29
no_yawn_train_0032.jpg,no_yawn,train,31
no_yawn_train_0033.jpg,no_yawn,train,31
no_yawn_train_0034.jpg,no_yawn,train,31
no_yawn_train_0035.jpg,no_yawn,train,29
no_yawn_train_0036.jpg,no_yawn,train,29
no_yawn_train_0037.jpg,no_yawn,train,29
no_yawn_train_0038.jpg,no_yawn,train,29
no_yawn_train_0039.jpg,no_yawn,train,29
no_yawn_train_0040.jpg,no_yawn,train,29
no_yawn_train_0041.jpg,no_yawn,train,22
no_yawn_train_0042.jpg,no_yawn,train,22
no_yawn_train_0043.jpg,no_yawn,train,22
no_yawn_train_0044.jpg,no_yawn,train,22
no_yawn_train_0045.jpg,no_yawn,train,22
no_yawn_train_0046.jpg,no_yawn,train,22
no_yawn_train_0047.jpg,no_yawn,train,22
no_yawn_train_0048.jpg,no_yawn,train,22
no_yawn_train_0049.jpg,no_yawn,train,8
no_yawn_train_0050.jpg,no_yawn,train,8
no_yawn_train_0051.jpg,no_yawn,train,8
no_yawn_train_0052.jpg,no_yawn,train,8
no_yawn_train_0053.jpg,no_yawn,train,10
no_yawn_train_0054.jpg,no_yawn,train,10
no_yawn_train_0055.jpg,no_yawn,train,10
no_yawn_train_0056.jpg,no_yawn,train,10
no_yawn_train_0057.jpg,no_yawn,train,10
no_yawn_train_0058.jpg,no_yawn,train,10
no_yawn_train_0059.jpg,no_yawn,train,22
no_yawn_train_0060.jpg,no_yawn,train,22
no_yawn_train_0061.jpg,no_yawn,train,10
no_yawn_train_0062.jpg,no_yawn,train,10
no_yawn_train_0063.jpg,no_yawn,train,10
no_yawn_train_0064.jpg,no_yawn,train,10
no_yawn_train_0065.jpg,no_yawn,train,10
no_yawn_train_0066.jpg,no_yawn,train,10
no_yawn_val_0020.jpg,no_yawn,val,15
no_yawn_val_0021.jpg,no_yawn,val,15
no_yawn_val_0022.jpg,no_yawn,val,15
no_yawn_val_0023.jpg,no_yawn,val,15
no_yawn_val_0024.jpg,no_yawn,val,15
no_yawn_train_0067.jpg,no_yawn,train,28
no_yawn_train_0068.jpg,no_yawn,train,28
no_yawn_train_0069.jpg,no_yawn,train,28
no_yawn_train_0070.jpg,no_yawn,train,28
no_yawn_train_0071.jpg,no_yawn,train,28
no_yawn_train_0072.jpg,no_yawn,train,28
no_yawn_train_0073.jpg,no_yawn,train,28
no_yawn_train_0074.jpg,no_yawn,train,28
no_yawn_train_0075.jpg,no_yawn,train,28
no_yawn_train_0076.jpg,no_yawn,train,28
no_yawn_val_0025.jpg,no_yawn,val,1
no_yawn_val_0026.jpg,no_yawn,val,1
no_yawn_val_0027.jpg,no_yawn,val,1
no_yawn_train_0077.jpg,no_yawn,train,2
no_yawn_val_0028.jpg,no_yawn,val,1
no_yawn_val_0029.jpg,no_yawn,val,1
no_yawn_val_0030.jpg,no_yawn,val,1
no_yawn_train_0078.jpg,no_yawn,train,2
no_yawn_train_0079.jpg,no_yawn,train,2
no_yawn_train_0080.jpg,no_yawn,train,8
no_yawn_train_0081.jpg,no_yawn,train,8
no_yawn_train_0082.jpg,no_yawn,train,8
no_yawn_train_0083.jpg,no_yawn,train,2
no_yawn_train_0084.jpg,no_yawn,train,8
no_yawn_train_0085.jpg,no_yawn,train,8
no_yawn_val_0031.jpg,no_yawn,val,36
no_yawn_val_0032.jpg,no_yawn,val,36
no_yawn_train_0086.jpg,no_yawn,train,2
no_yawn_val_0033.jpg,no_yawn,val,36
no_yawn_val_0034.jpg,no_yawn,val,36
no_yawn_val_0035.jpg,no_yawn,val,36
no_yawn_val_0036.jpg,no_yawn,val,36
no_yawn_val_0037.jpg,no_yawn,val,36
no_yawn_train_0087.jpg,no_yawn,train,2
no_yawn_train_0088.jpg,no_yawn,train,2
no_yawn_train_0089.jpg,no_yawn,train,6
no_yawn_train_0090.jpg,no_yawn,train,6
no_yawn_train_0091.jpg,no_yawn,train,2
no_yawn_train_0092.jpg,no_yawn,train,6
no_yawn_train_0093.jpg,no_yawn,train,6
no_yawn_train_0094.jpg,no_yawn,train,6
no_yawn_train_0095.jpg,no_yawn,train,6
no_yawn_train_0096.jpg,no_yawn,train,6
no_yawn_train_0097.jpg,no_yawn,train,6
no_yawn_train_0098.jpg,no_yawn,train,6
no_yawn_train_0099.jpg,no_yawn,train,6
no_yawn_train_0100.jpg,no_yawn,train,6
no_yawn_train_0101.jpg,no_yawn,train,6
no_yawn_train_0102.jpg,no_yawn,train,6
no_yawn_train_0103.jpg,no_yawn,train,6
no_yawn_train_0104.jpg,no_yawn,train,6
no_yawn_val_0038.jpg,no_yawn,val,1
no_yawn_val_0039.jpg,no_yawn,val,1
no_yawn_val_0040.jpg,no_yawn,val,1
no_yawn_val_0041.jpg,no_yawn,val,1
no_yawn_val_0042.jpg,no_yawn,val,1
no_yawn_val_0043.jpg,no_yawn,val,1
no_yawn_val_0044.jpg,no_yawn,val,1
no_yawn_train_0105.jpg,no_yawn,train,43
no_yawn_train_0106.jpg,no_yawn,train,43
no_yawn_train_0107.jpg,no_yawn,train,44
no_yawn_train_0108.jpg,no_yawn,train,44
no_yawn_train_0109.jpg,no_yawn,train,44
no_yawn_train_0110.jpg,no_yawn,train,44
no_yawn_train_0111.jpg,no_yawn,train,44
no_yawn_train_0112.jpg,no_yawn,train,44
no_yawn_train_0113.jpg,no_yawn,train,44
no_yawn_train_0114.jpg,no_yawn,train,44
no_yawn_train_0115.jpg,no_yawn,train,44
no_yawn_train_0116.jpg,no_yawn,train,44
no_yawn_train_0117.jpg,no_yawn,train,66
no_yawn_train_0118.jpg,no_yawn,train,66
no_yawn_train_0119.jpg,no_yawn,train,66
no_yawn_train_0120.jpg,no_yawn,train,66
no_yawn_train_0121.jpg,no_yawn,train,66
no_yawn_train_0122.jpg,no_yawn,train,66
no_yawn_train_0123.jpg,no_yawn,train,66
no_yawn_train_0124.jpg,no_yawn,train,66
no_yawn_train_0125.jpg,no_yawn,train,66
no_yawn_train_0126.jpg,no_yawn,train,67
no_yawn_train_0127.jpg,no_yawn,train,67
no_yawn_train_0128.jpg,no_yawn,train,67
no_yawn_train_0129.jpg,no_yawn,train,67
no_yawn_train_0130.jpg,no_yawn,train,67
no_yawn_train_0131.jpg,no_yawn,train,67
no_yawn_train_0132.jpg,no_yawn,train,67
no_yawn_train_0133.jpg,no_yawn,train,10
no_yawn_train_0134.jpg,no_yawn,train,10
no_yawn_train_0135.jpg,no_yawn,train,10
no_yawn_train_0136.jpg,no_yawn,train,10
no_yawn_train_0137.jpg,no_yawn,train,64
no_yawn_train_0138.jpg,no_yawn,train,64
no_yawn_train_0139.jpg,no_yawn,train,64
no_yawn_train_0140.jpg,no_yawn,train,64
no_yawn_train_0141.jpg,no_yawn,train,64
no_yawn_train_0142.jpg,no_yawn,train,10
no_yawn_train_0143.jpg,no_yawn,train,10
no_yawn_train_0144.jpg,no_yawn,train,10
no_yawn_train_0145.jpg,no_yawn,train,10
no_yawn_train_0146.jpg,no_yawn,train,10
no_yawn_train_0147.jpg,no_yawn,train,10
no_yawn_test_0001.jpg,no_yawn,test,5
no_yawn_test_0002.jpg,no_yawn,test,5
no_yawn_train_0148.jpg,no_yawn,train,2
no_yawn_test_0003.jpg,no_yawn,test,5
no_yawn_train_0149.jpg,no_yawn,train,2
no_yawn_train_0150.jpg,no_yawn,train,2
no_yawn_train_0151.jpg,no_yawn,train,29
no_yawn_train_0152.jpg,no_yawn,train,29
no_yawn_train_0153.jpg,no_yawn,train,29
no_yawn_train_0154.jpg,no_yawn,train,29
no_yawn_train_0155.jpg,no_yawn,train,29
no_yawn_train_0156.jpg,no_yawn,train,29
no_yawn_train_0157.jpg,no_yawn,train,2
no_yawn_train_0158.jpg,no_yawn,train,29
no_yawn_train_0159.jpg,no_yawn,train,29
no_yawn_train_0160.jpg,no_yawn,train,29
no_yawn_train_0161.jpg,no_yawn,train,29
no_yawn_train_0162.jpg,no_yawn,train,29
no_yawn_train_0163.jpg,no_yawn,train,29
no_yawn_train_0164.jpg,no_yawn,train,63
no_yawn_train_0165.jpg,no_yawn,train,63
no_yawn_train_0166.jpg,no_yawn,train,63
no_yawn_train_0167.jpg,no_yawn,train,63
no_yawn_train_0168.jpg,no_yawn,train,2
no_yawn_train_0169.jpg,no_yawn,train,63
no_yawn_train_0170.jpg,no_yawn,train,63
no_yawn_train_0171.jpg,no_yawn,train,63
no_yawn_test_0004.jpg,no_yawn,test,39
no_yawn_test_0005.jpg,no_yawn,test,39
no_yawn_test_0006.jpg,no_yawn,test,39
no_yawn_test_0007.jpg,no_yawn,test,39
no_yawn_test_0008.jpg,no_yawn,test,39
no_yawn_test_0009.jpg,no_yawn,test,39
no_yawn_test_0010.jpg,no_yawn,test,39
no_yawn_test_0011.jpg,no_yawn,test,39
no_yawn_train_0172.jpg,no_yawn,train,20
no_yawn_train_0173.jpg,no_yawn,train,20
no_yawn_train_0174.jpg,no_yawn,train,20
no_yawn_train_0175.jpg,no_yawn,train,20
no_yawn_train_0176.jpg,no_yawn,train,20
no_yawn_train_0177.jpg,no_yawn,train,20
no_yawn_train_0178.jpg,no_yawn,train,20
no_yawn_train_0179.jpg,no_yawn,train,20
no_yawn_train_0180.jpg,no_yawn,train,20
no_yawn_train_0181.jpg,no_yawn,train,20
no_yawn_train_0182.jpg,no_yawn,train,20
no_yawn_train_0183.jpg,no_yawn,train,20
no_yawn_train_0184.jpg,no_yawn,train,30
no_yawn_train_0185.jpg,no_yawn,train,30
no_yawn_train_0186.jpg,no_yawn,train,30
no_yawn_train_0187.jpg,no_yawn,train,30
no_yawn_train_0188.jpg,no_yawn,train,30
no_yawn_train_0189.jpg,no_yawn,train,30
no_yawn_train_0190.jpg,no_yawn,train,70
no_yawn_train_0191.jpg,no_yawn,train,70
no_yawn_train_0192.jpg,no_yawn,train,70
no_yawn_train_0193.jpg,no_yawn,train,70
no_yawn_train_0194.jpg,no_yawn,train,70
no_yawn_train_0195.jpg,no_yawn,train,22
no_yawn_train_0196.jpg,no_yawn,train,22
no_yawn_train_0197.jpg,no_yawn,train,22
no_yawn_train_0198.jpg,no_yawn,train,22
no_yawn_train_0199.jpg,no_yawn,train,22
no_yawn_train_0200.jpg,no_yawn,train,22
no_yawn_train_0201.jpg,no_yawn,train,22
no_yawn_train_0202.jpg,no_yawn,train,22
no_yawn_train_0203.jpg,no_yawn,train,22
no_yawn_train_0204.jpg,no_yawn,train,22
no_yawn_train_0205.jpg,no_yawn,train,22
no_yawn_train_0206.jpg,no_yawn,train,22
no_yawn_train_0207.jpg,no_yawn,train,22
no_yawn_train_0208.jpg,no_yawn,train,22
no_yawn_train_0209.jpg,no_yawn,train,22
no_yawn_train_0210.jpg,no_yawn,train,22
no_yawn_train_0211.jpg,no_yawn,train,0
no_yawn_train_0212.jpg,no_yawn,train,0
no_yawn_train_0213.jpg,no_yawn,train,0
no_yawn_train_0214.jpg,no_yawn,train,0
no_yawn_train_0215.jpg,no_yawn,train,0
no_yawn_train_0216.jpg,no_yawn,train,0
no_yawn_train_0217.jpg,no_yawn,train,0
no_yawn_test_0012.jpg,no_yawn,test,14
no_yawn_train_0218.jpg,no_yawn,train,0
no_yawn_train_0219.jpg,no_yawn,train,0
no_yawn_train_0220.jpg,no_yawn,train,6
no_yawn_train_0221.jpg,no_yawn,train,6
no_yawn_train_0222.jpg,no_yawn,train,52
no_yawn_train_0223.jpg,no_yawn,train,6
no_yawn_train_0224.jpg,no_yawn,train,6
no_yawn_train_0225.jpg,no_yawn,train,6
no_yawn_train_0226.jpg,no_yawn,train,6
no_yawn_train_0227.jpg,no_yawn,train,6
no_yawn_train_0228.jpg,no_yawn,train,6
no_yawn_train_0229.jpg,no_yawn,train,52
no_yawn_train_0230.jpg,no_yawn,train,6
no_yawn_train_0231.jpg,no_yawn,train,6
no_yawn_train_0232.jpg,no_yawn,train,6
no_yawn_train_0233.jpg,no_yawn,train,6
no_yawn_train_0234.jpg,no_yawn,train,52
no_yawn_train_0235.jpg,no_yawn,train,28
no_yawn_train_0236.jpg,no_yawn,train,28
no_yawn_train_0237.jpg,no_yawn,train,28
no_yawn_train_0238.jpg,no_yawn,train,28
no_yawn_train_0239.jpg,no_yawn,train,52
no_yawn_train_0240.jpg,no_yawn,train,28
no_yawn_test_0013.jpg,no_yawn,test,57
no_yawn_test_0014.jpg,no_yawn,test,57
no_yawn_test_0015.jpg,no_yawn,test,57
no_yawn_test_0016.jpg,no_yawn,test,57
no_yawn_test_0017.jpg,no_yawn,test,57
no_yawn_test_0018.jpg,no_yawn,test,57
no_yawn_test_0019.jpg,no_yawn,test,57
no_yawn_train_0241.jpg,no_yawn,train,52
no_yawn_train_0242.jpg,no_yawn,train,0
no_yawn_train_0243.jpg,no_yawn,train,0
no_yawn_train_0244.jpg,no_yawn,train,52
no_yawn_train_0245.jpg,no_yawn,train,0
no_yawn_train_0246.jpg,no_yawn,train,0
no_yawn_train_0247.jpg,no_yawn,train,0
no_yawn_train_0248.jpg,no_yawn,train,0
no_yawn_train_0249.jpg,no_yawn,train,31
no_yawn_train_0250.jpg,no_yawn,train,31
no_yawn_train_0251.jpg,no_yawn,train,31
no_yawn_train_0252.jpg,no_yawn,train,52
no_yawn_train_0253.jpg,no_yawn,train,31
no_yawn_train_0254.jpg,no_yawn,train,52
no_yawn_train_0255.jpg,no_yawn,train,31
no_yawn_train_0256.jpg,no_yawn,train,31
no_yawn_train_0257.jpg,no_yawn,train,31
no_yawn_train_0258.jpg,no_yawn,train,31
no_yawn_train_0259.jpg,no_yawn,train,52
no_yawn_train_0260.jpg,no_yawn,train,65
no_yawn_train_0261.jpg,no_yawn,train,65
no_yawn_train_0262.jpg,no_yawn,train,65
no_yawn_train_0263.jpg,no_yawn,train,65
no_yawn_train_0264.jpg,no_yawn,train,65
no_yawn_train_0265.jpg,no_yawn,train,65
no_yawn_train_0266.jpg,no_yawn,train,6
no_yawn_train_0267.jpg,no_yawn,train,6
no_yawn_train_0268.jpg,no_yawn,train,6
no_yawn_train_0269.jpg,no_yawn,train,6
no_yawn_train_0270.jpg,no_yawn,train,6
no_yawn_train_0271.jpg,no_yawn,train,6
no_yawn_train_0272.jpg,no_yawn,train,6
no_yawn_train_0273.jpg,no_yawn,train,6
no_yawn_train_0274.jpg,no_yawn,train,6
no_yawn_train_0275.jpg,no_yawn,train,58
no_yawn_train_0276.jpg,no_yawn,train,58
no_yawn_train_0277.jpg,no_yawn,train,58
no_yawn_train_0278.jpg,no_yawn,train,24
no_yawn_train_0279.jpg,no_yawn,train,24
no_yawn_train_0280.jpg,no_yawn,train,24
no_yawn_train_0281.jpg,no_yawn,train,24
no_yawn_train_0282.jpg,no_yawn,train,24
no_yawn_train_0283.jpg,no_yawn,train,24
no_yawn_train_0284.jpg,no_yawn,train,24
no_yawn_train_0285.jpg,no_yawn,train,58
no_yawn_test_0020.jpg,no_yawn,test,5
no_yawn_test_0021.jpg,no_yawn,test,5
no_yawn_test_0022.jpg,no_yawn,test,5
no_yawn_test_0023.jpg,no_yawn,test,5
no_yawn_test_0024.jpg,no_yawn,test,5
no_yawn_test_0025.jpg,no_yawn,test,5
no_yawn_test_0026.jpg,no_yawn,test,5
no_yawn_test_0027.jpg,no_yawn,test,5
no_yawn_test_0028.jpg,no_yawn,test,5
no_yawn_train_0286.jpg,no_yawn,train,58
no_yawn_test_0029.jpg,no_yawn,test,5
no_yawn_train_0287.jpg,no_yawn,train,58
no_yawn_train_0288.jpg,no_yawn,train,24
no_yawn_train_0289.jpg,no_yawn,train,24
no_yawn_train_0290.jpg,no_yawn,train,24
no_yawn_train_0291.jpg,no_yawn,train,24
no_yawn_train_0292.jpg,no_yawn,train,58
no_yawn_train_0293.jpg,no_yawn,train,24
no_yawn_train_0294.jpg,no_yawn,train,24
no_yawn_train_0295.jpg,no_yawn,train,24
no_yawn_train_0296.jpg,no_yawn,train,24
no_yawn_train_0297.jpg,no_yawn,train,24
no_yawn_train_0298.jpg,no_yawn,train,24
no_yawn_train_0299.jpg,no_yawn,train,24
no_yawn_train_0300.jpg,no_yawn,train,58
no_yawn_train_0301.jpg,no_yawn,train,68
no_yawn_train_0302.jpg,no_yawn,train,68
no_yawn_train_0303.jpg,no_yawn,train,68
no_yawn_train_0304.jpg,no_yawn,train,68
no_yawn_train_0305.jpg,no_yawn,train,68
no_yawn_train_0306.jpg,no_yawn,train,68
no_yawn_train_0307.jpg,no_yawn,train,68
no_yawn_train_0308.jpg,no_yawn,train,58
no_yawn_train_0309.jpg,no_yawn,train,68
no_yawn_train_0310.jpg,no_yawn,train,12
no_yawn_train_0311.jpg,no_yawn,train,12
no_yawn_train_0312.jpg,no_yawn,train,12
no_yawn_train_0313.jpg,no_yawn,train,12
no_yawn_train_0314.jpg,no_yawn,train,12
no_yawn_train_0315.jpg,no_yawn,train,58
no_yawn_train_0316.jpg,no_yawn,train,12
no_yawn_train_0317.jpg,no_yawn,train,12
no_yawn_train_0318.jpg,no_yawn,train,12
no_yawn_test_0030.jpg,no_yawn,test,34
no_yawn_train_0319.jpg,no_yawn,train,58
no_yawn_test_0031.jpg,no_yawn,test,34
no_yawn_train_0320.jpg,no_yawn,train,58
no_yawn_test_0032.jpg,no_yawn,test,34
no_yawn_test_0033.jpg,no_yawn,test,34
no_yawn_test_0034.jpg,no_yawn,test,34
no_yawn_test_0035.jpg,no_yawn,test,34
no_yawn_test_0036.jpg,no_yawn,test,34
no_yawn_test_0037.jpg,no_yawn,test,34
no_yawn_train_0321.jpg,no_yawn,train,58
no_yawn_test_0038.jpg,no_yawn,test,60
no_yawn_test_0039.jpg,no_yawn,test,60
no_yawn_test_0040.jpg,no_yawn,test,60
no_yawn_test_0041.jpg,no_yawn,test,60
no_yawn_test_0042.jpg,no_yawn,test,60
no_yawn_test_0043.jpg,no_yawn,test,60
no_yawn_test_0044.jpg,no_yawn,test,11
no_yawn_test_0045.jpg,no_yawn,test,60
no_yawn_test_0046.jpg,no_yawn,test,60
no_yawn_test_0047.jpg,no_yawn,test,60
no_yawn_test_0048.jpg,no_yawn,test,60
no_yawn_test_0049.jpg,no_yawn,test,11
no_yawn_test_0050.jpg,no_yawn,test,60
no_yawn_test_0051.jpg,no_yawn,test,60
no_yawn_val_0045.jpg,no_yawn,val,1
no_yawn_test_0052.jpg,no_yawn,test,60
no_yawn_train_0322.jpg,no_yawn,train,72
no_yawn_train_0323.jpg,no_yawn,train,72
no_yawn_train_0324.jpg,no_yawn,train,72
no_yawn_train_0325.jpg,no_yawn,train,72
no_yawn_train_0326.jpg,no_yawn,train,72
no_yawn_train_0327.jpg,no_yawn,train,72
no_yawn_train_0328.jpg,no_yawn,train,72
no_yawn_train_0329.jpg,no_yawn,train,72
no_yawn_train_0330.jpg,no_yawn,train,72
no_yawn_train_0331.jpg,no_yawn,train,72
no_yawn_train_0332.jpg,no_yawn,train,72
no_yawn_test_0053.jpg,no_yawn,test,13
no_yawn_test_0054.jpg,no_yawn,test,13
no_yawn_test_0055.jpg,no_yawn,test,13
no_yawn_test_0056.jpg,no_yawn,test,13
no_yawn_test_0057.jpg,no_yawn,test,13
no_yawn_test_0058.jpg,no_yawn,test,13
no_yawn_train_0333.jpg,no_yawn,train,2
no_yawn_train_0334.jpg,no_yawn,train,2
no_yawn_train_0335.jpg,no_yawn,train,2
no_yawn_train_0336.jpg,no_yawn,train,2
no_yawn_train_0337.jpg,no_yawn,train,2
no_yawn_train_0338.jpg,no_yawn,train,2
no_yawn_train_0339.jpg,no_yawn,train,2
no_yawn_train_0340.jpg,no_yawn,train,2
no_yawn_train_0341.jpg,no_yawn,train,42
no_yawn_train_0342.jpg,no_yawn,train,42
no_yawn_train_0343.jpg,no_yawn,train,42
no_yawn_train_0344.jpg,no_yawn,train,42
no_yawn_train_0345.jpg,no_yawn,train,42
no_yawn_train_0346.jpg,no_yawn,train,42
no_yawn_train_0347.jpg,no_yawn,train,42
no_yawn_train_0348.jpg,no_yawn,train,42
no_yawn_train_0349.jpg,no_yawn,train,2
no_yawn_train_0350.jpg,no_yawn,train,2
no_yawn_val_0046.jpg,no_yawn,val,1
no_yawn_train_0351.jpg,no_yawn,train,2
no_yawn_train_0352.jpg,no_yawn,train,2
no_yawn_train_0353.jpg,no_yawn,train,2
no_yawn_train_0354.jpg,no_yawn,train,2
no_yawn_train_0355.jpg,no_yawn,train,2
no_yawn_train_0356.jpg,no_yawn,train,2
no_yawn_train_0357.jpg,no_yawn,train,2
no_yawn_train_0358.jpg,no_yawn,train,2
no_yawn_test_0059.jpg,no_yawn,test,11
no_yawn_test_0060.jpg,no_yawn,test,3
no_yawn_test_0061.jpg,no_yawn,test,3
no_yawn_test_0062.jpg,no_yawn,test,3
no_yawn_test_0063.jpg,no_yawn,test,3
no_yawn_test_0064.jpg,no_yawn,test,3
no_yawn_test_0065.jpg,no_yawn,test,3
no_yawn_test_0066.jpg,no_yawn,test,11
no_yawn_test_0067.jpg,no_yawn,test,3
no_yawn_train_0359.jpg,no_yawn,train,2
no_yawn_train_0360.jpg,no_yawn,train,2
no_yawn_train_0361.jpg,no_yawn,train,2
no_yawn_train_0362.jpg,no_yawn,train,2
no_yawn_train_0363.jpg,no_yawn,train,2
no_yawn_test_0068.jpg,no_yawn,test,11
no_yawn_train_0364.jpg,no_yawn,train,2
no_yawn_test_0069.jpg,no_yawn,test,11
no_yawn_test_0070.jpg,no_yawn,test,11
no_yawn_test_0071.jpg,no_yawn,test,14
no_yawn_test_0072.jpg,no_yawn,test,14
no_yawn_test_0073.jpg,no_yawn,test,14
no_yawn_test_0074.jpg,no_yawn,test,14
no_yawn_test_0075.jpg,no_yawn,test,14
no_yawn_test_0076.jpg,no_yawn,test,14
no_yawn_test_0077.jpg,no_yawn,test,14
no_yawn_test_0078.jpg,no_yawn,test,14
no_yawn_test_0079.jpg,no_yawn,test,14
no_yawn_val_0047.jpg,no_yawn,val,17
no_yawn_val_0048.jpg,no_yawn,val,17
no_yawn_val_0049.jpg,no_yawn,val,17
no_yawn_val_0050.jpg,no_yawn,val,17
no_yawn_test_0080.jpg,no_yawn,test,11
no_yawn_val_0051.jpg,no_yawn,val,17
no_yawn_val_0052.jpg,no_yawn,val,1
no_yawn_val_0053.jpg,no_yawn,val,17
no_yawn_val_0054.jpg,no_yawn,val,17
no_yawn_train_0365.jpg,no_yawn,train,47
no_yawn_train_0366.jpg,no_yawn,train,47
no_yawn_train_0367.jpg,no_yawn,train,47
no_yawn_train_0368.jpg,no_yawn,train,47
no_yawn_train_0369.jpg,no_yawn,train,19
no_yawn_train_0370.jpg,no_yawn,train,19
no_yawn_train_0371.jpg,no_yawn,train,19
no_yawn_val_0055.jpg,no_yawn,val,1
no_yawn_train_0372.jpg,no_yawn,train,58
no_yawn_train_0373.jpg,no_yawn,train,58
no_yawn_train_0374.jpg,no_yawn,train,58
no_yawn_train_0375.jpg,no_yawn,train,58
no_yawn_train_0376.jpg,no_yawn,train,58
no_yawn_val_0056.jpg,no_yawn,val,1
no_yawn_val_0057.jpg,no_yawn,val,1
no_yawn_train_0377.jpg,no_yawn,train,4
no_yawn_train_0378.jpg,no_yawn,train,4
no_yawn_train_0379.jpg,no_yawn,train,4
no_yawn_train_0380.jpg,no_yawn,train,4
no_yawn_train_0381.jpg,no_yawn,train,4
no_yawn_test_0081.jpg,no_yawn,test,14
no_yawn_test_0082.jpg,no_yawn,test,11
no_yawn_test_0083.jpg,no_yawn,test,11
no_yawn_test_0084.jpg,no_yawn,test,11
no_yawn_test_0085.jpg,no_yawn,test,11
no_yawn_test_0086.jpg,no_yawn,test,11
no_yawn_test_0087.jpg,no_yawn,test,11
no_yawn_test_0088.jpg,no_yawn,test,11
no_yawn_test_0089.jpg,no_yawn,test,11
no_yawn_test_0090.jpg,no_yawn,test,11
no_yawn_test_0091.jpg,no_yawn,test,11
no_yawn_test_0092.jpg,no_yawn,test,11
no_yawn_test_0093.jpg,no_yawn,test,11
no_yawn_test_0094.jpg,no_yawn,test,11
no_yawn_test_0095.jpg,no_yawn,test,11
no_yawn_test_0096.jpg,no_yawn,test,11
no_yawn_test_0097.jpg,no_yawn,test,11
no_yawn_test_0098.jpg,no_yawn,test,11
no_yawn_test_0099.jpg,no_yawn,test,14
no_yawn_train_0382.jpg,no_yawn,train,4
no_yawn_train_0383.jpg,no_yawn,train,4
no_yawn_train_0384.jpg,no_yawn,train,4
no_yawn_train_0385.jpg,no_yawn,train,4
no_yawn_train_0386.jpg,no_yawn,train,4
no_yawn_train_0387.jpg,no_yawn,train,4
no_yawn_train_0388.jpg,no_yawn,train,4
no_yawn_train_0389.jpg,no_yawn,train,4
no_yawn_train_0390.jpg,no_yawn,train,4
no_yawn_train_0391.jpg,no_yawn,train,4
no_yawn_train_0392.jpg,no_yawn,train,4
no_yawn_train_0393.jpg,no_yawn,train,4
no_yawn_train_0394.jpg,no_yawn,train,4
no_yawn_train_0395.jpg,no_yawn,train,4
no_yawn_train_0396.jpg,no_yawn,train,4
no_yawn_train_0397.jpg,no_yawn,train,4
no_yawn_train_0398.jpg,no_yawn,train,4
no_yawn_train_0399.jpg,no_yawn,train,4
no_yawn_train_0400.jpg,no_yawn,train,4
no_yawn_train_0401.jpg,no_yawn,train,37
no_yawn_train_0402.jpg,no_yawn,train,37
no_yawn_train_0403.jpg,no_yawn,train,37
no_yawn_train_0404.jpg,no_yawn,train,37
no_yawn_train_0405.jpg,no_yawn,train,37
no_yawn_train_0406.jpg,no_yawn,train,4
no_yawn_train_0407.jpg,no_yawn,train,4
no_yawn_train_0408.jpg,no_yawn,train,4
no_yawn_train_0409.jpg,no_yawn,train,4
no_yawn_train_0410.jpg,no_yawn,train,4
no_yawn_train_0411.jpg,no_yawn,train,4
no_yawn_test_0100.jpg,no_yawn,test,14
no_yawn_train_0412.jpg,no_yawn,train,4
no_yawn_train_0413.jpg,no_yawn,train,4
no_yawn_train_0414.jpg,no_yawn,train,4
no_yawn_train_0415.jpg,no_yawn,train,4
no_yawn_train_0416.jpg,no_yawn,train,4
no_yawn_train_0417.jpg,no_yawn,train,26
no_yawn_train_0418.jpg,no_yawn,train,4
no_yawn_train_0419.jpg,no_yawn,train,4
no_yawn_train_0420.jpg,no_yawn,train,4
no_yawn_train_0421.jpg,no_yawn,train,4
no_yawn_train_0422.jpg,no_yawn,train,4
no_yawn_train_0423.jpg,no_yawn,train,4
no_yawn_train_0424.jpg,no_yawn,train,4
no_yawn_train_0425.jpg,no_yawn,train,26
no_yawn_train_0426.jpg,no_yawn,train,37
no_yawn_train_0427.jpg,no_yawn,train,37
no_yawn_train_0428.jpg,no_yawn,train,37
no_yawn_train_0429.jpg,no_yawn,train,37
no_yawn_train_0430.jpg,no_yawn,train,37
no_yawn_train_0431.jpg,no_yawn,train,37
no_yawn_train_0432.jpg,no_yawn,train,37
no_yawn_train_0433.jpg,no_yawn,train,37
no_yawn_train_0434.jpg,no_yawn,train,32
no_yawn_train_0435.jpg,no_yawn,train,32
no_yawn_train_0436.jpg,no_yawn,train,26
no_yawn_train_0437.jpg,no_yawn,train,32
no_yawn_train_0438.jpg,no_yawn,train,32
no_yawn_train_0439.jpg,no_yawn,train,32
no_yawn_train_0440.jpg,no_yawn,train,32
no_yawn_train_0441.jpg,no_yawn,train,32
no_yawn_train_0442.jpg,no_yawn,train,32
no_yawn_train_0443.jpg,no_yawn,train,26
no_yawn_train_0444.jpg,no_yawn,train,32
no_yawn_test_0101.jpg,no_yawn,test,14
no_yawn_train_0445.jpg,no_yawn,train,37
no_yawn_train_0446.jpg,no_yawn,train,37
no_yawn_train_0447.jpg,no_yawn,train,37
no_yawn_train_0448.jpg,no_yawn,train,37
no_yawn_train_0449.jpg,no_yawn,train,37
no_yawn_train_0450.jpg,no_yawn,train,37
no_yawn_train_0451.jpg,no_yawn,train,37
no_yawn_train_0452.jpg,no_yawn,train,56
no_yawn_train_0453.jpg,no_yawn,train,56
no_yawn_train_0454.jpg,no_yawn,train,56
no_yawn_train_0455.jpg,no_yawn,train,56
no_yawn_train_0456.jpg,no_yawn,train,56
no_yawn_train_0457.jpg,no_yawn,train,56
no_yawn_train_0458.jpg,no_yawn,train,56
no_yawn_test_0102.jpg,no_yawn,test,3
no_yawn_test_0103.jpg,no_yawn,test,3
no_yawn_test_0104.jpg,no_yawn,test,3
no_yawn_test_0105.jpg,no_yawn,test,3
no_yawn_test_0106.jpg,no_yawn,test,3
no_yawn_test_0107.jpg,no_yawn,test,3
no_yawn_test_0108.jpg,no_yawn,test,3
no_yawn_test_0109.jpg,no_yawn,test,3
no_yawn_test_0110.jpg,no_yawn,test,3
no_yawn_val_0058.jpg,no_yawn,val,1
no_yawn_val_0059.jpg,no_yawn,val,1
no_yawn_val_0060.jpg,no_yawn,val,1
no_yawn_val_0061.jpg,no_yawn,val,1
no_yawn_val_0062.jpg,no_yawn,val,1
no_yawn_val_0063.jpg,no_yawn,val,1
no_yawn_val_0064.jpg,no_yawn,val,1
no_yawn_val_0065.jpg,no_yawn,val,1
no_yawn_train_0459.jpg,no_yawn,train,37
no_yawn_train_0460.jpg,no_yawn,train,37
no_yawn_test_0111.jpg,no_yawn,test,14
no_yawn_train_0461.jpg,no_yawn,train,37
no_yawn_train_0462.jpg,no_yawn,train,37
no_yawn_train_0463.jpg,no_yawn,train,37
no_yawn_val_0066.jpg,no_yawn,val,17
no_yawn_val_0067.jpg,no_yawn,val,17
no_yawn_val_0068.jpg,no_yawn,val,55
no_yawn_val_0069.jpg,no_yawn,val,55
no_yawn_val_0070.jpg,no_yawn,val,55
no_yawn_val_0071.jpg,no_yawn,val,55
no_yawn_val_0072.jpg,no_yawn,val,17
no_yawn_val_0073.jpg,no_yawn,val,55
no_yawn_train_0464.jpg,no_yawn,train,6
no_yawn_train_0465.jpg,no_yawn,train,6
no_yawn_train_0466.jpg,no_yawn,train,6
no_yawn_val_0074.jpg,no_yawn,val,17
no_yawn_train_0467.jpg,no_yawn,train,6
no_yawn_val_0075.jpg,no_yawn,val,17
no_yawn_train_0468.jpg,no_yawn,train,32
no_yawn_train_0469.jpg,no_yawn,train,32
no_yawn_train_0470.jpg,no_yawn,train,32
no_yawn_train_0471.jpg,no_yawn,train,32
no_yawn_train_0472.jpg,no_yawn,train,32
no_yawn_val_0076.jpg,no_yawn,val,17
no_yawn_train_0473.jpg,no_yawn,train,32
no_yawn_train_0474.jpg,no_yawn,train,32
no_yawn_train_0475.jpg,no_yawn,train,32
no_yawn_train_0476.jpg,no_yawn,train,32
no_yawn_train_0477.jpg,no_yawn,train,32
no_yawn_val_0077.jpg,no_yawn,val,15
no_yawn_val_0078.jpg,no_yawn,val,17
no_yawn_val_0079.jpg,no_yawn,val,15
no_yawn_val_0080.jpg,no_yawn,val,15
no_yawn_val_0081.jpg,no_yawn,val,15
no_yawn_test_0112.jpg,no_yawn,test,14
no_yawn_val_0082.jpg,no_yawn,val,1
no_yawn_val_0083.jpg,no_yawn,val,1
no_yawn_val_0084.jpg,no_yawn,val,1
no_yawn_val_0085.jpg,no_yawn,val,1
no_yawn_val_0086.jpg,no_yawn,val,1
no_yawn_train_0478.jpg,no_yawn,train,0
no_yawn_train_0479.jpg,no_yawn,train,0
no_yawn_train_0480.jpg,no_yawn,train,0
no_yawn_train_0481.jpg,no_yawn,train,0
no_yawn_train_0482.jpg,no_yawn,train,0
no_yawn_train_0483.jpg,no_yawn,train,0
no_yawn_train_0484.jpg,no_yawn,train,69
no_yawn_train_0485.jpg,no_yawn,train,69
no_yawn_train_0486.jpg,no_yawn,train,69
no_yawn_train_0487.jpg,no_yawn,train,69
no_yawn_train_0488.jpg,no_yawn,train,43
no_yawn_train_0489.jpg,no_yawn,train,43
no_yawn_train_0490.jpg,no_yawn,train,43
no_yawn_train_0491.jpg,no_yawn,train,43
no_yawn_test_0113.jpg,no_yawn,test,14
no_yawn_train_0492.jpg,no_yawn,train,43
no_yawn_test_0114.jpg,no_yawn,test,38
no_yawn_train_0493.jpg,no_yawn,train,43
no_yawn_train_0494.jpg,no_yawn,train,43
no_yawn_val_0087.jpg,no_yawn,val,27
no_yawn_val_0088.jpg,no_yawn,val,27
no_yawn_test_0115.jpg,no_yawn,test,38
no_yawn_val_0089.jpg,no_yawn,val,27
no_yawn_val_0090.jpg,no_yawn,val,27
no_yawn_val_0091.jpg,no_yawn,val,27
no_yawn_test_0116.jpg,no_yawn,test,38
no_yawn_val_0092.jpg,no_yawn,val,1
no_yawn_val_0093.jpg,no_yawn,val,1
no_yawn_val_0094.jpg,no_yawn,val,1
no_yawn_val_0095.jpg,no_yawn,val,1
no_yawn_val_0096.jpg,no_yawn,val,1
no_yawn_val_0097.jpg,no_yawn,val,1
no_yawn_train_0495.jpg,no_yawn,train,71
no_yawn_test_0117.jpg,no_yawn,test,38
no_yawn_train_0496.jpg,no_yawn,train,71
no_yawn_train_0497.jpg,no_yawn,train,71
no_yawn_train_0498.jpg,no_yawn,train,71
no_yawn_train_0499.jpg,no_yawn,train,71
no_yawn_train_0500.jpg,no_yawn,train,71
no_yawn_train_0501.jpg,no_yawn,train,71
no_yawn_test_0118.jpg,no_yawn,test,38
no_yawn_train_0502.jpg,no_yawn,train,71
no_yawn_train_0503.jpg,no_yawn,train,71
no_yawn_train_0504.jpg,no_yawn,train,71
no_yawn_train_0505.jpg,no_yawn,train,71
no_yawn_train_0506.jpg,no_yawn,train,71
no_yawn_train_0507.jpg,no_yawn,train,71
